{
"type": "FeatureCollection",
"name": "flood_2026-05-01_water",
"crs": { "type": "name", "properties": { "name": "urn:ogc:def:crs:OGC:1.3:CRS84" } },
"features": [
{ "type": "Feature", "properties": { "area_km2": 0.004 }, "geometry": { "type": "Polygon", "coordinates": [ [ [ -111.27197314182213, 56.868490449918497 ], [ -111.271971837717345, 56.868310778366443 ], [ -111.272626666425523, 56.868129676677526 ], [ -111.272295988754522, 56.867771049053637 ], [ -111.271639862218322, 56.867772477442834 ], [ -111.271641164704604, 56.867952149015409 ], [ -111.271313099840782, 56.867952861922625 ], [ -111.271315701712794, 56.868312205061819 ], [ -111.27197314182213, 56.868490449918497 ] ] ] } },
{ "type": "Feature", "properties": { "area_km2": 0.0088 }, "geometry": { "type": "Polygon", "coordinates": [ [ [ -111.276232746690397, 56.867762406353336 ], [ -111.276231422197782, 56.867582734844142 ], [ -111.276559483686398, 56.867582009024375 ], [ -111.276555505582223, 56.867042994480308 ], [ -111.276227448812378, 56.867043720285231 ], [ -111.276226124381409, 56.866864048755154 ], [ -111.275568692671456, 56.86668582622557 ], [ -111.275570013941291, 56.866865497770739 ], [ -111.274915221579093, 56.867046614890285 ], [ -111.274919176089369, 56.867585629508355 ], [ -111.275247237639533, 56.867584907134528 ], [ -111.275248557413263, 56.867764578658509 ], [ -111.276232746690397, 56.867762406353336 ] ] ] } },
{ "type": "Feature", "properties": { "area_km2": 0.0176 }, "geometry": { "type": "Polygon", "coordinates": [ [ [ -111.252614589410953, 56.868171745417619 ], [ -111.252613378144034, 56.867992073578279 ], [ -111.252941443841522, 56.867991409776472 ], [ -111.2529402310157, 56.867811737936421 ], [ -111.253268295126077, 56.86781107327765 ], [ -111.253593927321162, 56.867451064079745 ], [ -111.254250049179319, 56.867449730472892 ], [ -111.254248830104061, 56.867270058635334 ], [ -111.254576889438923, 56.867269390544244 ], [ -111.254574448185167, 56.866910046862564 ], [ -111.254246391996119, 56.866910714944552 ], [ -111.254245172963422, 56.866731043091335 ], [ -111.253917118333092, 56.86673171030732 ], [ -111.253918335792903, 56.866911382165078 ], [ -111.252278054564655, 56.866914705345764 ], [ -111.252276844969273, 56.866735033465361 ], [ -111.251620735525108, 56.866736356698361 ], [ -111.251621941974705, 56.866916028587788 ], [ -111.251293885658654, 56.866916688916589 ], [ -111.251295090549377, 56.867096360805292 ], [ -111.251623148438327, 56.867095700471971 ], [ -111.251626767913464, 56.867634716093249 ], [ -111.251954830507188, 56.867634054884967 ], [ -111.251957246706795, 56.867993398597378 ], [ -111.252614589410953, 56.868171745417619 ] ] ] } },
{ "type": "Feature", "properties": { "area_km2": 0.0056 }, "geometry": { "type": "Polygon", "coordinates": [ [ [ -111.426151582188169, 56.866981605004639 ], [ -111.426475543507038, 56.866621148218293 ], [ -111.426147495695474, 56.866622267702461 ], [ -111.426145452484789, 56.866442599043509 ], [ -111.425817406222208, 56.866443717658647 ], [ -111.425815364608027, 56.866264048986814 ], [ -111.425157236712053, 56.866086614925329 ], [ -111.425159275157057, 56.866266283617634 ], [ -111.424831230395995, 56.86626739964094 ], [ -111.424835304211697, 56.866626737025001 ], [ -111.425163352118247, 56.866625620986497 ], [ -111.42549548020267, 56.866983841419213 ], [ -111.426151582188169, 56.866981605004639 ] ] ] } },
{ "type": "Feature", "properties": { "area_km2": 0.0076 }, "geometry": { "type": "Polygon", "coordinates": [ [ [ -111.300834547341211, 56.867346236624925 ], [ -111.300833104910723, 56.867166565492418 ], [ -111.301161162045432, 56.867165775072436 ], [ -111.30115394228045, 56.866267419358444 ], [ -111.300496402965763, 56.86608932811388 ], [ -111.300497843722752, 56.866268999283122 ], [ -111.300169794418764, 56.866269787953321 ], [ -111.300172672837405, 56.866629130286874 ], [ -111.299844620371005, 56.866629918106355 ], [ -111.299847495710907, 56.866989260429726 ], [ -111.300175551323022, 56.866988472599509 ], [ -111.30017699059097, 56.867168143747989 ], [ -111.300834547341211, 56.867346236624925 ] ] ] } },
{ "type": "Feature", "properties": { "area_km2": 0.0564 }, "geometry": { "type": "Polygon", "coordinates": [ [ [ -111.224078057185864, 56.869124559685275 ], [ -111.224076982709633, 56.868944887501051 ], [ -111.224405057430246, 56.868944298630034 ], [ -111.224402905369104, 56.868584954253947 ], [ -111.224730976930999, 56.86858436452944 ], [ -111.225056890177044, 56.86822442956251 ], [ -111.225713026945854, 56.868223245821994 ], [ -111.225711944666955, 56.868043573631802 ], [ -111.226040011459432, 56.868042980473319 ], [ -111.226034592389013, 56.867144619464263 ], [ -111.226362651304001, 56.867144025464491 ], [ -111.226361565954818, 56.866964353251085 ], [ -111.226689623284244, 56.866963758393894 ], [ -111.226688536374795, 56.866784086179315 ], [ -111.227016592118673, 56.866783490464712 ], [ -111.227342467777405, 56.866423549460087 ], [ -111.228326625457598, 56.86642175458757 ], [ -111.228325530721833, 56.866242082377703 ], [ -111.22898053476392, 56.86606120929001 ], [ -111.228650292834331, 56.865702465719338 ], [ -111.226682015183698, 56.865706052782279 ], [ -111.225704369067373, 56.866785868154309 ], [ -111.225376313273017, 56.866786460423043 ], [ -111.225046099413916, 56.866427707345096 ], [ -111.224061941355146, 56.866429476373987 ], [ -111.224063015656355, 56.866609148631269 ], [ -111.223406907075571, 56.866610323684611 ], [ -111.2234079782435, 56.866789995944657 ], [ -111.222752934501656, 56.866970839822947 ], [ -111.222754002548655, 56.867150512080556 ], [ -111.223082061588926, 56.867149926695575 ], [ -111.223085270523399, 56.867688943425129 ], [ -111.223742470820056, 56.867867442271518 ], [ -111.223744616488929, 56.868226786705378 ], [ -111.223416548035644, 56.868227373837321 ], [ -111.223417619315768, 56.868407046050422 ], [ -111.223089549276949, 56.868407632324846 ], [ -111.223090618996466, 56.868587304536732 ], [ -111.222435542321165, 56.86876814672361 ], [ -111.222437675529946, 56.869127491137235 ], [ -111.224078057185864, 56.869124559685275 ] ] ] } },
{ "type": "Feature", "properties": { "area_km2": 0.0064 }, "geometry": { "type": "Polygon", "coordinates": [ [ [ -111.270972042238995, 56.866156857910475 ], [ -111.270970743049858, 56.86597718627597 ], [ -111.271298790627014, 56.865976474283606 ], [ -111.27129488843201, 56.865437459363285 ], [ -111.270966845573156, 56.865438171341097 ], [ -111.270965546444501, 56.865258499685702 ], [ -111.270309463826919, 56.865259921047397 ], [ -111.27031075981013, 56.865439592712484 ], [ -111.269982716905986, 56.865440302106052 ], [ -111.269657259707415, 56.865800353972034 ], [ -111.270972042238995, 56.866156857910475 ] ] ] } },
{ "type": "Feature", "properties": { "area_km2": 0.068 }, "geometry": { "type": "Polygon", "coordinates": [ [ [ -111.366454715784897, 56.868069358030702 ], [ -111.366452958676732, 56.867889688118133 ], [ -111.366781019951119, 56.867888725374399 ], [ -111.366777502650322, 56.867529385546682 ], [ -111.366449444521734, 56.867530348277292 ], [ -111.366445930448535, 56.86717100841549 ], [ -111.366773985431351, 56.867170045697996 ], [ -111.366772226852575, 56.866990375765795 ], [ -111.365456508576415, 56.866634881508382 ], [ -111.36544949979384, 56.86591620158049 ], [ -111.364791662664345, 56.865738449162862 ], [ -111.364784666870889, 56.865019769077954 ], [ -111.364456630638642, 56.865020726548472 ], [ -111.364454883313783, 56.864841056507615 ], [ -111.363798813933556, 56.864842968851498 ], [ -111.363800558113155, 56.86502263890538 ], [ -111.362160376444621, 56.86502740472347 ], [ -111.361828870582784, 56.864669015112085 ], [ -111.361172804023951, 56.86467091366103 ], [ -111.361174535602359, 56.864850583772004 ], [ -111.3608465007201, 56.864851531760877 ], [ -111.360851690858254, 56.865390542081798 ], [ -111.36117973045846, 56.865389594073555 ], [ -111.361181462117472, 56.865569264163589 ], [ -111.36183927922734, 56.86574703562183 ], [ -111.361841014072098, 56.865926705688466 ], [ -111.36118665721537, 56.866108274402258 ], [ -111.36119012071471, 56.866467614535196 ], [ -111.36151816973117, 56.866466665626767 ], [ -111.361519903083874, 56.866646335678901 ], [ -111.361847953652941, 56.866645385902586 ], [ -111.362179477259033, 56.867003775327504 ], [ -111.363163638221337, 56.867000918206692 ], [ -111.363165379498795, 56.867180588210722 ], [ -111.363821489851432, 56.867178679143287 ], [ -111.363823234294884, 56.867358349129056 ], [ -111.364807404390135, 56.867355479047461 ], [ -111.364809153572551, 56.867535149008447 ], [ -111.365465270013402, 56.867533231300371 ], [ -111.365467022361983, 56.86771290124306 ], [ -111.365795082124734, 56.867711941090285 ], [ -111.365796836066622, 56.867891611021193 ], [ -111.366454715784897, 56.868069358030702 ] ] ] } },
{ "type": "Feature", "properties": { "area_km2": 0.3824 }, "geometry": { "type": "Polygon", "coordinates": [ [ [ -111.247371441878599, 56.869080608630085 ], [ -111.247369069557109, 56.868721264855246 ], [ -111.246711742095826, 56.868542890437574 ], [ -111.246703461524021, 56.867285186962825 ], [ -111.247031521180517, 56.86728453868573 ], [ -111.247030336723824, 56.867104866744299 ], [ -111.247358394793608, 56.867104217610127 ], [ -111.247357208777785, 56.866924545667906 ], [ -111.24768526526087, 56.866923895676692 ], [ -111.247684077685946, 56.866744223733676 ], [ -111.248338996758008, 56.866563249236386 ], [ -111.248335424720608, 56.866024233386966 ], [ -111.24866347329791, 56.866023580833591 ], [ -111.248661088863329, 56.865664236916778 ], [ -111.2483330434316, 56.865664889461272 ], [ -111.248331852807894, 56.865485217490594 ], [ -111.246691633305687, 56.865488467269529 ], [ -111.246692816065575, 56.865668139262347 ], [ -111.246036725022691, 56.865669433152796 ], [ -111.246035545408319, 56.865489761151167 ], [ -111.245378281000924, 56.86531137957148 ], [ -111.245052588355477, 56.865671367527774 ], [ -111.244068451565226, 56.865673294149914 ], [ -111.244069621756623, 56.865852966172632 ], [ -111.243413527349432, 56.865854246288983 ], [ -111.243414694408855, 56.866033918315196 ], [ -111.243086645612081, 56.866034557085584 ], [ -111.243085480125472, 56.865854885055008 ], [ -111.242757432887942, 56.865855522959599 ], [ -111.242756268987677, 56.865675850919473 ], [ -111.242099016876381, 56.865497452081648 ], [ -111.242094374046687, 56.864778763813355 ], [ -111.241766336205018, 56.864779399107682 ], [ -111.241764018016539, 56.864420054933561 ], [ -111.241435983306715, 56.864420689357843 ], [ -111.241434825805328, 56.864241017258628 ], [ -111.240778759490581, 56.864242283514422 ], [ -111.240779913846666, 56.864421955622262 ], [ -111.240451879096497, 56.864422587462386 ], [ -111.240454184703651, 56.864781931671011 ], [ -111.240126146794722, 56.864782562658348 ], [ -111.24012960058792, 56.865321578945036 ], [ -111.241444086193439, 56.865678393906194 ], [ -111.241118352547289, 56.866038371617634 ], [ -111.24079030365597, 56.866039004357937 ], [ -111.24078914917898, 56.865859332297077 ], [ -111.239805007142905, 56.865861225336459 ], [ -111.23980615690148, 56.866040897410222 ], [ -111.239478107956529, 56.86604152670477 ], [ -111.239476959770769, 56.865861854626722 ], [ -111.239148912385275, 56.865862483055551 ], [ -111.239147765785646, 56.865682810967996 ], [ -111.238490530679471, 56.865504393131502 ], [ -111.237839003366787, 56.866224332350107 ], [ -111.236854851534076, 56.866226202156263 ], [ -111.236524532822514, 56.865867479474566 ], [ -111.236852580314235, 56.865866857937213 ], [ -111.236851444724124, 56.865687185819866 ], [ -111.23750753652233, 56.865685940169328 ], [ -111.237506397799905, 56.865506268055235 ], [ -111.237834442106362, 56.865505643942086 ], [ -111.237833301824438, 56.865325971827026 ], [ -111.238488243837907, 56.865145048913213 ], [ -111.238157919060541, 56.864786330493011 ], [ -111.234549500308489, 56.864793157649117 ], [ -111.234550624823655, 56.864972829822072 ], [ -111.234222585103709, 56.864973445308429 ], [ -111.234223708059233, 56.865153117480361 ], [ -111.23356874525787, 56.865334018052309 ], [ -111.233567625434759, 56.86515434587723 ], [ -111.233239584102947, 56.865154958783535 ], [ -111.233238465865568, 56.864975286599069 ], [ -111.232581271229421, 56.864796837621093 ], [ -111.232579041110426, 56.86443749320938 ], [ -111.23225100603041, 56.864438103514836 ], [ -111.232249892563004, 56.864258431296982 ], [ -111.231594935831524, 56.86443932154156 ], [ -111.231596046166558, 56.864618993762484 ], [ -111.231924082845111, 56.864618385175667 ], [ -111.23192741864581, 56.865157401794676 ], [ -111.23159937724914, 56.865158010393927 ], [ -111.231600487635845, 56.865337682593982 ], [ -111.231272444653527, 56.86533829033597 ], [ -111.230946616179395, 56.865698241617537 ], [ -111.23127466232016, 56.86569763472869 ], [ -111.231275771172847, 56.865877306917227 ], [ -111.231932978572416, 56.866055762722013 ], [ -111.231936314683651, 56.866594779215816 ], [ -111.230626310245569, 56.86695655291296 ], [ -111.230632945221529, 56.868034585796345 ], [ -111.230961011822899, 56.868033979715264 ], [ -111.231291296465145, 56.868392717008874 ], [ -111.232275505591332, 56.868390890987207 ], [ -111.232276619356767, 56.868570563085036 ], [ -111.232932761855579, 56.868569341421349 ], [ -111.232933878780145, 56.868749013505628 ], [ -111.233918097150109, 56.868747174536146 ], [ -111.23391921880696, 56.868926846602704 ], [ -111.234575367467912, 56.868925616307017 ], [ -111.234574242664848, 56.868745944248857 ], [ -111.236214606222305, 56.868742853453845 ], [ -111.23621347356692, 56.868563181411531 ], [ -111.236541544665869, 56.868562560672181 ], [ -111.236542678894338, 56.868742232710275 ], [ -111.237198824198771, 56.868740988638521 ], [ -111.23719996158664, 56.86892066066293 ], [ -111.237856109984335, 56.868919413136567 ], [ -111.237857250531675, 56.869099085147241 ], [ -111.247371441878599, 56.869080608630085 ] ], [ [ -111.240806467744406, 56.868554412662085 ], [ -111.239822254926352, 56.868556305894934 ], [ -111.239821104980464, 56.868376633894229 ], [ -111.239164966180951, 56.868377891733282 ], [ -111.239163819394534, 56.868198219718792 ], [ -111.238506540060698, 56.86801980207499 ], [ -111.23850310925944, 56.867480785958918 ], [ -111.239158085662552, 56.867299859568064 ], [ -111.239159232382278, 56.867479531608652 ], [ -111.239487293923673, 56.86747890314129 ], [ -111.239488442229685, 56.867658575172378 ], [ -111.239816505330694, 56.867657945839241 ], [ -111.240146871362455, 56.868016659673962 ], [ -111.24080300378948, 56.868015396683035 ], [ -111.240804158427693, 56.868195068681253 ], [ -111.241132226194082, 56.86819443588923 ], [ -111.240806467744406, 56.868554412662085 ] ], [ [ -111.245394752618878, 56.867826787315508 ], [ -111.244738623717126, 56.867828074419769 ], [ -111.244737450229962, 56.86764840246321 ], [ -111.244409387331586, 56.867649044718718 ], [ -111.244407043544129, 56.867289700781193 ], [ -111.244078983778039, 56.86729034216647 ], [ -111.244075472917885, 56.866751326207918 ], [ -111.244403527965233, 56.86675068483575 ], [ -111.244729236202161, 56.86639069862116 ], [ -111.245386516474468, 56.866569083571378 ], [ -111.24538886959013, 56.866928427524364 ], [ -111.245716926155751, 56.866927782701957 ], [ -111.245719282471995, 56.867287126625286 ], [ -111.246047342169746, 56.86728648093262 ], [ -111.246048521921381, 56.867466152882052 ], [ -111.245720460650702, 56.867466798579123 ], [ -111.245394752618878, 56.867826787315508 ] ] ] } },
{ "type": "Feature", "properties": { "area_km2": 0.004 }, "geometry": { "type": "Polygon", "coordinates": [ [ [ -111.270306871905746, 56.864900577701547 ], [ -111.270305575967782, 56.864720906020793 ], [ -111.27063361256603, 56.864720195785161 ], [ -111.270631017590034, 56.864360852417668 ], [ -111.270302984137075, 56.86436156264363 ], [ -111.270301688244331, 56.864181890947194 ], [ -111.269645624438411, 56.864183308805302 ], [ -111.269320174877663, 56.864543359858885 ], [ -111.269648209948443, 56.864542652212251 ], [ -111.269649502726026, 56.864722323907884 ], [ -111.270306871905746, 56.864900577701547 ] ] ] } },
{ "type": "Feature", "properties": { "area_km2": 0.0156 }, "geometry": { "type": "Polygon", "coordinates": [ [ [ -111.225698958302587, 56.86588750694245 ], [ -111.226024838856745, 56.865527569319269 ], [ -111.225696794084826, 56.865528162421199 ], [ -111.225366588278376, 56.865169410111477 ], [ -111.22471050496263, 56.865170591992083 ], [ -111.224709427615977, 56.864990919701114 ], [ -111.224381387512011, 56.864991509345266 ], [ -111.224378160265331, 56.864452492428988 ], [ -111.224050124866906, 56.864453081199713 ], [ -111.224047976576998, 56.864093736554743 ], [ -111.22339084105225, 56.863915239157706 ], [ -111.223391912033236, 56.864094911496025 ], [ -111.223063879742668, 56.864095497674583 ], [ -111.223066018596725, 56.864454842343541 ], [ -111.223394054032582, 56.864454256156996 ], [ -111.223399409249069, 56.865352617718123 ], [ -111.223727452535996, 56.865352030650179 ], [ -111.224057644275348, 56.865710787292755 ], [ -111.2253698298301, 56.865708426928961 ], [ -111.22537091037249, 56.865888099191011 ], [ -111.225698958302587, 56.86588750694245 ] ] ] } },
{ "type": "Feature", "properties": { "area_km2": 0.0204 }, "geometry": { "type": "Polygon", "coordinates": [ [ [ -111.217167625648557, 56.865543280710696 ], [ -111.217166584450368, 56.865363608339244 ], [ -111.217822671479411, 56.865362466075901 ], [ -111.217821627147842, 56.865182793707007 ], [ -111.218149669071394, 56.865182221287107 ], [ -111.218150714975721, 56.8653618936521 ], [ -111.219462888839061, 56.865359595342689 ], [ -111.21946183664376, 56.865179922993349 ], [ -111.21978987850629, 56.86517934626638 ], [ -111.21945762798498, 56.864461233543885 ], [ -111.219129592401018, 56.864461809393752 ], [ -111.219128541839567, 56.864282137014413 ], [ -111.218800507816027, 56.864282711998975 ], [ -111.218799458839456, 56.864103039610519 ], [ -111.218471426376325, 56.864103613729782 ], [ -111.218141302274915, 56.86374484217945 ], [ -111.217486286240018, 56.863925658510006 ], [ -111.217487328913919, 56.864105330919301 ], [ -111.217815361413543, 56.864104759384176 ], [ -111.217817449943041, 56.864464104179319 ], [ -111.217489414298129, 56.864464675722239 ], [ -111.217490457008424, 56.864644348115881 ], [ -111.216835422113931, 56.864825161021493 ], [ -111.216837501304312, 56.865184505798226 ], [ -111.216509459332258, 56.865185074772477 ], [ -111.216510497372852, 56.865364747156903 ], [ -111.217167625648557, 56.865543280710696 ] ] ] } },
{ "type": "Feature", "properties": { "area_km2": 0.0044 }, "geometry": { "type": "Polygon", "coordinates": [ [ [ -111.24700783466497, 56.863691098865466 ], [ -111.247006650483883, 56.863511426819649 ], [ -111.247334677098948, 56.863510777773925 ], [ -111.247660329089257, 56.863150783777236 ], [ -111.247004282163033, 56.863152082712347 ], [ -111.247003098023285, 56.862972410650869 ], [ -111.246675076111998, 56.862973058821993 ], [ -111.246676258679258, 56.863152730887883 ], [ -111.246348235181713, 56.863153378202092 ], [ -111.246022570556079, 56.863513368788702 ], [ -111.246350597212412, 56.863512722327037 ], [ -111.246351778248382, 56.863692394381673 ], [ -111.24700783466497, 56.863691098865466 ] ] ] } },
{ "type": "Feature", "properties": { "area_km2": 0.0072 }, "geometry": { "type": "Polygon", "coordinates": [ [ [ -111.230279483222844, 56.863902730514724 ], [ -111.230278379229858, 56.863723058256404 ], [ -111.230606408096847, 56.863722453135772 ], [ -111.230603091477306, 56.863183436341892 ], [ -111.230275067327966, 56.863184041450161 ], [ -111.230273963386367, 56.863004369170959 ], [ -111.229616817410445, 56.862825904502586 ], [ -111.229617918194208, 56.863005576795224 ], [ -111.229289895578901, 56.863006179315335 ], [ -111.229294292551842, 56.863724868450099 ], [ -111.229622321457342, 56.863724265913568 ], [ -111.229623422305139, 56.863903938180115 ], [ -111.230279483222844, 56.863902730514724 ] ] ] } },
{ "type": "Feature", "properties": { "area_km2": 0.0044 }, "geometry": { "type": "Polygon", "coordinates": [ [ [ -111.243070330033561, 56.863519148182661 ], [ -111.243069164736781, 56.863339476079013 ], [ -111.243724046708252, 56.863158525707298 ], [ -111.243393689416948, 56.86279982104471 ], [ -111.24208392846991, 56.863161714904372 ], [ -111.242414276434488, 56.863520423017498 ], [ -111.243070330033561, 56.863519148182661 ] ] ] } },
{ "type": "Feature", "properties": { "area_km2": 0.0232 }, "geometry": { "type": "Polygon", "coordinates": [ [ [ -111.251278223354987, 56.864580953888471 ], [ -111.251277018660531, 56.864401281926689 ], [ -111.2516050529578, 56.864400621660863 ], [ -111.251930671603674, 56.864040616612421 ], [ -111.251602640465691, 56.864041277730635 ], [ -111.251601434240683, 56.863861605757677 ], [ -111.250945375067801, 56.863862925401001 ], [ -111.250944172001979, 56.863683253413832 ], [ -111.250288115918281, 56.863684569602711 ], [ -111.250286916011575, 56.863504897601374 ], [ -111.249629666269485, 56.863326538320365 ], [ -111.249624879418107, 56.862607850206139 ], [ -111.249296860762527, 56.862608505259047 ], [ -111.249295665656945, 56.862428833212981 ], [ -111.248967648559898, 56.8624294874001 ], [ -111.248642015384206, 56.862789484830614 ], [ -111.247985974830925, 56.862790788916037 ], [ -111.247987163674367, 56.862970460969457 ], [ -111.247659141804476, 56.862971111724605 ], [ -111.247660329089257, 56.863150783777236 ], [ -111.24798835253165, 56.863150133017655 ], [ -111.24798954140276, 56.86332980506063 ], [ -111.248317566403841, 56.863329153435281 ], [ -111.248318756861323, 56.863508825468607 ], [ -111.248646783421108, 56.863508172977454 ], [ -111.248647975464991, 56.863687845001095 ], [ -111.248976003583465, 56.863687191644146 ], [ -111.248977197213819, 56.863866863658139 ], [ -111.249305226890982, 56.863866209435358 ], [ -111.249306422107807, 56.864045881439665 ], [ -111.24963445334366, 56.864045226351074 ], [ -111.249635650147013, 56.864224898345682 ], [ -111.249963682941541, 56.864224242391231 ], [ -111.250294115661191, 56.864582929531117 ], [ -111.251278223354987, 56.864580953888471 ] ] ] } },
{ "type": "Feature", "properties": { "area_km2": 0.004 }, "geometry": { "type": "Polygon", "coordinates": [ [ [ -111.264389506633762, 56.863116496827665 ], [ -111.264388239151444, 56.86293682500861 ], [ -111.265043010806366, 56.862755762965932 ], [ -111.264712453216688, 56.862397114851014 ], [ -111.264056420354478, 56.862398503327817 ], [ -111.264057686220113, 56.862578175167279 ], [ -111.263729668194458, 56.862578868118433 ], [ -111.263732196825003, 56.862938211791118 ], [ -111.264389506633762, 56.863116496827665 ] ] ] } },
{ "type": "Feature", "properties": { "area_km2": 0.0168 }, "geometry": { "type": "Polygon", "coordinates": [ [ [ -111.234212479091923, 56.863356395526203 ], [ -111.234211356267053, 56.863176723302089 ], [ -111.234867404241527, 56.8631754915519 ], [ -111.235193173163537, 56.862815529946069 ], [ -111.234865152340944, 56.86281614710478 ], [ -111.234534882802024, 56.862457418925779 ], [ -111.233878847381305, 56.862458648919777 ], [ -111.233877726194194, 56.862278976665365 ], [ -111.233221693866199, 56.862280203205707 ], [ -111.232895910635236, 56.862640159712541 ], [ -111.231911852572068, 56.862641990504159 ], [ -111.231910740806683, 56.86246231822998 ], [ -111.231255813798597, 56.862643206725259 ], [ -111.231586053616397, 56.863001943586355 ], [ -111.23224209865397, 56.863000725626001 ], [ -111.232243212030696, 56.86318039788037 ], [ -111.232899260161489, 56.863179176466325 ], [ -111.232900376696222, 56.863358848707151 ], [ -111.234212479091923, 56.863356395526203 ] ] ] } },
{ "type": "Feature", "properties": { "area_km2": 0.0348 }, "geometry": { "type": "Polygon", "coordinates": [ [ [ -111.227989827963171, 56.864984975882074 ], [ -111.227988734902013, 56.864805303626362 ], [ -111.228316773294381, 56.864804704510817 ], [ -111.228315678673269, 56.864625032253976 ], [ -111.227987641853574, 56.864625631365449 ], [ -111.227984362784596, 56.86408661455139 ], [ -111.227656330670143, 56.864087212789244 ], [ -111.227653056433397, 56.863548195915996 ], [ -111.228308016682064, 56.863367326310012 ], [ -111.22830692216283, 56.863187654011426 ], [ -111.227978897923961, 56.863188253090264 ], [ -111.227974526264362, 56.862469563827439 ], [ -111.22764650830274, 56.862470162028622 ], [ -111.227645416992075, 56.862290489695795 ], [ -111.227317400590223, 56.862291087031579 ], [ -111.227318490328443, 56.862470759368485 ], [ -111.226334436329509, 56.862472546220097 ], [ -111.226333351308625, 56.862292873871034 ], [ -111.225676236527676, 56.862114388428374 ], [ -111.225677318391078, 56.862294060790738 ], [ -111.225349301913411, 56.86229465295861 ], [ -111.225352542861728, 56.862833670026511 ], [ -111.225680564056788, 56.862833077846531 ], [ -111.226010752224369, 56.863191829474921 ], [ -111.225355783923149, 56.863372687047459 ], [ -111.225359025097731, 56.863911704021447 ], [ -111.225687055728088, 56.863911111817266 ], [ -111.225688137717356, 56.864090784127455 ], [ -111.226345287232633, 56.864269269423787 ], [ -111.226346372392385, 56.864448941715459 ], [ -111.226018337069334, 56.864449535654522 ], [ -111.226348542749776, 56.864808286283157 ], [ -111.227332658079135, 56.864806499273293 ], [ -111.227333747994891, 56.86498617153714 ], [ -111.227989827963171, 56.864984975882074 ] ], [ [ -111.226997001601958, 56.863549389783174 ], [ -111.226340946719873, 56.863550580204922 ], [ -111.226010752224369, 56.863191829474921 ], [ -111.226338776539251, 56.863191235564187 ], [ -111.226337691467876, 56.863011563235986 ], [ -111.226993736914721, 56.863010372838566 ], [ -111.226994825131129, 56.863190045158653 ], [ -111.227322849408111, 56.863189448663881 ], [ -111.226997001601958, 56.863549389783174 ] ] ] } },
{ "type": "Feature", "properties": { "area_km2": 0.0072 }, "geometry": { "type": "Polygon", "coordinates": [ [ [ -111.255534112890984, 56.863314599756215 ], [ -111.255532887851871, 56.863134927816823 ], [ -111.256187705878446, 56.862953912156421 ], [ -111.256182793341864, 56.862235224362344 ], [ -111.255854778113104, 56.862235896632583 ], [ -111.25585355158708, 56.862056224666432 ], [ -111.255198747612766, 56.862237238589124 ], [ -111.255202417841758, 56.86277625448367 ], [ -111.254874397852888, 56.862776924183656 ], [ -111.254876841598403, 56.863136268096383 ], [ -111.255534112890984, 56.863314599756215 ] ] ] } },
{ "type": "Feature", "properties": { "area_km2": 0.0088 }, "geometry": { "type": "Polygon", "coordinates": [ [ [ -111.267996470888534, 56.862929136119426 ], [ -111.267995186123713, 56.862749464347502 ], [ -111.26832320552893, 56.862748760194378 ], [ -111.268648649144637, 56.862388711639646 ], [ -111.267992616638949, 56.862390120788021 ], [ -111.267662034083543, 56.862031480480283 ], [ -111.266677994602716, 56.862033585130369 ], [ -111.266679273018127, 56.862213256942304 ], [ -111.266351258255668, 56.86221395677449 ], [ -111.266353811986235, 56.862573300392206 ], [ -111.266681829893557, 56.862572600550486 ], [ -111.26668310835359, 56.862752272346754 ], [ -111.267339147268473, 56.862750870069782 ], [ -111.267340428888318, 56.862930541851277 ], [ -111.267996470888534, 56.862929136119426 ] ] ] } },
{ "type": "Feature", "properties": { "area_km2": 0.0048 }, "geometry": { "type": "Polygon", "coordinates": [ [ [ -111.36507769754995, 56.861425409194773 ], [ -111.365075947487128, 56.861245739062205 ], [ -111.36540395065731, 56.861244780006125 ], [ -111.365400447448266, 56.86088543973834 ], [ -111.365072447422548, 56.860886398781354 ], [ -111.365070697420805, 56.860706728633048 ], [ -111.364414700452713, 56.860708644122298 ], [ -111.364416447310049, 56.860888314283635 ], [ -111.364088447223295, 56.860889270742902 ], [ -111.36409193785444, 56.861248611062898 ], [ -111.364419941085671, 56.861247654590592 ], [ -111.364421688003972, 56.861427324736212 ], [ -111.36507769754995, 56.861425409194773 ] ] ] } },
{ "type": "Feature", "properties": { "area_km2": 0.0084 }, "geometry": { "type": "Polygon", "coordinates": [ [ [ -111.630425265420854, 56.860368047612326 ], [ -111.63074720081012, 56.860007065990914 ], [ -111.631403158972788, 56.860003751895974 ], [ -111.631400132437506, 56.859824088989058 ], [ -111.631728109894169, 56.859822430661211 ], [ -111.631394079472599, 56.859464763159281 ], [ -111.630738130741022, 56.859468077186492 ], [ -111.630741154062221, 56.859647740126604 ], [ -111.630085202046303, 56.859651050731941 ], [ -111.630088222258976, 56.859830713689298 ], [ -111.629432266958815, 56.859834020872704 ], [ -111.629435284062893, 56.860013683847271 ], [ -111.629107304788278, 56.860015336158533 ], [ -111.629441318376351, 56.860373009780488 ], [ -111.630425265420854, 56.860368047612326 ] ] ] } },
{ "type": "Feature", "properties": { "area_km2": 0.0156 }, "geometry": { "type": "Polygon", "coordinates": [ [ [ -111.217148885934392, 56.862309177226535 ], [ -111.217147844954226, 56.862129504761199 ], [ -111.21780283125716, 56.861948690175126 ], [ -111.217472732583204, 56.86158991671455 ], [ -111.21812770789154, 56.861409100417468 ], [ -111.218125616630445, 56.861049755452768 ], [ -111.217468562639667, 56.860871226753964 ], [ -111.217465435309364, 56.860332209228758 ], [ -111.216808397041291, 56.860153677025131 ], [ -111.216809436315998, 56.860333349551738 ], [ -111.21648143680116, 56.86033391842134 ], [ -111.21649181448997, 56.862130643439237 ], [ -111.217148885934392, 56.862309177226535 ] ] ] } },
{ "type": "Feature", "properties": { "area_km2": 0.0056 }, "geometry": { "type": "Polygon", "coordinates": [ [ [ -111.197779756719797, 56.859286883801602 ], [ -111.197778808701131, 56.85910721102865 ], [ -111.198106797869599, 56.859106691275556 ], [ -111.198103949163496, 56.858567672936047 ], [ -111.197775964711312, 56.858568192678533 ], [ -111.19777501673677, 56.85838851988472 ], [ -111.197119050943456, 56.858389556779002 ], [ -111.197119995773889, 56.858569229579871 ], [ -111.196792011288665, 56.858569746738745 ], [ -111.196793897838305, 56.858929092331884 ], [ -111.197121885467709, 56.858928575165962 ], [ -111.197122830331097, 56.859108247951184 ], [ -111.197779756719797, 56.859286883801602 ] ] ] } },
{ "type": "Feature", "properties": { "area_km2": 0.1412 }, "geometry": { "type": "Polygon", "coordinates": [ [ [ -111.426795406012971, 56.865901353266381 ], [ -111.42679335975204, 56.865721684601681 ], [ -111.427121399652449, 56.865720563432866 ], [ -111.427117304056736, 56.865361226102969 ], [ -111.426789267301601, 56.865362347256514 ], [ -111.426787221112093, 56.865182678576048 ], [ -111.427115256294613, 56.865181557430141 ], [ -111.427111160841847, 56.864822220068739 ], [ -111.42743919285536, 56.86482109807676 ], [ -111.427433045137278, 56.864282092018207 ], [ -111.427761072409311, 56.864280969187796 ], [ -111.427752869495777, 56.863562294400133 ], [ -111.428080890454041, 56.863561170739018 ], [ -111.428074733802163, 56.863022164616083 ], [ -111.427746717561135, 56.863023288254233 ], [ -111.427740565841233, 56.862484282061075 ], [ -111.427082495340841, 56.862306857950756 ], [ -111.427076353340937, 56.861767851648708 ], [ -111.427404358623392, 56.861766729786638 ], [ -111.42739821212119, 56.861227723460253 ], [ -111.427726212663117, 56.861226600759871 ], [ -111.427722111969771, 56.860867263197989 ], [ -111.428050109343474, 56.860866139651677 ], [ -111.42804600560126, 56.860506802084082 ], [ -111.428373999806794, 56.860505677691869 ], [ -111.428363733008595, 56.859607333719275 ], [ -111.428691719329819, 56.859606208504168 ], [ -111.428687609633712, 56.859246870893685 ], [ -111.428359626456512, 56.859247996093465 ], [ -111.428027539942889, 56.858889782769943 ], [ -111.427371579757079, 56.858892028833019 ], [ -111.427369531280519, 56.858712359978789 ], [ -111.427041552723807, 56.85871348171095 ], [ -111.427039505843027, 56.858533812843802 ], [ -111.426711528834446, 56.858534933707162 ], [ -111.426379464399574, 56.858176715928828 ], [ -111.425723516551173, 56.858178953319317 ], [ -111.425721476029366, 56.857999284405928 ], [ -111.42539350364143, 56.858000401801846 ], [ -111.425387386933963, 56.85746139500732 ], [ -111.425715354606339, 56.857460277634232 ], [ -111.425709233396958, 56.85692127081527 ], [ -111.426037196330228, 56.856920152603912 ], [ -111.426035154402811, 56.856740483661369 ], [ -111.425707193041291, 56.856741601865117 ], [ -111.425705152709384, 56.856561932909706 ], [ -111.425049233058658, 56.856564166718691 ], [ -111.425047195893924, 56.856384497742823 ], [ -111.424063320955327, 56.856387841975362 ], [ -111.424065353404885, 56.856567510974003 ], [ -111.42373739347299, 56.856568624003607 ], [ -111.423757703550962, 56.858365313777135 ], [ -111.424085679201099, 56.858364200671716 ], [ -111.424087711910772, 56.85854386961261 ], [ -111.424743666283945, 56.858541640803168 ], [ -111.424745702161161, 56.858721309723627 ], [ -111.425403698628287, 56.858898746354363 ], [ -111.425415933395342, 56.859976759644077 ], [ -111.425743923075004, 56.859975642164422 ], [ -111.425748004664669, 56.86033497987043 ], [ -111.426075997464807, 56.860333861514341 ], [ -111.4260821247438, 56.8608728680111 ], [ -111.424774206929158, 56.86123667405861 ], [ -111.424776243161674, 56.861416342900306 ], [ -111.425104245466002, 56.86141522708224 ], [ -111.425120548757448, 56.862852577565896 ], [ -111.425448563616442, 56.862851460825738 ], [ -111.42547915996596, 56.865546491962633 ], [ -111.426795406012971, 56.865901353266381 ] ] ] } },
{ "type": "Feature", "properties": { "area_km2": 0.012 }, "geometry": { "type": "Polygon", "coordinates": [ [ [ -111.139719881020866, 56.857927927194503 ], [ -111.139719211334864, 56.857748253845635 ], [ -111.140047189593986, 56.857747886549191 ], [ -111.140045175866817, 56.857208866478835 ], [ -111.139717202323624, 56.857209233767783 ], [ -111.1397165326688, 56.857029560398075 ], [ -111.138732616708381, 56.857030657090462 ], [ -111.138731951777103, 56.856850983708064 ], [ -111.138076010908634, 56.856851710525582 ], [ -111.138075349128911, 56.856672037133038 ], [ -111.137419411373457, 56.856672760501013 ], [ -111.137420070009355, 56.856852433898482 ], [ -111.137092099548227, 56.856852794293218 ], [ -111.137421387304173, 56.857211780677801 ], [ -111.138077334491172, 56.857211057295039 ], [ -111.138077996294001, 56.857390730671966 ], [ -111.138405971447924, 56.857390367686364 ], [ -111.138735276510815, 56.857749350567907 ], [ -111.139391233067954, 56.857748620280915 ], [ -111.139391901181924, 56.857928293632277 ], [ -111.139719881020866, 56.857927927194503 ] ] ] } },
{ "type": "Feature", "properties": { "area_km2": 0.0132 }, "geometry": { "type": "Polygon", "coordinates": [ [ [ -111.168578034240596, 56.856993942683893 ], [ -111.168577226264787, 56.856814269551592 ], [ -111.168905195906973, 56.856813826486459 ], [ -111.168903576839782, 56.856454480212236 ], [ -111.168575610341378, 56.856454923271343 ], [ -111.168574802393763, 56.856275250123417 ], [ -111.168246837457815, 56.856275692318363 ], [ -111.168246031091442, 56.856096019162202 ], [ -111.167918067717949, 56.856096460493021 ], [ -111.167588497917748, 56.855737554622728 ], [ -111.166932577411274, 56.855738432966774 ], [ -111.166933377471665, 56.855918106145346 ], [ -111.166605415632645, 56.855918544028683 ], [ -111.166607012637712, 56.856277890376177 ], [ -111.166279047645759, 56.85627832740434 ], [ -111.166280641544247, 56.856637673736934 ], [ -111.166608609679926, 56.856637236702809 ], [ -111.166609408214981, 56.85681690985831 ], [ -111.167265347602267, 56.856816033200673 ], [ -111.16726454592343, 56.856636360051134 ], [ -111.167592514031213, 56.85663592043359 ], [ -111.167593317281941, 56.856815593580123 ], [ -111.168249256613208, 56.85681471175559 ], [ -111.168250063017098, 56.856994384890911 ], [ -111.168578034240596, 56.856993942683893 ] ] ] } },
{ "type": "Feature", "properties": { "area_km2": 0.31 }, "geometry": { "type": "Polygon", "coordinates": [ [ [ -111.437324172962988, 56.868560074000371 ], [ -111.437319979083014, 56.868200737317942 ], [ -111.436991917910873, 56.868201885299165 ], [ -111.436983536735241, 56.867483211839996 ], [ -111.437311591615895, 56.867482063890066 ], [ -111.437631253104229, 56.866762241598046 ], [ -111.437303204539148, 56.866763390378104 ], [ -111.437288528094143, 56.865505711529948 ], [ -111.436960490513542, 56.865506859393861 ], [ -111.436624079486009, 56.864789332590767 ], [ -111.436296048147042, 56.864790478700684 ], [ -111.436293956424834, 56.864610810228328 ], [ -111.435309866979665, 56.86461424336661 ], [ -111.435311953984225, 56.86479391186235 ], [ -111.434983922548028, 56.864795054526859 ], [ -111.434986008004287, 56.864974723025135 ], [ -111.435314041013044, 56.864973580352839 ], [ -111.435320302245231, 56.865512585792764 ], [ -111.434992264518655, 56.865513728488416 ], [ -111.43499435007196, 56.865693396965675 ], [ -111.434666310748483, 56.865694538807723 ], [ -111.434664226767794, 56.865514870322684 ], [ -111.434336188992688, 56.865516011295576 ], [ -111.434332024249301, 56.865156674294212 ], [ -111.434003989595212, 56.865157814390194 ], [ -111.434001908832457, 56.86497814587387 ], [ -111.433343765003414, 56.864800754929121 ], [ -111.433335454871525, 56.864082080728188 ], [ -111.43300742958013, 56.864083218193585 ], [ -111.432994974542055, 56.863005206688101 ], [ -111.43332299039885, 56.863004069269202 ], [ -111.433320913071341, 56.86282440067432 ], [ -111.433648927331589, 56.862823262401875 ], [ -111.433651006231486, 56.863002930989005 ], [ -111.434307037824155, 56.863000651844715 ], [ -111.434304955779524, 56.862820983273117 ], [ -111.434632969967168, 56.862819842416805 ], [ -111.434630886374421, 56.862640173847709 ], [ -111.434958898965462, 56.862639032137885 ], [ -111.434956813824627, 56.862459363571318 ], [ -111.435284824819078, 56.862458221008005 ], [ -111.435282738130184, 56.862278552443968 ], [ -111.435936667092406, 56.862096596195357 ], [ -111.435932487546921, 56.8617372590722 ], [ -111.435274391617355, 56.861559878135317 ], [ -111.435270218506602, 56.861200540949454 ], [ -111.434942218517961, 56.861201683458297 ], [ -111.434610051780112, 56.860843487867925 ], [ -111.433956138176327, 56.861025437185518 ], [ -111.433960298660978, 56.861384774444062 ], [ -111.433632297003214, 56.861385913515718 ], [ -111.433308449613776, 56.86174638899471 ], [ -111.432650365874593, 56.861568994215645 ], [ -111.43264621791927, 56.861209656905594 ], [ -111.4333001411254, 56.861027714436574 ], [ -111.433293910012864, 56.86048870846281 ], [ -111.433621903833966, 56.860487570291156 ], [ -111.433613589733852, 56.859768895616952 ], [ -111.433285602201096, 56.859770033757577 ], [ -111.433281448440212, 56.859410696373459 ], [ -111.432953464027349, 56.859411833637417 ], [ -111.432951388755143, 56.859232164929729 ], [ -111.431967440087803, 56.859235571531308 ], [ -111.431965369555712, 56.859055902795163 ], [ -111.431637388190381, 56.859057036598969 ], [ -111.43163531925434, 56.858877367849828 ], [ -111.431963299047695, 56.858876234053774 ], [ -111.431957087668195, 56.858337227798039 ], [ -111.431629112590642, 56.858338361570937 ], [ -111.431627043750865, 56.858158692800806 ], [ -111.430969030995442, 56.857981288956935 ], [ -111.430966965347523, 56.85780162016087 ], [ -111.431294935757563, 56.857800488133371 ], [ -111.431270130996012, 56.855644462263335 ], [ -111.430942179446902, 56.855645594198286 ], [ -111.430919462077242, 56.853669236401423 ], [ -111.430261531552205, 56.853491828581205 ], [ -111.430263593480646, 56.853671497518746 ], [ -111.429935659146352, 56.853672626785936 ], [ -111.429966567377818, 56.856367660334115 ], [ -111.42963860944603, 56.85636878885559 ], [ -111.429642727807604, 56.856728126588088 ], [ -111.429970688882847, 56.856726998051236 ], [ -111.429976871320207, 56.85726600458753 ], [ -111.430304837086794, 56.857264875166514 ], [ -111.430311024455378, 56.857803881632442 ], [ -111.430638994913465, 56.85780275132722 ], [ -111.430643123089567, 56.858162088929511 ], [ -111.430315149487754, 56.858163219250144 ], [ -111.430317212039924, 56.858342888051112 ], [ -111.429989236842218, 56.858344017518299 ], [ -111.429987175861939, 56.858164348709643 ], [ -111.429333286374884, 56.85834627386923 ], [ -111.429337402119643, 56.858705611501541 ], [ -111.429009423706205, 56.858706738400642 ], [ -111.429013536402806, 56.859066076027283 ], [ -111.429341517960182, 56.859064949112827 ], [ -111.429343575916363, 56.859244617910598 ], [ -111.429015592786996, 56.859245744832727 ], [ -111.429019705627141, 56.859605082427869 ], [ -111.429677737750055, 56.859782496466046 ], [ -111.429362098599412, 56.860861636854175 ], [ -111.429690095853573, 56.860860509001732 ], [ -111.429692155621353, 56.861040177739291 ], [ -111.43002015442373, 56.861039049017947 ], [ -111.430022215787673, 56.861218717742567 ], [ -111.430350216138251, 56.861217588152272 ], [ -111.430352279098386, 56.861397256863953 ], [ -111.43068028099718, 56.861396126404728 ], [ -111.430682345553549, 56.861575795103448 ], [ -111.431340420148388, 56.861753200263898 ], [ -111.431344555670321, 56.86211253760424 ], [ -111.430690604019219, 56.862294469845807 ], [ -111.430698862869249, 56.863013144504137 ], [ -111.430370846819741, 56.863014275032683 ], [ -111.430377036492274, 56.863553280994381 ], [ -111.430705057259004, 56.86355215044275 ], [ -111.430711251864992, 56.864091156334055 ], [ -111.43136937082285, 56.864268561205101 ], [ -111.431381779698455, 56.865346572721897 ], [ -111.431709816118342, 56.865345439509127 ], [ -111.43174293585318, 56.868220135839309 ], [ -111.432070997413234, 56.868219001641542 ], [ -111.432073069174336, 56.868398670109812 ], [ -111.433057258428533, 56.868395262324498 ], [ -111.433055181948674, 56.868215593879448 ], [ -111.433709225250041, 56.868033649295924 ], [ -111.433711304851528, 56.868213317730728 ], [ -111.43403936626666, 56.868212178364161 ], [ -111.433715464127104, 56.868572654584554 ], [ -111.437324172962988, 56.868560074000371 ] ], [ [ -111.433377009398953, 56.867675450892406 ], [ -111.432718821074701, 56.867498056797913 ], [ -111.4327105220747, 56.866779382850169 ], [ -111.433038570979676, 56.866778246129961 ], [ -111.433036494717257, 56.866598577637639 ], [ -111.433694668717123, 56.86677597010528 ], [ -111.433702986590745, 56.867494643960022 ], [ -111.433374931442899, 56.867495782434105 ], [ -111.433377009398953, 56.867675450892406 ] ] ] } },
{ "type": "Feature", "properties": { "area_km2": 0.0096 }, "geometry": { "type": "Polygon", "coordinates": [ [ [ -111.436178949173211, 56.854729036158261 ], [ -111.436176858813326, 56.854549367391684 ], [ -111.436830648776024, 56.85436740644441 ], [ -111.43682436848637, 56.853828400144259 ], [ -111.436496433063823, 56.853829546639062 ], [ -111.436494341254075, 56.853649877854025 ], [ -111.436166407378622, 56.853651023480026 ], [ -111.436164317164625, 56.853471354681929 ], [ -111.435506365436751, 56.853293974516454 ], [ -111.435508452483646, 56.853473643335384 ], [ -111.435180520106726, 56.853474786370626 ], [ -111.435184691130473, 56.853834124008323 ], [ -111.435512626650251, 56.853832980957492 ], [ -111.435520975274798, 56.854551656138675 ], [ -111.436178949173211, 56.854729036158261 ] ] ] } },
{ "type": "Feature", "properties": { "area_km2": 0.0408 }, "geometry": { "type": "Polygon", "coordinates": [ [ [ -111.232849029540844, 56.855093920228036 ], [ -111.232847913603479, 56.854914247747146 ], [ -111.2335038170487, 56.854913023271465 ], [ -111.233502697980953, 56.854733350793722 ], [ -111.234157476032706, 56.854552450407468 ], [ -111.234155231675814, 56.854193105442583 ], [ -111.234483177066224, 56.854192490207737 ], [ -111.234478682222772, 56.853473800232102 ], [ -111.234150743118647, 56.853474415450187 ], [ -111.234148498918401, 56.853115070422668 ], [ -111.23382056294426, 56.853115684771367 ], [ -111.233490389094982, 56.852756953193925 ], [ -111.232178657588236, 56.852759398501135 ], [ -111.232179770226878, 56.852939071052944 ], [ -111.231523901252828, 56.852940288548794 ], [ -111.231525010761445, 56.853119961103694 ], [ -111.23119707468355, 56.853120568564236 ], [ -111.231198182633563, 56.853300241118049 ], [ -111.230543412115949, 56.853481126021187 ], [ -111.230875777056795, 56.854199210433158 ], [ -111.231203722576922, 56.85419860380884 ], [ -111.23120483060427, 56.854378276331332 ], [ -111.231860724749069, 56.854377060491267 ], [ -111.231861835932577, 56.854556733000273 ], [ -111.232189784557221, 56.854556123784484 ], [ -111.23219201010636, 56.854915468778529 ], [ -111.232849029540844, 56.855093920228036 ] ] ] } },
{ "type": "Feature", "properties": { "area_km2": 0.1608 }, "geometry": { "type": "Polygon", "coordinates": [ [ [ -111.175138296135884, 56.857164590767262 ], [ -111.175464586748461, 56.856804784342735 ], [ -111.17612052561978, 56.856803861183138 ], [ -111.17611968149987, 56.85662418811652 ], [ -111.176774769934312, 56.856443588453111 ], [ -111.176770533812999, 56.855545223047308 ], [ -111.176442575404721, 56.855545686757871 ], [ -111.176436656250758, 56.854287974948704 ], [ -111.17610870883459, 56.854288437776098 ], [ -111.176107864852142, 56.854108764636486 ], [ -111.175779918997804, 56.854109226599661 ], [ -111.175450291484665, 56.853750341394374 ], [ -111.174466463263272, 56.8537517195156 ], [ -111.174467299368104, 56.853931392681304 ], [ -111.174139355036573, 56.85393185033606 ], [ -111.174138520503334, 56.853752177167252 ], [ -111.173810577733704, 56.853752633957846 ], [ -111.173808078906958, 56.853213614410791 ], [ -111.173480140842301, 56.85321407033102 ], [ -111.173479309490958, 56.85303439713514 ], [ -111.173151372988158, 56.853034852191243 ], [ -111.173150543218, 56.852855178987063 ], [ -111.172822608277059, 56.85285563317904 ], [ -111.17249302010103, 56.852496740073626 ], [ -111.171837156456974, 56.8524976441402 ], [ -111.171836333001565, 56.852317970908025 ], [ -111.171179652159168, 56.852139198280909 ], [ -111.171180472462112, 56.852318871524432 ], [ -111.170525429054081, 56.852499441941262 ], [ -111.170527063421758, 56.852858788414466 ], [ -111.17085499842976, 56.852858340249604 ], [ -111.170855817199381, 56.85303801347532 ], [ -111.171512512251979, 56.853216787770805 ], [ -111.171516622006351, 56.854115153764575 ], [ -111.171188676016484, 56.854115603672938 ], [ -111.171189496424404, 56.854295276859119 ], [ -111.170533601272794, 56.854296174098742 ], [ -111.170532784008145, 56.854116500906443 ], [ -111.170204837989715, 56.854116948231614 ], [ -111.169875263747429, 56.853758048283332 ], [ -111.169219377949617, 56.853758938616245 ], [ -111.169220188908852, 56.853938611831119 ], [ -111.168564299930111, 56.853939498725872 ], [ -111.168237967943639, 56.854299287313893 ], [ -111.168565915590378, 56.854298845152073 ], [ -111.168566723434608, 56.85447851835734 ], [ -111.168894672643603, 56.854478075331428 ], [ -111.168895482068891, 56.854657748528474 ], [ -111.169223432840141, 56.854657304638465 ], [ -111.169224243846557, 56.854836977827283 ], [ -111.169552196180064, 56.854836533073176 ], [ -111.169553008767608, 56.85501620625373 ], [ -111.16988096266337, 56.85501576063551 ], [ -111.169881776832099, 56.855195433807836 ], [ -111.17053850506035, 56.855374213143044 ], [ -111.170539322391562, 56.855553886298843 ], [ -111.169884219395129, 56.855734453293522 ], [ -111.169886662043396, 56.856273472732298 ], [ -111.170214626932179, 56.856273026231683 ], [ -111.17021544273905, 56.856452699364468 ], [ -111.170871375631833, 56.856451803773773 ], [ -111.171530596959371, 56.857169597168699 ], [ -111.171858569659975, 56.85716914634709 ], [ -111.172184891807746, 56.85680934847197 ], [ -111.173168800391593, 56.856807988275236 ], [ -111.173169630374147, 56.856987661364755 ], [ -111.173825572525615, 56.856986750255011 ], [ -111.173826405661686, 56.857166423333098 ], [ -111.175138296135884, 56.857164590767262 ] ] ] } },
{ "type": "Feature", "properties": { "area_km2": 0.0104 }, "geometry": { "type": "Polygon", "coordinates": [ [ [ -111.154132517176322, 56.853419118964041 ], [ -111.154131778536637, 56.853239445600529 ], [ -111.154459717140568, 56.853239040481135 ], [ -111.154457496558507, 56.852700020367635 ], [ -111.155112620991687, 56.8525195341863 ], [ -111.155111134378117, 56.852160187418562 ], [ -111.15478320522034, 56.852160594243387 ], [ -111.154782463497952, 56.851980920848931 ], [ -111.154454535902985, 56.851981326810012 ], [ -111.154455276053937, 56.852161000207225 ], [ -111.154127346878937, 56.852161405310056 ], [ -111.154128085467065, 56.852341078704839 ], [ -111.15380015471203, 56.852341482949427 ], [ -111.153800891737305, 56.852521156341751 ], [ -111.153145760949471, 56.852701635646 ], [ -111.153147962673344, 56.853240655792519 ], [ -111.153475901302997, 56.853240253256224 ], [ -111.153476636799581, 56.853419926625229 ], [ -111.154132517176322, 56.853419118964041 ] ] ] } },
{ "type": "Feature", "properties": { "area_km2": 0.0108 }, "geometry": { "type": "Polygon", "coordinates": [ [ [ -111.161016172513911, 56.852691737332222 ], [ -111.161015400907573, 56.852512064007044 ], [ -111.161670490424811, 56.852331543442347 ], [ -111.161668940971268, 56.851972196777481 ], [ -111.162324017908077, 56.85179167277628 ], [ -111.161665067495107, 56.851073830024106 ], [ -111.161009999914427, 56.851254350584895 ], [ -111.161011543010446, 56.851613697303009 ], [ -111.160683618725315, 56.851614119617139 ], [ -111.160685928722444, 56.852153139663841 ], [ -111.160357999714137, 56.852153561125618 ], [ -111.160359536614123, 56.852512907803103 ], [ -111.161016172513911, 56.852691737332222 ] ] ] } },
{ "type": "Feature", "properties": { "area_km2": 4.7628 }, "geometry": { "type": "Polygon", "coordinates": [ [ [ -111.35924421821727, 56.868809000751789 ], [ -111.359242495633637, 56.868629330717368 ], [ -111.358914427601704, 56.868630273672871 ], [ -111.358909264690027, 56.868091263518906 ], [ -111.359237328003005, 56.86809032058266 ], [ -111.359235605499549, 56.867910650527286 ], [ -111.358907543759528, 56.867911593457102 ], [ -111.358904101958586, 56.86755225331779 ], [ -111.359232160552764, 56.867551310400835 ], [ -111.359230438109449, 56.867371640329743 ], [ -111.359884826522872, 56.867190081860826 ], [ -111.359877924447574, 56.86647140155462 ], [ -111.359549875330544, 56.866472346155895 ], [ -111.359548151434694, 56.866292676059821 ], [ -111.359220103870385, 56.866293619793254 ], [ -111.359218381567345, 56.866113949685506 ], [ -111.35889033555577, 56.866114892551089 ], [ -111.358888614845512, 56.865935222431688 ], [ -111.358230808363018, 56.865757435428279 ], [ -111.35822737333342, 56.865398095137628 ], [ -111.357899333552709, 56.865399035393324 ], [ -111.357895901748364, 56.865039695068909 ], [ -111.357567865093003, 56.865040634450423 ], [ -111.357564436513783, 56.864681294092257 ], [ -111.35723640298373, 56.864682232599591 ], [ -111.357231264982232, 56.864143222003882 ], [ -111.356903236149989, 56.864144159630698 ], [ -111.356901525095225, 56.86396448941526 ], [ -111.356245470516114, 56.863966362072063 ], [ -111.356247178425789, 56.864146032300248 ], [ -111.355919149533875, 56.864146967343004 ], [ -111.355920855890858, 56.864326637572319 ], [ -111.355592825406532, 56.864327571760079 ], [ -111.355268201385513, 56.864687845554855 ], [ -111.354612134027377, 56.864689709648957 ], [ -111.354610433921081, 56.864510039404699 ], [ -111.354282401784943, 56.864510970153347 ], [ -111.354279004776856, 56.864151629636432 ], [ -111.354607033767849, 56.86415069890046 ], [ -111.354598533730936, 56.863252347548197 ], [ -111.354270512602483, 56.863253278252472 ], [ -111.354268814226899, 56.863073607959976 ], [ -111.353611079844697, 56.862895796461487 ], [ -111.353605994330167, 56.862356785498861 ], [ -111.353277981004581, 56.862357713587556 ], [ -111.353276287444885, 56.862178043249884 ], [ -111.352620263879373, 56.862179896830746 ], [ -111.352621954294335, 56.862359567181045 ], [ -111.352293940909703, 56.862360492685852 ], [ -111.352295629771945, 56.86254016303721 ], [ -111.352623644728979, 56.8625392375261 ], [ -111.352625335183276, 56.862718907865926 ], [ -111.353283061801903, 56.862896724569147 ], [ -111.353286449098647, 56.863256065197348 ], [ -111.352958427891267, 56.863256992456328 ], [ -111.352960119996709, 56.863436662768891 ], [ -111.352632097197173, 56.863437589172847 ], [ -111.352633787749809, 56.863617259486503 ], [ -111.352305763358103, 56.863618185035435 ], [ -111.351981113820955, 56.863978450359802 ], [ -111.350997031034012, 56.863981219292292 ], [ -111.350995348304679, 56.86380154895766 ], [ -111.350667322242387, 56.863802470206188 ], [ -111.350663959987457, 56.863443129508646 ], [ -111.351318321559404, 56.863261615831327 ], [ -111.351314953132032, 56.862902275127496 ], [ -111.350986934951706, 56.862903197205945 ], [ -111.35065555469248, 56.8625447776732 ], [ -111.350983569747555, 56.862543856468605 ], [ -111.350981887174839, 56.862364186092087 ], [ -111.35163622838364, 56.862182670742378 ], [ -111.351632857046738, 56.861823329988276 ], [ -111.351960865753611, 56.861822406224952 ], [ -111.351959178542259, 56.861642735846331 ], [ -111.35294319982809, 56.86163995940759 ], [ -111.352941507919496, 56.861460289042654 ], [ -111.353269513403134, 56.86145936184684 ], [ -111.352938124161369, 56.861100948297079 ], [ -111.352282119424132, 56.861102800079678 ], [ -111.352280430719063, 56.860923129686427 ], [ -111.351952429893188, 56.86092405427955 ], [ -111.351949055686433, 56.860564713464719 ], [ -111.351621057985355, 56.860565637184003 ], [ -111.351619372483597, 56.86038596676245 ], [ -111.3519473686125, 56.860385043049462 ], [ -111.351945681558178, 56.860205372628954 ], [ -111.353257659588621, 56.860201669189898 ], [ -111.353582264275914, 56.859841400383473 ], [ -111.354238246845, 56.859839541799452 ], [ -111.354239944864943, 56.860019212186209 ], [ -111.354567937691996, 56.860018281596041 ], [ -111.354899332887058, 56.860376690877118 ], [ -111.355555324730815, 56.860374825365277 ], [ -111.355557029098762, 56.860554495710929 ], [ -111.356214731539737, 56.860732297069134 ], [ -111.356216439091767, 56.860911967391587 ], [ -111.355888438502873, 56.860912902319697 ], [ -111.355891850522042, 56.86127224296164 ], [ -111.356219854255428, 56.861271308020797 ], [ -111.356221561867059, 56.861450978327532 ], [ -111.357205577664743, 56.861448168318312 ], [ -111.357207290013108, 56.861627838600675 ], [ -111.357865019102789, 56.861805631206416 ], [ -111.357873596966698, 56.862703982449553 ], [ -111.358531348109338, 56.862881771489086 ], [ -111.358538223419302, 56.863600452317094 ], [ -111.35886624743415, 56.863599510402771 ], [ -111.358869688354162, 56.863958850772512 ], [ -111.35919771549402, 56.863957907984009 ], [ -111.359529189904123, 56.864316304657265 ], [ -111.360185250373803, 56.864314414747767 ], [ -111.360509823852937, 56.86395412821652 ], [ -111.361165877911802, 56.863952233164696 ], [ -111.361167609409605, 56.864131903296645 ], [ -111.362807752066601, 56.864127150561139 ], [ -111.362806012706102, 56.863947480461583 ], [ -111.363134039604319, 56.863946527336914 ], [ -111.363130557798968, 56.86358718713506 ], [ -111.36280253404577, 56.863588140246748 ], [ -111.362467559484372, 56.862870411978591 ], [ -111.361809789954904, 56.86269264368778 ], [ -111.361804586571097, 56.862153633189337 ], [ -111.361476575316431, 56.862154582803917 ], [ -111.361474842467871, 56.861974912620816 ], [ -111.36049081329999, 56.861977756277497 ], [ -111.36049254143154, 56.862157426479961 ], [ -111.360164530096341, 56.86215837264939 ], [ -111.36016625667564, 56.862338042853068 ], [ -111.360494269583185, 56.862337096677173 ], [ -111.360169709894492, 56.862697383244708 ], [ -111.359511954254899, 56.862519602832258 ], [ -111.359508507365675, 56.862160262404394 ], [ -111.359180495970278, 56.862161205989977 ], [ -111.359178774128097, 56.861981535761764 ], [ -111.359506783951161, 56.861980592182611 ], [ -111.359505060556671, 56.861800921955592 ], [ -111.359833068787381, 56.861799977521613 ], [ -111.359831343840639, 56.861620307295773 ], [ -111.360159350478966, 56.861619362006934 ], [ -111.360157623980029, 56.861439691782323 ], [ -111.360811904428445, 56.861258128416779 ], [ -111.360808445242014, 56.860898787967137 ], [ -111.360480444932918, 56.860899734952703 ], [ -111.360478716942097, 56.860720064713561 ], [ -111.36015071818511, 56.86072101083144 ], [ -111.360147265408173, 56.860361670324586 ], [ -111.359819269775457, 56.860362615568341 ], [ -111.359817544989269, 56.860182945300608 ], [ -111.359489550908663, 56.860183889676698 ], [ -111.359487827714673, 56.860004219397297 ], [ -111.358830122607898, 56.859826435255499 ], [ -111.358824962638892, 56.859287424331605 ], [ -111.358496976358694, 56.859288366091945 ], [ -111.358491821285881, 56.858749355101672 ], [ -111.358163839701788, 56.858750295981608 ], [ -111.358158689524799, 56.858211284924963 ], [ -111.35783071263667, 56.858212224924507 ], [ -111.357827282429071, 56.857852884181085 ], [ -111.357499308664856, 56.857853823306677 ], [ -111.357497595162897, 56.857674152920715 ], [ -111.356513678466399, 56.85767696511143 ], [ -111.356189120643023, 56.858037241603803 ], [ -111.355533169751922, 56.858039110395083 ], [ -111.355531465661556, 56.857859439976089 ], [ -111.355203491758175, 56.857860373073635 ], [ -111.355201789259539, 56.857680702643059 ], [ -111.355529761591015, 56.857679769551865 ], [ -111.355524649498335, 56.857140758247773 ], [ -111.356178877535669, 56.856959219087699 ], [ -111.356173756250087, 56.856420207758951 ], [ -111.355845794961112, 56.85642114252785 ], [ -111.355514425848199, 56.856062735498185 ], [ -111.354530551233381, 56.856065532016885 ], [ -111.354528852076243, 56.855885861521251 ], [ -111.35420089540348, 56.855886791965638 ], [ -111.354199197837815, 56.855707121458423 ], [ -111.353871242716991, 56.855708051035393 ], [ -111.35353989879107, 56.855349638695806 ], [ -111.351572186394705, 56.855355192832832 ], [ -111.351573871347512, 56.855534863401012 ], [ -111.35124591764108, 56.85553578608306 ], [ -111.351247601041806, 56.855715456652291 ], [ -111.351575556319929, 56.855714533963955 ], [ -111.351578926323555, 56.856073875074138 ], [ -111.35125096790199, 56.856074797775044 ], [ -111.351254334840519, 56.85643413887685 ], [ -111.350926373255859, 56.856435060729211 ], [ -111.350936465110507, 56.857513083946628 ], [ -111.350608494075317, 56.857514004975528 ], [ -111.350283880841047, 56.857874266198962 ], [ -111.348644009555699, 56.857878854183227 ], [ -111.348642338495239, 56.857699183626764 ], [ -111.346674501742967, 56.857704660752603 ], [ -111.346672840133337, 56.857524990153593 ], [ -111.342081240351831, 56.857537649467197 ], [ -111.341431843170852, 56.858258126920745 ], [ -111.340775887386982, 56.858259918220106 ], [ -111.340774254014519, 56.858080247526146 ], [ -111.340118301298574, 56.858082035368668 ], [ -111.340119931527113, 56.858261706074799 ], [ -111.339463975591386, 56.858263490484831 ], [ -111.339462348506743, 56.858083819766549 ], [ -111.337494489677582, 56.858089152292351 ], [ -111.337492872043512, 56.857909481532495 ], [ -111.335523413784827, 56.857735112219217 ], [ -111.335192227111165, 56.857376651150418 ], [ -111.3348642567301, 56.857377530838562 ], [ -111.334865861732624, 56.85755720166221 ], [ -111.334208315911994, 56.857379287631446 ], [ -111.334533079525087, 56.857019067990599 ], [ -111.334861046781086, 56.857018189175562 ], [ -111.334862651746263, 56.857197860009684 ], [ -111.335518589345952, 56.857196099784233 ], [ -111.335516981237078, 56.857016428962119 ], [ -111.335844948437, 56.857015547563698 ], [ -111.335513765075447, 56.856657087302153 ], [ -111.334529872794405, 56.856659726294694 ], [ -111.334528269457039, 56.856480055438887 ], [ -111.33387234432, 56.856481810449715 ], [ -111.333870744144846, 56.856302139576734 ], [ -111.333542783120166, 56.856303015784505 ], [ -111.333218016158639, 56.856663232895805 ], [ -111.333545980345505, 56.856662357537196 ], [ -111.333877144957128, 56.857020823037288 ], [ -111.333222807420626, 56.857202245503473 ], [ -111.333221210314719, 56.85702257463948 ], [ -111.331907750007105, 56.856846396617321 ], [ -111.33157660575489, 56.856487925862687 ], [ -111.33092068028391, 56.856489665373552 ], [ -111.330919094254781, 56.856309994447052 ], [ -111.330591133063393, 56.856310862904905 ], [ -111.330589548624502, 56.856131191967265 ], [ -111.330917508244127, 56.856130323515316 ], [ -111.330914336278127, 56.855770981636169 ], [ -111.330586379801971, 56.855771850076287 ], [ -111.330584795418375, 56.855592179122937 ], [ -111.330256840495494, 56.85559304669605 ], [ -111.329925723129008, 56.855234571462049 ], [ -111.329271397538065, 56.855415973266709 ], [ -111.329602510263001, 56.855774450230086 ], [ -111.328948173688516, 56.855955850338113 ], [ -111.328946597145119, 56.855776179360518 ], [ -111.327962727330785, 56.855778766598014 ], [ -111.327961155520853, 56.855599095597555 ], [ -111.327633200451189, 56.855599956282013 ], [ -111.327630060029577, 56.855240614253681 ], [ -111.327958011955857, 56.855239753580939 ], [ -111.327626919681009, 56.85488127220443 ], [ -111.327298970879752, 56.854882132004384 ], [ -111.326974156122205, 56.855242333015951 ], [ -111.325990300124488, 56.855244904701337 ], [ -111.325988737799378, 56.855065233650102 ], [ -111.325332836853306, 56.855066943790021 ], [ -111.325331277689642, 56.854887272721911 ], [ -111.325003328761028, 56.854888126494451 ], [ -111.325000213631341, 56.854528784330896 ], [ -111.325328159416713, 56.854527930569972 ], [ -111.325652983840428, 56.854167733786795 ], [ -111.325325041216331, 56.854168588397116 ], [ -111.325323482143347, 56.853988917302836 ], [ -111.324995541072681, 56.853989771046294 ], [ -111.324664488178414, 56.853631281701254 ], [ -111.323680674232676, 56.853633835147619 ], [ -111.323682225411815, 56.853813506281355 ], [ -111.323354285822276, 56.853814355713901 ], [ -111.323352736214659, 56.853634684574367 ], [ -111.322368922052476, 56.853637227688523 ], [ -111.322367377177386, 56.853457556526422 ], [ -111.321711504122376, 56.853459247619242 ], [ -111.321709962408207, 56.853279576440379 ], [ -111.321382027425258, 56.853280420689529 ], [ -111.321051015335669, 56.852921921681279 ], [ -111.320395151566132, 56.852923605851586 ], [ -111.320393616191453, 56.85274393463407 ], [ -111.319409825117518, 56.852746454414898 ], [ -111.319408294474925, 56.852566783175007 ], [ -111.318752436812716, 56.85256845871254 ], [ -111.318750909330717, 56.852388787455986 ], [ -111.317439200078823, 56.852392128176469 ], [ -111.317440721275261, 56.852571799455767 ], [ -111.31711279234662, 56.852572632489114 ], [ -111.31678789956058, 56.852932807227056 ], [ -111.316132035329304, 56.852934469011466 ], [ -111.316130520383183, 56.85275479771996 ], [ -111.314820306655406, 56.852937782248311 ], [ -111.314489360282622, 56.852579265760426 ], [ -111.314817289352163, 56.852578439614952 ], [ -111.314815780726875, 56.852398768290421 ], [ -111.315799563115974, 56.852396284705037 ], [ -111.315798049794097, 56.852216613392201 ], [ -111.316125975650579, 56.852215783814096 ], [ -111.316124460774944, 56.852036112501665 ], [ -111.315796536489827, 56.852036942074115 ], [ -111.315795023203151, 56.851857270750813 ], [ -111.315137667596389, 56.851679255961741 ], [ -111.315134647396221, 56.851319913266401 ], [ -111.314806729343616, 56.851320740233426 ], [ -111.314805220841137, 56.851141068872295 ], [ -111.315133137322505, 56.851140241910898 ], [ -111.315130117227724, 56.85078089918418 ], [ -111.314802203888846, 56.850781726134308 ], [ -111.314800695439033, 56.850602054757474 ], [ -111.31414487185107, 56.850603706063701 ], [ -111.31414637715848, 56.850783377451776 ], [ -111.311850983051599, 56.85078912994372 ], [ -111.311852477377897, 56.850968801365745 ], [ -111.311196647191039, 56.850970437197674 ], [ -111.311198138392214, 56.851150108625617 ], [ -111.310870221701506, 56.851150925255737 ], [ -111.310545281162746, 56.851511083887338 ], [ -111.310217361294846, 56.851511898806677 ], [ -111.310215874772851, 56.851332227372524 ], [ -111.309232119779352, 56.851334666948226 ], [ -111.309233601587465, 56.851514338398985 ], [ -111.308249841724987, 56.851516770242732 ], [ -111.308248364630728, 56.851337098775403 ], [ -111.307920446213473, 56.851337907662568 ], [ -111.307921921736437, 56.851517579135418 ], [ -111.30726755410538, 56.851698865816523 ], [ -111.307274916349826, 56.852597223131113 ], [ -111.30760284580083, 56.852596415927358 ], [ -111.307604319872524, 56.852776087369087 ], [ -111.307932250877784, 56.852775279298839 ], [ -111.307930775234666, 56.852595607862618 ], [ -111.308588112836787, 56.852773660575359 ], [ -111.308592549297856, 56.853312674819591 ], [ -111.309249902614511, 56.853490724012232 ], [ -111.308927887269377, 56.854210221091321 ], [ -111.309585257924638, 56.854388268474949 ], [ -111.309589708994764, 56.854927282528237 ], [ -111.309261759217065, 56.85492809496985 ], [ -111.30926472354011, 56.855287437656962 ], [ -111.308610296690375, 56.855468731325864 ], [ -111.308941212500599, 56.855827263256607 ], [ -111.308613254829993, 56.855828074003703 ], [ -111.308288252207106, 56.856188226557649 ], [ -111.307960291358583, 56.85618903559358 ], [ -111.307958815389284, 56.856009364256728 ], [ -111.307630856095358, 56.856010172426046 ], [ -111.307627907351758, 56.855650829725612 ], [ -111.307299951184163, 56.855651637022845 ], [ -111.307298478409805, 56.855471965659284 ], [ -111.307952911683799, 56.855290678856939 ], [ -111.307949959934078, 56.854931336125681 ], [ -111.307622010070375, 56.854932144261994 ], [ -111.307620535792893, 56.854752472883007 ], [ -111.306963168040241, 56.854574415166233 ], [ -111.306961696940263, 56.854394743765795 ], [ -111.307616113063375, 56.854213458714689 ], [ -111.307285224211469, 56.853854923151907 ], [ -111.306957283743031, 56.853855729533137 ], [ -111.306958754791665, 56.85403540094925 ], [ -111.305974928569114, 56.854037814943169 ], [ -111.305976394920165, 56.854217486370494 ], [ -111.305648451240273, 56.854218289318538 ], [ -111.305651380850364, 56.854577632168443 ], [ -111.305979327673427, 56.854576829209478 ], [ -111.305654310528581, 56.854936974997443 ], [ -111.30499694884044, 56.854758906931274 ], [ -111.304994025482742, 56.854399564069986 ], [ -111.304666080180212, 56.854400364440338 ], [ -111.30466462009845, 56.854220692996407 ], [ -111.304010189524206, 56.85440196259794 ], [ -111.304016017448035, 56.855120648364959 ], [ -111.30434396907107, 56.855119849694923 ], [ -111.304674841027463, 56.855478392994193 ], [ -111.305330750475335, 56.85547679132695 ], [ -111.305332213819412, 56.855656462723381 ], [ -111.305660170089553, 56.855655660592681 ], [ -111.305661635022389, 56.855835331978426 ], [ -111.305007181128047, 56.85601660678109 ], [ -111.305011566649227, 56.856555620924013 ], [ -111.30698376523678, 56.857089814223166 ], [ -111.306986707967269, 56.857449156861925 ], [ -111.306658736047311, 56.857449962491849 ], [ -111.306333700621522, 56.857810109900406 ], [ -111.306005725523519, 56.857810913819002 ], [ -111.305674820184862, 56.857452374214766 ], [ -111.305018876191326, 56.857453977724298 ], [ -111.305020338150769, 56.857633649068667 ], [ -111.304365849777952, 56.857814920494555 ], [ -111.304696745821076, 56.858173463555268 ], [ -111.305352702424187, 56.858171861724379 ], [ -111.305354166023648, 56.858351533042381 ], [ -111.305682145871671, 56.85835073082972 ], [ -111.305686541488285, 56.85888974473594 ], [ -111.305358556924205, 56.858890546964986 ], [ -111.305033496551118, 56.859250690932718 ], [ -111.305361484276389, 56.859249889553936 ], [ -111.305362947977997, 56.85942956084056 ], [ -111.305690937258319, 56.859428758595115 ], [ -111.305689471984607, 56.859249087313955 ], [ -111.307002894208964, 56.859425541001201 ], [ -111.307004365788202, 56.859605212255218 ], [ -111.307332356555207, 56.859604405698214 ], [ -111.307333829723703, 56.859784076941501 ], [ -111.307661822045702, 56.859783269517784 ], [ -111.307663296803483, 56.859962940750357 ], [ -111.307991290680491, 56.859962132459913 ], [ -111.307992767027585, 56.860141803681742 ], [ -111.308650237383034, 56.860319855711708 ], [ -111.308654676012253, 56.860858869297047 ], [ -111.308000149020742, 56.861040159712445 ], [ -111.30800310193824, 56.86139950208814 ], [ -111.308660594425575, 56.861577554004285 ], [ -111.308663553735499, 56.861936896326533 ], [ -111.30833554259803, 56.861937706400127 ], [ -111.308337020706446, 56.862117377558924 ], [ -111.30768099523516, 56.862118995133265 ], [ -111.307682470216008, 56.862298666297853 ], [ -111.306370412778094, 56.862301891132915 ], [ -111.306371881486484, 56.862481562314237 ], [ -111.306043865511825, 56.862482366375218 ], [ -111.306045332664866, 56.862662037556781 ], [ -111.305717315100722, 56.862662840761928 ], [ -111.305718780698385, 56.862842511943754 ], [ -111.305390761544743, 56.862843314293038 ], [ -111.305392225587013, 56.863022985475098 ], [ -111.305064204843859, 56.863023786968526 ], [ -111.30506566733068, 56.863203458150814 ], [ -111.304737644998028, 56.863204258788357 ], [ -111.304739105929357, 56.86338392997088 ], [ -111.304084515871395, 56.863565199861036 ], [ -111.304088889383024, 56.864104213394199 ], [ -111.303760859136773, 56.864105011474933 ], [ -111.303763771750795, 56.864464353815109 ], [ -111.303435738342372, 56.86446515104533 ], [ -111.303437193102184, 56.864644822213009 ], [ -111.30310915810422, 56.864645618587282 ], [ -111.303110611308284, 56.86482528975516 ], [ -111.302782574720766, 56.864826085273471 ], [ -111.302457438284534, 56.865186222272129 ], [ -111.301801358734394, 56.865187809023432 ], [ -111.301802805698401, 56.865367480197271 ], [ -111.301474764325349, 56.865368272286219 ], [ -111.301479100600147, 56.865907285792538 ], [ -111.301807146691417, 56.865906493687405 ], [ -111.301808593722754, 56.866086164840326 ], [ -111.302464689000303, 56.866084578034965 ], [ -111.302463238823407, 56.865904906892851 ], [ -111.30377542288474, 56.865901722966683 ], [ -111.303776879352739, 56.866081394087097 ], [ -111.304434434057896, 56.866259468048909 ], [ -111.304440272749886, 56.866978152413878 ], [ -111.304112217356916, 56.866978951443066 ], [ -111.304116591835538, 56.867517964678228 ], [ -111.3037885317069, 56.867518762862282 ], [ -111.303791444964929, 56.867878105003783 ], [ -111.303463381673424, 56.867878902337218 ], [ -111.303464836754884, 56.868058573405555 ], [ -111.303136771873483, 56.868059369882921 ], [ -111.302811610896853, 56.868419507641505 ], [ -111.301171270422117, 56.868423472852484 ], [ -111.301172714543142, 56.868603143942991 ], [ -111.300844644824679, 56.86860393440606 ], [ -111.300847529971023, 56.868963276582193 ], [ -111.35924421821727, 56.868809000751789 ] ], [ [ -111.330041199335184, 56.86835053893094 ], [ -111.328728932838601, 56.868353998841236 ], [ -111.328727356602045, 56.868174328218778 ], [ -111.328399291504994, 56.868175191036734 ], [ -111.32839456762423, 56.867636179120353 ], [ -111.32872262800241, 56.86763531632004 ], [ -111.32904753290839, 56.867275111378021 ], [ -111.330359761580738, 56.867271648163303 ], [ -111.330361345590106, 56.867451318782429 ], [ -111.330689404285053, 56.867450450819184 ], [ -111.330694161142503, 56.867989462627456 ], [ -111.330366097728742, 56.86799033060845 ], [ -111.330041199335184, 56.86835053893094 ] ], [ [ -111.33790021024295, 56.866712455718577 ], [ -111.337244106237392, 56.866714228639829 ], [ -111.337242489272498, 56.86653455812516 ], [ -111.336914438814304, 56.866535443287596 ], [ -111.336911208086534, 56.866176102230511 ], [ -111.337239255399126, 56.866175217080141 ], [ -111.337237638490677, 56.865995546549776 ], [ -111.337893729913887, 56.865993773676848 ], [ -111.33789534996788, 56.866173444195127 ], [ -111.338223397223985, 56.866172556460477 ], [ -111.338226640534089, 56.866531897469258 ], [ -111.337898590132397, 56.866532785215995 ], [ -111.33790021024295, 56.866712455718577 ] ], [ [ -111.342796334337081, 56.864003992257039 ], [ -111.342138637810393, 56.863826120335716 ], [ -111.342463380745841, 56.863465880474678 ], [ -111.34312107247851, 56.863643750702174 ], [ -111.342796334337081, 56.864003992257039 ] ], [ [ -111.346706075999236, 56.861118401138917 ], [ -111.345722067753385, 56.861121128429318 ], [ -111.345720410493144, 56.860941457911217 ], [ -111.344406754565739, 56.860765411668091 ], [ -111.34440510363288, 56.860585741114825 ], [ -111.344077105485425, 56.860586645025606 ], [ -111.344075456143983, 56.86040697446095 ], [ -111.343417816757963, 56.86022910910431 ], [ -111.343412878339151, 56.859690097326336 ], [ -111.343740868664199, 56.859689195168755 ], [ -111.343739220990798, 56.859509524571763 ], [ -111.344723187134576, 56.859506812950251 ], [ -111.344724839524275, 56.859686483528776 ], [ -111.345052829772541, 56.859685577926349 ], [ -111.345384131127147, 56.860044012579351 ], [ -111.346040117815903, 56.860042197043725 ], [ -111.346041776551886, 56.860221867581828 ], [ -111.346369771439484, 56.860220958515995 ], [ -111.34637143176694, 56.860400629042665 ], [ -111.347029088119641, 56.860578478823925 ], [ -111.347032415160001, 56.860937819826283 ], [ -111.34670441402227, 56.860938730639397 ], [ -111.346706075999236, 56.861118401138917 ] ], [ [ -111.35456623809992, 56.859838611215629 ], [ -111.354238246845, 56.859839541799452 ], [ -111.354236548844796, 56.859659871407452 ], [ -111.353578874583661, 56.859482059568904 ], [ -111.353575484970293, 56.859122718733389 ], [ -111.353903469976387, 56.859121789897301 ], [ -111.353900077297837, 56.858762449053501 ], [ -111.353572095435794, 56.858763377876933 ], [ -111.353570400698118, 56.858583707440857 ], [ -111.35389838098817, 56.858582778623735 ], [ -111.353896684698213, 56.858403108188739 ], [ -111.354224663396536, 56.858402178516798 ], [ -111.354226361258455, 56.858581848945455 ], [ -111.354554341509001, 56.858580918406005 ], [ -111.354556040962677, 56.858760588823081 ], [ -111.35521370716593, 56.858938395547128 ], [ -111.355218815137206, 56.859477406713154 ], [ -111.354890827066043, 56.859478339006706 ], [ -111.35456623809992, 56.859838611215629 ] ], [ [ -111.349971003633982, 56.859492220065725 ], [ -111.349313352463682, 56.859314385736297 ], [ -111.349310003762952, 56.858955044726891 ], [ -111.349637987451899, 56.858954127092531 ], [ -111.34963631155874, 56.858774456586211 ], [ -111.35029395477126, 56.858952289240264 ], [ -111.350297312904274, 56.859311630212133 ], [ -111.349969326110241, 56.859312549581382 ], [ -111.349971003633982, 56.859492220065725 ] ], [ [ -111.34438694463924, 56.858609364683403 ], [ -111.343729335352904, 56.858431500879931 ], [ -111.344054016451267, 56.858071256644017 ], [ -111.344711620944906, 56.858249118754081 ], [ -111.34438694463924, 56.858609364683403 ] ], [ [ -111.328311139580833, 56.858113627500025 ], [ -111.327983162523836, 56.858114489127736 ], [ -111.32798159047617, 56.857934818195304 ], [ -111.326669688353249, 56.857938256071073 ], [ -111.326668122611622, 56.857758585109984 ], [ -111.32634014860723, 56.85775944242021 ], [ -111.326338584455726, 56.857579771448052 ], [ -111.325681078546708, 56.857401812484305 ], [ -111.325677956622144, 56.857042470490512 ], [ -111.325349988850789, 56.857043325193985 ], [ -111.32534842948759, 56.856863654183421 ], [ -111.325676395687125, 56.856862799485775 ], [ -111.325674834770226, 56.856683128475808 ], [ -111.328300124628072, 56.856855930904224 ], [ -111.328301698137835, 56.857035601862165 ], [ -111.328629665745112, 56.857034739408554 ], [ -111.328632815963289, 56.857394081297024 ], [ -111.328960786695973, 56.857393217970511 ], [ -111.32896394013126, 56.857752559826281 ], [ -111.328635966254765, 56.857753423164553 ], [ -111.328311139580833, 56.858113627500025 ] ], [ [ -111.352251725738711, 56.857868732199861 ], [ -111.351594092310222, 56.857690909810728 ], [ -111.351918691358293, 56.857330645188782 ], [ -111.352576319992593, 56.857508465884997 ], [ -111.352251725738711, 56.857868732199861 ] ], [ [ -111.324033458410824, 56.856507722279474 ], [ -111.323377532099954, 56.856509422179244 ], [ -111.323375982221904, 56.856329751118182 ], [ -111.323048020611196, 56.856330599770615 ], [ -111.323043375800509, 56.855791586538686 ], [ -111.323371332695942, 56.855790737903597 ], [ -111.323369782890026, 56.855611066821602 ], [ -111.323697738195719, 56.855610217331211 ], [ -111.323699289573369, 56.855789888407408 ], [ -111.324356757813192, 56.855967857891159 ], [ -111.324359866945755, 56.85632719999424 ], [ -111.324031905389191, 56.856328051229994 ], [ -111.324033458410824, 56.856507722279474 ] ] ] } },
{ "type": "Feature", "properties": { "area_km2": 0.008 }, "geometry": { "type": "Polygon", "coordinates": [ [ [ -111.17347265902832, 56.85159701138042 ], [ -111.173471827764004, 56.851417338137622 ], [ -111.173799750114213, 56.851416882248444 ], [ -111.174126003669784, 56.851057079009486 ], [ -111.173798084471926, 56.851057535753412 ], [ -111.17379725166532, 56.850877862498081 ], [ -111.172813498727592, 56.850879227554827 ], [ -111.172812670644518, 56.850699554284986 ], [ -111.172484754550595, 56.850700007578908 ], [ -111.172485581062389, 56.850879680851833 ], [ -111.17215766338758, 56.850880133287895 ], [ -111.172160138266619, 56.851419153084649 ], [ -111.172488060655397, 56.85141870063935 ], [ -111.172488887205631, 56.851598373891413 ], [ -111.17347265902832, 56.85159701138042 ] ] ] } },
{ "type": "Feature", "properties": { "area_km2": 0.0044 }, "geometry": { "type": "Polygon", "coordinates": [ [ [ -111.155434594465746, 56.851081739321096 ], [ -111.155433849652482, 56.850902065900904 ], [ -111.155761767793365, 56.850901657373569 ], [ -111.155761021417476, 56.850721983950955 ], [ -111.15641610502081, 56.850541490896738 ], [ -111.156086694189028, 56.850182554274703 ], [ -111.155758782341906, 56.850182963651861 ], [ -111.155759528691746, 56.8503626370901 ], [ -111.155431615264703, 56.8503630456091 ], [ -111.155432360051961, 56.850542719044917 ], [ -111.154777271682761, 56.850723206941808 ], [ -111.154778013344767, 56.850902880372743 ], [ -111.155434594465746, 56.851081739321096 ] ] ] } },
{ "type": "Feature", "properties": { "area_km2": 0.0152 }, "geometry": { "type": "Polygon", "coordinates": [ [ [ -111.43646087560704, 56.850775176578814 ], [ -111.43645878421087, 56.85059550770444 ], [ -111.436786691350406, 56.850594361350183 ], [ -111.436780412594644, 56.85005535471899 ], [ -111.436452510168365, 56.850056501049821 ], [ -111.436450418869512, 56.849876832154443 ], [ -111.435794617086117, 56.849879122217899 ], [ -111.435792528953655, 56.849699453301653 ], [ -111.435464629596552, 56.849700597034293 ], [ -111.435788352761591, 56.849340115453423 ], [ -111.435130475389485, 56.849162733079126 ], [ -111.434159272830101, 56.850244170205848 ], [ -111.434487176997337, 56.850243029893356 ], [ -111.434819248148713, 56.850601226562368 ], [ -111.43613087704702, 56.850596653197812 ], [ -111.436132966872051, 56.85077632207998 ], [ -111.43646087560704, 56.850775176578814 ] ] ] } },
{ "type": "Feature", "properties": { "area_km2": 0.0048 }, "geometry": { "type": "Polygon", "coordinates": [ [ [ -111.188220206367617, 56.849778912653761 ], [ -111.188219304497139, 56.849599239504364 ], [ -111.188547210680809, 56.849598744905222 ], [ -111.188545403829025, 56.849239398597504 ], [ -111.188217500787644, 56.849239893189903 ], [ -111.188216598948628, 56.849060220024853 ], [ -111.187560795976651, 56.849061206620242 ], [ -111.187561694673434, 56.849240879792013 ], [ -111.187233791600647, 56.849241371801718 ], [ -111.187235585883286, 56.849600718136315 ], [ -111.187563492098363, 56.849600226119918 ], [ -111.187564390826495, 56.849779899276037 ], [ -111.188220206367617, 56.849778912653761 ] ] ] } },
{ "type": "Feature", "properties": { "area_km2": 0.0072 }, "geometry": { "type": "Polygon", "coordinates": [ [ [ -111.200679731935068, 56.849579839517943 ], [ -111.200678770371397, 56.849400166495464 ], [ -111.201333614066186, 56.849219437993867 ], [ -111.20132975539947, 56.848500745859624 ], [ -111.201001859065769, 56.848501274012627 ], [ -111.201000895998163, 56.848321600962429 ], [ -111.200346066364759, 56.848502327736 ], [ -111.200348946208322, 56.849041346876831 ], [ -111.200021045127841, 56.849041872457938 ], [ -111.200022961937137, 56.849401218532911 ], [ -111.200679731935068, 56.849579839517943 ] ] ] } },
{ "type": "Feature", "properties": { "area_km2": 0.0288 }, "geometry": { "type": "Polygon", "coordinates": [ [ [ -111.418091939352976, 56.850298990938533 ], [ -111.418089936010247, 56.850119321620546 ], [ -111.418417839770541, 56.850118223498775 ], [ -111.418413830012867, 56.849758884862005 ], [ -111.418085929394707, 56.849759982968834 ], [ -111.418073910107282, 56.848681966887689 ], [ -111.417746018891734, 56.84868306408881 ], [ -111.417744017329653, 56.848503394716104 ], [ -111.417416127661753, 56.848504491048921 ], [ -111.417414127693846, 56.848324821663496 ], [ -111.417086239573607, 56.848325917128037 ], [ -111.416754357847609, 56.847967672915303 ], [ -111.416098587774528, 56.847969859510485 ], [ -111.41576671863865, 56.847611612634765 ], [ -111.415110954709874, 56.847613794035382 ], [ -111.415112943588895, 56.847793463493907 ], [ -111.414785060018971, 56.847794552910436 ], [ -111.415120899336287, 56.848512141275521 ], [ -111.415448789166618, 56.84851105096849 ], [ -111.415450779732211, 56.84869072039335 ], [ -111.416108556195908, 56.848868206586658 ], [ -111.416112543726783, 56.849227545380373 ], [ -111.416770332735084, 56.849405028055038 ], [ -111.416774326689207, 56.849764366787475 ], [ -111.417102227400463, 56.849763272124108 ], [ -111.417104225983422, 56.849942941475007 ], [ -111.417432128242496, 56.84994184594332 ], [ -111.417434128419771, 56.850121515281494 ], [ -111.418091939352976, 56.850298990938533 ] ] ] } },
{ "type": "Feature", "properties": { "area_km2": 0.0132 }, "geometry": { "type": "Polygon", "coordinates": [ [ [ -111.435450024346039, 56.848442914418989 ], [ -111.435447937978751, 56.848263245452934 ], [ -111.435775824768243, 56.848262101782616 ], [ -111.435769561099406, 56.847723094876272 ], [ -111.43544167902246, 56.847724238523227 ], [ -111.435437506506261, 56.847364900543802 ], [ -111.435109627546666, 56.847366043314409 ], [ -111.435107542895736, 56.847186374309025 ], [ -111.434123910583878, 56.847189797432797 ], [ -111.434125990522475, 56.847369466461487 ], [ -111.433798111466004, 56.847370605788932 ], [ -111.433806425178986, 56.84808928188216 ], [ -111.434134310518743, 56.848088142523672 ], [ -111.434466359119369, 56.848446340288405 ], [ -111.435450024346039, 56.848442914418989 ] ] ] } },
{ "type": "Feature", "properties": { "area_km2": 0.01 }, "geometry": { "type": "Polygon", "coordinates": [ [ [ -111.163292928209543, 56.848376596148483 ], [ -111.163292145821302, 56.848196922718522 ], [ -111.1636200401813, 56.84819649357209 ], [ -111.163618472290111, 56.847837146702361 ], [ -111.163946363498994, 56.847836716700918 ], [ -111.163945577996074, 56.847657043261158 ], [ -111.164600568608748, 56.84747650724249 ], [ -111.164271106458116, 56.84711759206008 ], [ -111.162306129715631, 56.847659184645281 ], [ -111.162308462686738, 56.848198204992649 ], [ -111.162636357074007, 56.848197778428805 ], [ -111.162637136320171, 56.8483774518646 ], [ -111.163292928209543, 56.848376596148483 ] ] ] } },
{ "type": "Feature", "properties": { "area_km2": 0.012 }, "geometry": { "type": "Polygon", "coordinates": [ [ [ -111.414109452183197, 56.846000034117125 ], [ -111.414757239807656, 56.84527917990939 ], [ -111.414429378204673, 56.845280268361314 ], [ -111.414427392790628, 56.845100598814454 ], [ -111.414099532735165, 56.845101686398266 ], [ -111.413767708180018, 56.844743433982266 ], [ -111.413111994236019, 56.84474560481673 ], [ -111.413113973321686, 56.844925274403693 ], [ -111.412786114744605, 56.844926358537244 ], [ -111.412796002665232, 56.8458247064302 ], [ -111.413123869095315, 56.845823622259722 ], [ -111.413125848319098, 56.84600329181518 ], [ -111.414109452183197, 56.846000034117125 ] ] ] } },
{ "type": "Feature", "properties": { "area_km2": 0.046 }, "geometry": { "type": "Polygon", "coordinates": [ [ [ -111.434771333404342, 56.846468840105921 ], [ -111.434769250445328, 56.846289171066502 ], [ -111.43509712000477, 56.846288029203357 ], [ -111.435095035499316, 56.846108360166447 ], [ -111.435748683781611, 56.8459264048469 ], [ -111.435736158556338, 56.844848390577027 ], [ -111.436064015478166, 56.844847246193986 ], [ -111.436061926455068, 56.844667577138402 ], [ -111.435734071103752, 56.844668721513649 ], [ -111.435731983675467, 56.844489052445041 ], [ -111.435076276041045, 56.844491338597891 ], [ -111.435078360328333, 56.844671007682081 ], [ -111.433766938486727, 56.844675569690558 ], [ -111.433764860481446, 56.844495900575311 ], [ -111.433109152556582, 56.844498176399867 ], [ -111.433107077716457, 56.844318507263864 ], [ -111.4327792252883, 56.844319643877355 ], [ -111.432773005624043, 56.843780636414564 ], [ -111.432445157883137, 56.843781772144183 ], [ -111.432113170077486, 56.843423568647403 ], [ -111.431457480756933, 56.843425835772408 ], [ -111.431459547624428, 56.843605504973318 ], [ -111.431131701357685, 56.843606637252549 ], [ -111.431135832023941, 56.843965975654072 ], [ -111.431463681431538, 56.843964843359423 ], [ -111.431467815334798, 56.844324181724502 ], [ -111.431795667859276, 56.844323048553747 ], [ -111.431797736417451, 56.844502717720687 ], [ -111.432455516258457, 56.844680117927879 ], [ -111.432463803392366, 56.845398794460294 ], [ -111.432791665267843, 56.845397658661064 ], [ -111.432797885583128, 56.845936665981981 ], [ -111.433125752146324, 56.845935529298814 ], [ -111.433129902285074, 56.846294867471016 ], [ -111.433457771965479, 56.846293729911608 ], [ -111.433459848641732, 56.846473398982077 ], [ -111.434771333404342, 56.846468840105921 ] ] ] } },
{ "type": "Feature", "properties": { "area_km2": 0.0152 }, "geometry": { "type": "Polygon", "coordinates": [ [ [ -111.414745318246489, 56.844201162593919 ], [ -111.414743331400501, 56.844021493022979 ], [ -111.415071181986676, 56.844020403762244 ], [ -111.414739357777862, 56.843662153865317 ], [ -111.415067205223139, 56.843661064619418 ], [ -111.415065216876044, 56.843481395040143 ], [ -111.415393062727787, 56.843480304941004 ], [ -111.415716925650017, 56.843119874836567 ], [ -111.415389082962207, 56.843120965781516 ], [ -111.415387093114134, 56.842941296193892 ], [ -111.415059251973531, 56.842942386270771 ], [ -111.414727437464407, 56.842584136266339 ], [ -111.413743923256732, 56.842587398706712 ], [ -111.413745905206909, 56.842767068341878 ], [ -111.413418065521242, 56.842768154108121 ], [ -111.413422026350005, 56.843127493377516 ], [ -111.413749869176385, 56.843126407596479 ], [ -111.413759779503451, 56.844024755641094 ], [ -111.414087630158875, 56.8440236689624 ], [ -111.414089613863908, 56.844203338548162 ], [ -111.414745318246489, 56.844201162593919 ] ] ] } },
{ "type": "Feature", "properties": { "area_km2": 0.0064 }, "geometry": { "type": "Polygon", "coordinates": [ [ [ -111.133761751247249, 56.842662134318125 ], [ -111.133761110491363, 56.842482460482394 ], [ -111.134088955333269, 56.84248210889082 ], [ -111.134087028399037, 56.84194308735956 ], [ -111.133759188268385, 56.841943438943957 ], [ -111.1337585475423, 56.841763765087393 ], [ -111.133102232821614, 56.841584791802852 ], [ -111.133102870399497, 56.841764465669414 ], [ -111.132775031816962, 56.841764814669439 ], [ -111.132776939883883, 56.84230383624493 ], [ -111.133104783177657, 56.842303487237793 ], [ -111.133105420785199, 56.842483161083493 ], [ -111.133761751247249, 56.842662134318125 ] ] ] } },
{ "type": "Feature", "properties": { "area_km2": 0.0388 }, "geometry": { "type": "Polygon", "coordinates": [ [ [ -111.432758493917916, 56.84252295215083 ], [ -111.432756420913478, 56.84234328294928 ], [ -111.433739926303033, 56.842339870782325 ], [ -111.433737848611884, 56.842160201598745 ], [ -111.434065682123162, 56.842159062496293 ], [ -111.434063602885928, 56.841979393315228 ], [ -111.433735770944907, 56.841980532409927 ], [ -111.433731615683428, 56.841621194016518 ], [ -111.433403786858676, 56.841622332235119 ], [ -111.433723305450371, 56.84090251716664 ], [ -111.433395482906292, 56.840903655354232 ], [ -111.433063511646964, 56.84054545419378 ], [ -111.43076877497667, 56.840553391278739 ], [ -111.430770838319432, 56.840733060579154 ], [ -111.43044301712888, 56.840734191013865 ], [ -111.430447140746097, 56.841093529614326 ], [ -111.430119316391298, 56.841094659203861 ], [ -111.430125497286411, 56.841633667088196 ], [ -111.430453326351753, 56.84163253747559 ], [ -111.430457450208749, 56.841991876023492 ], [ -111.430785282390559, 56.841990745534886 ], [ -111.430787345925282, 56.842170414793259 ], [ -111.431443013357423, 56.842168151218793 ], [ -111.431774983600548, 56.842526356595364 ], [ -111.432758493917916, 56.84252295215083 ] ] ] } },
{ "type": "Feature", "properties": { "area_km2": 0.1592 }, "geometry": { "type": "Polygon", "coordinates": [ [ [ -111.424955548002316, 56.848299388392775 ], [ -111.425279360291142, 56.847938933843579 ], [ -111.424951475875972, 56.847940049952584 ], [ -111.424949439848305, 56.847760380724615 ], [ -111.424621556980284, 56.84776149596523 ], [ -111.424617488137628, 56.847402157478335 ], [ -111.424289608387582, 56.847403271842964 ], [ -111.424287575572535, 56.847223602584052 ], [ -111.423629789493248, 56.847046159436438 ], [ -111.423625730264362, 56.846686820862047 ], [ -111.423297856726492, 56.846687932614017 ], [ -111.423295828718182, 56.846508263311371 ], [ -111.422638059869811, 56.846330814894856 ], [ -111.422629960731967, 56.845612137550219 ], [ -111.422957824892947, 56.845611027565141 ], [ -111.422953772324107, 56.845251688876431 ], [ -111.422625911304337, 56.845252798846381 ], [ -111.422619837339482, 56.844713790751257 ], [ -111.42064665351306, 56.844181424082144 ], [ -111.42063456317797, 56.843103407384184 ], [ -111.420962405493057, 56.843102302668825 ], [ -111.420960388948856, 56.842922633208296 ], [ -111.421614050706538, 56.842740751759969 ], [ -111.421612031068605, 56.842561082304016 ], [ -111.421284193511454, 56.842562188718077 ], [ -111.421274103525434, 56.841663841321818 ], [ -111.420616429256995, 56.841486381982726 ], [ -111.420612399754503, 56.841127042946852 ], [ -111.420284574688907, 56.84112814671888 ], [ -111.420280548420436, 56.840768807646967 ], [ -111.41995272647172, 56.840769910543401 ], [ -111.419950714942729, 56.84059024099205 ], [ -111.419293065749969, 56.840412774616567 ], [ -111.419289049089215, 56.840053435457612 ], [ -111.418961233350757, 56.840054535742347 ], [ -111.418959226625461, 56.839874866147497 ], [ -111.418303598218642, 56.839877064120344 ], [ -111.418305601803851, 56.840056733730165 ], [ -111.417977785995447, 56.840057831433228 ], [ -111.417987796420434, 56.840956179440902 ], [ -111.417659972738221, 56.840957276320765 ], [ -111.417665974562055, 56.841496285084766 ], [ -111.417993802954797, 56.841495188182485 ], [ -111.417997807427469, 56.841854527317288 ], [ -111.417669975894285, 56.841855624234505 ], [ -111.417687983040963, 56.843472650148414 ], [ -111.417360137351594, 56.843473746272203 ], [ -111.417364136054843, 56.843833085321336 ], [ -111.417691984885067, 56.843831989182618 ], [ -111.417693985842007, 56.844011658691862 ], [ -111.41802183621941, 56.844010561684996 ], [ -111.418023838770097, 56.8441902311815 ], [ -111.418351690694678, 56.844189133306479 ], [ -111.418353694839141, 56.844368802790271 ], [ -111.4186815483109, 56.844367704047087 ], [ -111.419013416400233, 56.84472594336507 ], [ -111.419996986028465, 56.844722639344276 ], [ -111.419998998095565, 56.844902308774842 ], [ -111.420654714205156, 56.844900101775771 ], [ -111.420656729436772, 56.845079771186036 ], [ -111.421314466989941, 56.845257230119053 ], [ -111.4213265778601, 56.846335246348595 ], [ -111.420998707298935, 56.846336352060135 ], [ -111.421000724288746, 56.846516021420875 ], [ -111.420344979954663, 56.84651823027675 ], [ -111.420013083220468, 56.846159994641688 ], [ -111.419357345028672, 56.846162198302977 ], [ -111.419359354141605, 56.846341867706535 ], [ -111.41903148343998, 56.846342968253538 ], [ -111.41903750620682, 56.84688197645518 ], [ -111.419365381620622, 56.846880875885681 ], [ -111.419697278588771, 56.84723911320026 ], [ -111.420353035582551, 56.847236907727364 ], [ -111.420355049548064, 56.847416577076878 ], [ -111.421338689575393, 56.847413262389061 ], [ -111.421340708276773, 56.847592931710764 ], [ -111.421668589809769, 56.847591825085701 ], [ -111.421670610105465, 56.847771494394628 ], [ -111.421998493185797, 56.847770386901232 ], [ -111.422000515075823, 56.847950056197348 ], [ -111.422328399703488, 56.847948947835604 ], [ -111.42266033444173, 56.84830717715932 ], [ -111.424955548002316, 56.848299388392775 ] ] ] } },
{ "type": "Feature", "properties": { "area_km2": 0.1024 }, "geometry": { "type": "Polygon", "coordinates": [ [ [ -111.431418214840846, 56.840012119956491 ], [ -111.431416148453977, 56.839832450650484 ], [ -111.432069705463419, 56.839650514538398 ], [ -111.4320655665299, 56.839291175930974 ], [ -111.432393375039979, 56.839290041255225 ], [ -111.432387162110359, 56.838751033327846 ], [ -111.432714965886518, 56.838749897814772 ], [ -111.432708748463966, 56.838210889863305 ], [ -111.432380949397455, 56.838212025353201 ], [ -111.432366453910134, 56.83695433989508 ], [ -111.432038665808108, 56.8369554744704 ], [ -111.431706742609776, 56.836597269404763 ], [ -111.430723387505665, 56.836600665340434 ], [ -111.430721324714668, 56.836420995919184 ], [ -111.430065757664678, 56.836423255558735 ], [ -111.430067817316313, 56.836602924995397 ], [ -111.428428891424119, 56.836608559075131 ], [ -111.428430943251158, 56.836788228544876 ], [ -111.428103156431376, 56.836789352787171 ], [ -111.428105206712544, 56.836969022259332 ], [ -111.427451677027534, 56.837150937660091 ], [ -111.427472149991999, 56.838947632193076 ], [ -111.426818582797296, 56.839129544277498 ], [ -111.426822671443588, 56.839488883141087 ], [ -111.427480339844365, 56.839666309859169 ], [ -111.42780405371586, 56.839305848408202 ], [ -111.428787480108724, 56.839302475359773 ], [ -111.429451325307667, 56.840018899798437 ], [ -111.431418214840846, 56.840012119956491 ] ], [ [ -111.429434870244222, 56.8385815448339 ], [ -111.428777211692307, 56.838404128364544 ], [ -111.42910090225341, 56.838043663512835 ], [ -111.429758556000081, 56.838221078294715 ], [ -111.429434870244222, 56.8385815448339 ] ] ] } },
{ "type": "Feature", "properties": { "area_km2": 0.0056 }, "geometry": { "type": "Polygon", "coordinates": [ [ [ -111.631000938631928, 56.836108538674793 ], [ -111.630997916774533, 56.835928875061761 ], [ -111.631325685336222, 56.83592721823527 ], [ -111.631313591980401, 56.83520856377519 ], [ -111.630655047264611, 56.835032212826761 ], [ -111.630658067376999, 56.835211876477615 ], [ -111.630330305022625, 56.835213531538358 ], [ -111.63034237954578, 56.835932186133725 ], [ -111.631000938631928, 56.836108538674793 ] ] ] } },
{ "type": "Feature", "properties": { "area_km2": 0.0196 }, "geometry": { "type": "Polygon", "coordinates": [ [ [ -111.425163254987524, 56.837697779899365 ], [ -111.425161218739206, 56.837518110379591 ], [ -111.425489012051912, 56.837516993850869 ], [ -111.425486974257495, 56.837337324333433 ], [ -111.42614051676199, 56.837155419202354 ], [ -111.426136435012666, 56.836796080171673 ], [ -111.425808648026361, 56.836797198390869 ], [ -111.425806608757014, 56.836617528860046 ], [ -111.425151037852757, 56.836619762701915 ], [ -111.425149001746504, 56.836440093150607 ], [ -111.424821217828537, 56.83644120877328 ], [ -111.424817148826378, 56.836081869639749 ], [ -111.424489368024098, 56.83608298438682 ], [ -111.424487335128134, 56.835903314804568 ], [ -111.423829746858885, 56.83572587209963 ], [ -111.423831776591982, 56.835905541702274 ], [ -111.423503997288478, 56.835906653860512 ], [ -111.42351413845951, 56.836805001832879 ], [ -111.423841925611384, 56.836803889636776 ], [ -111.424177838659077, 56.837521454802967 ], [ -111.424505632042752, 56.837520340855647 ], [ -111.424507665151467, 56.837700010390598 ], [ -111.425163254987524, 56.837697779899365 ] ] ] } },
{ "type": "Feature", "properties": { "area_km2": 0.0056 }, "geometry": { "type": "Polygon", "coordinates": [ [ [ -111.093751415078799, 56.837488020470779 ], [ -111.094078315580305, 56.837128425458268 ], [ -111.093750517069907, 56.837128671995778 ], [ -111.093750068073291, 56.836948997750461 ], [ -111.093422271127579, 56.836949243425799 ], [ -111.09342182370608, 56.836769569173612 ], [ -111.093094028325069, 56.836769813986777 ], [ -111.093093582478645, 56.83659013972769 ], [ -111.092437552139302, 56.836410952501602 ], [ -111.092110642150985, 56.836770543263256 ], [ -111.0924384375475, 56.836770301031599 ], [ -111.092438880259309, 56.836949975288775 ], [ -111.092766677220581, 56.836949732194959 ], [ -111.092767121507464, 56.837129406445264 ], [ -111.093094920033479, 56.837129162489283 ], [ -111.093095365895451, 56.837308836732745 ], [ -111.093751415078799, 56.837488020470779 ] ] ] } },
{ "type": "Feature", "properties": { "area_km2": 0.0244 }, "geometry": { "type": "Polygon", "coordinates": [ [ [ -111.142583550251686, 56.834746688412274 ], [ -111.142909958623775, 56.834386965695238 ], [ -111.142582184641768, 56.834387340410416 ], [ -111.142581501848724, 56.834207666401667 ], [ -111.142253729428404, 56.834208040253891 ], [ -111.142253048212908, 56.834028366237391 ], [ -111.141925277354261, 56.834028739226646 ], [ -111.141596150358779, 56.833669763296726 ], [ -111.140612847129404, 56.8336708745057 ], [ -111.140612173785385, 56.833491200460927 ], [ -111.13766227780242, 56.833494487604121 ], [ -111.13766293702048, 56.833674161671276 ], [ -111.137335169192042, 56.833674522609918 ], [ -111.137664255479606, 56.834033509789961 ], [ -111.138975339273173, 56.834032057411662 ], [ -111.138976004792653, 56.834211731453287 ], [ -111.140614867208399, 56.834209896608755 ], [ -111.140615540583724, 56.834389570632688 ], [ -111.140943314613068, 56.834389201080029 ], [ -111.14127244168732, 56.834748178689082 ], [ -111.142583550251686, 56.834746688412274 ] ] ] } },
{ "type": "Feature", "properties": { "area_km2": 0.0072 }, "geometry": { "type": "Polygon", "coordinates": [ [ [ -111.093088678510114, 56.834613722534122 ], [ -111.093088232725904, 56.834434048212557 ], [ -111.093416007699972, 56.834433803421078 ], [ -111.093414665669556, 56.833894780430086 ], [ -111.093086895404326, 56.83389502521657 ], [ -111.09275823675128, 56.833535920449307 ], [ -111.092102702473269, 56.833536405713652 ], [ -111.091775814291793, 56.833895995758468 ], [ -111.092103584577643, 56.833895754413611 ], [ -111.092104466702509, 56.834255103092737 ], [ -111.092432240122434, 56.834254860884158 ], [ -111.092432682762208, 56.834434535214271 ], [ -111.093088678510114, 56.834613722534122 ] ] ] } },
{ "type": "Feature", "properties": { "area_km2": 0.0124 }, "geometry": { "type": "Polygon", "coordinates": [ [ [ -111.428072405074289, 56.834094310074377 ], [ -111.428070355174498, 56.833914640518159 ], [ -111.428725878563924, 56.833912391418167 ], [ -111.428723825549127, 56.833732721872018 ], [ -111.429379345704248, 56.833730469345966 ], [ -111.429377289574532, 56.833550799809885 ], [ -111.430030747250669, 56.833368874331875 ], [ -111.43002662883336, 56.833009535264168 ], [ -111.429698875093052, 56.833010663647308 ], [ -111.429696817489614, 56.832830994097911 ], [ -111.429369065294722, 56.832832121613045 ], [ -111.429045422029333, 56.833192587392155 ], [ -111.42871766664797, 56.833193713202 ], [ -111.428715613728656, 56.833014043634833 ], [ -111.42806010603303, 56.833016292658264 ], [ -111.428062155813649, 56.833195962240744 ], [ -111.427408691549758, 56.833377877430706 ], [ -111.427414831689731, 56.833916886176759 ], [ -111.428072405074289, 56.834094310074377 ] ] ] } },
{ "type": "Feature", "properties": { "area_km2": 0.0424 }, "geometry": { "type": "Polygon", "coordinates": [ [ [ -111.425794373638766, 56.83553951156474 ], [ -111.425792334535359, 56.835359841997132 ], [ -111.426120108964469, 56.83535872383883 ], [ -111.42609970353962, 56.833562027949974 ], [ -111.425771944805362, 56.833563146032134 ], [ -111.42576378957709, 56.832844467499037 ], [ -111.425436037096546, 56.832845584690418 ], [ -111.425433999918042, 56.832665915036401 ], [ -111.423795245006957, 56.8326714880507 ], [ -111.423797274338895, 56.83285115774266 ], [ -111.423143795287416, 56.833033050643202 ], [ -111.423149874079371, 56.833572059717213 ], [ -111.423477633002776, 56.833570948517767 ], [ -111.42347966088326, 56.833750618191047 ], [ -111.424137212841046, 56.833928062848827 ], [ -111.424141274997751, 56.834287402138798 ], [ -111.424469040128074, 56.834286288328002 ], [ -111.424471072811315, 56.834465957957512 ], [ -111.424143306111517, 56.834467071775904 ], [ -111.424145337248902, 56.834646741407767 ], [ -111.423817568955982, 56.834647854373365 ], [ -111.423493856706997, 56.835008305756823 ], [ -111.423821628162557, 56.835007193636457 ], [ -111.423823657801236, 56.835186863260134 ], [ -111.424151430802752, 56.835185750271805 ], [ -111.424483269407119, 56.835543975624326 ], [ -111.425794373638766, 56.83553951156474 ] ] ] } },
{ "type": "Feature", "properties": { "area_km2": 0.004 }, "geometry": { "type": "Polygon", "coordinates": [ [ [ -111.088167385379037, 56.832640873088785 ], [ -111.088494297228635, 56.832281292411061 ], [ -111.088166541013166, 56.832281524277235 ], [ -111.088166118837592, 56.832101849863655 ], [ -111.087510190498946, 56.83192263658988 ], [ -111.087510609530796, 56.832102311011809 ], [ -111.087182854870079, 56.832102540295367 ], [ -111.087183689809564, 56.832461889126719 ], [ -111.087511447609145, 56.832461659840057 ], [ -111.087511866655618, 56.832641334246354 ], [ -111.088167385379037, 56.832640873088785 ] ] ] } },
{ "type": "Feature", "properties": { "area_km2": 0.0056 }, "geometry": { "type": "Polygon", "coordinates": [ [ [ -111.417537981050302, 56.829997421201917 ], [ -111.417535981907278, 56.829817751283059 ], [ -111.417863708275277, 56.829816654866164 ], [ -111.417855705659619, 56.829097975168089 ], [ -111.417198267994337, 56.828920497129403 ], [ -111.417200265452237, 56.829100167081982 ], [ -111.416872545313694, 56.829101261748633 ], [ -111.416880529101562, 56.829819941536215 ], [ -111.417537981050302, 56.829997421201917 ] ] ] } },
{ "type": "Feature", "properties": { "area_km2": 0.14 }, "geometry": { "type": "Polygon", "coordinates": [ [ [ -111.147492436787431, 56.832764563422465 ], [ -111.147491730523996, 56.832584889405709 ], [ -111.14781948868935, 56.832584501810643 ], [ -111.147818073048256, 56.832225153766764 ], [ -111.147490318021752, 56.832225541356543 ], [ -111.147489611782945, 56.832045867324133 ], [ -111.147817365240044, 56.832045479737005 ], [ -111.148143699958453, 56.831685743219637 ], [ -111.149126950839289, 56.831684572731078 ], [ -111.149126236778386, 56.831504898696281 ], [ -111.149781016994197, 56.831324440039609 ], [ -111.149777431163031, 56.83042606978816 ], [ -111.14944969187934, 56.830426462513287 ], [ -111.149448260743654, 56.830067114370863 ], [ -111.148792076011162, 56.82988822314524 ], [ -111.148789938809841, 56.829349200860904 ], [ -111.148462208916285, 56.829349590989231 ], [ -111.148461498101511, 56.829169916881355 ], [ -111.147150584721246, 56.829171468781531 ], [ -111.146821450441706, 56.828812506348228 ], [ -111.145510549450464, 56.828814041022554 ], [ -111.145511246127057, 56.828993715164479 ], [ -111.145183519289887, 56.828994096685065 ], [ -111.145185604660952, 56.829533119087372 ], [ -111.144857873108364, 56.829533499755492 ], [ -111.144859953844687, 56.830072522118677 ], [ -111.14453221757654, 56.83007290193428 ], [ -111.144532909602248, 56.830252576047513 ], [ -111.143549696042015, 56.830253710340408 ], [ -111.143550383368108, 56.83043338445615 ], [ -111.143222643929477, 56.830433760835774 ], [ -111.1432260728334, 56.831332131349072 ], [ -111.142898325540429, 56.831332506881196 ], [ -111.142899009775803, 56.831512180970776 ], [ -111.142571260905555, 56.831512555645126 ], [ -111.1425705782395, 56.831332881553003 ], [ -111.142242830930641, 56.831333255364491 ], [ -111.142242149841834, 56.831153581264601 ], [ -111.141914404094365, 56.831153954213221 ], [ -111.141585302462289, 56.830794978075986 ], [ -111.140930492000919, 56.830975393782005 ], [ -111.14093184161618, 56.831334742007243 ], [ -111.141259588956615, 56.83133437163702 ], [ -111.141261618146387, 56.83187339392822 ], [ -111.140933866097924, 56.831873764306003 ], [ -111.140935215791643, 56.832233112479116 ], [ -111.1412629709789, 56.832232742096288 ], [ -111.141263647406944, 56.832412416172502 ], [ -111.141919160896691, 56.832411672820761 ], [ -111.141919840471488, 56.832591346886709 ], [ -111.142903115355111, 56.832590225398803 ], [ -111.142903799646177, 56.832769899451904 ], [ -111.143559319334415, 56.832769147486367 ], [ -111.14355863190444, 56.832589473438389 ], [ -111.14388639016714, 56.832589096167652 ], [ -111.1438850121923, 56.832229748061202 ], [ -111.144212767308119, 56.832229369935241 ], [ -111.144212076763324, 56.832049695876783 ], [ -111.144867583832067, 56.832048937048988 ], [ -111.145196727868438, 56.832407904440792 ], [ -111.145852241166352, 56.832407140440537 ], [ -111.145852939574411, 56.832586814475626 ], [ -111.146508455978719, 56.832586047028741 ], [ -111.146509157533799, 56.832765721053384 ], [ -111.147492436787431, 56.832764563422465 ] ] ] } },
{ "type": "Feature", "properties": { "area_km2": 0.0044 }, "geometry": { "type": "Polygon", "coordinates": [ [ [ -111.105857259067662, 56.829392982592864 ], [ -111.106183973090637, 56.829033355489884 ], [ -111.105856245413989, 56.829033633781044 ], [ -111.105855738595992, 56.828853959367329 ], [ -111.105528012482537, 56.82885423679636 ], [ -111.105527507239501, 56.828674562375532 ], [ -111.104871556034055, 56.828495440219328 ], [ -111.104544834106989, 56.828855063921992 ], [ -111.104872560238022, 56.828854789073695 ], [ -111.104873062348759, 56.829034463493066 ], [ -111.105200790043028, 56.829034187782639 ], [ -111.105201293728712, 56.829213862194919 ], [ -111.105857259067662, 56.829392982592864 ] ] ] } },
{ "type": "Feature", "properties": { "area_km2": 0.0684 }, "geometry": { "type": "Polygon", "coordinates": [ [ [ -111.156994458631232, 56.832034277998268 ], [ -111.156993706888628, 56.83185460403957 ], [ -111.157321458530305, 56.831854191505336 ], [ -111.157319951932621, 56.831494843577914 ], [ -111.156992203429652, 56.831495256106514 ], [ -111.156991451713253, 56.831315582132191 ], [ -111.156335209250727, 56.831136730617693 ], [ -111.15633371213876, 56.830777382631751 ], [ -111.156661454382018, 56.830776971834972 ], [ -111.156660704269839, 56.83059729783696 ], [ -111.156988444935109, 56.83059688618269 ], [ -111.15698919661655, 56.830776560177888 ], [ -111.157972423267623, 56.830775320044843 ], [ -111.157971666878453, 56.830595646058093 ], [ -111.158626388611225, 56.830415141020595 ], [ -111.158624869600018, 56.830055793032336 ], [ -111.158297133686261, 56.830056208979585 ], [ -111.158296375763086, 56.829876534974822 ], [ -111.157313172676524, 56.829877777646459 ], [ -111.157312419469633, 56.829698103628004 ], [ -111.156984686659058, 56.829698516128538 ], [ -111.156979425439587, 56.828440797833764 ], [ -111.156651703603885, 56.828441209454397 ], [ -111.156650953605066, 56.828261535388634 ], [ -111.156323233329658, 56.828261946146256 ], [ -111.156323981759456, 56.828441620214839 ], [ -111.155996259906345, 56.828442030115028 ], [ -111.155670028654086, 56.828801787287638 ], [ -111.155342303645526, 56.828802195472946 ], [ -111.15534155990548, 56.828622521406459 ], [ -111.155013836457329, 56.828622928728763 ], [ -111.155013094294944, 56.828443254654282 ], [ -111.154356911495114, 56.828264392627439 ], [ -111.15435765051086, 56.82844406671267 ], [ -111.154029928605908, 56.828444471451526 ], [ -111.154031403525053, 56.828803819611835 ], [ -111.153703678473448, 56.828804223495965 ], [ -111.15370735807582, 56.829702593819277 ], [ -111.15403509097294, 56.829702189921392 ], [ -111.154039516193365, 56.83078023412083 ], [ -111.154367258497146, 56.830779829346142 ], [ -111.154368736777769, 56.831139177365408 ], [ -111.15469648221152, 56.831138771724902 ], [ -111.154697222934033, 56.831318445723952 ], [ -111.155680463891457, 56.831317223632247 ], [ -111.155681209330538, 56.831496897617761 ], [ -111.156008957868366, 56.831496488530426 ], [ -111.156009704885463, 56.831676162507954 ], [ -111.156337454983941, 56.831675752557523 ], [ -111.156338203579097, 56.831855426527028 ], [ -111.156994458631232, 56.832034277998268 ] ] ] } },
{ "type": "Feature", "properties": { "area_km2": 0.0196 }, "geometry": { "type": "Polygon", "coordinates": [ [ [ -111.140593323331188, 56.828460325091285 ], [ -111.140919696208428, 56.828100607229629 ], [ -111.142230572543667, 56.828099120769068 ], [ -111.142229891597367, 56.827919446575372 ], [ -111.142884642503304, 56.827739023995079 ], [ -111.142882590322117, 56.827200001382352 ], [ -111.142554879110719, 56.827200375995481 ], [ -111.142554196635118, 56.827020701778274 ], [ -111.141243357985914, 56.827022191618823 ], [ -111.140916997574053, 56.827381910383053 ], [ -111.140261571910955, 56.827382648431957 ], [ -111.140260900409785, 56.827202974202272 ], [ -111.139606146216622, 56.8273833830401 ], [ -111.139606814587736, 56.827563057269593 ], [ -111.139934529007718, 56.82756269039313 ], [ -111.13993720884578, 56.828281387248957 ], [ -111.140593323331188, 56.828460325091285 ] ] ] } },
{ "type": "Feature", "properties": { "area_km2": 0.0048 }, "geometry": { "type": "Polygon", "coordinates": [ [ [ -111.151403078974042, 56.827189959516161 ], [ -111.15140235413844, 56.827010285369859 ], [ -111.152057045007894, 56.826829814692815 ], [ -111.152055589103441, 56.826470466384983 ], [ -111.151727884397019, 56.826470865072423 ], [ -111.151727158026304, 56.82629119090798 ], [ -111.151399454880263, 56.826291588732531 ], [ -111.151400179682156, 56.826471262899688 ], [ -111.150745491899869, 56.82665173014108 ], [ -111.150746935270362, 56.827011078460117 ], [ -111.151403078974042, 56.827189959516161 ] ] ] } },
{ "type": "Feature", "properties": { "area_km2": 0.0068 }, "geometry": { "type": "Polygon", "coordinates": [ [ [ -111.142224444312035, 56.826482052838102 ], [ -111.142223763436988, 56.826302378597482 ], [ -111.142878486174439, 56.826121956016145 ], [ -111.142877118188821, 56.825762607519046 ], [ -111.142549419528052, 56.825762982111776 ], [ -111.142548737115902, 56.825583307852874 ], [ -111.141893342908048, 56.825584054452833 ], [ -111.141894022182697, 56.825763728716829 ], [ -111.141239300950772, 56.825944146145176 ], [ -111.141240653264376, 56.826303494657239 ], [ -111.141568356663143, 56.826303123497468 ], [ -111.141569034400547, 56.826482797743182 ], [ -111.142224444312035, 56.826482052838102 ] ] ] } },
{ "type": "Feature", "properties": { "area_km2": 0.0088 }, "geometry": { "type": "Polygon", "coordinates": [ [ [ -111.079958851040374, 56.825818757793726 ], [ -111.079958468260529, 56.825639083155089 ], [ -111.080613478895756, 56.825458987045309 ], [ -111.080612707083432, 56.825099637747684 ], [ -111.080285013517795, 56.825099848907833 ], [ -111.079956554428065, 56.824740709883677 ], [ -111.079301173549254, 56.824741127897674 ], [ -111.079301553169515, 56.824920802565209 ], [ -111.078973861154807, 56.824921010283461 ], [ -111.078975373405058, 56.825639708907211 ], [ -111.079303071694639, 56.825639501183311 ], [ -111.079303451336955, 56.825819175824812 ], [ -111.079958851040374, 56.825818757793726 ] ] ] } },
{ "type": "Feature", "properties": { "area_km2": 0.0056 }, "geometry": { "type": "Polygon", "coordinates": [ [ [ -111.568457229299327, 56.818800467777649 ], [ -111.56845450874529, 56.818620801608922 ], [ -111.569107027422874, 56.818438149870801 ], [ -111.569101580202059, 56.818078817547537 ], [ -111.568773963753273, 56.818080310739163 ], [ -111.568771241758029, 56.81790064455943 ], [ -111.568443626845294, 56.817902136881123 ], [ -111.568446347272868, 56.81808180307101 ], [ -111.568118730760844, 56.818083294543072 ], [ -111.568121449652338, 56.818262960737819 ], [ -111.567468929185779, 56.818445607332627 ], [ -111.567801983701898, 56.818803449943189 ], [ -111.568457229299327, 56.818800467777649 ] ] ] } },
{ "type": "Feature", "properties": { "area_km2": 0.0548 }, "geometry": { "type": "Polygon", "coordinates": [ [ [ -111.120251501517671, 56.821294574504051 ], [ -111.120250925947772, 56.821114899955184 ], [ -111.120578584324775, 56.821114583907857 ], [ -111.120578007193288, 56.820934909355913 ], [ -111.120905663995316, 56.820934592450755 ], [ -111.120905085302269, 56.820754917895762 ], [ -111.121559813926808, 56.820574606953969 ], [ -111.121556323131969, 56.819496559509311 ], [ -111.121228678888983, 56.819496878117086 ], [ -111.120899877367492, 56.819137846666344 ], [ -111.120244595120283, 56.819138479573596 ], [ -111.120244019630647, 56.818958804962172 ], [ -111.119588168146024, 56.818779759804528 ], [ -111.11991236280096, 56.817701397682939 ], [ -111.11958473420475, 56.817701711969633 ], [ -111.119584161904484, 56.817522037312237 ], [ -111.118601280779885, 56.817522975006682 ], [ -111.118601848376343, 56.817702649670458 ], [ -111.118274219753658, 56.817702960517657 ], [ -111.118275351830462, 56.818062309833799 ], [ -111.118602983589071, 56.818061998982373 ], [ -111.118604118828173, 56.818421348273439 ], [ -111.11827648393357, 56.818421659129093 ], [ -111.11828271097113, 56.820398079880619 ], [ -111.118610363114996, 56.820397769001694 ], [ -111.118611498525652, 56.820757118157253 ], [ -111.118939153799403, 56.820756806414117 ], [ -111.118940292372983, 56.821116155544608 ], [ -111.119267950776646, 56.821115842937232 ], [ -111.119268521641672, 56.82129551749253 ], [ -111.120251501517671, 56.821294574504051 ] ] ] } },
{ "type": "Feature", "properties": { "area_km2": 0.0104 }, "geometry": { "type": "Polygon", "coordinates": [ [ [ -111.622047011986865, 56.810099992940827 ], [ -111.622044035954815, 56.80992032826687 ], [ -111.62237157804698, 56.809918695421899 ], [ -111.62236860048273, 56.80973903075374 ], [ -111.623020700766503, 56.809556097856309 ], [ -111.623011758984688, 56.809017103870836 ], [ -111.622684224795464, 56.809018738379187 ], [ -111.622681245837498, 56.808839073695623 ], [ -111.621698647762358, 56.808843972030537 ], [ -111.62170162202024, 56.80902363674744 ], [ -111.621374087692686, 56.809025267817916 ], [ -111.621388951666745, 56.80992359137835 ], [ -111.622047011986865, 56.810099992940827 ] ] ] } },
{ "type": "Feature", "properties": { "area_km2": 0.0084 }, "geometry": { "type": "Polygon", "coordinates": [ [ [ -111.174267746579801, 56.810989357792181 ], [ -111.174266912795034, 56.810809683380242 ], [ -111.174594480457017, 56.810809225613092 ], [ -111.174592809782126, 56.810449876779778 ], [ -111.174265245254588, 56.81045033454069 ], [ -111.174264411498882, 56.810270660113098 ], [ -111.172626596552107, 56.810272936007635 ], [ -111.172627422471891, 56.810452610450717 ], [ -111.172299857886486, 56.810453063053814 ], [ -111.17262907434025, 56.810811959321242 ], [ -111.173284209751088, 56.810811051523785 ], [ -111.173285038834138, 56.810990725945032 ], [ -111.174267746579801, 56.810989357792181 ] ] ] } },
{ "type": "Feature", "properties": { "area_km2": 0.0636 }, "geometry": { "type": "Polygon", "coordinates": [ [ [ -111.64691547033064, 56.808536135657775 ], [ -111.64691237551061, 56.808356471802604 ], [ -111.647239902388037, 56.808354773728865 ], [ -111.647233709722656, 56.807995446025664 ], [ -111.64788565769139, 56.807812383509699 ], [ -111.647873260404083, 56.807093728110729 ], [ -111.647545744564411, 56.807095427822354 ], [ -111.647542646899083, 56.806915763947764 ], [ -111.647215132589906, 56.806917462788448 ], [ -111.647208940500093, 56.806558135000166 ], [ -111.646881429287816, 56.806559832958335 ], [ -111.646878334863288, 56.806380169044658 ], [ -111.646223315463757, 56.806383562359784 ], [ -111.64622022420798, 56.806203898417706 ], [ -111.644910191243667, 56.806210674689382 ], [ -111.644913276233837, 56.806390338677581 ], [ -111.643930746435004, 56.806395411892503 ], [ -111.643933826761753, 56.806575075909933 ], [ -111.642626854360074, 56.806761492269288 ], [ -111.642629928492568, 56.806941156322026 ], [ -111.641977969798404, 56.807124191432656 ], [ -111.64198411197593, 56.807483519557429 ], [ -111.641656592358203, 56.807485203822864 ], [ -111.641659661933957, 56.807664867888747 ], [ -111.641987183118218, 56.807663183611851 ], [ -111.642320849791545, 56.808020826545501 ], [ -111.644285994731391, 56.808010697542045 ], [ -111.644289076946833, 56.808190361500095 ], [ -111.645926704578315, 56.808181896972087 ], [ -111.646260413334659, 56.808539529250055 ], [ -111.64691547033064, 56.808536135657775 ] ] ] } },
{ "type": "Feature", "properties": { "area_km2": 0.0044 }, "geometry": { "type": "Polygon", "coordinates": [ [ [ -111.077628536280727, 56.808212065536829 ], [ -111.077628164905448, 56.808032390377797 ], [ -111.077955709561991, 56.80803218623069 ], [ -111.077954963690487, 56.80767283589978 ], [ -111.07828250520879, 56.807672630895901 ], [ -111.077954217836322, 56.807313485548036 ], [ -111.077626679447505, 56.807313689689593 ], [ -111.077627050805518, 56.807493364869458 ], [ -111.076972339109645, 56.807673445754141 ], [ -111.076973075579431, 56.808032796093343 ], [ -111.077628536280727, 56.808212065536829 ] ] ] } },
{ "type": "Feature", "properties": { "area_km2": 0.0068 }, "geometry": { "type": "Polygon", "coordinates": [ [ [ -111.138873605878899, 56.806541867637485 ], [ -111.138872941549607, 56.806362192793131 ], [ -111.139200470977343, 56.806361827930253 ], [ -111.13919913920833, 56.806002478230859 ], [ -111.139526665494799, 56.806002112513461 ], [ -111.139524663199154, 56.805463087932736 ], [ -111.139197141612868, 56.805463453642666 ], [ -111.139196475763185, 56.8052837787695 ], [ -111.138542098417091, 56.805464182484116 ], [ -111.138544086612214, 56.80600320708718 ], [ -111.13821656030261, 56.806003570226103 ], [ -111.138217882670986, 56.806362919940362 ], [ -111.138873605878899, 56.806541867637485 ] ] ] } },
{ "type": "Feature", "properties": { "area_km2": 0.0084 }, "geometry": { "type": "Polygon", "coordinates": [ [ [ -111.415247592275506, 56.800717708282001 ], [ -111.415245606312141, 56.800538037462275 ], [ -111.415573077311038, 56.800536947416802 ], [ -111.41556512742423, 56.799818264115032 ], [ -111.415237662689393, 56.799819354130825 ], [ -111.415235676841377, 56.799639683284838 ], [ -111.414580750434453, 56.799641860723874 ], [ -111.414582733150525, 56.799821531584691 ], [ -111.413929783126662, 56.800003376471949 ], [ -111.41393374240991, 56.800362718196887 ], [ -111.415247592275506, 56.800717708282001 ] ] ] } },
{ "type": "Feature", "properties": { "area_km2": 0.0196 }, "geometry": { "type": "Polygon", "coordinates": [ [ [ -111.079582392166472, 56.802820570967683 ], [ -111.079582011522035, 56.802640895660772 ], [ -111.079909509151406, 56.802640686399009 ], [ -111.079908362545424, 56.802101660451278 ], [ -111.080235855471187, 56.802101450334405 ], [ -111.080235087956694, 56.801742099679373 ], [ -111.080562577745297, 56.801741888706012 ], [ -111.080561421808085, 56.801202862688719 ], [ -111.0802339367184, 56.801203073657788 ], [ -111.080233169248487, 56.800843722950667 ], [ -111.079577824724993, 56.800664466940837 ], [ -111.079577063546665, 56.800305116196739 ], [ -111.078921731548391, 56.800125856722623 ], [ -111.078922108998569, 56.80030553210532 ], [ -111.078594631717934, 56.800305738770632 ], [ -111.078595383499064, 56.800665089523207 ], [ -111.079250723350313, 56.800844350693261 ], [ -111.079251481422673, 56.801203701408916 ], [ -111.078923996315268, 56.801203908940622 ], [ -111.078924751272638, 56.801563259638272 ], [ -111.079252239512641, 56.801563052103752 ], [ -111.079253376680612, 56.802102078106913 ], [ -111.078598766730224, 56.802282167651818 ], [ -111.078599518607405, 56.802641518289754 ], [ -111.078927016250006, 56.802641311606152 ], [ -111.078927393761589, 56.802820986915897 ], [ -111.079582392166472, 56.802820570967683 ] ] ] } },
{ "type": "Feature", "properties": { "area_km2": 0.0068 }, "geometry": { "type": "Polygon", "coordinates": [ [ [ -111.407380450461631, 56.800024927754258 ], [ -111.407378502174367, 56.799845256737228 ], [ -111.407705967457844, 56.799844187343254 ], [ -111.40769816827131, 56.799125503251773 ], [ -111.407370709251651, 56.799126572616629 ], [ -111.407368761077535, 56.798946901573345 ], [ -111.406713846102136, 56.798949037710862 ], [ -111.406715791144421, 56.799128708768691 ], [ -111.406388332056906, 56.799129775555883 ], [ -111.406392219077389, 56.799489117670291 ], [ -111.406719681296778, 56.799488050868575 ], [ -111.40672357153953, 56.799847392947449 ], [ -111.407380450461631, 56.800024927754258 ] ] ] } },
{ "type": "Feature", "properties": { "area_km2": 0.1244 }, "geometry": { "type": "Polygon", "coordinates": [ [ [ -111.641873574613513, 56.801015610058066 ], [ -111.642194895071512, 56.800654596861413 ], [ -111.643177275058918, 56.800649537639003 ], [ -111.643174199044509, 56.800469873423168 ], [ -111.64382603661555, 56.800286832137083 ], [ -111.643807562704978, 56.799208846836336 ], [ -111.643480115342427, 56.799210535729429 ], [ -111.643473960789706, 56.798851207230328 ], [ -111.643146516522748, 56.798852895241296 ], [ -111.643143440865643, 56.798673230972277 ], [ -111.642485482865737, 56.798496940096605 ], [ -111.64247933799254, 56.798137611486084 ], [ -111.642151899880929, 56.798139296873785 ], [ -111.641818323265454, 56.797781652724744 ], [ -111.641163453126211, 56.797785019158823 ], [ -111.641160387076667, 56.797605354789098 ], [ -111.639195785197984, 56.797615433404488 ], [ -111.639198841854295, 56.797795097842787 ], [ -111.638543971146092, 56.797798450531353 ], [ -111.638547024706796, 56.797978114987139 ], [ -111.638219587733914, 56.797979790054178 ], [ -111.638222639764521, 56.798159454516046 ], [ -111.637895201190602, 56.798161128735387 ], [ -111.63789825169107, 56.798340793203337 ], [ -111.637570811516127, 56.798342466574944 ], [ -111.637573860486413, 56.798522131048969 ], [ -111.63692202277349, 56.798705139729073 ], [ -111.636928114628475, 56.799064468696081 ], [ -111.636600668084768, 56.799066139535832 ], [ -111.636603712499664, 56.799245804022718 ], [ -111.63627626435489, 56.799247474014699 ], [ -111.636279307239434, 56.799427138507632 ], [ -111.635951857493609, 56.799428807651822 ], [ -111.635630487324633, 56.799789804952233 ], [ -111.635957940237247, 56.799788136644487 ], [ -111.63629147913106, 56.800145796426271 ], [ -111.637601302812726, 56.800139111076042 ], [ -111.637604352137203, 56.800318775496926 ], [ -111.63825926689718, 56.800315427643994 ], [ -111.638262319388701, 56.800495092036783 ], [ -111.639244695960102, 56.800490063779343 ], [ -111.639578272362385, 56.800847714653493 ], [ -111.64088811967811, 56.800840994753493 ], [ -111.640891184802939, 56.801020659038961 ], [ -111.641873574613513, 56.801015610058066 ] ] ] } },
{ "type": "Feature", "properties": { "area_km2": 0.0064 }, "geometry": { "type": "Polygon", "coordinates": [ [ [ -111.206636745982834, 56.799979740236921 ], [ -111.206635757743058, 56.799800065843421 ], [ -111.206963228789704, 56.799799523196832 ], [ -111.206960259441061, 56.799260499996116 ], [ -111.206632793092638, 56.799261042631613 ], [ -111.206631804898791, 56.79908136821723 ], [ -111.205976875299598, 56.799082450903072 ], [ -111.205977860361372, 56.799262125324823 ], [ -111.205650393978587, 56.799262665382528 ], [ -111.20565334453434, 56.799801688627461 ], [ -111.205980815615362, 56.799801148558736 ], [ -111.20598180072291, 56.799980822959597 ], [ -111.206636745982834, 56.799979740236921 ] ] ] } },
{ "type": "Feature", "properties": { "area_km2": 0.0092 }, "geometry": { "type": "Polygon", "coordinates": [ [ [ -111.140485724058195, 56.799712387438561 ], [ -111.140485052191593, 56.799532712408542 ], [ -111.141139316920999, 56.799352298389174 ], [ -111.141137291995122, 56.798813273267271 ], [ -111.140809828403079, 56.798813643181433 ], [ -111.140809155009492, 56.798633968127852 ], [ -111.140481692975627, 56.798634337180239 ], [ -111.14048102115585, 56.798454662118942 ], [ -111.139825431516741, 56.798275722569414 ], [ -111.139826100196757, 56.798455397640929 ], [ -111.139498639705536, 56.798455764113065 ], [ -111.139499306827332, 56.798635439181872 ], [ -111.139826768884532, 56.798635072707242 ], [ -111.139830112439995, 56.799533447960577 ], [ -111.140485724058195, 56.799712387438561 ] ] ] } },
{ "type": "Feature", "properties": { "area_km2": 0.0464 }, "geometry": { "type": "Polygon", "coordinates": [ [ [ -111.085147434307345, 56.801738844846028 ], [ -111.08514702706195, 56.801559169532865 ], [ -111.085474515215168, 56.801558945670621 ], [ -111.085473697605977, 56.801199595031683 ], [ -111.085146212585357, 56.801199818890872 ], [ -111.08481791623484, 56.800840691224877 ], [ -111.083835470528115, 56.800841355059369 ], [ -111.083835069571293, 56.800661679714111 ], [ -111.083179711056218, 56.800482442617323 ], [ -111.083176926447507, 56.799224714997237 ], [ -111.083504394268317, 56.799224496310472 ], [ -111.083175335344194, 56.798506013385406 ], [ -111.082847873782939, 56.798506231206979 ], [ -111.082847477584664, 56.798326555789515 ], [ -111.081865097571338, 56.798327204094271 ], [ -111.081864706075592, 56.798147528667172 ], [ -111.081537247627992, 56.798147743048816 ], [ -111.081537637557759, 56.798327418477349 ], [ -111.081210177539674, 56.79832763200119 ], [ -111.081210954280806, 56.798686982845581 ], [ -111.081866272085861, 56.798866230344281 ], [ -111.081867055118295, 56.799225581151546 ], [ -111.081539587274563, 56.799225795541936 ], [ -111.081539977231529, 56.799405470939227 ], [ -111.080885038398335, 56.79940589714505 ], [ -111.080884651573555, 56.799226221744867 ], [ -111.080557183716309, 56.799226433557415 ], [ -111.080230483244236, 56.79958599531161 ], [ -111.080885812061368, 56.799765247929798 ], [ -111.080886585742391, 56.800124598693685 ], [ -111.081214061425769, 56.800124386014623 ], [ -111.08121444983918, 56.800304061387315 ], [ -111.081869795875065, 56.800483308812908 ], [ -111.081870578989367, 56.800842659526396 ], [ -111.082198060923972, 56.800842444263552 ], [ -111.082198454054193, 56.801022119611012 ], [ -111.082525937550486, 56.801021903487374 ], [ -111.082526332251547, 56.801201578828142 ], [ -111.082853817309513, 56.801201361843681 ], [ -111.083182098043935, 56.801560494659903 ], [ -111.084491646633282, 56.801379939357872 ], [ -111.084492050741332, 56.801559614679284 ], [ -111.085147434307345, 56.801738844846028 ] ] ] } },
{ "type": "Feature", "properties": { "area_km2": 0.0104 }, "geometry": { "type": "Polygon", "coordinates": [ [ [ -111.317635514234198, 56.798129497211413 ], [ -111.317633995254468, 56.797949824357751 ], [ -111.318287377168815, 56.797768482873771 ], [ -111.318284333034271, 56.797409137162994 ], [ -111.317956885736521, 56.797409971893785 ], [ -111.317955365261568, 56.797230299024875 ], [ -111.316645582157307, 56.797233629333505 ], [ -111.316644067963125, 56.797053956436692 ], [ -111.316316623708815, 56.797054786860237 ], [ -111.31631813633723, 56.797234459762713 ], [ -111.315990690499575, 56.797235289332733 ], [ -111.315993712677496, 56.797594635133251 ], [ -111.316321161646755, 56.797593805551941 ], [ -111.316322674327893, 56.7977734784387 ], [ -111.316650124845424, 56.797772647992538 ], [ -111.316980607023751, 56.798131162422386 ], [ -111.317635514234198, 56.798129497211413 ] ] ] } },
{ "type": "Feature", "properties": { "area_km2": 0.0064 }, "geometry": { "type": "Polygon", "coordinates": [ [ [ -111.644410068339639, 56.796151174138885 ], [ -111.644406986956895, 56.795971509836107 ], [ -111.644734406032711, 56.795969818572779 ], [ -111.644728240243936, 56.795610489974266 ], [ -111.644400824298799, 56.79561218121458 ], [ -111.644397743023433, 56.795432516895843 ], [ -111.643415499669317, 56.795437585428147 ], [ -111.643418576248749, 56.795617249781372 ], [ -111.643091160160566, 56.795618937585608 ], [ -111.643097310295943, 56.79597826629908 ], [ -111.643424729514805, 56.795976578471887 ], [ -111.643427806201444, 56.796156242809161 ], [ -111.644410068339639, 56.796151174138885 ] ] ] } },
{ "type": "Feature", "properties": { "area_km2": 0.0048 }, "geometry": { "type": "Polygon", "coordinates": [ [ [ -111.311721967844178, 56.795808611563125 ], [ -111.311720477275216, 56.795628938540268 ], [ -111.312047909248264, 56.795628120189733 ], [ -111.312044925031017, 56.79526877413948 ], [ -111.311717496189175, 56.795269592478874 ], [ -111.311716005672153, 56.795089919440315 ], [ -111.311061151067719, 56.795091553530625 ], [ -111.311062638453606, 56.795271226580304 ], [ -111.31073520955988, 56.79527204234234 ], [ -111.310738181252248, 56.79563138843708 ], [ -111.311065613277179, 56.795630572663939 ], [ -111.311067100714894, 56.795810245697915 ], [ -111.311721967844178, 56.795808611563125 ] ] ] } },
{ "type": "Feature", "properties": { "area_km2": 0.0316 }, "geometry": { "type": "Polygon", "coordinates": [ [ [ -111.119850423550403, 56.798296504801286 ], [ -111.119849850401906, 56.798116829583122 ], [ -111.120177308193945, 56.798116514670269 ], [ -111.120176158785043, 56.797757164222574 ], [ -111.119848704124877, 56.797757479131135 ], [ -111.119846411650698, 56.797038778164627 ], [ -111.11919094486727, 56.796859730128077 ], [ -111.119189804946686, 56.796500379594576 ], [ -111.118862361227599, 56.79650069191058 ], [ -111.118860656093673, 56.795961666064855 ], [ -111.118533217065291, 56.795961977515319 ], [ -111.118532650266275, 56.795782302220864 ], [ -111.118205212797037, 56.795782612810036 ], [ -111.11820464757028, 56.795602937508271 ], [ -111.117877211660186, 56.79560324723618 ], [ -111.117876648005705, 56.795423571927067 ], [ -111.117221218780713, 56.795244513482693 ], [ -111.117221779297296, 56.795424188801206 ], [ -111.116894344933314, 56.795424495949547 ], [ -111.1168954628546, 56.795783846575119 ], [ -111.11656802535272, 56.795784152868471 ], [ -111.116569140168494, 56.796143503477353 ], [ -111.116896580801864, 56.796143197179831 ], [ -111.116897698775091, 56.79650254776368 ], [ -111.117553148413393, 56.796681607862659 ], [ -111.117882848565131, 56.797400000040462 ], [ -111.118210300133157, 56.797399690291471 ], [ -111.118210865425581, 56.797579365541125 ], [ -111.118538318552936, 56.797579054930814 ], [ -111.11853888541782, 56.797758730173122 ], [ -111.118866340104503, 56.79775841870147 ], [ -111.118866908541904, 56.797938093936459 ], [ -111.119194364787901, 56.797937781603466 ], [ -111.119194934797861, 56.798117456831108 ], [ -111.119850423550403, 56.798296504801286 ] ] ] } },
{ "type": "Feature", "properties": { "area_km2": 0.0184 }, "geometry": { "type": "Polygon", "coordinates": [ [ [ -111.472816816609381, 56.795302210895102 ], [ -111.472814555787025, 56.795122541318293 ], [ -111.473141977036292, 56.795121300289296 ], [ -111.473132927747812, 56.794402621963208 ], [ -111.472805512760232, 56.794403862958418 ], [ -111.472473579521264, 56.794045763866158 ], [ -111.471818755676338, 56.794048241527634 ], [ -111.471486834986365, 56.793690139769758 ], [ -111.470832017245584, 56.793692612243362 ], [ -111.470834268465936, 56.793872281912854 ], [ -111.470506857990998, 56.793873516869532 ], [ -111.470513607112906, 56.794412525871593 ], [ -111.471170690319141, 56.794589724688784 ], [ -111.471175196178351, 56.794949063953005 ], [ -111.471502615993273, 56.794947827227787 ], [ -111.47183454800772, 56.795305928852954 ], [ -111.472816816609381, 56.795302210895102 ] ] ] } },
{ "type": "Feature", "properties": { "area_km2": 0.0116 }, "geometry": { "type": "Polygon", "coordinates": [ [ [ -111.465270511486324, 56.794072829154203 ], [ -111.46526828685063, 56.793893159347924 ], [ -111.465595697741477, 56.793891938135765 ], [ -111.465589019293532, 56.793352928710242 ], [ -111.465261613098605, 56.793354149897475 ], [ -111.465259388566281, 56.793174480070107 ], [ -111.464604579229515, 56.793176919850914 ], [ -111.464602357853522, 56.792997250001697 ], [ -111.463947551544067, 56.792999686329878 ], [ -111.463949769789537, 56.793179356195679 ], [ -111.463622365030901, 56.793180573079539 ], [ -111.46363123200922, 56.793899252523204 ], [ -111.463958643029059, 56.793898035606205 ], [ -111.463960861403365, 56.794077705445673 ], [ -111.465270511486324, 56.794072829154203 ] ] ] } },
{ "type": "Feature", "properties": { "area_km2": 0.0452 }, "geometry": { "type": "Polygon", "coordinates": [ [ [ -111.108054648084305, 56.795791814929238 ], [ -111.108054131394709, 56.795612139564845 ], [ -111.108709003585872, 56.795611570799366 ], [ -111.108708483770883, 56.795431895433616 ], [ -111.109035918291724, 56.795431609764087 ], [ -111.109362306931942, 56.795071972496075 ], [ -111.110672032404821, 56.795070817805517 ], [ -111.110671503214078, 56.794891142435887 ], [ -111.110998933001341, 56.794890851617374 ], [ -111.110998402251127, 56.794711176244512 ], [ -111.110670974029489, 56.794711467061042 ], [ -111.110670444851038, 56.794531791680981 ], [ -111.110343018188871, 56.794532081636412 ], [ -111.110342490582156, 56.794352406249168 ], [ -111.110015065479445, 56.794352695343512 ], [ -111.110014539444435, 56.794173019949099 ], [ -111.109687115901181, 56.794173308182359 ], [ -111.109686591437821, 56.793993632780762 ], [ -111.109359169454024, 56.79399392015295 ], [ -111.109358646562299, 56.79381424474419 ], [ -111.108703285952942, 56.793635141489489 ], [ -111.108702246461803, 56.79327579063812 ], [ -111.108374830721871, 56.793276075425247 ], [ -111.108374312550822, 56.793096399989786 ], [ -111.106411353730806, 56.793637116985508 ], [ -111.10641237132873, 56.793996467842916 ], [ -111.106739793366543, 56.793996188202676 ], [ -111.106414406595547, 56.794715169495198 ], [ -111.107069775152581, 56.794894284736593 ], [ -111.107399259179516, 56.795612704893685 ], [ -111.108054648084305, 56.795791814929238 ] ] ] } },
{ "type": "Feature", "properties": { "area_km2": 0.0204 }, "geometry": { "type": "Polygon", "coordinates": [ [ [ -111.116237252946405, 56.794706406338442 ], [ -111.116236697152686, 56.794526730992821 ], [ -111.117218976779498, 56.794525812156515 ], [ -111.117545279216074, 56.794166153469327 ], [ -111.116889873507859, 56.793987093238762 ], [ -111.116560222367383, 56.793268698022445 ], [ -111.116232806777347, 56.79326900342754 ], [ -111.116232251035257, 56.793089328040217 ], [ -111.115904837004237, 56.793089632584156 ], [ -111.115904282834038, 56.792909957189551 ], [ -111.115248906850667, 56.792730888292141 ], [ -111.115249457883579, 56.792910563696083 ], [ -111.114922045398728, 56.792910865660751 ], [ -111.114925342337671, 56.793988917987278 ], [ -111.115252764215441, 56.793988616010296 ], [ -111.115254417467767, 56.794527642097023 ], [ -111.11558184403583, 56.794527339254749 ], [ -111.115582396698358, 56.794707014604505 ], [ -111.116237252946405, 56.794706406338442 ] ] ] } },
{ "type": "Feature", "properties": { "area_km2": 0.0112 }, "geometry": { "type": "Polygon", "coordinates": [ [ [ -111.473437705674357, 56.792604684009433 ], [ -111.473435442115473, 56.792425014370508 ], [ -111.473762839832403, 56.792423771750215 ], [ -111.473753779599221, 56.791705093175665 ], [ -111.473426388142883, 56.791706335762129 ], [ -111.47342412471545, 56.791526666096864 ], [ -111.472769344854115, 56.791529148676048 ], [ -111.472446472374543, 56.791889728053128 ], [ -111.471791686095315, 56.791892205512291 ], [ -111.471793941749638, 56.79207187520921 ], [ -111.471466547005562, 56.792073112658763 ], [ -111.47179845313687, 56.792431214587239 ], [ -111.472453248807042, 56.792428737077501 ], [ -111.472455507670333, 56.792608406741749 ], [ -111.473437705674357, 56.792604684009433 ] ] ] } },
{ "type": "Feature", "properties": { "area_km2": 0.0204 }, "geometry": { "type": "Polygon", "coordinates": [ [ [ -111.461923502638427, 56.788155884992428 ], [ -111.462246444329935, 56.787795332520233 ], [ -111.461919086392612, 56.787796544861529 ], [ -111.461914670249371, 56.787437204709555 ], [ -111.461587315415812, 56.78743841617554 ], [ -111.461585108947332, 56.78725874608341 ], [ -111.460603048987039, 56.787262375303719 ], [ -111.460271295272904, 56.786904243060313 ], [ -111.459289244393787, 56.786907861925542 ], [ -111.459291439858518, 56.787087532085742 ], [ -111.458964087949823, 56.787088736664721 ], [ -111.45896847582641, 56.787448076985726 ], [ -111.458641120762891, 56.787449280722271 ], [ -111.458643313174719, 56.787628950883054 ], [ -111.458970669802937, 56.787627747138309 ], [ -111.458972863804931, 56.787807417285642 ], [ -111.459300221972399, 56.787806212673864 ], [ -111.459631974453771, 56.788164347449317 ], [ -111.461923502638427, 56.788155884992428 ] ] ] } },
{ "type": "Feature", "properties": { "area_km2": 0.0044 }, "geometry": { "type": "Polygon", "coordinates": [ [ [ -111.604957350590112, 56.786286606348774 ], [ -111.604954458936746, 56.786106940410285 ], [ -111.605281794542421, 56.786105352837417 ], [ -111.605273115090668, 56.785566355022532 ], [ -111.604615563277335, 56.785389863274247 ], [ -111.604618453232035, 56.785569529244739 ], [ -111.604291122252377, 56.785571115067775 ], [ -111.604299787624711, 56.78611011297982 ], [ -111.604957350590112, 56.786286606348774 ] ] ] } },
{ "type": "Feature", "properties": { "area_km2": 0.0644 }, "geometry": { "type": "Polygon", "coordinates": [ [ [ -111.457995167841716, 56.788170366295915 ], [ -111.45799297848302, 56.787990696134571 ], [ -111.4583203382916, 56.787989494091129 ], [ -111.458643313174719, 56.787628950883054 ], [ -111.458315956521034, 56.78763015376898 ], [ -111.458313765673921, 56.787450483600011 ], [ -111.457986410559485, 56.787451685618912 ], [ -111.457984221302496, 56.7872720154365 ], [ -111.457656867727337, 56.787273216588403 ], [ -111.457654680060429, 56.787093546392555 ], [ -111.45699779145103, 56.786916275886142 ], [ -111.456993422502734, 56.786556935435463 ], [ -111.45666607510995, 56.786558133978275 ], [ -111.456663892238453, 56.786378463736881 ], [ -111.456336546384904, 56.786379661412766 ], [ -111.456334365103331, 56.786199991157957 ], [ -111.456007020789045, 56.786201187966903 ], [ -111.455675320220479, 56.785843043359101 ], [ -111.454693296437298, 56.785846626008109 ], [ -111.454691123054317, 56.785666955696854 ], [ -111.454036443535017, 56.785669339819435 ], [ -111.454038613788939, 56.785849010146904 ], [ -111.453711272426958, 56.785850200928131 ], [ -111.453388265365035, 56.786210731522146 ], [ -111.452733576257003, 56.786213108823091 ], [ -111.452735740328222, 56.786392779167151 ], [ -111.452083208957646, 56.786574823404052 ], [ -111.452085369949899, 56.786754493753733 ], [ -111.452412719260536, 56.786753307226007 ], [ -111.452414881842515, 56.786932977562351 ], [ -111.453071749254093, 56.787110272229256 ], [ -111.453078246614211, 56.787649283142429 ], [ -111.453405603672806, 56.787648093997831 ], [ -111.453407771074538, 56.787827764283605 ], [ -111.454717205315916, 56.787822999084483 ], [ -111.455048914339685, 56.788181146112265 ], [ -111.456358360593995, 56.788176363671283 ], [ -111.456356179059085, 56.787996693469125 ], [ -111.457338258789591, 56.787993097644922 ], [ -111.457340445018772, 56.788172767822616 ], [ -111.457995167841716, 56.788170366295915 ] ] ] } },
{ "type": "Feature", "properties": { "area_km2": 0.008 }, "geometry": { "type": "Polygon", "coordinates": [ [ [ -111.466490945480302, 56.786881144089882 ], [ -111.466488715619391, 56.786701474106202 ], [ -111.466816063807812, 56.786700249791195 ], [ -111.466802675798775, 56.785622229828562 ], [ -111.466145770055491, 56.785445007470976 ], [ -111.466147998170655, 56.785624677499861 ], [ -111.465820659317785, 56.785625900047357 ], [ -111.465834019164859, 56.786703920159823 ], [ -111.466490945480302, 56.786881144089882 ] ] ] } },
{ "type": "Feature", "properties": { "area_km2": 0.008 }, "geometry": { "type": "Polygon", "coordinates": [ [ [ -111.138799248948118, 56.786418252657917 ], [ -111.138798585482547, 56.78623857722954 ], [ -111.139125939544158, 56.786238212644648 ], [ -111.138797258574513, 56.785879226357146 ], [ -111.136833152820444, 56.785881395801063 ], [ -111.136833806882265, 56.786061071254629 ], [ -111.136506454331823, 56.786061429825118 ], [ -111.136835115028688, 56.786420422146129 ], [ -111.138799248948118, 56.786418252657917 ] ] ] } },
{ "type": "Feature", "properties": { "area_km2": 0.0148 }, "geometry": { "type": "Polygon", "coordinates": [ [ [ -111.467121083494987, 56.784902324657665 ], [ -111.467118850790058, 56.784722654632716 ], [ -111.467446181717065, 56.784721428691867 ], [ -111.467443947473654, 56.784541758670017 ], [ -111.468098606121032, 56.784539304228801 ], [ -111.468096368774809, 56.784359634218355 ], [ -111.468751024189487, 56.784357176358967 ], [ -111.468753264664457, 56.78453684635268 ], [ -111.469735252284423, 56.784533153098039 ], [ -111.469733007116332, 56.784353483129443 ], [ -111.470060334706488, 56.784352250335495 ], [ -111.470053594665586, 56.783813240423306 ], [ -111.47038091753663, 56.783812006795813 ], [ -111.4703786693442, 56.783632336822947 ], [ -111.469721781666863, 56.783455133207511 ], [ -111.469398948845239, 56.783815705102164 ], [ -111.468089656892047, 56.783820624155453 ], [ -111.467766805272618, 56.78418119183592 ], [ -111.467112152830836, 56.784183644526301 ], [ -111.46711438545799, 56.784363314567038 ], [ -111.466461959308077, 56.784545433891367 ], [ -111.466464188858282, 56.784725103938221 ], [ -111.467121083494987, 56.784902324657665 ] ] ] } },
{ "type": "Feature", "properties": { "area_km2": 0.0608 }, "geometry": { "type": "Polygon", "coordinates": [ [ [ -111.457279240197551, 56.783142000857126 ], [ -111.457277054679125, 56.782962330532023 ], [ -111.457604370732753, 56.78296113043492 ], [ -111.457602183675462, 56.782781460112716 ], [ -111.457929498139464, 56.782780259165101 ], [ -111.458252432282862, 56.782419716731312 ], [ -111.458907054826909, 56.782417310575447 ], [ -111.458904861589119, 56.782237640270161 ], [ -111.459557284562308, 56.782055560401908 ], [ -111.459875801252878, 56.781335673138628 ], [ -111.459548499454797, 56.781336879172635 ], [ -111.459216808358576, 56.780978743685388 ], [ -111.458234912119337, 56.780982354010661 ], [ -111.458237102050774, 56.781162024369159 ], [ -111.457582501302682, 56.781164426975941 ], [ -111.457584688131405, 56.781344097345539 ], [ -111.456930084153612, 56.781346496534148 ], [ -111.45693226787958, 56.781526166914801 ], [ -111.455950357030503, 56.781529759282456 ], [ -111.455948177996788, 56.78135008887736 ], [ -111.455620875893885, 56.781351284607844 ], [ -111.455612166268239, 56.780632602902301 ], [ -111.455284870396227, 56.78063379774165 ], [ -111.455282694617011, 56.780454127293964 ], [ -111.454955400283723, 56.780455321266572 ], [ -111.45495322609375, 56.780275650805507 ], [ -111.454625933299198, 56.780276843911402 ], [ -111.454623760698439, 56.780097173436957 ], [ -111.453967008713931, 56.779919886560805 ], [ -111.453969178161572, 56.780099557056737 ], [ -111.453641886855365, 56.78010074757875 ], [ -111.453648390657534, 56.780639759059234 ], [ -111.453975686655681, 56.780638568512927 ], [ -111.453986534649673, 56.781536920834633 ], [ -111.4543138384429, 56.781535729389191 ], [ -111.454649833572645, 56.782253218782834 ], [ -111.454977143571966, 56.782252025587646 ], [ -111.454979318039648, 56.782431695990809 ], [ -111.455306629577905, 56.78243050192885 ], [ -111.455638296358813, 56.782788647766232 ], [ -111.456292925565705, 56.782786255316424 ], [ -111.456295106366071, 56.782965925671249 ], [ -111.45694973860013, 56.782963529770456 ], [ -111.45695192255431, 56.783143200103716 ], [ -111.457279240197551, 56.783142000857126 ] ] ] } },
{ "type": "Feature", "properties": { "area_km2": 0.0188 }, "geometry": { "type": "Polygon", "coordinates": [ [ [ -111.410450989553794, 56.781328388764138 ], [ -111.41044902797735, 56.78114871727378 ], [ -111.411101667856997, 56.780966890486539 ], [ -111.411091844790022, 56.780068533002947 ], [ -111.410764551904904, 56.780069611041391 ], [ -111.41076258892393, 56.779889939521581 ], [ -111.410435297579994, 56.779891016694101 ], [ -111.410437258997007, 56.780070688221251 ], [ -111.410109966066329, 56.780071764542491 ], [ -111.409786589759221, 56.780432183072961 ], [ -111.409131997528149, 56.780434331451694 ], [ -111.409133952757358, 56.780614002992323 ], [ -111.408806655043719, 56.780615075901068 ], [ -111.408804701378543, 56.780435404353128 ], [ -111.408150109011302, 56.780437547580178 ], [ -111.408152059548414, 56.780617219142712 ], [ -111.407824761766776, 56.780618289475598 ], [ -111.407826710762492, 56.780797961040143 ], [ -111.408154010108177, 56.780796890699968 ], [ -111.408155960690593, 56.780976562251972 ], [ -111.4084832615777, 56.780975491045886 ], [ -111.408814469931286, 56.781333762040283 ], [ -111.410450989553794, 56.781328388764138 ] ] ] } },
{ "type": "Feature", "properties": { "area_km2": 0.032 }, "geometry": { "type": "Polygon", "coordinates": [ [ [ -111.465444376710849, 56.781674379518662 ], [ -111.465442152292994, 56.781494709357304 ], [ -111.465769455193026, 56.781493487859727 ], [ -111.465762777402276, 56.780954477368972 ], [ -111.46609007558429, 56.780953255037716 ], [ -111.466085620724996, 56.780593914700852 ], [ -111.466412915753125, 56.780592691527616 ], [ -111.466408457869349, 56.780233351186332 ], [ -111.466735749743648, 56.780232127171146 ], [ -111.466726828030971, 56.779513446458658 ], [ -111.466399542412347, 56.779514670440527 ], [ -111.466397313612788, 56.779335000240899 ], [ -111.466070029532148, 56.77933622335587 ], [ -111.466072256767831, 56.779515893563826 ], [ -111.46574497109745, 56.779517115828561 ], [ -111.465747196795107, 56.779696786039544 ], [ -111.465419909535001, 56.779698007454023 ], [ -111.465097067466218, 56.780058568449327 ], [ -111.463787905553261, 56.780063442153548 ], [ -111.46379012194474, 56.780243112398502 ], [ -111.463462829838178, 56.780244328686379 ], [ -111.463476119343497, 56.781322350095174 ], [ -111.463803420834154, 56.78132113375765 ], [ -111.464135158596264, 56.781679256955861 ], [ -111.465444376710849, 56.781674379518662 ] ] ] } },
{ "type": "Feature", "properties": { "area_km2": 0.0124 }, "geometry": { "type": "Polygon", "coordinates": [ [ [ -111.41075473722789, 56.779171253389777 ], [ -111.410752774360873, 56.778991581843677 ], [ -111.411080057862392, 56.778990503849236 ], [ -111.411076129068988, 56.778631160755957 ], [ -111.411403409420004, 56.778630081917626 ], [ -111.411395545851676, 56.777911395697387 ], [ -111.411722819924648, 56.777910316029882 ], [ -111.411718885149952, 56.777550972902922 ], [ -111.411391614204462, 56.77755205255572 ], [ -111.41138964841511, 56.777372380977027 ], [ -111.411062379010517, 56.777373459763965 ], [ -111.411064343236177, 56.777553131350011 ], [ -111.410737072245055, 56.777554209285789 ], [ -111.410739034929776, 56.777733880873917 ], [ -111.410086449331715, 56.777915705782092 ], [ -111.410098207289451, 56.778993735256869 ], [ -111.41075473722789, 56.779171253389777 ] ] ] } },
{ "type": "Feature", "properties": { "area_km2": 0.0044 }, "geometry": { "type": "Polygon", "coordinates": [ [ [ -111.411716917796852, 56.777371301331556 ], [ -111.411714950466603, 56.777191629754924 ], [ -111.412042218261817, 56.777190549258293 ], [ -111.412036311717131, 56.776651534518969 ], [ -111.411379819810605, 56.776474023004646 ], [ -111.411381785485858, 56.776653694609628 ], [ -111.411054522335974, 56.776654773367213 ], [ -111.411060414807665, 56.777193788172667 ], [ -111.411716917796852, 56.777371301331556 ] ] ] } },
{ "type": "Feature", "properties": { "area_km2": 0.016 }, "geometry": { "type": "Polygon", "coordinates": [ [ [ -111.57695156632893, 56.774560389774379 ], [ -111.57694880976608, 56.774380722589498 ], [ -111.577276044946899, 56.774379208689197 ], [ -111.577265012762638, 56.773660539937858 ], [ -111.576937783834694, 56.773662053796969 ], [ -111.576935027431844, 56.773482386585592 ], [ -111.576607800035063, 56.773483899576071 ], [ -111.576275066149194, 56.773126077228419 ], [ -111.575620617448394, 56.773129098876609 ], [ -111.575617867394016, 56.772949431608197 ], [ -111.575290644558848, 56.772950941134546 ], [ -111.575293393050089, 56.773130608413226 ], [ -111.574966168619895, 56.773132117091535 ], [ -111.574977156651343, 56.773850786194281 ], [ -111.575304387334214, 56.773849277474937 ], [ -111.575307135985014, 56.774028944727121 ], [ -111.575634368199175, 56.774027435139153 ], [ -111.575637118445115, 56.774207102375769 ], [ -111.575964352190582, 56.774205591919191 ], [ -111.576297092744781, 56.774563415020488 ], [ -111.57695156632893, 56.774560389774379 ] ] ] } },
{ "type": "Feature", "properties": { "area_km2": 0.2112 }, "geometry": { "type": "Polygon", "coordinates": [ [ [ -111.105059988066046, 56.778725147342207 ], [ -111.105059486022071, 56.778545471465435 ], [ -111.105714060999844, 56.778544918522357 ], [ -111.10604033502571, 56.778185289005037 ], [ -111.107349472375361, 56.778184169396461 ], [ -111.107348959401335, 56.778004493517329 ], [ -111.107676242159968, 56.778004211470623 ], [ -111.10767521310197, 56.77764485970053 ], [ -111.108002492726825, 56.777644576799084 ], [ -111.10800197664291, 56.777464900908143 ], [ -111.108329254697878, 56.777464617150059 ], [ -111.108328219420329, 56.777105265356411 ], [ -111.108655494341576, 56.777104980743623 ], [ -111.108652898433917, 56.776206601177918 ], [ -111.10832563133161, 56.776206885781015 ], [ -111.108324596138175, 56.775847533914352 ], [ -111.107997332157311, 56.775847817655077 ], [ -111.107995784103295, 56.77530878981019 ], [ -111.10766852480748, 56.775309072686618 ], [ -111.107668010365103, 56.775129396725973 ], [ -111.107012983573696, 56.774950283929805 ], [ -111.107011960973196, 56.774590931974785 ], [ -111.106684707913985, 56.774591212268078 ], [ -111.106684198186201, 56.774411536280844 ], [ -111.106356946684642, 56.774411815713769 ], [ -111.106356438526348, 56.774232139719402 ], [ -111.10602918858244, 56.774232418291959 ], [ -111.106028681993564, 56.774052742290507 ], [ -111.105701433607322, 56.774053020002711 ], [ -111.105373178309137, 56.773693944830349 ], [ -111.104391442478857, 56.773694770229611 ], [ -111.104390943725036, 56.773515094203127 ], [ -111.103736456269502, 56.773515640173365 ], [ -111.103735960648407, 56.773335964137935 ], [ -111.102754234112368, 56.773336776649451 ], [ -111.102754725043084, 56.773516452690401 ], [ -111.10242748128951, 56.773516721812541 ], [ -111.102427970662447, 56.773696397850109 ], [ -111.10210072533971, 56.773696666115626 ], [ -111.102101213154825, 56.773876342149819 ], [ -111.101773966262925, 56.773876609558698 ], [ -111.101774452520189, 56.774056285589488 ], [ -111.101120438728273, 56.774236493864713 ], [ -111.101123337660994, 56.775314549930371 ], [ -111.100796078243562, 56.775314814778326 ], [ -111.100799449640959, 56.776572546630305 ], [ -111.10112672000443, 56.776572281769745 ], [ -111.101129136132315, 56.777470661498597 ], [ -111.101456414309311, 56.777470395770443 ], [ -111.101457868745072, 56.778009423539771 ], [ -111.101785151608141, 56.778009156947626 ], [ -111.101785637995263, 56.77818883285849 ], [ -111.102112922416609, 56.778188565405927 ], [ -111.102441185879314, 56.778547648893593 ], [ -111.103423048475989, 56.77854683879756 ], [ -111.1034235427, 56.778726514683626 ], [ -111.105059988066046, 56.778725147342207 ] ] ] } },
{ "type": "Feature", "properties": { "area_km2": 0.016 }, "geometry": { "type": "Polygon", "coordinates": [ [ [ -111.411356233487524, 56.774317963334937 ], [ -111.411354268108923, 56.774138291661643 ], [ -111.411681509346806, 56.774137212148375 ], [ -111.411677575531328, 56.773777868800693 ], [ -111.411021135539372, 56.773600355243055 ], [ -111.411017208114146, 56.773241011834486 ], [ -111.410689974647326, 56.77324208959427 ], [ -111.410354899086897, 56.772524479556864 ], [ -111.410027671827578, 56.772525555570624 ], [ -111.410025712929993, 56.772345883815454 ], [ -111.409371261469587, 56.772348033253287 ], [ -111.409373217240756, 56.77252770502308 ], [ -111.408720715230515, 56.772709522821231 ], [ -111.408724620633336, 56.773068866363744 ], [ -111.409051852673258, 56.77306779376152 ], [ -111.409382996437174, 56.773426063793195 ], [ -111.410037466656689, 56.773423914267617 ], [ -111.410039425690755, 56.77360358599126 ], [ -111.410695861129412, 56.773781104721252 ], [ -111.410699785564702, 56.774140448112959 ], [ -111.411356233487524, 56.774317963334937 ] ] ] } },
{ "type": "Feature", "properties": { "area_km2": 0.004 }, "geometry": { "type": "Polygon", "coordinates": [ [ [ -111.235588002769433, 56.769024067349754 ], [ -111.235912951328615, 56.768664099069049 ], [ -111.235585752036982, 56.768664717463366 ], [ -111.235584626690354, 56.768485042512324 ], [ -111.234929108986051, 56.768306601753075 ], [ -111.234930231193786, 56.768486276717738 ], [ -111.234603033425955, 56.768486892533055 ], [ -111.234605274754642, 56.768846242455076 ], [ -111.23493247564835, 56.768845626631375 ], [ -111.234933597895164, 56.769025301580356 ], [ -111.235588002769433, 56.769024067349754 ] ] ] } },
{ "type": "Feature", "properties": { "area_km2": 0.0132 }, "geometry": { "type": "Polygon", "coordinates": [ [ [ -111.411281565137855, 56.767490436055034 ], [ -111.411279600626045, 56.767310764182035 ], [ -111.411606782468411, 56.767309684947769 ], [ -111.411596952438131, 56.766411325540616 ], [ -111.411269778408993, 56.766412404738176 ], [ -111.411265849681797, 56.766053060923824 ], [ -111.410938678755031, 56.766054139248567 ], [ -111.410936715988186, 56.765874467326171 ], [ -111.410280417572494, 56.765696949444255 ], [ -111.410282377191464, 56.765876621386546 ], [ -111.409955207758969, 56.765877697129525 ], [ -111.409964998382065, 56.766776056798754 ], [ -111.410292175627546, 56.766774981019182 ], [ -111.410294135382998, 56.76695465292994 ], [ -111.410621314168381, 56.766953576284877 ], [ -111.410625236872889, 56.767312920076002 ], [ -111.411281565137855, 56.767490436055034 ] ] ] } },
{ "type": "Feature", "properties": { "area_km2": 0.0132 }, "geometry": { "type": "Polygon", "coordinates": [ [ [ -111.207436657189803, 56.766917935442613 ], [ -111.207435666371026, 56.766738260099437 ], [ -111.208089038741392, 56.766557494815643 ], [ -111.208085063125651, 56.765838793399453 ], [ -111.208412238446357, 56.765838247159316 ], [ -111.208410247582421, 56.765478896427318 ], [ -111.20873741976628, 56.765478349336448 ], [ -111.208408256764685, 56.765119545674423 ], [ -111.208081087694495, 56.765120091899689 ], [ -111.208082081534982, 56.765299767282457 ], [ -111.207754910890642, 56.765300312653295 ], [ -111.207755903180043, 56.765479988034556 ], [ -111.207428730961581, 56.76548053255091 ], [ -111.207429721699853, 56.765660207930658 ], [ -111.207102547907255, 56.765660751592556 ], [ -111.207103537094369, 56.765840426970769 ], [ -111.206450172422649, 56.766021187107789 ], [ -111.206781300021888, 56.766739346609398 ], [ -111.207436657189803, 56.766917935442613 ] ] ] } },
{ "type": "Feature", "properties": { "area_km2": 0.0112 }, "geometry": { "type": "Polygon", "coordinates": [ [ [ -111.538088056613532, 56.757305149144123 ], [ -111.538085487413369, 56.757125480272151 ], [ -111.538412574689204, 56.75712406859116 ], [ -111.538404862583022, 56.756585061972302 ], [ -111.538077779991767, 56.756586473624509 ], [ -111.538072641859756, 56.756227135832972 ], [ -111.53774556236165, 56.756228546608185 ], [ -111.537742994901819, 56.756048877694887 ], [ -111.537088838939141, 56.75605169665279 ], [ -111.537091403276065, 56.756231365585244 ], [ -111.536764323688629, 56.756232773787112 ], [ -111.53677713801207, 56.757131118418016 ], [ -111.537104225407049, 56.757129710168272 ], [ -111.537106789922532, 56.757309379069014 ], [ -111.538088056613532, 56.757305149144123 ] ] ] } },
{ "type": "Feature", "properties": { "area_km2": 0.0092 }, "geometry": { "type": "Polygon", "coordinates": [ [ [ -111.577931963073254, 56.753173901685393 ], [ -111.577929204070585, 56.752994233911174 ], [ -111.578256253224723, 56.75299271780505 ], [ -111.578245211289897, 56.752274046696428 ], [ -111.577588368156455, 56.752097410157546 ], [ -111.577591125438062, 56.752277077968571 ], [ -111.576937039458258, 56.752280105810151 ], [ -111.576939793649785, 56.752459773636438 ], [ -111.576612749050909, 56.752461286281054 ], [ -111.576621007134065, 56.753000289759044 ], [ -111.576948056416143, 56.752998777083576 ], [ -111.576950810735511, 56.753178444888697 ], [ -111.577931963073254, 56.753173901685393 ] ] ] } },
{ "type": "Feature", "properties": { "area_km2": 0.0072 }, "geometry": { "type": "Polygon", "coordinates": [ [ [ -111.375396122216955, 56.745323481344116 ], [ -111.375719528068771, 56.744963149906916 ], [ -111.37506376001275, 56.744785445450702 ], [ -111.375060180089037, 56.744426098822366 ], [ -111.374733195707705, 56.744427081941133 ], [ -111.374731407337393, 56.744247408612409 ], [ -111.374077441633318, 56.744249372264242 ], [ -111.373754026149086, 56.744609699496223 ], [ -111.37440978498762, 56.744787410857505 ], [ -111.374413358752534, 56.745146757491554 ], [ -111.374740349396404, 56.745145775203518 ], [ -111.374742137870456, 56.745325448505987 ], [ -111.375396122216955, 56.745323481344116 ] ] ] } },
{ "type": "Feature", "properties": { "area_km2": 0.008 }, "geometry": { "type": "Polygon", "coordinates": [ [ [ -111.374391917406797, 56.742990677372255 ], [ -111.374390130762706, 56.742811003994859 ], [ -111.374717101121789, 56.742810021793652 ], [ -111.374711736633216, 56.742271001649975 ], [ -111.374384770954819, 56.742271983831159 ], [ -111.374382984393634, 56.742092310432753 ], [ -111.373727272674941, 56.741914598792619 ], [ -111.373729056095058, 56.742094272209613 ], [ -111.37307690803415, 56.742275903982012 ], [ -111.373080468736944, 56.742635250816377 ], [ -111.373407437618567, 56.742634272051433 ], [ -111.373737973505953, 56.742992639215814 ], [ -111.374391917406797, 56.742990677372255 ] ] ] } },
{ "type": "Feature", "properties": { "area_km2": 0.0084 }, "geometry": { "type": "Polygon", "coordinates": [ [ [ -111.380253818934619, 56.740637113706022 ], [ -111.38025200447953, 56.740457440381455 ], [ -111.380578954180763, 56.740456442835253 ], [ -111.380577138186737, 56.740276769512235 ], [ -111.381229215313056, 56.740095098546767 ], [ -111.380898633771295, 56.739736751135261 ], [ -111.38057169033101, 56.739737749511633 ], [ -111.380573506261854, 56.739917422850418 ], [ -111.379919616198222, 56.73991941704481 ], [ -111.37992142903019, 56.740099090391908 ], [ -111.378940589097198, 56.740102075274017 ], [ -111.378942397270237, 56.74028174863615 ], [ -111.378615449023954, 56.740282741888983 ], [ -111.378946013679268, 56.740641095344664 ], [ -111.380253818934619, 56.740637113706022 ] ] ] } },
{ "type": "Feature", "properties": { "area_km2": 0.0064 }, "geometry": { "type": "Polygon", "coordinates": [ [ [ -111.6335758923437, 56.736193225785776 ], [ -111.633572869662913, 56.736013559364807 ], [ -111.633899767981575, 56.736011897651899 ], [ -111.63389371960659, 56.735652564816604 ], [ -111.633566824406529, 56.735654226506931 ], [ -111.633233887173759, 56.735296554438442 ], [ -111.632580102835476, 56.735299873488565 ], [ -111.632583120698257, 56.735479539964636 ], [ -111.632256226917349, 56.735481198215375 ], [ -111.632259243255859, 56.735660864697429 ], [ -111.632586138596054, 56.735659206435415 ], [ -111.632592174496622, 56.736018539361012 ], [ -111.632919072920416, 56.736016880219367 ], [ -111.632922092482545, 56.73619654666291 ], [ -111.6335758923437, 56.736193225785776 ] ] ] } },
{ "type": "Feature", "properties": { "area_km2": 0.008 }, "geometry": { "type": "Polygon", "coordinates": [ [ [ -111.369422109875273, 56.736357385461282 ], [ -111.369745496320036, 56.735997069024023 ], [ -111.369418584928667, 56.735998038113806 ], [ -111.369416822486031, 56.735818364432198 ], [ -111.369089912633783, 56.735819332658224 ], [ -111.3687594841753, 56.7354609526218 ], [ -111.368105670606894, 56.735462884761695 ], [ -111.36810742677055, 56.735642558480102 ], [ -111.367455363066554, 56.735824160930726 ], [ -111.367785782330756, 56.736182544414248 ], [ -111.368766521428554, 56.736179647411355 ], [ -111.368768280792892, 56.736359321095627 ], [ -111.369422109875273, 56.736357385461282 ] ] ] } },
{ "type": "Feature", "properties": { "area_km2": 0.0048 }, "geometry": { "type": "Polygon", "coordinates": [ [ [ -111.629311179046894, 56.735316417315047 ], [ -111.629632064028385, 56.734955433618566 ], [ -111.630285842758596, 56.734952130040597 ], [ -111.630282835915253, 56.734772463469767 ], [ -111.630609723668854, 56.734770810406431 ], [ -111.630276822333173, 56.734413130312149 ], [ -111.629949937663071, 56.734414782495961 ], [ -111.629629060303444, 56.734775767025276 ], [ -111.628975284552283, 56.73477906715258 ], [ -111.628978285158809, 56.734958733768309 ], [ -111.62865139567181, 56.734960382557581 ], [ -111.628654394753895, 56.735140049179201 ], [ -111.629311179046894, 56.735316417315047 ] ] ] } },
{ "type": "Feature", "properties": { "area_km2": 0.0052 }, "geometry": { "type": "Polygon", "coordinates": [ [ [ -111.48185638430364, 56.73417673316451 ], [ -111.481854085606784, 56.733997062051003 ], [ -111.482507864083601, 56.733994533444218 ], [ -111.482505562294861, 56.733814862342626 ], [ -111.48283244993398, 56.733813596762211 ], [ -111.482500958797473, 56.73345552012362 ], [ -111.481520305075492, 56.733459311670856 ], [ -111.48152260213314, 56.73363898280877 ], [ -111.481195715946598, 56.733640244952298 ], [ -111.481200307023315, 56.733999587229469 ], [ -111.48185638430364, 56.73417673316451 ] ] ] } },
{ "type": "Feature", "properties": { "area_km2": 0.0152 }, "geometry": { "type": "Polygon", "coordinates": [ [ [ -111.139589871897286, 56.734850096418548 ], [ -111.139589205959297, 56.734670419500247 ], [ -111.139916111661577, 56.73467005305482 ], [ -111.139911439395561, 56.733412314498011 ], [ -111.13925698549923, 56.733233369534304 ], [ -111.139257649816017, 56.733413046496857 ], [ -111.138930755014684, 56.73341341121057 ], [ -111.138931417779759, 56.733593088170366 ], [ -111.138604521411295, 56.733593452029424 ], [ -111.138605182624602, 56.733773128986485 ], [ -111.137952044847864, 56.733953531094862 ], [ -111.137953361074835, 56.734312884992733 ], [ -111.138280263696501, 56.73431252283811 ], [ -111.138281583073066, 56.734671876710188 ], [ -111.138608488806156, 56.734671513693463 ], [ -111.138609150065463, 56.73485119061921 ], [ -111.139589871897286, 56.734850096418548 ] ] ] } },
{ "type": "Feature", "properties": { "area_km2": 0.0052 }, "geometry": { "type": "Polygon", "coordinates": [ [ [ -111.633506379554277, 56.732060896758078 ], [ -111.633503357679672, 56.731881230214789 ], [ -111.63383022013879, 56.731879568761684 ], [ -111.633821150048632, 56.731340569133792 ], [ -111.633164414273025, 56.731164224539448 ], [ -111.632522770092152, 56.731886209432368 ], [ -111.632849632656345, 56.731884550550134 ], [ -111.632852651413117, 56.73206421711599 ], [ -111.633506379554277, 56.732060896758078 ] ] ] } },
{ "type": "Feature", "properties": { "area_km2": 0.016 }, "geometry": { "type": "Polygon", "coordinates": [ [ [ -111.375929906525371, 56.733283389671875 ], [ -111.376576496042873, 56.732562722061402 ], [ -111.376249614713387, 56.73256370902444 ], [ -111.375919146906753, 56.732205347828163 ], [ -111.374611633771408, 56.732209283627839 ], [ -111.374609846811126, 56.732029609942096 ], [ -111.374282970034599, 56.732030591742699 ], [ -111.374281184654208, 56.731850918045026 ], [ -111.373625651915972, 56.731673205345501 ], [ -111.373302339580889, 56.73203353200222 ], [ -111.373629216419459, 56.732032552772765 ], [ -111.373630998702225, 56.732212226478524 ], [ -111.374286540857511, 56.732389939122307 ], [ -111.37429189724719, 56.732928960152336 ], [ -111.374618781819763, 56.732927978318358 ], [ -111.374949243638696, 56.733286342927684 ], [ -111.375929906525371, 56.733283389671875 ] ] ] } },
{ "type": "Feature", "properties": { "area_km2": 0.0652 }, "geometry": { "type": "Polygon", "coordinates": [ [ [ -111.366778795384263, 56.733490327218462 ], [ -111.36677704570225, 56.733310653410861 ], [ -111.36710393386511, 56.733309691276645 ], [ -111.367102182644089, 56.733130017470344 ], [ -111.367429069227342, 56.733129054485566 ], [ -111.367752447172109, 56.732768743041561 ], [ -111.369386864088511, 56.732763911041687 ], [ -111.36938510201378, 56.732584237265591 ], [ -111.370365747240825, 56.732581327800553 ], [ -111.370367513993273, 56.732761001556867 ], [ -111.372328813249041, 56.732755159446214 ], [ -111.372330589377484, 56.732934833157564 ], [ -111.372657474074032, 56.732933856466062 ], [ -111.372655696386346, 56.732754182761354 ], [ -111.372982579503045, 56.732753205219417 ], [ -111.372979021071075, 56.732393857807523 ], [ -111.37265214107282, 56.732394835336173 ], [ -111.372648585841773, 56.732035487889988 ], [ -111.372321708941286, 56.732036464548301 ], [ -111.372319932915843, 56.731856790810689 ], [ -111.369378053919192, 56.731865542108679 ], [ -111.369376291946637, 56.731685868306329 ], [ -111.369049417959303, 56.731686836380966 ], [ -111.369047657566298, 56.731507162566778 ], [ -111.368720785117674, 56.731508129777801 ], [ -111.368390398160301, 56.731149748461377 ], [ -111.367736659397522, 56.731151678571997 ], [ -111.367734905302058, 56.730972004715802 ], [ -111.367408037449223, 56.73097296847903 ], [ -111.367077667682352, 56.730614583630881 ], [ -111.366097073295393, 56.730617467168194 ], [ -111.366098819554978, 56.730797141067612 ], [ -111.365771953159765, 56.730798100539225 ], [ -111.365778932164261, 56.731516796110419 ], [ -111.366105804795808, 56.731515836612708 ], [ -111.366109297537747, 56.731875184353768 ], [ -111.365782421787912, 56.731876143864518 ], [ -111.365784166630107, 56.732055817733702 ], [ -111.3661110439391, 56.732054858216422 ], [ -111.366444913272645, 56.732772593214101 ], [ -111.366118029747057, 56.732773553614557 ], [ -111.366121522772559, 56.733132901282104 ], [ -111.365794636108163, 56.733133860838535 ], [ -111.365796381092011, 56.733313534670962 ], [ -111.366123269315693, 56.733312575108023 ], [ -111.366125015879092, 56.733492248928684 ], [ -111.366778795384263, 56.733490327218462 ] ] ] } },
{ "type": "Feature", "properties": { "area_km2": 0.0328 }, "geometry": { "type": "Polygon", "coordinates": [ [ [ -111.362179876643125, 56.731167946103007 ], [ -111.36250328809767, 56.730807648119708 ], [ -111.363810754364152, 56.73080383937166 ], [ -111.36380901901785, 56.730624165426718 ], [ -111.364135883975152, 56.730623211103662 ], [ -111.364125462966143, 56.729545167362744 ], [ -111.363470018092613, 56.729367401085867 ], [ -111.363461350161614, 56.728469031066311 ], [ -111.363134503871166, 56.728469983597655 ], [ -111.363132771904077, 56.728290309571513 ], [ -111.362480811230043, 56.728471886089494 ], [ -111.362492913737682, 56.729729604215976 ], [ -111.362166056474877, 56.729730554221703 ], [ -111.361842650995968, 56.730090851385192 ], [ -111.361188930134404, 56.730092747137526 ], [ -111.361190652948423, 56.730272421149891 ], [ -111.360863790928661, 56.73027336774701 ], [ -111.360868954813498, 56.730812389771955 ], [ -111.361195821510321, 56.730811443155538 ], [ -111.36152613711316, 56.731169843646718 ], [ -111.362179876643125, 56.731167946103007 ] ] ] } },
{ "type": "Feature", "properties": { "area_km2": 0.0056 }, "geometry": { "type": "Polygon", "coordinates": [ [ [ -111.128448671675628, 56.727135929931286 ], [ -111.128448059068191, 56.726956252707325 ], [ -111.128774897978971, 56.726955915504497 ], [ -111.128773055523055, 56.726416883808199 ], [ -111.128446221288527, 56.726417221004141 ], [ -111.128445608709512, 56.726237543759311 ], [ -111.127791943336561, 56.726238215575904 ], [ -111.127792552798155, 56.72641789282531 ], [ -111.127465718542368, 56.726418227450523 ], [ -111.127466934369266, 56.726777581938208 ], [ -111.127793771742546, 56.726777247308448 ], [ -111.127794381225343, 56.726956924542193 ], [ -111.128448671675628, 56.727135929931286 ] ] ] } },
{ "type": "Feature", "properties": { "area_km2": 0.0652 }, "geometry": { "type": "Polygon", "coordinates": [ [ [ -111.360201476343335, 56.729376888159464 ], [ -111.360199758305924, 56.729197214101561 ], [ -111.360526611011892, 56.729196269256967 ], [ -111.36052317187908, 56.72883692113826 ], [ -111.360850021447376, 56.728835975449556 ], [ -111.360843137185782, 56.728117279174882 ], [ -111.361169980498843, 56.728116332654977 ], [ -111.36149337554582, 56.727756037135066 ], [ -111.362147055836942, 56.727754139836421 ], [ -111.362470438433959, 56.727393841776355 ], [ -111.362143601435889, 56.727394791698138 ], [ -111.362140147114957, 56.727035443538853 ], [ -111.361484755280415, 56.726857666685483 ], [ -111.361481307314193, 56.72649831846892 ], [ -111.360825927928758, 56.726320538120738 ], [ -111.360492223272871, 56.725602787125098 ], [ -111.360165401741099, 56.725603731841225 ], [ -111.360163684122014, 56.725424057673102 ], [ -111.359836864128837, 56.725425001525977 ], [ -111.359835148088166, 56.72524532734618 ], [ -111.359179798255369, 56.72506753827075 ], [ -111.359172946838797, 56.724348841426838 ], [ -111.358846136136734, 56.724349782670799 ], [ -111.358844424890634, 56.724170108440312 ], [ -111.358190806543803, 56.724171988345049 ], [ -111.358192514673107, 56.724351662588319 ], [ -111.357865703911571, 56.72435260126187 ], [ -111.357869117112756, 56.724711949745441 ], [ -111.35819593099113, 56.724711011059121 ], [ -111.358202763864881, 56.725429707937757 ], [ -111.358858115415018, 56.725607502137315 ], [ -111.358863249689094, 56.726146524687096 ], [ -111.359190075976102, 56.72614558337915 ], [ -111.358873518773109, 56.727224569644946 ], [ -111.359200354411939, 56.727223628298603 ], [ -111.359203780716157, 56.727582976563106 ], [ -111.359530619452542, 56.727582034347051 ], [ -111.359537478534421, 56.728300730787439 ], [ -111.359210633562952, 56.728301673029108 ], [ -111.359212346824336, 56.728481347132494 ], [ -111.358556943560444, 56.728303554941654 ], [ -111.358233515719107, 56.728663842852427 ], [ -111.358560363867767, 56.728662903168768 ], [ -111.35889063550097, 56.729021310821501 ], [ -111.359544337934466, 56.729019427143861 ], [ -111.35954605283419, 56.729199101219848 ], [ -111.360201476343335, 56.729376888159464 ] ] ] } },
{ "type": "Feature", "properties": { "area_km2": 0.0132 }, "geometry": { "type": "Polygon", "coordinates": [ [ [ -111.525204848123266, 56.724837940568406 ], [ -111.525202343526928, 56.724658270379265 ], [ -111.525529149575164, 56.724656892991426 ], [ -111.525521631285599, 56.724117882420337 ], [ -111.525194829912166, 56.724119259780075 ], [ -111.525192325431988, 56.723939589569774 ], [ -111.524865525587771, 56.72394096606341 ], [ -111.524863022694831, 56.723761295838472 ], [ -111.524206926288258, 56.723584375987897 ], [ -111.524209426035753, 56.723764046236823 ], [ -111.523882627662729, 56.72376542015089 ], [ -111.523885125880994, 56.723945090403866 ], [ -111.523234021062379, 56.724127505946818 ], [ -111.523239011410709, 56.72448684646367 ], [ -111.523565816074637, 56.724485474225759 ], [ -111.523897617406874, 56.724843441589464 ], [ -111.525204848123266, 56.724837940568406 ] ] ] } },
{ "type": "Feature", "properties": { "area_km2": 0.006 }, "geometry": { "type": "Polygon", "coordinates": [ [ [ -111.407548475994673, 56.724918783054918 ], [ -111.40754653246114, 56.724739109863002 ], [ -111.407873344679857, 56.724738040934646 ], [ -111.407865564537616, 56.724019348143486 ], [ -111.407210010682107, 56.723841811859835 ], [ -111.407211952544628, 56.724021485085295 ], [ -111.406885146514355, 56.72402255227103 ], [ -111.406562218020767, 56.724382965064137 ], [ -111.406889027190246, 56.724381898720679 ], [ -111.406892907956134, 56.72474124514931 ], [ -111.407548475994673, 56.724918783054918 ] ] ] } },
{ "type": "Feature", "properties": { "area_km2": 0.0092 }, "geometry": { "type": "Polygon", "coordinates": [ [ [ -111.356549959178309, 56.723457975959938 ], [ -111.356548258939569, 56.723278301658567 ], [ -111.356875060430028, 56.723277366450375 ], [ -111.356873358652706, 56.723097692150134 ], [ -111.356546558720552, 56.723098627351959 ], [ -111.356543158341623, 56.722739278722997 ], [ -111.35621636150627, 56.72274021305536 ], [ -111.355886170584057, 56.722381797855604 ], [ -111.354905789250267, 56.722384593103925 ], [ -111.354904096920805, 56.722204918739372 ], [ -111.354577304661817, 56.722205848769001 ], [ -111.3542538908289, 56.722566126691021 ], [ -111.35458068622394, 56.722565197505489 ], [ -111.354910866356391, 56.722923616166078 ], [ -111.355564463281326, 56.72292175348597 ], [ -111.355566158805814, 56.723101427816857 ], [ -111.355892958797071, 56.723100495185321 ], [ -111.355894655899519, 56.723280169504633 ], [ -111.356549959178309, 56.723457975959938 ] ] ] } },
{ "type": "Feature", "properties": { "area_km2": 0.0396 }, "geometry": { "type": "Polygon", "coordinates": [ [ [ -111.405260778924756, 56.724926241613595 ], [ -111.405258846300157, 56.724746568370975 ], [ -111.40558565867623, 56.724745505440254 ], [ -111.405581790377497, 56.724386158953699 ], [ -111.405908599614364, 56.724385095180644 ], [ -111.405900857052629, 56.723666402173379 ], [ -111.406227660033707, 56.723665337572463 ], [ -111.406225722891079, 56.723485664314751 ], [ -111.406879325669266, 56.723483532557111 ], [ -111.406877385432551, 56.723303859308615 ], [ -111.40752904167347, 56.723122050899185 ], [ -111.407525155079639, 56.72276270440495 ], [ -111.407851950156953, 56.722761635556516 ], [ -111.407846115760634, 56.722222615797484 ], [ -111.407519325357868, 56.722223684624133 ], [ -111.407517382162339, 56.722044011353361 ], [ -111.407190593295184, 56.722045079316018 ], [ -111.406859924314546, 56.721686799835567 ], [ -111.406206352700238, 56.72168893144832 ], [ -111.406208289618249, 56.721868604758626 ], [ -111.40555664862211, 56.722050406278534 ], [ -111.405562450229297, 56.722589426205509 ], [ -111.405235656552833, 56.722590489049544 ], [ -111.405239521286646, 56.72294983565569 ], [ -111.404912724471359, 56.722950897657412 ], [ -111.404918517065369, 56.723489917548861 ], [ -111.404591715552911, 56.723490978715482 ], [ -111.404595574277593, 56.723850325297917 ], [ -111.403943891231606, 56.724032118387427 ], [ -111.403949670203303, 56.724571138249104 ], [ -111.404276481110529, 56.724570078752798 ], [ -111.404607150988525, 56.724928364919052 ], [ -111.405260778924756, 56.724926241613595 ] ] ] } },
{ "type": "Feature", "properties": { "area_km2": 0.0068 }, "geometry": { "type": "Polygon", "coordinates": [ [ [ -111.142159015511211, 56.722629099865109 ], [ -111.142158337631557, 56.722449422611938 ], [ -111.142811255900327, 56.722268998241233 ], [ -111.142809893947188, 56.721909643718938 ], [ -111.142483098997417, 56.721910017698399 ], [ -111.142482419590934, 56.72173034042688 ], [ -111.141502039369172, 56.721731457217082 ], [ -111.141502714100895, 56.721911134496189 ], [ -111.141175919119704, 56.721911505048602 ], [ -111.141177265490029, 56.722270859596193 ], [ -111.141504063587774, 56.722270489038763 ], [ -111.14150473834296, 56.722450166302202 ], [ -111.142159015511211, 56.722629099865109 ] ] ] } },
{ "type": "Feature", "properties": { "area_km2": 0.0692 }, "geometry": { "type": "Polygon", "coordinates": [ [ [ -111.352298157814928, 56.723110707010122 ], [ -111.352296477873168, 56.72293103261616 ], [ -111.352623276501944, 56.722930108558558 ], [ -111.352621595021404, 56.722750434165619 ], [ -111.35229479795089, 56.722751358216939 ], [ -111.352289758300927, 56.722212334987795 ], [ -111.352616550696766, 56.722211410955325 ], [ -111.35260982520353, 56.721492713268127 ], [ -111.352283039040316, 56.721493637275472 ], [ -111.35228135927386, 56.72131396283428 ], [ -111.351627790005239, 56.721315808266297 ], [ -111.351626113374465, 56.721136133807306 ], [ -111.351299330269072, 56.721137055231992 ], [ -111.350969200173282, 56.720778626841216 ], [ -111.349660412720553, 56.720602625983943 ], [ -111.349658745515654, 56.720422951466468 ], [ -111.349331968526229, 56.720423867726019 ], [ -111.349330302898679, 56.72024419319709 ], [ -111.349003527447948, 56.720245108593737 ], [ -111.349001863397703, 56.720065434053325 ], [ -111.348675089485653, 56.720066348587082 ], [ -111.348344993743567, 56.719707913142763 ], [ -111.346711139378158, 56.719712468616279 ], [ -111.346709486291331, 56.719532794016729 ], [ -111.346382716918612, 56.719533702535287 ], [ -111.346379413918299, 56.719174353308098 ], [ -111.346052647642267, 56.719175260957662 ], [ -111.34605099772871, 56.718995586330031 ], [ -111.345397468235021, 56.718997399046927 ], [ -111.344750513507364, 56.719717906914831 ], [ -111.345077284533573, 56.719717002673377 ], [ -111.345078929849777, 56.719896677298479 ], [ -111.345734123412115, 56.720074540840884 ], [ -111.345737420371904, 56.720433890040269 ], [ -111.346064197572773, 56.720432983204191 ], [ -111.346065847639352, 56.72061265778985 ], [ -111.346392626379114, 56.720611750090931 ], [ -111.346394278022899, 56.720791424665173 ], [ -111.346721058301554, 56.720790516103385 ], [ -111.347051148138334, 56.721148955792934 ], [ -111.348358281448839, 56.721145309502525 ], [ -111.348359942498661, 56.721324984023894 ], [ -111.348686727336286, 56.721324070303325 ], [ -111.349016840544564, 56.721682504728179 ], [ -111.349997204232494, 56.721679755818705 ], [ -111.350327333022193, 56.722038186733393 ], [ -111.350980914911318, 56.72203634810505 ], [ -111.350982588522939, 56.722216022550334 ], [ -111.351309380996597, 56.722215101944798 ], [ -111.351312731394472, 56.722574450807087 ], [ -111.350985935804403, 56.722575371425137 ], [ -111.350987609474245, 56.722755045854662 ], [ -111.352298157814928, 56.723110707010122 ] ] ] } },
{ "type": "Feature", "properties": { "area_km2": 0.1144 }, "geometry": { "type": "Polygon", "coordinates": [ [ [ -111.148699292260275, 56.72369953751749 ], [ -111.148698583164801, 56.72351986034748 ], [ -111.149025391986541, 56.723519470065675 ], [ -111.149024681340876, 56.723339792893093 ], [ -111.149677582088572, 56.723159332591884 ], [ -111.149676154604961, 56.722799978231265 ], [ -111.150002957168383, 56.722799585389694 ], [ -111.150002241880657, 56.72261990820423 ], [ -111.149347927699424, 56.722441015829219 ], [ -111.149346503398604, 56.722081661421498 ], [ -111.149673299737046, 56.722081269447372 ], [ -111.149671158673002, 56.721542237804641 ], [ -111.149997950328427, 56.721541844981765 ], [ -111.150323308408076, 56.721182096858243 ], [ -111.149996519877348, 56.721182490532506 ], [ -111.149995804664272, 56.721002813300039 ], [ -111.149015443696982, 56.721003989174434 ], [ -111.148687238755286, 56.720645024917239 ], [ -111.146727234862638, 56.7208270256316 ], [ -111.145742708801549, 56.719750112054932 ], [ -111.144435604032466, 56.71975163355151 ], [ -111.144434915372315, 56.71957195623267 ], [ -111.143781366055848, 56.719572711835667 ], [ -111.143782051599942, 56.719752389159645 ], [ -111.143129181571567, 56.719932818664859 ], [ -111.142472908727456, 56.719214858077436 ], [ -111.141492593946651, 56.719215974761376 ], [ -111.141493268568851, 56.719395652113576 ], [ -111.140839722226488, 56.719396392291181 ], [ -111.140839050720317, 56.719216714933971 ], [ -111.140512279095447, 56.719217083735238 ], [ -111.140510939222381, 56.718857729000092 ], [ -111.139856735372277, 56.718678786642236 ], [ -111.139857402181264, 56.718858464022631 ], [ -111.139530633649116, 56.718858830248912 ], [ -111.139532629448524, 56.719397862366243 ], [ -111.139859402654636, 56.719397496132494 ], [ -111.13986006949456, 56.719577173492006 ], [ -111.140513618999606, 56.719576438449486 ], [ -111.140514288963317, 56.719756115798788 ], [ -111.140841065262236, 56.719755746989989 ], [ -111.140842408329121, 56.720115101667915 ], [ -111.141169187736381, 56.720114731997391 ], [ -111.141497316466257, 56.720473716117127 ], [ -111.142477663966218, 56.720472599380066 ], [ -111.142478343317549, 56.720652276688135 ], [ -111.142805127359935, 56.720651902726473 ], [ -111.142805808277274, 56.720831580026761 ], [ -111.143132593869908, 56.72083120520584 ], [ -111.143460747545717, 56.721190184102923 ], [ -111.144114324924018, 56.721189430167172 ], [ -111.144115012097856, 56.721369107441582 ], [ -111.144769282858931, 56.721548027337761 ], [ -111.144770663479406, 56.721907381850194 ], [ -111.145097458373542, 56.721907001873397 ], [ -111.145098150254043, 56.722086679119208 ], [ -111.148039317962457, 56.722083220750299 ], [ -111.148040023875595, 56.722262897967354 ], [ -111.14836682180524, 56.722262509417675 ], [ -111.148368236772669, 56.722621863830874 ], [ -111.147062435071973, 56.722982767323408 ], [ -111.147064538933137, 56.723521798904308 ], [ -111.147391347795818, 56.723521412906571 ], [ -111.147392050657558, 56.723701090087133 ], [ -111.148699292260275, 56.72369953751749 ] ] ] } },
{ "type": "Feature", "properties": { "area_km2": 0.0048 }, "geometry": { "type": "Polygon", "coordinates": [ [ [ -111.570859622929262, 56.718168687739315 ], [ -111.571180923886544, 56.717807852752308 ], [ -111.570854179724478, 56.71780934970905 ], [ -111.570521995567361, 56.717451507737465 ], [ -111.569868513315697, 56.717454497327672 ], [ -111.569547202760845, 56.717815328970751 ], [ -111.569873947049004, 56.717813835440111 ], [ -111.570206128280162, 56.718171679123877 ], [ -111.570859622929262, 56.718168687739315 ] ] ] } },
{ "type": "Feature", "properties": { "area_km2": 0.0204 }, "geometry": { "type": "Polygon", "coordinates": [ [ [ -111.216331301872827, 56.720545979305079 ], [ -111.216330270388596, 56.720366302719547 ], [ -111.216657050629323, 56.720365735144014 ], [ -111.216654984580572, 56.720006381965021 ], [ -111.217307502671346, 56.719825567669687 ], [ -111.217303358301578, 56.719106861258965 ], [ -111.217630127600188, 56.719106291140442 ], [ -111.216972451045024, 56.718388724010957 ], [ -111.216318924851151, 56.718389859933779 ], [ -111.216319956203861, 56.718569536576815 ], [ -111.215667455095215, 56.718750345726292 ], [ -111.215669511628661, 56.719109699001585 ], [ -111.215342742258244, 56.719110263980127 ], [ -111.215345822473864, 56.719649293865409 ], [ -111.215672596518232, 56.719648728875363 ], [ -111.215676709871261, 56.720367435300503 ], [ -111.216331301872827, 56.720545979305079 ] ] ] } },
{ "type": "Feature", "properties": { "area_km2": 0.0424 }, "geometry": { "type": "Polygon", "coordinates": [ [ [ -111.134635523978858, 56.720660994751512 ], [ -111.13463488202261, 56.720481317384191 ], [ -111.13496166469092, 56.720480963986248 ], [ -111.134961021183997, 56.720301286616106 ], [ -111.13528780228674, 56.72030093236387 ], [ -111.135287157229186, 56.720121254990921 ], [ -111.135940068129813, 56.719940866547795 ], [ -111.135936827411442, 56.719042479602784 ], [ -111.135610057229954, 56.719042835551519 ], [ -111.135609410666788, 56.71886315814443 ], [ -111.134955229957498, 56.718684190049927 ], [ -111.134953943100342, 56.718324835200029 ], [ -111.134627179128174, 56.718325188569132 ], [ -111.134626537268673, 56.718145511133933 ], [ -111.133318851916826, 56.7179672385844 ], [ -111.133319487537364, 56.718146916034364 ], [ -111.132992725086083, 56.718147265117871 ], [ -111.13299399323347, 56.71850662000687 ], [ -111.132667227659013, 56.718506968238458 ], [ -111.132669757810177, 56.719225677963294 ], [ -111.132342985996544, 56.719226025347687 ], [ -111.132344879012862, 56.71976505759357 ], [ -111.132671655500545, 56.719764710202092 ], [ -111.13267228807868, 56.719944387604585 ], [ -111.13332584414816, 56.719943690246815 ], [ -111.133326479849771, 56.720123367639367 ], [ -111.13365325943154, 56.720123017673053 ], [ -111.133653896698618, 56.720302695057981 ], [ -111.13398067783109, 56.720302344232579 ], [ -111.133981316663665, 56.720482021609911 ], [ -111.134635523978858, 56.720660994751512 ] ] ] } },
{ "type": "Feature", "properties": { "area_km2": 0.0372 }, "geometry": { "type": "Polygon", "coordinates": [ [ [ -111.341799795393101, 56.718647958310122 ], [ -111.341798165788745, 56.718468283587093 ], [ -111.342124926080615, 56.718467387098215 ], [ -111.342115139504628, 56.717389338686353 ], [ -111.341460009680844, 56.717211455968524 ], [ -111.341455126050874, 56.716672431639502 ], [ -111.341128381298589, 56.716673326354304 ], [ -111.341126755017314, 56.7164936515614 ], [ -111.340473268571472, 56.716495438409204 ], [ -111.340474891737458, 56.716675113214251 ], [ -111.340148146928669, 56.716676005359396 ], [ -111.340146525320293, 56.71649633054826 ], [ -111.339493038761603, 56.716498112256744 ], [ -111.339163061639425, 56.71613965215186 ], [ -111.338182840950182, 56.716142315684536 ], [ -111.33818445317533, 56.716321990542411 ], [ -111.33785771135058, 56.716322876679577 ], [ -111.337860932741705, 56.716682226391647 ], [ -111.338187677681717, 56.716681340242431 ], [ -111.338189289962955, 56.716861015084568 ], [ -111.338516036441931, 56.716860128072781 ], [ -111.338517650299522, 56.717039802903642 ], [ -111.339172763308383, 56.717217701111807 ], [ -111.339175997348008, 56.717577050723158 ], [ -111.339502750001614, 56.717576161117485 ], [ -111.33950436860728, 56.717755835909244 ], [ -111.339831122799865, 56.717754945440909 ], [ -111.339832742982068, 56.717934620221392 ], [ -111.340159498713632, 56.717933728890401 ], [ -111.340161120472416, 56.718113403659558 ], [ -111.340487877742945, 56.718112511465918 ], [ -111.340489501078324, 56.718292186223771 ], [ -111.340816259887831, 56.718291293167439 ], [ -111.341146271637029, 56.718649748730179 ], [ -111.341799795393101, 56.718647958310122 ] ] ] } },
{ "type": "Feature", "properties": { "area_km2": 0.006 }, "geometry": { "type": "Polygon", "coordinates": [ [ [ -111.217292998217928, 56.717310094866178 ], [ -111.217291962275624, 56.717130418198138 ], [ -111.217618714437833, 56.717129848122262 ], [ -111.217615602009786, 56.71659081809841 ], [ -111.217288854520774, 56.716591388162669 ], [ -111.217287818626502, 56.716411711473739 ], [ -111.216633293960939, 56.716233172322887 ], [ -111.216634326727856, 56.716412849024799 ], [ -111.216307580760557, 56.716413416515465 ], [ -111.216309643214871, 56.716772769911294 ], [ -111.216636392297588, 56.716772202412926 ], [ -111.216638457915195, 56.717131555780128 ], [ -111.217292998217928, 56.717310094866178 ] ] ] } },
{ "type": "Feature", "properties": { "area_km2": 0.0148 }, "geometry": { "type": "Polygon", "coordinates": [ [ [ -111.445991117358304, 56.714545404943706 ], [ -111.445988991339547, 56.714365732349187 ], [ -111.446315711974762, 56.714364562772026 ], [ -111.446313584423308, 56.714184890180171 ], [ -111.446964891863686, 56.714002875891211 ], [ -111.446960630654985, 56.713643530713043 ], [ -111.447287344986961, 56.713642358598371 ], [ -111.447283080762588, 56.713283013415044 ], [ -111.446956369545106, 56.713284185513785 ], [ -111.446954239027207, 56.713104512906263 ], [ -111.446300819632597, 56.713106854518564 ], [ -111.44630294703606, 56.713286527141989 ], [ -111.445976235744538, 56.713287696671472 ], [ -111.445653773080309, 56.713648210607381 ], [ -111.445327058625026, 56.713649378439889 ], [ -111.445324935843985, 56.713469705803163 ], [ -111.444673629640647, 56.713651711535583 ], [ -111.445008829286124, 56.714369235941945 ], [ -111.445335549995221, 56.714368068934142 ], [ -111.445337672899285, 56.71454774154455 ], [ -111.445991117358304, 56.714545404943706 ] ] ] } },
{ "type": "Feature", "properties": { "area_km2": 0.0092 }, "geometry": { "type": "Polygon", "coordinates": [ [ [ -111.082007538716113, 56.713519608467664 ], [ -111.082007147801448, 56.713339930580837 ], [ -111.082333869124412, 56.713339715173319 ], [ -111.082333084193891, 56.712980359386918 ], [ -111.082659802397515, 56.712980143125833 ], [ -111.082659014370464, 56.712620787321512 ], [ -111.082332299281546, 56.712621003579642 ], [ -111.082331906832209, 56.712441325668188 ], [ -111.081351766210247, 56.712441969299427 ], [ -111.081352153987595, 56.712621647215244 ], [ -111.081025438880602, 56.71262186004752 ], [ -111.081026983805415, 56.713340571664475 ], [ -111.081353705141936, 56.713340358826422 ], [ -111.081354092941751, 56.713520036716154 ], [ -111.082007538716113, 56.713519608467664 ] ] ] } },
{ "type": "Feature", "properties": { "area_km2": 0.004 }, "geometry": { "type": "Polygon", "coordinates": [ [ [ -111.164007755832543, 56.711821572148843 ], [ -111.164006974089332, 56.711641894765123 ], [ -111.164333679688141, 56.711641464406227 ], [ -111.164332113114497, 56.711282109628961 ], [ -111.164658815589789, 56.711281678419503 ], [ -111.164330546577162, 56.710922754830818 ], [ -111.164003847207113, 56.710923185178011 ], [ -111.164004628914071, 56.711102862582614 ], [ -111.163677927977815, 56.711103292076324 ], [ -111.163679488304538, 56.711462646875724 ], [ -111.16335278424485, 56.71146307551885 ], [ -111.163353562864572, 56.711642752913626 ], [ -111.164007755832543, 56.711821572148843 ] ] ] } },
{ "type": "Feature", "properties": { "area_km2": 0.0048 }, "geometry": { "type": "Polygon", "coordinates": [ [ [ -111.076775946304309, 56.711546481237043 ], [ -111.076775580355076, 56.711366803270181 ], [ -111.077102284617936, 56.71136660158156 ], [ -111.077101549617794, 56.711007245634924 ], [ -111.076774848469356, 56.711007447320803 ], [ -111.076774482532855, 56.71082776933828 ], [ -111.076121083337611, 56.710828170138065 ], [ -111.07612144615976, 56.711007848123323 ], [ -111.07579474499866, 56.711008047239943 ], [ -111.075795467541198, 56.711367403197471 ], [ -111.076122171816706, 56.711367204078144 ], [ -111.076122534651475, 56.711546882047728 ], [ -111.076775946304309, 56.711546481237043 ] ] ] } },
{ "type": "Feature", "properties": { "area_km2": 0.026 }, "geometry": { "type": "Polygon", "coordinates": [ [ [ -111.332269833390257, 56.712564634584467 ], [ -111.332268249587614, 56.712384959508931 ], [ -111.332920078423612, 56.712203540692585 ], [ -111.332912144205977, 56.711305165269245 ], [ -111.333238842702755, 56.711304292146515 ], [ -111.333235666030276, 56.710944941952341 ], [ -111.33388746531746, 56.710763518068404 ], [ -111.334207787353094, 56.710043941993433 ], [ -111.334534474876804, 56.710043065486843 ], [ -111.33453288043232, 56.709863390379446 ], [ -111.335184654770416, 56.709681959708462 ], [ -111.334854778487241, 56.709323487686731 ], [ -111.334528097209798, 56.709324365025807 ], [ -111.334204601596568, 56.709684591761494 ], [ -111.333224548256538, 56.709687216107504 ], [ -111.333226136454698, 56.709866891243919 ], [ -111.332899450414203, 56.709867764319192 ], [ -111.33290103707381, 56.710047439456311 ], [ -111.332249245387757, 56.710228858193375 ], [ -111.332257163483106, 56.711127233833309 ], [ -111.331930466488302, 56.711128104380975 ], [ -111.331939959465629, 56.712206155011302 ], [ -111.331613253109595, 56.712207024738042 ], [ -111.331614833779469, 56.71238669983066 ], [ -111.332269833390257, 56.712564634584467 ] ] ] } },
{ "type": "Feature", "properties": { "area_km2": 0.0304 }, "geometry": { "type": "Polygon", "coordinates": [ [ [ -111.335181459746181, 56.709322609491316 ], [ -111.335179862261825, 56.709142934374874 ], [ -111.335831621030749, 56.708961500317315 ], [ -111.335826819403266, 56.708422474956649 ], [ -111.336153492822277, 56.708421594222195 ], [ -111.336151890760078, 56.708241919097475 ], [ -111.336803629271529, 56.708060479953701 ], [ -111.336795603764543, 56.707162104285075 ], [ -111.337122266230509, 56.707161221023775 ], [ -111.337119053044574, 56.70680187073161 ], [ -111.336792393691965, 56.706802753980902 ], [ -111.33646252743587, 56.706444286036835 ], [ -111.335809214864241, 56.706446048230276 ], [ -111.335810815184132, 56.706625723413445 ], [ -111.335484157313857, 56.706626603231804 ], [ -111.335487354895989, 56.706985953594369 ], [ -111.335160693893854, 56.706986832568447 ], [ -111.335167083053619, 56.707705533254526 ], [ -111.334840415806141, 56.707706411396217 ], [ -111.334843607383576, 56.708065761719716 ], [ -111.334516937004068, 56.708066639017076 ], [ -111.33451853126374, 56.708246314176904 ], [ -111.334191859308959, 56.708247190623929 ], [ -111.334195044770098, 56.708606540939783 ], [ -111.333868369683216, 56.708607416542421 ], [ -111.333869960884613, 56.708787091698433 ], [ -111.334196637528336, 56.708786216089848 ], [ -111.334198230305063, 56.708965891234662 ], [ -111.334524908487197, 56.708965014763827 ], [ -111.334526502839267, 56.709144689897435 ], [ -111.335181459746181, 56.709322609491316 ] ] ] } },
{ "type": "Feature", "properties": { "area_km2": 0.0072 }, "geometry": { "type": "Polygon", "coordinates": [ [ [ -111.448485177633046, 56.704474354445942 ], [ -111.448483040543181, 56.704294681620148 ], [ -111.448809673798323, 56.704293505638972 ], [ -111.448807535176911, 56.704113832815892 ], [ -111.448480903478085, 56.704115008789081 ], [ -111.448476629422203, 56.703755663111139 ], [ -111.448150000811168, 56.703756838212229 ], [ -111.44814786537664, 56.703577165357359 ], [ -111.447167984063938, 56.70358068550005 ], [ -111.446845615353951, 56.703941202936946 ], [ -111.447172245620138, 56.703940031252337 ], [ -111.447174376435285, 56.704119704120593 ], [ -111.447501008233075, 56.704118531571901 ], [ -111.447831907935822, 56.704476703855875 ], [ -111.448485177633046, 56.704474354445942 ] ] ] } },
{ "type": "Feature", "properties": { "area_km2": 0.0176 }, "geometry": { "type": "Polygon", "coordinates": [ [ [ -111.320117487045422, 56.705049909497795 ], [ -111.320441077778341, 56.704689718958569 ], [ -111.320114436178727, 56.704690558470965 ], [ -111.320111385382731, 56.704331207423152 ], [ -111.319784746878312, 56.704332046067989 ], [ -111.319455063856566, 56.703973532765097 ], [ -111.3178218865459, 56.703977708809212 ], [ -111.317492225278329, 56.703619190268967 ], [ -111.316840470176359, 56.703800528562851 ], [ -111.316841979948734, 56.70398020416183 ], [ -111.31749676393369, 56.704158217032017 ], [ -111.317499789791611, 56.704517568181174 ], [ -111.31782642997571, 56.704516735523839 ], [ -111.318156102296143, 56.704875253115858 ], [ -111.318809388802322, 56.704873583497637 ], [ -111.318810908018577, 56.705053259031203 ], [ -111.320117487045422, 56.705049909497795 ] ] ] } },
{ "type": "Feature", "properties": { "area_km2": 0.0196 }, "geometry": { "type": "Polygon", "coordinates": [ [ [ -111.322402463323485, 56.704864339380372 ], [ -111.3227260306207, 56.704504142923291 ], [ -111.323379310405031, 56.704502449354976 ], [ -111.323702865268615, 56.704142250354423 ], [ -111.324356138720077, 56.704140551672189 ], [ -111.324354593133222, 56.703960876209798 ], [ -111.325006314718564, 56.703779498658434 ], [ -111.325003217409048, 56.703420147730547 ], [ -111.324676586953544, 56.703420999188921 ], [ -111.324675039882024, 56.703241323711332 ], [ -111.323370064952442, 56.703424396461045 ], [ -111.323371605816547, 56.70360407195647 ], [ -111.323044973715255, 56.703604919139927 ], [ -111.322721417152479, 56.703965116465376 ], [ -111.321741511350027, 56.7039676503449 ], [ -111.321743044485771, 56.704147325853334 ], [ -111.321091300789845, 56.704328686351673 ], [ -111.321094360924462, 56.704688037365209 ], [ -111.321421002470913, 56.704687195284279 ], [ -111.321422534121282, 56.704866870777451 ], [ -111.322402463323485, 56.704864339380372 ] ] ] } },
{ "type": "Feature", "properties": { "area_km2": 0.006 }, "geometry": { "type": "Polygon", "coordinates": [ [ [ -111.126738317914331, 56.704498230345635 ], [ -111.127063751187436, 56.704138541923356 ], [ -111.126737110059963, 56.704138874554296 ], [ -111.126735902233577, 56.703779518742074 ], [ -111.126409264212029, 56.703779850512305 ], [ -111.126408661865767, 56.703600172596119 ], [ -111.125754789688173, 56.703421155637649 ], [ -111.125755388914612, 56.70360083356357 ], [ -111.125428752428618, 56.703601162763043 ], [ -111.125429947789428, 56.703960518603672 ], [ -111.125756587388324, 56.703960189399723 ], [ -111.125757186635596, 56.704139867309969 ], [ -111.126083827784015, 56.704139537247599 ], [ -111.126084428594723, 56.70431921515037 ], [ -111.126738317914331, 56.704498230345635 ] ] ] } },
{ "type": "Feature", "properties": { "area_km2": 0.0224 }, "geometry": { "type": "Polygon", "coordinates": [ [ [ -111.337418376844766, 56.703746508397558 ], [ -111.33774179099585, 56.703386273070514 ], [ -111.337415161253688, 56.703387157918044 ], [ -111.337410338006819, 56.702848132159446 ], [ -111.337083712914875, 56.702849016132816 ], [ -111.337080500622605, 56.702489665588836 ], [ -111.336753878624535, 56.702490548694101 ], [ -111.336749064994322, 56.701951522820778 ], [ -111.336422447646243, 56.701952405051955 ], [ -111.336419241764702, 56.701593054431505 ], [ -111.336092627510354, 56.701593935794619 ], [ -111.336091026153582, 56.70141426047055 ], [ -111.334457962384434, 56.701418654415157 ], [ -111.33445636882675, 56.701238979055979 ], [ -111.33412975757355, 56.701239855270742 ], [ -111.333806327211278, 56.701600081366372 ], [ -111.334132941595144, 56.701599205995763 ], [ -111.33413453363363, 56.701778881350414 ], [ -111.334787765458316, 56.701777128029079 ], [ -111.334789360627568, 56.701956803366556 ], [ -111.335115978068345, 56.70195592541581 ], [ -111.335117574812259, 56.702135600742075 ], [ -111.335444193790707, 56.702134721929269 ], [ -111.335445792109326, 56.702314397244322 ], [ -111.336100634572617, 56.702492312336318 ], [ -111.336108642098893, 56.703390688746858 ], [ -111.336435271915477, 56.703389807323838 ], [ -111.336765111079245, 56.70374827554825 ], [ -111.337418376844766, 56.703746508397558 ] ] ] } },
{ "type": "Feature", "properties": { "area_km2": 0.0268 }, "geometry": { "type": "Polygon", "coordinates": [ [ [ -111.330868373406076, 56.701787596592339 ], [ -111.330866796929072, 56.701607921178471 ], [ -111.331193411478182, 56.701607053512525 ], [ -111.331190255466709, 56.701247702680845 ], [ -111.330863644029847, 56.701248570334997 ], [ -111.330857338450613, 56.700529868585107 ], [ -111.330530733219732, 56.700530735359614 ], [ -111.330529158426614, 56.700351059903142 ], [ -111.330202554733503, 56.700351925815745 ], [ -111.330200981514636, 56.700172250348139 ], [ -111.329874379359296, 56.700173115398826 ], [ -111.329544637026615, 56.699814628619045 ], [ -111.329218037946831, 56.699815491945941 ], [ -111.329219606461322, 56.699995167441649 ], [ -111.328566405135277, 56.699996891539101 ], [ -111.32856797055598, 56.700176567041289 ], [ -111.328241368309762, 56.70017742781183 ], [ -111.328242932192595, 56.700357103314623 ], [ -111.328569535994816, 56.700356242538234 ], [ -111.328578929008856, 56.701434295409712 ], [ -111.328252315870202, 56.701435156221194 ], [ -111.32825387987991, 56.701614831687266 ], [ -111.32858049457468, 56.701613970869936 ], [ -111.328582060158666, 56.701793646324916 ], [ -111.32890867639145, 56.70179278464564 ], [ -111.328907109251318, 56.701613109196515 ], [ -111.329560338550067, 56.70161138328146 ], [ -111.329561908802503, 56.701791058718868 ], [ -111.330868373406076, 56.701787596592339 ] ] ] } },
{ "type": "Feature", "properties": { "area_km2": 0.0148 }, "geometry": { "type": "Polygon", "coordinates": [ [ [ -111.314862661995249, 56.701649388116365 ], [ -111.314861161787178, 56.701469712415459 ], [ -111.315187775654167, 56.701468886702898 ], [ -111.315183270465937, 56.700929859585592 ], [ -111.315509879647209, 56.700929033033795 ], [ -111.315506873163272, 56.700569681607277 ], [ -111.315833479215001, 56.70056885421068 ], [ -111.31582896495172, 56.700029827048446 ], [ -111.315502363568044, 56.700030654428176 ], [ -111.31550086040447, 56.699850978691323 ], [ -111.315174260559374, 56.699851805209427 ], [ -111.315175762166959, 56.700031480951885 ], [ -111.314849160748466, 56.700032306619562 ], [ -111.314850660817456, 56.700211982362411 ], [ -111.314524057825579, 56.700212807179668 ], [ -111.314525556355946, 56.700392482922865 ], [ -111.313873842643744, 56.700573805749613 ], [ -111.313881320081975, 56.70147218441673 ], [ -111.314207934001061, 56.701471361272382 ], [ -111.314209431096856, 56.701651036984465 ], [ -111.314862661995249, 56.701649388116365 ] ] ] } },
{ "type": "Feature", "properties": { "area_km2": 0.0772 }, "geometry": { "type": "Polygon", "coordinates": [ [ [ -111.300112044559995, 56.695037645848068 ], [ -111.300110614991709, 56.694857969706796 ], [ -111.302721629062319, 56.694671973708807 ], [ -111.302720187083551, 56.694492297599993 ], [ -111.303046740905899, 56.694491503772603 ], [ -111.303370404582424, 56.694131356877584 ], [ -111.30402350592172, 56.694129764965183 ], [ -111.30402205777149, 56.693950088862259 ], [ -111.304348606860572, 56.693949291627717 ], [ -111.304347157171762, 56.69376961552495 ], [ -111.304673704688668, 56.693768817440009 ], [ -111.304672253461305, 56.693589141337434 ], [ -111.304998799406036, 56.69358834240208 ], [ -111.304997346640135, 56.693408666299696 ], [ -111.305323891012705, 56.693407866513965 ], [ -111.305322436708309, 56.693228190411773 ], [ -111.305648979508717, 56.693227389775657 ], [ -111.305647523665854, 56.693047713673664 ], [ -111.305974064894087, 56.693046912187199 ], [ -111.305972607512828, 56.692867236085405 ], [ -111.306299147168872, 56.692866433748577 ], [ -111.306622765875119, 56.692506278358465 ], [ -111.306296229346486, 56.692507081540171 ], [ -111.306294770460639, 56.692327405428102 ], [ -111.305641700463156, 56.69232900921326 ], [ -111.305643156238517, 56.692508685336229 ], [ -111.305316619659237, 56.69250948595058 ], [ -111.304992988443416, 56.692869637961081 ], [ -111.304339908979614, 56.692871234932561 ], [ -111.304016265338404, 56.693231384398118 ], [ -111.303363179552704, 56.693232976256439 ], [ -111.303364624525159, 56.693412652391153 ], [ -111.302711535561841, 56.693414240837036 ], [ -111.302712977440365, 56.693593916977299 ], [ -111.301733339204119, 56.693596293243644 ], [ -111.30173477643325, 56.693775969394814 ], [ -111.300428585663752, 56.693779125789888 ], [ -111.300430016688026, 56.693958801957272 ], [ -111.299776918092945, 56.693960375030542 ], [ -111.299778346023018, 56.694140051203348 ], [ -111.299451795145259, 56.694140836461571 ], [ -111.299450368770593, 56.693961160283422 ], [ -111.298470720704415, 56.693963510907068 ], [ -111.298469299012424, 56.693783834707688 ], [ -111.297489655464133, 56.693786177612914 ], [ -111.297488238454704, 56.693606501392388 ], [ -111.29650859942474, 56.693608836579287 ], [ -111.296184874640957, 56.693968965741377 ], [ -111.295531775618301, 56.693970516562977 ], [ -111.295530367924741, 56.693790840315998 ], [ -111.295203819944305, 56.693791614437785 ], [ -111.295202413822437, 56.693611938180318 ], [ -111.294875867381094, 56.693612711441006 ], [ -111.294546514949957, 56.693254131294225 ], [ -111.293893428207312, 56.693255673515544 ], [ -111.293892028355572, 56.693075997221378 ], [ -111.29356548651522, 56.693076767043095 ], [ -111.293566884811653, 56.693256443342484 ], [ -111.292915193173727, 56.693437656733536 ], [ -111.292917983626154, 56.693797009327028 ], [ -111.293244531720248, 56.693796241196047 ], [ -111.293245928526119, 56.693975917479719 ], [ -111.294552126962003, 56.693972836376588 ], [ -111.294881485744767, 56.694331416460457 ], [ -111.295208038407679, 56.694330643178738 ], [ -111.29520663223694, 56.694150966936995 ], [ -111.295859734403052, 56.694149417816554 ], [ -111.296189107151989, 56.69450799441924 ], [ -111.297168769562106, 56.694505661720555 ], [ -111.297170185098182, 56.69468533792017 ], [ -111.297823296400523, 56.694683778497861 ], [ -111.297824715063953, 56.694863454681652 ], [ -111.299130943693129, 56.694860325545484 ], [ -111.29913236859494, 56.695040001702758 ], [ -111.300112044559995, 56.695037645848068 ] ] ] } },
{ "type": "Feature", "properties": { "area_km2": 0.06 }, "geometry": { "type": "Polygon", "coordinates": [ [ [ -111.299436105932898, 56.692164398213613 ], [ -111.299434679740017, 56.691984721977811 ], [ -111.301393872776529, 56.691979997976098 ], [ -111.301392437269072, 56.691800321767147 ], [ -111.301718967828535, 56.691799531443699 ], [ -111.301717530782568, 56.691619855234883 ], [ -111.302044059770211, 56.691619064061051 ], [ -111.302042621185748, 56.69143938785237 ], [ -111.302369148601571, 56.691438595828167 ], [ -111.302367708478656, 56.691258919619621 ], [ -111.303019316933529, 56.691077656811729 ], [ -111.30301643055077, 56.690718304389989 ], [ -111.302689909388718, 56.690719098104118 ], [ -111.302360508114276, 56.690360538498261 ], [ -111.300401399352538, 56.690365277614013 ], [ -111.300402830061813, 56.690544953880966 ], [ -111.298770231195846, 56.690548879638548 ], [ -111.298771654146435, 56.690728555926931 ], [ -111.297792089963707, 56.690730901128752 ], [ -111.297462735092296, 56.690372328526742 ], [ -111.296809698408993, 56.690373885983341 ], [ -111.296486004156762, 56.690734016084278 ], [ -111.295832961155057, 56.690735568427677 ], [ -111.295834370126443, 56.690915244758465 ], [ -111.295507847046011, 56.69091601965183 ], [ -111.295837188118185, 56.691274597404323 ], [ -111.29616371429249, 56.691273821644678 ], [ -111.296487416238307, 56.690913692404521 ], [ -111.297141877492805, 56.691091812932079 ], [ -111.29714329271728, 56.691271489231269 ], [ -111.296491652581068, 56.691452721333803 ], [ -111.296493064728054, 56.691632397633086 ], [ -111.296819593979933, 56.691631620151384 ], [ -111.297148953779185, 56.691990194375627 ], [ -111.298781615262129, 56.691986289798884 ], [ -111.29878303834461, 56.692165966045344 ], [ -111.299436105932898, 56.692164398213613 ] ] ] } },
{ "type": "Feature", "properties": { "area_km2": 0.0072 }, "geometry": { "type": "Polygon", "coordinates": [ [ [ -111.307918645543168, 56.691245324370648 ], [ -111.307917179000128, 56.691065648249229 ], [ -111.30824370300266, 56.691064840832489 ], [ -111.308237830780158, 56.690346136316336 ], [ -111.307583330295529, 56.690168074097095 ], [ -111.307584795198608, 56.690347750250211 ], [ -111.306933221359145, 56.690529036920047 ], [ -111.306937606890713, 56.691068065365023 ], [ -111.307264130944148, 56.691067260515503 ], [ -111.307265594376986, 56.691246936647872 ], [ -111.307918645543168, 56.691245324370648 ] ] ] } },
{ "type": "Feature", "properties": { "area_km2": 0.0112 }, "geometry": { "type": "Polygon", "coordinates": [ [ [ -111.287344764782631, 56.690935113871596 ], [ -111.287343396243344, 56.690755437405819 ], [ -111.287669918170948, 56.690754683910995 ], [ -111.287668548092455, 56.690575007445084 ], [ -111.287342027719916, 56.690575760934792 ], [ -111.287335185340595, 56.689677378501081 ], [ -111.287661697938077, 56.689676625036959 ], [ -111.287658957987432, 56.689317272037044 ], [ -111.287004572154757, 56.689139101571058 ], [ -111.28700593899643, 56.689318778089103 ], [ -111.286679429477161, 56.6893195298316 ], [ -111.28668216009811, 56.689678882862204 ], [ -111.286355647453135, 56.689679633759219 ], [ -111.286363830365502, 56.690757692755902 ], [ -111.286690352340599, 56.690756941828276 ], [ -111.286691717769727, 56.690936618304285 ], [ -111.287344764782631, 56.690935113871596 ] ] ] } },
{ "type": "Feature", "properties": { "area_km2": 0.0484 }, "geometry": { "type": "Polygon", "coordinates": [ [ [ -111.299091053144579, 56.689829391013824 ], [ -111.299089628721461, 56.689649714704551 ], [ -111.299416140736184, 56.689648930435396 ], [ -111.29941328882957, 56.689289577811792 ], [ -111.299086779924735, 56.689290362070288 ], [ -111.299407585214595, 56.6885708725017 ], [ -111.299081082529284, 56.688571656738887 ], [ -111.299078233930587, 56.68821230404172 ], [ -111.298751734338438, 56.688213087412599 ], [ -111.298750311618647, 56.688033411050839 ], [ -111.298097315494559, 56.688034975215025 ], [ -111.298098735104745, 56.688214651587415 ], [ -111.29744573580524, 56.688216212339633 ], [ -111.297444319304674, 56.688036535956648 ], [ -111.297117821185097, 56.688037315043999 ], [ -111.297119236130868, 56.68821699143227 ], [ -111.296792736440111, 56.688217769669265 ], [ -111.296469060454356, 56.688577899832602 ], [ -111.29451004321065, 56.688582546215166 ], [ -111.294508640670827, 56.688402869795233 ], [ -111.293855637902439, 56.688404411733671 ], [ -111.293857037332558, 56.688584088164092 ], [ -111.293530534369197, 56.688584857855055 ], [ -111.293531932260663, 56.688764534285447 ], [ -111.292880317973541, 56.688945747546434 ], [ -111.293209616833124, 56.689304332401413 ], [ -111.293862635215191, 56.689302793833335 ], [ -111.29418634229836, 56.6889426704521 ], [ -111.294839354363447, 56.688941126770885 ], [ -111.294840758506894, 56.689120803169864 ], [ -111.295167266069953, 56.689120030040499 ], [ -111.295170077515522, 56.689479382812216 ], [ -111.295496588172142, 56.68947860881665 ], [ -111.295497995474307, 56.689658285189388 ], [ -111.296477532011096, 56.689655958052761 ], [ -111.296478943994487, 56.689835634404453 ], [ -111.299091053144579, 56.689829391013824 ] ] ] } },
{ "type": "Feature", "properties": { "area_km2": 0.0064 }, "geometry": { "type": "Polygon", "coordinates": [ [ [ -111.317041724916606, 56.688886605115428 ], [ -111.317040215058185, 56.688706929081626 ], [ -111.317366718363033, 56.68870609777769 ], [ -111.317365206967267, 56.688526421744307 ], [ -111.317038705217271, 56.688527253042608 ], [ -111.317035685587911, 56.688167900948798 ], [ -111.315726683730588, 56.687811865380517 ], [ -111.315403192124094, 56.688172044549134 ], [ -111.315729690851725, 56.688171217540358 ], [ -111.315731194438428, 56.688350893612416 ], [ -111.31605769470346, 56.688350065742362 ], [ -111.316059199862408, 56.688529741803556 ], [ -111.316385701664814, 56.688528913072219 ], [ -111.316387208396051, 56.688708589122534 ], [ -111.317041724916606, 56.688886605115428 ] ] ] } },
{ "type": "Feature", "properties": { "area_km2": 0.0136 }, "geometry": { "type": "Polygon", "coordinates": [ [ [ -111.258244756158263, 56.685249084789113 ], [ -111.258243526478381, 56.685069407723439 ], [ -111.258895240718175, 56.68488837543201 ], [ -111.258566306375087, 56.684529699321736 ], [ -111.256607493056535, 56.68453374952842 ], [ -111.256606271205925, 56.684354072418898 ], [ -111.255300401594738, 56.684356755427736 ], [ -111.255301617227516, 56.68453643255549 ], [ -111.254975148235005, 56.684537101173404 ], [ -111.255304048535322, 56.684895786795273 ], [ -111.256609936800231, 56.68489310373176 ], [ -111.256611158693318, 56.685072780825593 ], [ -111.257590579406966, 56.685070759530959 ], [ -111.257591805977782, 56.685250436605813 ], [ -111.258244756158263, 56.685249084789113 ] ] ] } },
{ "type": "Feature", "properties": { "area_km2": 0.0796 }, "geometry": { "type": "Polygon", "coordinates": [ [ [ -111.30069784380305, 56.686591287196265 ], [ -111.300696411903729, 56.686411610819349 ], [ -111.301022895849357, 56.686410822368146 ], [ -111.301021462412024, 56.68623114599135 ], [ -111.300694980020992, 56.686231934437181 ], [ -111.300687820856155, 56.685333552447773 ], [ -111.301014295474332, 56.685332764028722 ], [ -111.301011428815485, 56.684973411206983 ], [ -111.301337900308056, 56.684972621943103 ], [ -111.301324987175477, 56.683355534034042 ], [ -111.300998529672583, 56.683356323249676 ], [ -111.300995663378998, 56.682996970312608 ], [ -111.300669208968117, 56.682997758662033 ], [ -111.300667777400506, 56.682818082180283 ], [ -111.298707637687798, 56.682643117760776 ], [ -111.29870905991325, 56.682822794279794 ], [ -111.298382606940933, 56.682823576635549 ], [ -111.298389710543674, 56.683721959178513 ], [ -111.298063249783311, 56.683722740705349 ], [ -111.298067507479274, 56.684261770184165 ], [ -111.297741042039306, 56.684262550871402 ], [ -111.297742459749756, 56.684442227359163 ], [ -111.296763058668077, 56.684444564303639 ], [ -111.296439414642606, 56.684804694576194 ], [ -111.29709376961479, 56.68498281564127 ], [ -111.29710084311435, 56.685881197975775 ], [ -111.297427322577661, 56.685880418951939 ], [ -111.297428738881337, 56.686060095397828 ], [ -111.298081700867868, 56.686058534772847 ], [ -111.298080281455015, 56.685878858337553 ], [ -111.299059719647687, 56.685876510999194 ], [ -111.299061143724302, 56.686056187418536 ], [ -111.299714105546144, 56.686054618237769 ], [ -111.299715532748479, 56.686234294641203 ], [ -111.300042015189206, 56.686233508762122 ], [ -111.300043443962693, 56.686413185154969 ], [ -111.30069784380305, 56.686591287196265 ] ] ] } },
{ "type": "Feature", "properties": { "area_km2": 0.02 }, "geometry": { "type": "Polygon", "coordinates": [ [ [ -111.253009105685223, 56.68346303187959 ], [ -111.253333153004959, 56.683103014044043 ], [ -111.253006696363514, 56.683103677492689 ], [ -111.253005491723584, 56.682924000291379 ], [ -111.25267903662251, 56.682924662880026 ], [ -111.252677833550834, 56.68274498566899 ], [ -111.252351379990131, 56.68274564739766 ], [ -111.25235017848668, 56.682565970176888 ], [ -111.252023726466319, 56.682566631045589 ], [ -111.25202252653105, 56.682386953815097 ], [ -111.251696076051061, 56.682387613823842 ], [ -111.251694877683931, 56.682207936583616 ], [ -111.251040784546021, 56.682029576771356 ], [ -111.251362444887846, 56.681310209430414 ], [ -111.250054299062228, 56.680953482788574 ], [ -111.250055489561575, 56.681133160087768 ], [ -111.249729049877914, 56.681133814932565 ], [ -111.249731427809706, 56.681493169524131 ], [ -111.25005787060168, 56.681492514670445 ], [ -111.250062632847346, 56.682211223772988 ], [ -111.250389081842314, 56.682210568046031 ], [ -111.250390273992465, 56.682390245304127 ], [ -111.250716724527877, 56.682389588717257 ], [ -111.250717918246082, 56.682569265965654 ], [ -111.251044370321921, 56.682568608518849 ], [ -111.251045565608251, 56.68274828575754 ], [ -111.251372019224533, 56.68274762745078 ], [ -111.251373216079003, 56.682927304679787 ], [ -111.251699671235727, 56.682926645513078 ], [ -111.251700869658379, 56.68310632273235 ], [ -111.252027326355531, 56.683105662705664 ], [ -111.252356186143118, 56.683464356228406 ], [ -111.253009105685223, 56.68346303187959 ] ] ] } },
{ "type": "Feature", "properties": { "area_km2": 0.0128 }, "geometry": { "type": "Polygon", "coordinates": [ [ [ -111.292503665270075, 56.682478159509991 ], [ -111.292827327010812, 56.682118039309408 ], [ -111.292173041821428, 56.681939895681573 ], [ -111.292166086684901, 56.68104151237717 ], [ -111.291839648928757, 56.681042277571457 ], [ -111.291838259503891, 56.68086260088964 ], [ -111.291184000750889, 56.680684452004186 ], [ -111.291185387051527, 56.6808641287016 ], [ -111.290858950801251, 56.680864891324468 ], [ -111.290867259617499, 56.681942951430031 ], [ -111.291193705192583, 56.681942188776084 ], [ -111.29119509160563, 56.682121865436827 ], [ -111.29184798581602, 56.682120337552213 ], [ -111.29184937535355, 56.682300014197331 ], [ -111.292503665270075, 56.682478159509991 ] ] ] } },
{ "type": "Feature", "properties": { "area_km2": 0.0064 }, "geometry": { "type": "Polygon", "coordinates": [ [ [ -111.225899992445676, 56.681358985694885 ], [ -111.225898916939357, 56.681179308087437 ], [ -111.226225357581058, 56.681178715689057 ], [ -111.226222126474497, 56.680639682847371 ], [ -111.22589569049515, 56.680640275233671 ], [ -111.225894615038655, 56.68046059760529 ], [ -111.225241746150758, 56.680461779803629 ], [ -111.225242818499069, 56.680641457440025 ], [ -111.224916382482405, 56.680642047260086 ], [ -111.22491959493955, 56.681181080149955 ], [ -111.225246035618582, 56.681180490317878 ], [ -111.225247108016589, 56.68136016793337 ], [ -111.225899992445676, 56.681358985694885 ] ] ] } },
{ "type": "Feature", "properties": { "area_km2": 0.0116 }, "geometry": { "type": "Polygon", "coordinates": [ [ [ -111.288898957541264, 56.680689772364431 ], [ -111.288897582135078, 56.680510095625614 ], [ -111.289224015373193, 56.680509338145512 ], [ -111.289222638428882, 56.680329661406624 ], [ -111.288896206744823, 56.680330418881574 ], [ -111.28889345601209, 56.679971065377764 ], [ -111.2885670274201, 56.679971821987039 ], [ -111.288887954737788, 56.679252358307266 ], [ -111.288233737798635, 56.679074193838332 ], [ -111.288235109969563, 56.679253870629331 ], [ -111.287908687561611, 56.679254625507333 ], [ -111.287910058194498, 56.679434302298219 ], [ -111.287258577763964, 56.679615486294267 ], [ -111.287262680481604, 56.680154516650497 ], [ -111.28758911069113, 56.680153763457625 ], [ -111.287590479849385, 56.680333440227436 ], [ -111.288243343328887, 56.680331931265293 ], [ -111.288244715611071, 56.680511608019607 ], [ -111.288898957541264, 56.680689772364431 ] ] ] } },
{ "type": "Feature", "properties": { "area_km2": 0.088 }, "geometry": { "type": "Polygon", "coordinates": [ [ [ -111.20305480933142, 56.682476395232158 ], [ -111.203053842549167, 56.682296717388823 ], [ -111.203706744129065, 56.682295651454126 ], [ -111.204031252045766, 56.681935761522936 ], [ -111.205989937796502, 56.681932538098472 ], [ -111.205988957059844, 56.681752860272212 ], [ -111.206968295119438, 56.681751237022297 ], [ -111.206967309731539, 56.681571559201828 ], [ -111.207293754174415, 56.681571016411297 ], [ -111.207618221647607, 56.681211117123468 ], [ -111.208271104259381, 56.681210027279988 ], [ -111.208270112689149, 56.681030349458602 ], [ -111.208596552423671, 56.68102980325741 ], [ -111.208594566209428, 56.680670447606403 ], [ -111.208921002824198, 56.68066990055722 ], [ -111.208916029719589, 56.679771511356741 ], [ -111.209242458552581, 56.679770963470745 ], [ -111.209239470166096, 56.679231929898862 ], [ -111.208913045995075, 56.679232477773681 ], [ -111.208912051443278, 56.679052799902216 ], [ -111.208260197618472, 56.679233570957237 ], [ -111.208263172019088, 56.679772604562558 ], [ -111.207611302654428, 56.679953372212211 ], [ -111.207613279452374, 56.68031272792728 ], [ -111.207286845899844, 56.680313271547412 ], [ -111.207287832761921, 56.680492949400794 ], [ -111.206961397643894, 56.680493492169205 ], [ -111.206636930056476, 56.680853389788012 ], [ -111.205331176992118, 56.680855548915176 ], [ -111.2050066907439, 56.681215442279928 ], [ -111.204353807904553, 56.681216515014682 ], [ -111.204352834984093, 56.681036837149222 ], [ -111.20402639510165, 56.681037372229802 ], [ -111.204027366467969, 56.681217050098908 ], [ -111.203700925020129, 56.681217584327676 ], [ -111.203376420110743, 56.68157747343799 ], [ -111.202723530942279, 56.681578537632817 ], [ -111.202722565770202, 56.681398859759732 ], [ -111.202069679665371, 56.68139992052555 ], [ -111.202068717612804, 56.681220242640016 ], [ -111.200110068356466, 56.681223404385364 ], [ -111.199785529132811, 56.681583284164816 ], [ -111.199132639720148, 56.68158432953976 ], [ -111.198804301964614, 56.681225495106844 ], [ -111.198152362105375, 56.681406213263237 ], [ -111.198151418702835, 56.681226535334943 ], [ -111.197824977055546, 56.681227054165845 ], [ -111.19782403521809, 56.681047376228804 ], [ -111.197497595114044, 56.681047894200738 ], [ -111.197169277573408, 56.68068905541341 ], [ -111.196517339126601, 56.680869765027644 ], [ -111.196518274736619, 56.681049442983962 ], [ -111.196844714873279, 56.681048927578324 ], [ -111.196846589234156, 56.681408283468251 ], [ -111.197500415996643, 56.681586928006737 ], [ -111.197502296639513, 56.681946283851246 ], [ -111.197828744514496, 56.68194576586172 ], [ -111.198157079282012, 56.68230460282625 ], [ -111.198809981194373, 56.682303562555738 ], [ -111.198810927771021, 56.682483240445585 ], [ -111.20305480933142, 56.682476395232158 ] ] ] } },
{ "type": "Feature", "properties": { "area_km2": 0.0172 }, "geometry": { "type": "Polygon", "coordinates": [ [ [ -111.230462501461588, 56.680092871252384 ], [ -111.230461404286103, 56.679913193665172 ], [ -111.231114263447097, 56.679911984118398 ], [ -111.231113163176303, 56.67973230653417 ], [ -111.231439591183673, 56.67973170048181 ], [ -111.231438489371627, 56.679552022896466 ], [ -111.232090237332883, 56.679371130651525 ], [ -111.232088027556841, 56.67901177547116 ], [ -111.232414449310028, 56.679011166869188 ], [ -111.232413342887298, 56.678831489275304 ], [ -111.233065073729662, 56.678650591922711 ], [ -111.233062854732779, 56.678291236725336 ], [ -111.232736439220773, 56.678291847021455 ], [ -111.232735331295444, 56.678112169410781 ], [ -111.232082503340678, 56.678113387428716 ], [ -111.23208360815832, 56.678293065047669 ], [ -111.231431878767381, 56.67847395727452 ], [ -111.231434082251084, 56.678833312502761 ], [ -111.231107662013471, 56.678833918534544 ], [ -111.231108762220543, 56.679013596144927 ], [ -111.230782340416269, 56.679014201325451 ], [ -111.23078343908216, 56.679193878934718 ], [ -111.230457015711224, 56.679194483263998 ], [ -111.23045811283589, 56.679374160872136 ], [ -111.229806356977434, 56.679555044583864 ], [ -111.229808545074278, 56.679914399790391 ], [ -111.230462501461588, 56.680092871252384 ] ] ] } },
{ "type": "Feature", "properties": { "area_km2": 0.004 }, "geometry": { "type": "Polygon", "coordinates": [ [ [ -111.283332028036639, 56.678366719597555 ], [ -111.283330679252543, 56.678187042704039 ], [ -111.283657092557888, 56.678186299831367 ], [ -111.283654391928977, 56.677826946038735 ], [ -111.283327981731233, 56.67782768890131 ], [ -111.283326632994005, 56.677648011992069 ], [ -111.28267381565918, 56.677649495141218 ], [ -111.282350095135769, 56.67800958927625 ], [ -111.282676506934138, 56.678008848974578 ], [ -111.282677852594986, 56.678188525883407 ], [ -111.283332028036639, 56.678366719597555 ] ] ] } },
{ "type": "Feature", "properties": { "area_km2": 0.004 }, "geometry": { "type": "Polygon", "coordinates": [ [ [ -111.279408397976383, 56.677477182593805 ], [ -111.279407067915258, 56.677297505613993 ], [ -111.279733473638018, 56.677296773030129 ], [ -111.279730810454538, 56.676937419064757 ], [ -111.279404407839209, 56.676938151638666 ], [ -111.279403077824313, 56.676758474643144 ], [ -111.278750275654829, 56.676759937215181 ], [ -111.278426525270092, 56.677120021233875 ], [ -111.278752929485279, 56.677119291220862 ], [ -111.278754256423554, 56.677298968215844 ], [ -111.279408397976383, 56.677477182593805 ] ] ] } },
{ "type": "Feature", "properties": { "area_km2": 0.0112 }, "geometry": { "type": "Polygon", "coordinates": [ [ [ -111.542167448166737, 56.677149686012008 ], [ -111.542164867360285, 56.676970014934064 ], [ -111.54249125950524, 56.676968593842446 ], [ -111.542480930364562, 56.676249909516294 ], [ -111.542154544433444, 56.676251330569315 ], [ -111.542149383149351, 56.675891988355161 ], [ -111.541823000295139, 56.675893408533689 ], [ -111.541820421251316, 56.675713737409026 ], [ -111.54116765856007, 56.675716575181255 ], [ -111.541170234497159, 56.675896246325202 ], [ -111.540843851553404, 56.675897663938187 ], [ -111.540522614329888, 56.67625842300648 ], [ -111.540849000410276, 56.676257006229427 ], [ -111.540851574883433, 56.676436677367107 ], [ -111.54117796248741, 56.676435259725245 ], [ -111.541183114630101, 56.676794601965462 ], [ -111.541509505311168, 56.676793183449114 ], [ -111.541512082980759, 56.676972854551664 ], [ -111.542167448166737, 56.677149686012008 ] ] ] } },
{ "type": "Feature", "properties": { "area_km2": 0.0188 }, "geometry": { "type": "Polygon", "coordinates": [ [ [ -111.139706234608639, 56.678071564728356 ], [ -111.140031316727359, 56.677711841079216 ], [ -111.139377828780681, 56.677532894669419 ], [ -111.139376501827726, 56.677173537496159 ], [ -111.139050094248248, 56.677173902290228 ], [ -111.13904943233706, 56.676994223693278 ], [ -111.137743808157779, 56.676995674306568 ], [ -111.137743152469241, 56.676815995694554 ], [ -111.135458320740028, 56.676818501321428 ], [ -111.135458965552331, 56.676998179950466 ], [ -111.135132559435831, 56.676998534478365 ], [ -111.135460255199348, 56.67735753719289 ], [ -111.13807152872144, 56.677354670139685 ], [ -111.138726988562993, 56.678072659147738 ], [ -111.139706234608639, 56.678071564728356 ] ] ] } },
{ "type": "Feature", "properties": { "area_km2": 0.0388 }, "geometry": { "type": "Polygon", "coordinates": [ [ [ -111.250053108576651, 56.680773805484151 ], [ -111.250051918104873, 56.680594128174484 ], [ -111.25070359454007, 56.680413138639381 ], [ -111.250697626916818, 56.679514752030954 ], [ -111.250371201247191, 56.67951540854645 ], [ -111.250364049878954, 56.678437344416821 ], [ -111.250037633519, 56.678438000050235 ], [ -111.250036443226449, 56.678258322672519 ], [ -111.249382426401823, 56.678079953972585 ], [ -111.249380052100904, 56.677720599173199 ], [ -111.249053641914941, 56.677721252222845 ], [ -111.249052456338873, 56.677541574810853 ], [ -111.248398456578528, 56.677363200909269 ], [ -111.248393726896268, 56.676644491152636 ], [ -111.24806732599157, 56.676645141609825 ], [ -111.248066145158916, 56.676465464153154 ], [ -111.247412168704173, 56.676287085022132 ], [ -111.247413346415854, 56.676466762492851 ], [ -111.247086947023831, 56.676467410379786 ], [ -111.247089299380747, 56.67682676531431 ], [ -111.247415701880115, 56.676826117418571 ], [ -111.247420412972318, 56.677544827207228 ], [ -111.24774682167299, 56.677544178438573 ], [ -111.247749180408519, 56.677903533292685 ], [ -111.248075592203108, 56.677902883659897 ], [ -111.248076773145186, 56.678082561074675 ], [ -111.248730783864346, 56.678260936635006 ], [ -111.248734336136891, 56.67879996880572 ], [ -111.248407916600428, 56.67880062017128 ], [ -111.248409099164803, 56.678980297555462 ], [ -111.249063127017749, 56.679158671330235 ], [ -111.249399048048389, 56.680595436981974 ], [ -111.250053108576651, 56.680773805484151 ] ] ] } },
{ "type": "Feature", "properties": { "area_km2": 0.0892 }, "geometry": { "type": "Polygon", "coordinates": [ [ [ -111.194233193477501, 56.681053026871304 ], [ -111.194232268746433, 56.680873348890664 ], [ -111.194558707404454, 56.680872839476514 ], [ -111.194556854866235, 56.680513483506438 ], [ -111.194230419316426, 56.68051399291366 ], [ -111.194227645251758, 56.679974958908943 ], [ -111.19390121435346, 56.67997546745039 ], [ -111.193572940337631, 56.679616619093338 ], [ -111.192593656870741, 56.679618136998464 ], [ -111.19259273999532, 56.679438458958778 ], [ -111.191939887405582, 56.679439466611754 ], [ -111.191938973648718, 56.679259788559968 ], [ -111.191286124124602, 56.679260792784589 ], [ -111.191285213486253, 56.679081114720766 ], [ -111.189653097261456, 56.679083610296288 ], [ -111.189652194403351, 56.678903932210289 ], [ -111.188346507450945, 56.678905913260579 ], [ -111.188345610818985, 56.678726235155885 ], [ -111.188019190608799, 56.678726728276708 ], [ -111.188018295541127, 56.678547050163438 ], [ -111.187691876874482, 56.678547542425555 ], [ -111.187363674308756, 56.678188677576713 ], [ -111.186384427539124, 56.678190146644901 ], [ -111.186383540271805, 56.678010468499295 ], [ -111.185730712148327, 56.678011443594755 ], [ -111.185729827998983, 56.67783176543729 ], [ -111.185077002942208, 56.677832737104808 ], [ -111.185076121910726, 56.677653058935505 ], [ -111.183769603084059, 56.6774753138058 ], [ -111.183768728288101, 56.677295635612907 ], [ -111.18344232036516, 56.677296116732542 ], [ -111.183114169085599, 56.676937240582362 ], [ -111.182134954548474, 56.676938676223926 ], [ -111.181806818806294, 56.676579796599135 ], [ -111.180827613471081, 56.676581221957726 ], [ -111.180826752709024, 56.676401543709503 ], [ -111.180500352464335, 56.67640201711523 ], [ -111.180499493265913, 56.676222338858565 ], [ -111.179846695854081, 56.676223283097762 ], [ -111.179845839772923, 56.676043604829452 ], [ -111.179519442605766, 56.676044075662936 ], [ -111.17952029713328, 56.676223753934444 ], [ -111.178868351092063, 56.676404371314632 ], [ -111.17887005398174, 56.676763727844254 ], [ -111.178543650570219, 56.67676419612463 ], [ -111.178871756910866, 56.677123084352985 ], [ -111.180503789357545, 56.677120730089619 ], [ -111.180504648605734, 56.67730040832015 ], [ -111.181483872615772, 56.677298985488768 ], [ -111.181484736535239, 56.677478663704392 ], [ -111.182137555599496, 56.677477710867109 ], [ -111.182138422636584, 56.677657389071037 ], [ -111.182791244768254, 56.677656432805975 ], [ -111.182792114923018, 56.677836110998179 ], [ -111.183118527527583, 56.677835631579413 ], [ -111.18311765581899, 56.677655953390456 ], [ -111.18377047789015, 56.677654991993435 ], [ -111.184426811677199, 56.678372739847241 ], [ -111.185079646097904, 56.678371771581318 ], [ -111.185080527170214, 56.678551449729703 ], [ -111.186059783386355, 56.678549990905793 ], [ -111.186060669130569, 56.678729669039029 ], [ -111.186713509664543, 56.678728692206356 ], [ -111.187041710758933, 56.679087558737855 ], [ -111.187694557446804, 56.679086576759687 ], [ -111.187695450991626, 56.679266254860622 ], [ -111.188348300746014, 56.679265269454277 ], [ -111.188349197409138, 56.679444947543281 ], [ -111.189981329382917, 56.679442469041497 ], [ -111.189982233826399, 56.679622147108425 ], [ -111.190635997212667, 56.679800827768197 ], [ -111.190637812368152, 56.680160183862398 ], [ -111.190311379799155, 56.680160682997837 ], [ -111.190312285838601, 56.680340361040479 ], [ -111.190638719961669, 56.680339861901658 ], [ -111.190966972400958, 56.680698717963423 ], [ -111.192925595503553, 56.680695699993294 ], [ -111.193253872776836, 56.681054549991529 ], [ -111.194233193477501, 56.681053026871304 ] ] ] } },
{ "type": "Feature", "properties": { "area_km2": 0.0876 }, "geometry": { "type": "Polygon", "coordinates": [ [ [ -111.149170855840367, 56.677701231474011 ], [ -111.149170145737855, 56.677521552972244 ], [ -111.151781429029697, 56.677518398510308 ], [ -111.151780706505036, 56.677338720024757 ], [ -111.152433524137081, 56.677337922861433 ], [ -111.152432798513232, 56.677158244376081 ], [ -111.153412020236871, 56.677157042224394 ], [ -111.153411289960161, 56.676977363741969 ], [ -111.153737695630724, 56.676976961316853 ], [ -111.153736963808726, 56.676797282831934 ], [ -111.154389772016927, 56.676796475421263 ], [ -111.1547147031674, 56.676436713463943 ], [ -111.15569390606791, 56.676435493383863 ], [ -111.15569464719519, 56.676615171862693 ], [ -111.157326659625951, 56.676613121276176 ], [ -111.157325910730151, 56.676433442811259 ], [ -111.157652311636653, 56.676433030130873 ], [ -111.157977208554186, 56.676073259660932 ], [ -111.158630004108943, 56.676072430034992 ], [ -111.158629249024571, 56.675892751565655 ], [ -111.159934833814418, 56.675891082061803 ], [ -111.160259704311159, 56.675531305621682 ], [ -111.159933311242952, 56.675531725130128 ], [ -111.159932549970421, 56.675352046656464 ], [ -111.158953375373713, 56.675353300041721 ], [ -111.158954131985439, 56.675532978523897 ], [ -111.156016593741711, 56.675536692521213 ], [ -111.156017336379676, 56.675716371023398 ], [ -111.155364546900998, 56.675717186953825 ], [ -111.155365286440315, 56.67589686545633 ], [ -111.154712493820099, 56.675897677971214 ], [ -111.154713230260668, 56.676077356474011 ], [ -111.154060434499044, 56.676078165573308 ], [ -111.154061167840808, 56.676257844076375 ], [ -111.152755570001091, 56.676259452022563 ], [ -111.152754842873989, 56.676079773508569 ], [ -111.152102047010871, 56.676080572344524 ], [ -111.152102771030641, 56.676260250863947 ], [ -111.151123572512091, 56.676261442711407 ], [ -111.151124291879171, 56.676441121233701 ], [ -111.150471489717745, 56.676441911527633 ], [ -111.150472205985736, 56.676621590050075 ], [ -111.149492998020307, 56.67662276908429 ], [ -111.149493709635422, 56.676802447609504 ], [ -111.148840901176456, 56.676803229361155 ], [ -111.148841609692326, 56.676982907886462 ], [ -111.145577551370522, 56.676986765352837 ], [ -111.145576858392104, 56.676807086801333 ], [ -111.144597645399458, 56.676808227354996 ], [ -111.144598333716658, 56.676987905914245 ], [ -111.144271927816064, 56.676988284390781 ], [ -111.144272614587479, 56.677167962947387 ], [ -111.143620483326728, 56.677348395896132 ], [ -111.143948262825745, 56.677707376217327 ], [ -111.146559559591637, 56.677704331216248 ], [ -111.146558861919658, 56.677524652693435 ], [ -111.147538093412578, 56.677523496712922 ], [ -111.147538795746016, 56.677703175227883 ], [ -111.149170855840367, 56.677701231474011 ] ] ] } },
{ "type": "Feature", "properties": { "area_km2": 0.0136 }, "geometry": { "type": "Polygon", "coordinates": [ [ [ -111.170055539478653, 56.676416714508044 ], [ -111.170380317973397, 56.676056911759275 ], [ -111.169726715161957, 56.675878124595094 ], [ -111.169724291493054, 56.6753390894538 ], [ -111.169397900241933, 56.675339533761722 ], [ -111.169397093924573, 56.675159855367809 ], [ -111.168417924775994, 56.675161183151012 ], [ -111.168418726432634, 56.675340861553934 ], [ -111.16809233514428, 56.675341302440842 ], [ -111.168095535649201, 56.676060016012237 ], [ -111.168421933152032, 56.676059575113371 ], [ -111.168749937168315, 56.676418490101547 ], [ -111.170055539478653, 56.676416714508044 ] ] ] } },
{ "type": "Feature", "properties": { "area_km2": 0.0044 }, "geometry": { "type": "Polygon", "coordinates": [ [ [ -111.166461170908207, 56.675523172462164 ], [ -111.166460378563826, 56.675343494046587 ], [ -111.166786769898351, 56.675343057435946 ], [ -111.166458793902606, 56.674984137199743 ], [ -111.165479629165475, 56.674985441882448 ], [ -111.165480416830832, 56.675165120317345 ], [ -111.165154027013301, 56.67516555350403 ], [ -111.165481992188916, 56.675524477171443 ], [ -111.166461170908207, 56.675523172462164 ] ] ] } },
{ "type": "Feature", "properties": { "area_km2": 0.0212 }, "geometry": { "type": "Polygon", "coordinates": [ [ [ -111.164179546402977, 56.676244918502654 ], [ -111.164178764897542, 56.676065240087389 ], [ -111.16450516251038, 56.676064809451795 ], [ -111.164502030364687, 56.675346095750157 ], [ -111.164828421753981, 56.67534566427102 ], [ -111.164500464346233, 56.674986738867972 ], [ -111.161236581028732, 56.674991006562408 ], [ -111.161237348497835, 56.675170685035106 ], [ -111.160585332990848, 56.675351206790019 ], [ -111.160913256363244, 56.675710142498914 ], [ -111.163198018342868, 56.675707169998752 ], [ -111.163198795169308, 56.675886848433223 ], [ -111.163525191255616, 56.675886420366382 ], [ -111.163525969644709, 56.676066098792717 ], [ -111.164179546402977, 56.676244918502654 ] ] ] } },
{ "type": "Feature", "properties": { "area_km2": 0.0216 }, "geometry": { "type": "Polygon", "coordinates": [ [ [ -111.245452613093903, 56.67611128198596 ], [ -111.245451444731231, 56.67593160447845 ], [ -111.245777839530248, 56.675930960881018 ], [ -111.245775499738301, 56.675571605859055 ], [ -111.245449108046472, 56.675572249447725 ], [ -111.245120382817575, 56.675213537120776 ], [ -111.244467605580539, 56.675214820004477 ], [ -111.244138892793458, 56.674856105056016 ], [ -111.242506964933455, 56.6748592929791 ], [ -111.242505810646946, 56.674679615395874 ], [ -111.24185304251624, 56.674680884569916 ], [ -111.241851891350066, 56.674501206972828 ], [ -111.24119912627296, 56.674502472717371 ], [ -111.241200274332186, 56.674682150323065 ], [ -111.240873890220229, 56.674682781916808 ], [ -111.240877329817138, 56.675221814715336 ], [ -111.241203718589659, 56.675221183108711 ], [ -111.241204866702077, 56.675400860693458 ], [ -111.24348959861122, 56.675396415470296 ], [ -111.243490757611909, 56.675576093019622 ], [ -111.244469932889842, 56.675574175082296 ], [ -111.244471096564709, 56.675753852613347 ], [ -111.244797489850654, 56.675753211586056 ], [ -111.244798655092609, 56.675932889107521 ], [ -111.245452613093903, 56.67611128198596 ] ] ] } },
{ "type": "Feature", "properties": { "area_km2": 0.0116 }, "geometry": { "type": "Polygon", "coordinates": [ [ [ -111.122722695647894, 56.675034906561407 ], [ -111.122722111506278, 56.674855227785301 ], [ -111.123048499249407, 56.674854905785423 ], [ -111.122720943243337, 56.674495870217392 ], [ -111.122068173950922, 56.674496511642715 ], [ -111.122068754971963, 56.674676190433637 ], [ -111.121415982545585, 56.674676828442372 ], [ -111.121415404631577, 56.674497149647117 ], [ -111.120762635285445, 56.674497784230603 ], [ -111.120762060485134, 56.674318105425797 ], [ -111.11945652792717, 56.674319364321477 ], [ -111.119457096513472, 56.674499043134823 ], [ -111.119130711803976, 56.674499355722801 ], [ -111.119458233705856, 56.674858400745826 ], [ -111.12043739711595, 56.674857457837696 ], [ -111.120437970382667, 56.675037136628973 ], [ -111.121417138393682, 56.675036186017216 ], [ -111.121416560466287, 56.674856507232398 ], [ -111.122722695647894, 56.675034906561407 ] ] ] } },
{ "type": "Feature", "properties": { "area_km2": 0.0124 }, "geometry": { "type": "Polygon", "coordinates": [ [ [ -111.100529644076715, 56.675593832994053 ], [ -111.100529165560417, 56.67541415409849 ], [ -111.10085555838333, 56.675413890249686 ], [ -111.10118098797038, 56.675054267746013 ], [ -111.101833767373989, 56.675053735779329 ], [ -111.101833282660067, 56.674874056875304 ], [ -111.102485571118734, 56.674693842585654 ], [ -111.102484595504905, 56.674334484758774 ], [ -111.10215821203127, 56.674334752872952 ], [ -111.102157725786341, 56.674155073949869 ], [ -111.101505445067147, 56.674335286535637 ], [ -111.101506411359878, 56.674694644373417 ], [ -111.101180024762371, 56.674694909925527 ], [ -111.10118050636359, 56.674874588838378 ], [ -111.099548565525055, 56.674875903779323 ], [ -111.099549039364035, 56.67505558269589 ], [ -111.099222649626242, 56.675055843120127 ], [ -111.099223594213498, 56.675415200941117 ], [ -111.099549987058481, 56.675414940513356 ], [ -111.099550460913918, 56.675594619414262 ], [ -111.100529644076715, 56.675593832994053 ] ] ] } },
{ "type": "Feature", "properties": { "area_km2": 0.12 }, "geometry": { "type": "Polygon", "coordinates": [ [ [ -111.53890607484233, 56.677343521156459 ], [ -111.538903509541228, 56.677163849987586 ], [ -111.539229903537773, 56.677162437438533 ], [ -111.539227336712869, 56.676982766273973 ], [ -111.539877551607617, 56.676800267478725 ], [ -111.539869842079753, 56.676261253995001 ], [ -111.540520041439976, 56.676078751853886 ], [ -111.540517468579836, 56.675899080695984 ], [ -111.540191085576481, 56.675900496598608 ], [ -111.540180800647349, 56.675181811875611 ], [ -111.53985442382762, 56.675183226884606 ], [ -111.539841576102546, 56.674284870813679 ], [ -111.53951520701942, 56.674286284919482 ], [ -111.539183705237662, 56.673928355666312 ], [ -111.538204607040058, 56.673932590230059 ], [ -111.537873120790223, 56.673574657439367 ], [ -111.536894031555789, 56.673578881684321 ], [ -111.536891476197411, 56.673399210346837 ], [ -111.536238752999424, 56.673402022215498 ], [ -111.536236200776898, 56.673222350853614 ], [ -111.535909840686699, 56.673223755495755 ], [ -111.53590729004685, 56.673044084119049 ], [ -111.535252025379961, 56.672867219417903 ], [ -111.535254572884071, 56.673046890818974 ], [ -111.534928214258443, 56.673048292886307 ], [ -111.534946036741161, 56.674305992612219 ], [ -111.534619667213832, 56.674307393891084 ], [ -111.534298383847329, 56.674668137084069 ], [ -111.53397201115456, 56.674669536671679 ], [ -111.533969469597949, 56.674489865280187 ], [ -111.533316727230684, 56.674492661870985 ], [ -111.533319265680774, 56.674672333281464 ], [ -111.53299289289977, 56.674673730303645 ], [ -111.532997966781537, 56.675033073127715 ], [ -111.533324342669133, 56.675031676086554 ], [ -111.533655798739915, 56.675389620955166 ], [ -111.534308556581323, 56.675386822559048 ], [ -111.534640025108303, 56.675744764764964 ], [ -111.535292788986368, 56.675741961199783 ], [ -111.535295336962577, 56.67592163251615 ], [ -111.535621720410731, 56.67592022944126 ], [ -111.535624269969858, 56.67609990074282 ], [ -111.5359506549419, 56.676098496803206 ], [ -111.53595320608396, 56.676278168089929 ], [ -111.536608533324724, 56.676455028888377 ], [ -111.536613641970462, 56.676814371397171 ], [ -111.536940033067594, 56.676812964853774 ], [ -111.536942588988325, 56.676992636090688 ], [ -111.537595374200777, 56.676989820419131 ], [ -111.537597933258127, 56.677169491631609 ], [ -111.538577115514983, 56.677165261681438 ], [ -111.538579679262554, 56.677344932859889 ], [ -111.53890607484233, 56.677343521156459 ] ] ] } },
{ "type": "Feature", "properties": { "area_km2": 0.0172 }, "geometry": { "type": "Polygon", "coordinates": [ [ [ -111.095305518708429, 56.674879222562332 ], [ -111.095305065071003, 56.674699543618004 ], [ -111.096610611819884, 56.674698537855214 ], [ -111.096610151973607, 56.674518858912492 ], [ -111.096936537094038, 56.674518605335422 ], [ -111.096936075699574, 56.674338926389204 ], [ -111.09726245926116, 56.67433867195863 ], [ -111.097587913830552, 56.673979058771657 ], [ -111.0972615333813, 56.67397931405398 ], [ -111.09726107044942, 56.673799635093822 ], [ -111.094976418029745, 56.673801398112154 ], [ -111.094976870087436, 56.673981077084292 ], [ -111.094650489595807, 56.673981325524913 ], [ -111.094650940105268, 56.674161004493506 ], [ -111.09432455805495, 56.674161252080594 ], [ -111.09399907081999, 56.674520856740699 ], [ -111.094325455982528, 56.674520610005487 ], [ -111.094652742195308, 56.674879720315687 ], [ -111.095305518708429, 56.674879222562332 ] ] ] } },
{ "type": "Feature", "properties": { "area_km2": 0.0752 }, "geometry": { "type": "Polygon", "coordinates": [ [ [ -111.13317982833594, 56.678617751261221 ], [ -111.133504977376674, 56.678258044645794 ], [ -111.132851510860377, 56.678079064004166 ], [ -111.132850246015167, 56.677719706765316 ], [ -111.13252383362439, 56.677720054460174 ], [ -111.132523202766592, 56.67754037583056 ], [ -111.132849613603554, 56.677540028138061 ], [ -111.13284898119926, 56.677360349505577 ], [ -111.133175390475103, 56.677360000960121 ], [ -111.133500528741891, 56.677000294288185 ], [ -111.13317412258094, 56.677000643684217 ], [ -111.133173488644886, 56.676820965038438 ], [ -111.132847084030345, 56.676821313576795 ], [ -111.132519417773267, 56.676462303943161 ], [ -111.131213811642723, 56.676463686103581 ], [ -111.131213187050861, 56.676284007428009 ], [ -111.130886787053797, 56.676284350827551 ], [ -111.13088616402284, 56.676104672144426 ], [ -111.130233367114428, 56.676105356373 ], [ -111.129905731931089, 56.675746339808519 ], [ -111.129252941194252, 56.675747018896182 ], [ -111.129252325953061, 56.675567340185815 ], [ -111.127946141588893, 56.675389009364018 ], [ -111.127945532576305, 56.675209330634026 ], [ -111.127619141829697, 56.675209665467058 ], [ -111.127618534377731, 56.675029986729584 ], [ -111.127292145177648, 56.675030320705098 ], [ -111.12729153928629, 56.674850641960127 ], [ -111.126965151632746, 56.674850975078137 ], [ -111.126964547301924, 56.674671296325677 ], [ -111.126638161194904, 56.674671628586189 ], [ -111.126637558424605, 56.674491949826248 ], [ -111.126311173864138, 56.674492281229277 ], [ -111.126310572654333, 56.674312602461868 ], [ -111.125984189640391, 56.6743129330074 ], [ -111.125983589991009, 56.674133254232537 ], [ -111.12565720852362, 56.674133583920614 ], [ -111.125329633985174, 56.673774555179101 ], [ -111.124350498841551, 56.673775536533071 ], [ -111.124349906980143, 56.673595857731399 ], [ -111.123697742044826, 56.673776186493022 ], [ -111.123698330806192, 56.673955865293905 ], [ -111.124351682584916, 56.674134894120776 ], [ -111.124026481746881, 56.674494577104007 ], [ -111.124352866355707, 56.674494251687591 ], [ -111.124353458251392, 56.674673930463157 ], [ -111.124679844406884, 56.674673604189294 ], [ -111.125007420581611, 56.675032634586785 ], [ -111.12631357877305, 56.675210996246669 ], [ -111.126314180017687, 56.675390674987973 ], [ -111.126640572345934, 56.675390343573689 ], [ -111.126641175151136, 56.675570022307511 ], [ -111.126967569026007, 56.675569690035715 ], [ -111.126968173391816, 56.675749368762062 ], [ -111.127294568813312, 56.675749035632727 ], [ -111.127295174739757, 56.675928714351585 ], [ -111.127621571707877, 56.675928380364731 ], [ -111.127622179195015, 56.676108059076086 ], [ -111.127948577709759, 56.676107724231692 ], [ -111.127949186757604, 56.676287402935543 ], [ -111.128275586818972, 56.676287067233588 ], [ -111.128276197427567, 56.676466745929936 ], [ -111.128602599035574, 56.676466409370398 ], [ -111.128930228089772, 56.676825429323458 ], [ -111.129583037485133, 56.676824751918709 ], [ -111.129583654329949, 56.677004430590216 ], [ -111.129910060570666, 56.677004090602587 ], [ -111.129910678976401, 56.677183769266577 ], [ -111.130237086763714, 56.677183428421309 ], [ -111.130237706730398, 56.677363107077738 ], [ -111.130564116064335, 56.677362765374852 ], [ -111.13056473759201, 56.677542444023743 ], [ -111.130891148472543, 56.677542101463189 ], [ -111.13089177156121, 56.677721780104534 ], [ -111.131218183988366, 56.677721436686326 ], [ -111.13121880863811, 56.677901115320104 ], [ -111.131545222611848, 56.677900771044236 ], [ -111.131545848822682, 56.678080449670468 ], [ -111.131872264343031, 56.67808010453691 ], [ -111.131872892114984, 56.678259783155561 ], [ -111.132199309181942, 56.678259437164307 ], [ -111.13252698802296, 56.678618447529935 ], [ -111.13317982833594, 56.678617751261221 ] ] ] } },
{ "type": "Feature", "properties": { "area_km2": 0.0056 }, "geometry": { "type": "Polygon", "coordinates": [ [ [ -111.090407973050603, 56.674164156418392 ], [ -111.090407542736287, 56.673984477428384 ], [ -111.090733923294351, 56.673984240105561 ], [ -111.090733059573793, 56.67362488211311 ], [ -111.090406682122619, 56.673625119432707 ], [ -111.090406251823268, 56.673445440427038 ], [ -111.089427124100183, 56.67344614724982 ], [ -111.089101596358887, 56.673805739165907 ], [ -111.089427975383316, 56.673805505265534 ], [ -111.089755208812591, 56.6741646285016 ], [ -111.090407973050603, 56.674164156418392 ] ] ] } },
{ "type": "Feature", "properties": { "area_km2": 0.0788 }, "geometry": { "type": "Polygon", "coordinates": [ [ [ -111.227524620623939, 56.680098271907688 ], [ -111.227523537434678, 56.679918594283791 ], [ -111.228829256161561, 56.679916202562765 ], [ -111.229153503930917, 56.679556247271186 ], [ -111.228827077388686, 56.67955684733176 ], [ -111.228825988021185, 56.679377169708417 ], [ -111.227846712980806, 56.679378964745688 ], [ -111.227518121676596, 56.679020206085809 ], [ -111.226865277777549, 56.679021396773521 ], [ -111.226864197771405, 56.678841719110139 ], [ -111.226537777357009, 56.678842313166925 ], [ -111.22653562049004, 56.678482957816392 ], [ -111.225881710532377, 56.678304465656595 ], [ -111.2258795599557, 56.67794511025857 ], [ -111.225553147273232, 56.677945701729186 ], [ -111.225549926163012, 56.677406668580836 ], [ -111.225223518129482, 56.677407259184086 ], [ -111.225221373892353, 56.677047903717678 ], [ -111.224567495010575, 56.67686940459317 ], [ -111.224889616346815, 56.676150104679976 ], [ -111.224563219164395, 56.676150693544614 ], [ -111.224560012409768, 56.675611660203252 ], [ -111.224233619875818, 56.675612248200622 ], [ -111.224227216022001, 56.674534181352676 ], [ -111.2239008327969, 56.67453476847087 ], [ -111.223570192998352, 56.673816643365356 ], [ -111.223243815962348, 56.673817228757201 ], [ -111.223242753406282, 56.673637550898022 ], [ -111.222590002404203, 56.673638719108197 ], [ -111.222588942967207, 56.673459041235851 ], [ -111.222262569001131, 56.673459624054203 ], [ -111.222261511129773, 56.673279946172663 ], [ -111.221608766267622, 56.673281109235909 ], [ -111.22160771151519, 56.673101431341252 ], [ -111.220302227857857, 56.673103747189849 ], [ -111.22030117933096, 56.672924069274217 ], [ -111.219648440536005, 56.672925222059654 ], [ -111.219649485956239, 56.673104899983116 ], [ -111.219323114987262, 56.673105475096989 ], [ -111.219326246660501, 56.673644508847701 ], [ -111.219652622289573, 56.673643933722097 ], [ -111.219653667758237, 56.673823611624648 ], [ -111.220632799232931, 56.673821881104963 ], [ -111.220633849373954, 56.674001558990518 ], [ -111.22128660673647, 56.674000401026881 ], [ -111.221287659996548, 56.67418007889934 ], [ -111.221940420417141, 56.674178917507007 ], [ -111.221941476796317, 56.674358595366336 ], [ -111.222267858541727, 56.674358013383419 ], [ -111.222268916486613, 56.674537691233553 ], [ -111.222922744111713, 56.67471620253113 ], [ -111.222925927377773, 56.675255236010699 ], [ -111.223252316853916, 56.675254651442287 ], [ -111.223254442199888, 56.675614007061235 ], [ -111.223580834770857, 56.67561342162962 ], [ -111.223584027542955, 56.676152455006878 ], [ -111.223910424762465, 56.676151868708054 ], [ -111.223912556446152, 56.676511224258782 ], [ -111.224238956760615, 56.676510637096705 ], [ -111.224241091601073, 56.676869992618506 ], [ -111.223914688179207, 56.676870579788549 ], [ -111.223917885871387, 56.677409613043984 ], [ -111.224244293954484, 56.677409025861984 ], [ -111.224577116388787, 56.67848650414637 ], [ -111.225231023350631, 56.678665003151714 ], [ -111.225234240060246, 56.679204036202215 ], [ -111.225560663632351, 56.679203445558841 ], [ -111.225561737447691, 56.679383123227879 ], [ -111.225888162561304, 56.679382531725125 ], [ -111.225889237943051, 56.679562209384891 ], [ -111.2262156645982, 56.679561617022728 ], [ -111.226216741546395, 56.679741294673256 ], [ -111.226543169743039, 56.679740701451692 ], [ -111.226871758077095, 56.680099462643938 ], [ -111.227524620623939, 56.680098271907688 ] ] ] } },
{ "type": "Feature", "properties": { "area_km2": 0.058 }, "geometry": { "type": "Polygon", "coordinates": [ [ [ -111.208904095443557, 56.677615376742125 ], [ -111.208903100995428, 56.677435698823579 ], [ -111.209229509627789, 56.677435150985957 ], [ -111.209225525735476, 56.676716439274351 ], [ -111.209551928141352, 56.676715890596334 ], [ -111.209546940767197, 56.675817500857775 ], [ -111.209873335393212, 56.675816951343137 ], [ -111.210195727887665, 56.675097689118125 ], [ -111.210847501045052, 56.674916907873133 ], [ -111.210845493863715, 56.674557551918731 ], [ -111.211497254581431, 56.674376767267169 ], [ -111.211495241256031, 56.674017411296397 ], [ -111.211821620277121, 56.674016856687871 ], [ -111.211820612078483, 56.673837178698399 ], [ -111.212146989534475, 56.673836623238429 ], [ -111.212145979794116, 56.673656945247508 ], [ -111.212797718728723, 56.673476153780953 ], [ -111.212794680292774, 56.672937119783811 ], [ -111.212468310627031, 56.672937676935256 ], [ -111.212467299391818, 56.672757998921959 ], [ -111.211161826825233, 56.672760218960974 ], [ -111.211162831847176, 56.672939896989348 ], [ -111.210510092387338, 56.672941001885384 ], [ -111.210511094314242, 56.673120679916039 ], [ -111.210184723013583, 56.673121231085041 ], [ -111.210185723398752, 56.673300909114211 ], [ -111.20953397494597, 56.67348168692557 ], [ -111.20953696688531, 56.674020720988374 ], [ -111.208885202898458, 56.674201495395337 ], [ -111.20888818565551, 56.674740529417733 ], [ -111.208561800316261, 56.67474107634429 ], [ -111.208566764040569, 56.675639466295578 ], [ -111.208240370922056, 56.675640012385465 ], [ -111.208250283696159, 56.677436791932855 ], [ -111.208904095443557, 56.677615376742125 ] ] ] } },
{ "type": "Feature", "properties": { "area_km2": 0.0456 }, "geometry": { "type": "Polygon", "coordinates": [ [ [ -111.106074813337997, 56.674331479057891 ], [ -111.106400183867919, 56.673971842877876 ], [ -111.107379324725727, 56.673971002627276 ], [ -111.107704679721039, 56.67361136302452 ], [ -111.108357434037686, 56.673610796878663 ], [ -111.108357949780995, 56.673790475781828 ], [ -111.110642600574181, 56.673788467318815 ], [ -111.110642073956853, 56.673608788429306 ], [ -111.111294828164844, 56.673608206889817 ], [ -111.111294298446794, 56.673428527999029 ], [ -111.111620673988185, 56.673428235948457 ], [ -111.11162014272287, 56.673248557054428 ], [ -111.111293768734868, 56.673248849103011 ], [ -111.111292179635896, 56.672709812383637 ], [ -111.110965810301849, 56.672710103571092 ], [ -111.110965282167783, 56.672530424652209 ], [ -111.110312546588005, 56.67253100445766 ], [ -111.110313071615423, 56.67271068338048 ], [ -111.109007594169739, 56.6727118327372 ], [ -111.109008112989855, 56.672891511662584 ], [ -111.106397651783738, 56.673073448278608 ], [ -111.106398158188853, 56.673253127208902 ], [ -111.105745410015018, 56.673253683084795 ], [ -111.105745913319197, 56.67343336201364 ], [ -111.104766786354588, 56.673434189419169 ], [ -111.104767285004343, 56.673613868348419 ], [ -111.104440907784479, 56.673614142441728 ], [ -111.104441404886572, 56.67379382136761 ], [ -111.103789141323674, 56.673974045916722 ], [ -111.10411651278794, 56.674333131359482 ], [ -111.106074813337997, 56.674331479057891 ] ] ] } },
{ "type": "Feature", "properties": { "area_km2": 0.0212 }, "geometry": { "type": "Polygon", "coordinates": [ [ [ -111.084205509624098, 56.673629466016493 ], [ -111.084531082495971, 56.673269886873136 ], [ -111.084204708060014, 56.673270107940873 ], [ -111.084204307284935, 56.673090428895229 ], [ -111.083551561505899, 56.673090868462133 ], [ -111.083224396393362, 56.672731728846927 ], [ -111.082245286996766, 56.672732379208988 ], [ -111.08224489555559, 56.672552700138809 ], [ -111.081265790778176, 56.672553342799915 ], [ -111.081265404001485, 56.67237366372013 ], [ -111.079633570383024, 56.672374717711463 ], [ -111.079633949393155, 56.672554396798404 ], [ -111.07930758110291, 56.672554605032602 ], [ -111.079634707426564, 56.672913754956603 ], [ -111.080940192970203, 56.672912913456713 ], [ -111.081267337929759, 56.673272059066804 ], [ -111.082246461347466, 56.673271416388225 ], [ -111.082246852806776, 56.673451095437521 ], [ -111.082899604836101, 56.673450662706237 ], [ -111.082899999406763, 56.673630341747383 ], [ -111.084205509624098, 56.673629466016493 ] ] ] } },
{ "type": "Feature", "properties": { "area_km2": 2.7716 }, "geometry": { "type": "Polygon", "coordinates": [ [ [ -111.43586063951345, 56.714401564437878 ], [ -111.435858561796607, 56.714221891594555 ], [ -111.436838721224746, 56.714218459967704 ], [ -111.436836638860058, 56.714038787142449 ], [ -111.437490075243502, 56.714036495124518 ], [ -111.437487989788337, 56.713856822309566 ], [ -111.438792764375691, 56.71367255523856 ], [ -111.438790672739827, 56.713492882444307 ], [ -111.439117386126568, 56.713491731748334 ], [ -111.439109013596692, 56.712773040549941 ], [ -111.43943572073033, 56.712771889028843 ], [ -111.439433626101348, 56.712592216223911 ], [ -111.439760331653517, 56.712591063854234 ], [ -111.439756139354117, 56.712231718244233 ], [ -111.440407444929463, 56.712049738169817 ], [ -111.440399048262861, 56.711331046928258 ], [ -111.440725742842389, 56.711329892044319 ], [ -111.440717340337102, 56.710611200749888 ], [ -111.441044028664294, 56.710610045041008 ], [ -111.441039824443862, 56.710250699377916 ], [ -111.441366509632786, 56.710249542828421 ], [ -111.441353888215019, 56.709171505759855 ], [ -111.44168056403835, 56.709170348401237 ], [ -111.441659514725274, 56.707373619610927 ], [ -111.441986174956952, 56.707372461474733 ], [ -111.441969324810501, 56.705935078126217 ], [ -111.442295972565262, 56.705933919196788 ], [ -111.442291757159808, 56.705574573322743 ], [ -111.442618401777196, 56.705573413552898 ], [ -111.442928160823328, 56.704134869346134 ], [ -111.443254792940749, 56.704133707927078 ], [ -111.443250568686082, 56.703774361995002 ], [ -111.443577197666428, 56.703773199735615 ], [ -111.44357297039717, 56.703413853798267 ], [ -111.443899596240527, 56.703412690698578 ], [ -111.443893250851715, 56.702873671776743 ], [ -111.444219872001938, 56.702872507844674 ], [ -111.444215638752951, 56.702513161886266 ], [ -111.444542256766312, 56.702511997113938 ], [ -111.444540138622486, 56.702332324134758 ], [ -111.444866755055145, 56.702331158514291 ], [ -111.444864635379744, 56.70215148553774 ], [ -111.445515742296124, 56.701969478778501 ], [ -111.445833858512472, 56.701249618720986 ], [ -111.446160465510346, 56.701248449723892 ], [ -111.446158339758298, 56.701068776747491 ], [ -111.446484945175527, 56.701067606902335 ], [ -111.446482817892118, 56.700887933928612 ], [ -111.446809421728702, 56.700886763235381 ], [ -111.446807292913988, 56.700707090264324 ], [ -111.44745836549923, 56.700525073365341 ], [ -111.447454101769409, 56.700165727428768 ], [ -111.447780699308169, 56.700164554199368 ], [ -111.447778565924423, 56.699984881231146 ], [ -111.448105161882552, 56.69998370715372 ], [ -111.448103026967644, 56.699804034188212 ], [ -111.448429621345156, 56.699802859262775 ], [ -111.448427484899142, 56.699623186299981 ], [ -111.448754077696023, 56.699622010526554 ], [ -111.448751939718917, 56.699442337566488 ], [ -111.449078530935196, 56.699441160945078 ], [ -111.4494008400235, 56.699080637563718 ], [ -111.450054016108766, 56.699078280073074 ], [ -111.450051871982836, 56.698898607129209 ], [ -111.450378458432397, 56.698897427107958 ], [ -111.450376312775546, 56.698717754166843 ], [ -111.45070289764449, 56.698716573297659 ], [ -111.450700750456747, 56.698536900359301 ], [ -111.45102733374506, 56.698535718642198 ], [ -111.451349616484734, 56.698175190208751 ], [ -111.452002776713897, 56.698172822527013 ], [ -111.452325047032872, 56.697812291569051 ], [ -111.453629193581904, 56.697627869682982 ], [ -111.45362703254267, 56.697448196785473 ], [ -111.453953606272137, 56.697447007413381 ], [ -111.453951443702337, 56.697267334518685 ], [ -111.454604587974842, 56.697264953222962 ], [ -111.454926825675471, 56.69690441553459 ], [ -111.455579963574976, 56.696902029135906 ], [ -111.455577793302524, 56.69672235626588 ], [ -111.456230927990319, 56.696719966459874 ], [ -111.456228754631923, 56.696540293600819 ], [ -111.457208451808057, 56.696536702497077 ], [ -111.457206273808268, 56.696357029657158 ], [ -111.458512530134257, 56.696352229569193 ], [ -111.458510345937668, 56.696172556756608 ], [ -111.459163470837893, 56.696170151593748 ], [ -111.45916128355563, 56.69599047879224 ], [ -111.461120648314491, 56.695983242812076 ], [ -111.461118451724758, 56.695803570054466 ], [ -111.463077806234523, 56.695796303312825 ], [ -111.463075600337575, 56.695616630599304 ], [ -111.467973959246081, 56.695598329073121 ], [ -111.467971730043303, 56.695418656478701 ], [ -111.46862484101581, 56.695416201742553 ], [ -111.468627073329429, 56.695595874320297 ], [ -111.470912971805419, 56.695587255726373 ], [ -111.470915215032974, 56.695766928240289 ], [ -111.472221448383834, 56.695761984467367 ], [ -111.472223697859206, 56.695941656942438 ], [ -111.474509616107198, 56.695932972330716 ], [ -111.475153681630857, 56.695211793682226 ], [ -111.476786448223066, 56.695205556323614 ], [ -111.476784177076681, 56.69502588394576 ], [ -111.477763832050243, 56.695022131286159 ], [ -111.477761556264085, 56.694842458928534 ], [ -111.478741206334263, 56.694838698592108 ], [ -111.47874348678647, 56.695018370924181 ], [ -111.47939658981187, 56.695015859737083 ], [ -111.479718571074812, 56.694655258241568 ], [ -111.480371667720036, 56.694652741953739 ], [ -111.480369379544072, 56.694473069653803 ], [ -111.481349019647055, 56.694469288829204 ], [ -111.481346726831703, 56.694289616549682 ], [ -111.48199981699031, 56.69428709173809 ], [ -111.481997521090975, 56.694107419470434 ], [ -111.482324064575096, 56.694106155789534 ], [ -111.482321767147113, 56.693926483525196 ], [ -111.482648309049353, 56.693925218997087 ], [ -111.482646010092751, 56.693745546736061 ], [ -111.482972550413109, 56.693744281360757 ], [ -111.482970249927916, 56.693564609103056 ], [ -111.483296788666408, 56.693563342880594 ], [ -111.483294486652667, 56.693383670626226 ], [ -111.483621023809263, 56.693382403556605 ], [ -111.483942950771009, 56.693021791141057 ], [ -111.484596018730016, 56.693019252757459 ], [ -111.48459371057568, 56.692839580521714 ], [ -111.48492024295993, 56.692838310054917 ], [ -111.484917933277217, 56.692658637822525 ], [ -111.485244464079557, 56.692657366508627 ], [ -111.485242152868494, 56.692477694279596 ], [ -111.485568682088953, 56.692476422118595 ], [ -111.485890582720472, 56.692115804662528 ], [ -111.486870160810028, 56.692111980529866 ], [ -111.486867841904015, 56.691932308328269 ], [ -111.487194366325085, 56.691931031914606 ], [ -111.48751624676774, 56.691570410260894 ], [ -111.488169289255282, 56.691567853189724 ], [ -111.488166964209867, 56.691388181007021 ], [ -111.48849348385825, 56.691386901196573 ], [ -111.488491157284784, 56.69120722901728 ], [ -111.488817675351228, 56.69120594835983 ], [ -111.488815347249755, 56.691026276183955 ], [ -111.489141863734261, 56.69102499467953 ], [ -111.489139534104808, 56.690845322507087 ], [ -111.489790231170645, 56.690663084788284 ], [ -111.489785565827106, 56.690303740451846 ], [ -111.490112076010931, 56.690302456415246 ], [ -111.49010974182481, 56.690122784247833 ], [ -111.490762759001555, 56.6901202136251 ], [ -111.491084589929187, 56.689759582732002 ], [ -111.491737600724051, 56.689757007010328 ], [ -111.492059419240178, 56.689396373599152 ], [ -111.492712423652961, 56.689393792778667 ], [ -111.492710077163835, 56.689214120654853 ], [ -111.493360728786854, 56.68903186431784 ], [ -111.493356029725589, 56.688672520078917 ], [ -111.4936825256178, 56.688671226709111 ], [ -111.494004316311589, 56.688310588258808 ], [ -111.494657301740958, 56.68830799727634 ], [ -111.494654946086911, 56.688128325173565 ], [ -111.494981437206008, 56.688127028407742 ], [ -111.49530321085301, 56.687766386600217 ], [ -111.495956186736024, 56.687763788825912 ], [ -111.495953824945403, 56.68758411674257 ], [ -111.496604432737314, 56.68740184349268 ], [ -111.496599703074608, 56.687042499334943 ], [ -111.496926184701977, 56.687041197488639 ], [ -111.496923818357189, 56.686861525410691 ], [ -111.497250298402591, 56.686860222717677 ], [ -111.49724793053069, 56.686680550643295 ], [ -111.497574408994154, 56.686679247103598 ], [ -111.497572039595184, 56.686499575032798 ], [ -111.49789851647671, 56.686498270646403 ], [ -111.497896145550698, 56.686318598579177 ], [ -111.498222620850257, 56.686317293346114 ], [ -111.49822024839726, 56.686137621282477 ], [ -111.498546722114881, 56.686136315202759 ], [ -111.498544348134914, 56.685956643142717 ], [ -111.498870820270582, 56.685955336216345 ], [ -111.499192538283623, 56.685594684334028 ], [ -111.500171945116293, 56.685590755908628 ], [ -111.500169563446875, 56.685411083877192 ], [ -111.500496030781548, 56.685409772699956 ], [ -111.500493647585344, 56.685230100672115 ], [ -111.500820113338051, 56.685228788648288 ], [ -111.50081772861509, 56.685049116624093 ], [ -111.501144192785816, 56.685047803753683 ], [ -111.501141806536154, 56.684868131733118 ], [ -111.50179234235533, 56.684685831435708 ], [ -111.501787563777071, 56.684326487403879 ], [ -111.50243808713428, 56.68414418374018 ], [ -111.502433302505139, 56.683784839712416 ], [ -111.502759755657522, 56.683783522627181 ], [ -111.502754968030828, 56.683424178596169 ], [ -111.503405471155517, 56.683241869889677 ], [ -111.503400677478638, 56.68288252586278 ], [ -111.503727122776937, 56.682881206256035 ], [ -111.503724724426007, 56.682701534243627 ], [ -111.505030499124757, 56.682696247298352 ], [ -111.5053521305705, 56.68233557947265 ], [ -111.506005011480724, 56.682332929192718 ], [ -111.506002602334732, 56.68215325722737 ], [ -111.50730594226971, 56.681968274504221 ], [ -111.507627545770518, 56.681607600810707 ], [ -111.508280413857207, 56.681604938627508 ], [ -111.508277993944944, 56.681425266704224 ], [ -111.508604426392267, 56.681423934338611 ], [ -111.508602004954085, 56.681244262419078 ], [ -111.508928435819399, 56.681242929207137 ], [ -111.508926012855312, 56.681063257291392 ], [ -111.509252442138617, 56.681061923233152 ], [ -111.509250017648668, 56.680882251321179 ], [ -111.50957644534995, 56.680880916416655 ], [ -111.509574019334195, 56.680701244508455 ], [ -111.509900445453468, 56.680699908757646 ], [ -111.509898017911908, 56.680520236853248 ], [ -111.510548436337146, 56.680337890912242 ], [ -111.510543575179213, 56.679978547113315 ], [ -111.510217155331645, 56.679979884538476 ], [ -111.510207439568788, 56.679261196840841 ], [ -111.510857834827604, 56.679078849288487 ], [ -111.511189113941384, 56.679436854013574 ], [ -111.511841944116526, 56.679434173230639 ], [ -111.511839507449196, 56.679254501343785 ], [ -111.512165920940689, 56.679253159678474 ], [ -111.512163482747837, 56.679073487795442 ], [ -111.512489894657335, 56.679072145283961 ], [ -111.512487454939006, 56.67889247340478 ], [ -111.512813865266523, 56.678891130047099 ], [ -111.512811424022743, 56.678711458171747 ], [ -111.51313783276828, 56.678710113967931 ], [ -111.513135389999078, 56.678530442096424 ], [ -111.513461797162648, 56.678529097046464 ], [ -111.513459352868068, 56.678349425178801 ], [ -111.513785758449657, 56.678348079282706 ], [ -111.513783312629741, 56.678168407418902 ], [ -111.514109716629349, 56.678167060676692 ], [ -111.514107269284139, 56.677987388816753 ], [ -111.514433671701752, 56.677986041228429 ], [ -111.514431222831263, 56.677806369372341 ], [ -111.514757623666924, 56.677805020937932 ], [ -111.514755173271197, 56.677625349085723 ], [ -111.515081572524863, 56.677623999805206 ], [ -111.515079120603957, 56.677444327956884 ], [ -111.515405518275642, 56.677442977830296 ], [ -111.51540306482957, 56.677263305985853 ], [ -111.516053400455846, 56.677080931353963 ], [ -111.516048487491702, 56.676721587675353 ], [ -111.516374878863985, 56.6767202350198 ], [ -111.516372420871093, 56.676540563181753 ], [ -111.516698810661424, 56.676539209680179 ], [ -111.517020278309076, 56.67617851166824 ], [ -111.518323357415497, 56.675993413964058 ], [ -111.518320890216017, 56.675813742160109 ], [ -111.518647273621411, 56.675812383564192 ], [ -111.518968716471434, 56.675451680526251 ], [ -111.520271760831392, 56.675266562479628 ], [ -111.520593183516453, 56.674905855254323 ], [ -111.521898685096517, 56.674900391979925 ], [ -111.522220089113134, 56.674539680569019 ], [ -111.523199205590018, 56.674535571624432 ], [ -111.523196715320168, 56.674355899917209 ], [ -111.530050490745154, 56.674326922006237 ], [ -111.530047967886162, 56.674147250490535 ], [ -111.53070070462698, 56.674144471040279 ], [ -111.530698178690784, 56.673964799538169 ], [ -111.531024545464106, 56.673963408539798 ], [ -111.531019490573101, 56.673604065538584 ], [ -111.531345854210784, 56.673602673704011 ], [ -111.531343325256017, 56.67342300220492 ], [ -111.531996049337195, 56.673420215989339 ], [ -111.532317344193359, 56.673059478641633 ], [ -111.533949138204662, 56.673052493957734 ], [ -111.534270411258518, 56.672691751591145 ], [ -111.53394405565065, 56.672693151074192 ], [ -111.533941514417791, 56.672513479624477 ], [ -111.532636097904501, 56.672519068967887 ], [ -111.532633562913261, 56.672339397474921 ], [ -111.531328152142464, 56.672344973099278 ], [ -111.531325623392689, 56.67216530156314 ], [ -111.53099927217977, 56.67216669332209 ], [ -111.530667869737925, 56.671808741100051 ], [ -111.529036128618714, 56.67181568269929 ], [ -111.529033610827668, 56.671636011081233 ], [ -111.528380917281723, 56.671638781716737 ], [ -111.528378402625748, 56.671459110074572 ], [ -111.52739936674736, 56.671463259586794 ], [ -111.527396856779347, 56.671283587911148 ], [ -111.525438793555992, 56.671291863793236 ], [ -111.525436292934643, 56.671112192056093 ], [ -111.524783608067523, 56.671114943824477 ], [ -111.524786105583004, 56.671294615580301 ], [ -111.523480729290142, 56.671300108893981 ], [ -111.523478237986382, 56.671120437100839 ], [ -111.522825552772659, 56.671123178608823 ], [ -111.522828040970523, 56.671302850420588 ], [ -111.519567070343669, 56.67149617865055 ], [ -111.519569543069423, 56.671675850544489 ], [ -111.518264152513311, 56.671681289209545 ], [ -111.518266619055723, 56.671860961135124 ], [ -111.517613920500224, 56.671863675355773 ], [ -111.517616383965162, 56.672043347294519 ], [ -111.51631098029992, 56.672048765511917 ], [ -111.516313437581246, 56.672228437482175 ], [ -111.515334379874346, 56.672232492194581 ], [ -111.515336832524966, 56.672412164187079 ], [ -111.515010478346113, 56.672413514056913 ], [ -111.514689023312997, 56.672774207077467 ], [ -111.514036308601121, 56.672776902578349 ], [ -111.514038755124503, 56.672956574591645 ], [ -111.512735759487654, 56.673141627413422 ], [ -111.512738199855121, 56.673321299452674 ], [ -111.512411837684141, 56.673322642527488 ], [ -111.512414276526698, 56.673502314570591 ], [ -111.512087912774305, 56.673503656799419 ], [ -111.511766420550742, 56.673864342279899 ], [ -111.511113686692113, 56.673867022498399 ], [ -111.511116119406523, 56.674046694562065 ], [ -111.510789750881713, 56.674048033397717 ], [ -111.510792182071043, 56.674227705465178 ], [ -111.510465811964835, 56.674229043454794 ], [ -111.510468241629084, 56.674408715526056 ], [ -111.510141869941464, 56.674410052669622 ], [ -111.509820351425489, 56.674770733121029 ], [ -111.508514851855438, 56.674776069795733 ], [ -111.508517272284209, 56.674955741905563 ], [ -111.507864519224285, 56.674958405130063 ], [ -111.507866936574402, 56.67513807725269 ], [ -111.507540558449108, 56.675139407591232 ], [ -111.507542974273889, 56.67531907971761 ], [ -111.507216594567254, 56.675320409210023 ], [ -111.506895040352617, 56.675681082120271 ], [ -111.5062422745861, 56.675683736865288 ], [ -111.506244684281185, 56.675863409011882 ], [ -111.50591829980263, 56.675864735110615 ], [ -111.505920707972194, 56.676044407260946 ], [ -111.505594321912341, 56.676045732513501 ], [ -111.505596728556341, 56.676225404667548 ], [ -111.504946356811075, 56.676407724791773 ], [ -111.504951164024476, 56.676767069109403 ], [ -111.504624771667153, 56.676768391832297 ], [ -111.504627173762103, 56.676948063992171 ], [ -111.504300779823438, 56.676949385868824 ], [ -111.504303180392654, 56.677129058032392 ], [ -111.503976784872663, 56.677130379062795 ], [ -111.50397918391613, 56.677310051230045 ], [ -111.503652786814783, 56.67731137141417 ], [ -111.503655184332473, 56.677491043585114 ], [ -111.503004781377612, 56.677673353589157 ], [ -111.503011964858786, 56.678212370108163 ], [ -111.502685559906155, 56.678213687771319 ], [ -111.502687952901681, 56.67839335994271 ], [ -111.502361546367652, 56.678394676759545 ], [ -111.502363937837217, 56.678574348934596 ], [ -111.502037529721804, 56.678575664905097 ], [ -111.50203991966535, 56.6787553370838 ], [ -111.501713509968553, 56.678756652207959 ], [ -111.501715898386067, 56.678936324390321 ], [ -111.501389487107886, 56.67893763866811 ], [ -111.501391873999324, 56.679117310854103 ], [ -111.500741432064146, 56.679299609060195 ], [ -111.50074619977012, 56.679658953441461 ], [ -111.500419782193973, 56.679660265189014 ], [ -111.500422164534569, 56.679839937380621 ], [ -111.500095745377024, 56.679841248281775 ], [ -111.500098126191375, 56.680020920477013 ], [ -111.499771705452432, 56.680022230531733 ], [ -111.499774084740508, 56.680201902730573 ], [ -111.499447662420152, 56.680203211938867 ], [ -111.499450040181912, 56.680382884141331 ], [ -111.499123616280158, 56.680384192503176 ], [ -111.499125992515573, 56.680563864709235 ], [ -111.498799567032407, 56.680565172224618 ], [ -111.498801941741448, 56.680744844434273 ], [ -111.498475514676855, 56.6807461511032 ], [ -111.49847788785948, 56.680925823316457 ], [ -111.497827400642237, 56.681108106331664 ], [ -111.497832140929049, 56.681467450767236 ], [ -111.497505707566262, 56.681468754905524 ], [ -111.497184008356626, 56.681829402638307 ], [ -111.496531135277891, 56.681832006673389 ], [ -111.49653349930125, 56.682011678908076 ], [ -111.495882983947553, 56.68219395178636 ], [ -111.495565982031948, 56.682913939798496 ], [ -111.495239536044977, 56.68291523801971 ], [ -111.495241894016075, 56.683094910258021 ], [ -111.494915446447635, 56.683096207632623 ], [ -111.494917802891891, 56.683275879874458 ], [ -111.494591353741981, 56.683277176402449 ], [ -111.494593708659352, 56.683456848647808 ], [ -111.493943159005624, 56.683639111412745 ], [ -111.493950214677824, 56.684178128154123 ], [ -111.493623757675053, 56.68417942215973 ], [ -111.49362610806601, 56.684359094405089 ], [ -111.492975538179863, 56.684541352125152 ], [ -111.492980232880626, 56.684900696624567 ], [ -111.492329650532739, 56.685082950977062 ], [ -111.492334339179166, 56.685442295479888 ], [ -111.492007871160155, 56.685443585269525 ], [ -111.492012556806387, 56.685802929768741 ], [ -111.491686085651423, 56.685804218720378 ], [ -111.491688426960806, 56.685983890970832 ], [ -111.491037819688245, 56.686166138587701 ], [ -111.491042496224708, 56.686525483097185 ], [ -111.49071601877057, 56.686526769517222 ], [ -111.490718355524919, 56.686706441772778 ], [ -111.49006773109879, 56.68688868433145 ], [ -111.490072398524632, 56.68724802885108 ], [ -111.489745914771191, 56.687249312739382 ], [ -111.489748246970066, 56.687428985000011 ], [ -111.489421761635015, 56.687430268041474 ], [ -111.489424092306322, 56.687609940305521 ], [ -111.489097605389674, 56.687611222500109 ], [ -111.489099934533357, 56.687790894767602 ], [ -111.488773446035097, 56.68779217611533 ], [ -111.488775773651128, 56.687971848386255 ], [ -111.488449283571271, 56.687973128887087 ], [ -111.488451609659606, 56.688152801161415 ], [ -111.488125117998138, 56.688154080815359 ], [ -111.488127442558749, 56.688333753093112 ], [ -111.487800949315684, 56.688335031900152 ], [ -111.487803272348515, 56.688514704181301 ], [ -111.487476777523852, 56.688515982141425 ], [ -111.487479099028889, 56.68869565442597 ], [ -111.487152602622601, 56.688696931539155 ], [ -111.487154922599828, 56.688876603827126 ], [ -111.486828424611929, 56.688877880093372 ], [ -111.486830743061276, 56.689057552384703 ], [ -111.486504243491751, 56.689058827803997 ], [ -111.486506560413204, 56.689238500098739 ], [ -111.486180059262068, 56.689239774671066 ], [ -111.48618237465557, 56.689419446969168 ], [ -111.485855871922837, 56.689420720694521 ], [ -111.485533993811515, 56.68978133817923 ], [ -111.484880981992845, 56.689783881386283 ], [ -111.48455909146962, 56.690144496352048 ], [ -111.483253054965729, 56.690149569144708 ], [ -111.483255356499441, 56.690329241494112 ], [ -111.481951608690153, 56.690513973009054 ], [ -111.481629683932709, 56.690874580420882 ], [ -111.480650137216955, 56.690878363298808 ], [ -111.480328196910037, 56.691238967352447 ], [ -111.479675159360696, 56.691241483315459 ], [ -111.479677443949512, 56.691421155727483 ], [ -111.478697882762063, 56.691424923279861 ], [ -111.4787001627123, 56.691604595712207 ], [ -111.478047118678546, 56.6916071031523 ], [ -111.47772514727157, 56.691967700488739 ], [ -111.476745571613847, 56.69197145271491 ], [ -111.476747842312932, 56.692151125182477 ], [ -111.475441734847436, 56.692156116204487 ], [ -111.475443999352493, 56.692335788700674 ], [ -111.473811356654991, 56.692342008266564 ], [ -111.473813613410741, 56.692521680799736 ], [ -111.469895249612691, 56.692536520573633 ], [ -111.46989748773305, 56.692716193202344 ], [ -111.468917891533479, 56.692719883916681 ], [ -111.468915658078529, 56.692540211262894 ], [ -111.468589127515358, 56.692541439781166 ], [ -111.468591359415171, 56.692721112443309 ], [ -111.467938295100993, 56.692723566929288 ], [ -111.467940523916369, 56.692903239602835 ], [ -111.465001719230031, 56.692914242504877 ], [ -111.465003934074687, 56.693093915247907 ], [ -111.463044720463813, 56.693101212056469 ], [ -111.462722592765914, 56.693461770781944 ], [ -111.461416437303669, 56.693466614848489 ], [ -111.461418635117766, 56.693646287666425 ], [ -111.460112473027166, 56.693651118073376 ], [ -111.460114664645729, 56.693830790918867 ], [ -111.458481953684995, 56.693836809713346 ], [ -111.458484137552588, 56.694016482594463 ], [ -111.457177962107338, 56.694021282258461 ], [ -111.456855770441024, 56.694381825862891 ], [ -111.452284109311108, 56.69439850510215 ], [ -111.452286263703357, 56.694578178121525 ], [ -111.451633165745008, 56.694580547193155 ], [ -111.451635317051526, 56.694760220223358 ], [ -111.45098221588276, 56.694762585887801 ], [ -111.450984364103448, 56.694942258928812 ], [ -111.449680297269921, 56.69512665308774 ], [ -111.449682439318764, 56.695306326150281 ], [ -111.449355883931474, 56.695307504299507 ], [ -111.449358024449708, 56.695487177364782 ], [ -111.4490314674822, 56.695488354666168 ], [ -111.449033606469783, 56.695668027734172 ], [ -111.448707047922042, 56.695669204187709 ], [ -111.448384761177195, 56.696029725937564 ], [ -111.447405075978381, 56.696033247643342 ], [ -111.447407207262827, 56.696212920735441 ], [ -111.447080643924977, 56.696214092933616 ], [ -111.447082773678602, 56.696393766028422 ], [ -111.446756208760547, 56.696394937378678 ], [ -111.446433897176931, 56.696755454078684 ], [ -111.445780760995405, 56.696757792531614 ], [ -111.445458436991871, 56.697118306706436 ], [ -111.444805294440414, 56.697120640055736 ], [ -111.444807413428151, 56.697300313179795 ], [ -111.444156383568284, 56.69748231625595 ], [ -111.444160615443892, 56.697841662509376 ], [ -111.443834037859702, 56.697842826220004 ], [ -111.443836152278607, 56.69802249934672 ], [ -111.443509573114227, 56.69802366220933 ], [ -111.443511686001926, 56.698203335338697 ], [ -111.443185105257371, 56.698204497353267 ], [ -111.443187216613808, 56.698384170485241 ], [ -111.442536160209301, 56.69856616510485 ], [ -111.442540376821469, 56.698925511374021 ], [ -111.442213789780553, 56.698926670852316 ], [ -111.44221589656749, 56.69910634398687 ], [ -111.441564823000576, 56.699288333536344 ], [ -111.441250846149856, 56.700367529269222 ], [ -111.440924246564521, 56.700368685386522 ], [ -111.440926347323, 56.700548358510396 ], [ -111.440275242638322, 56.700730341326981 ], [ -111.440281535796927, 56.701269360698284 ], [ -111.439954928358688, 56.701270514286755 ], [ -111.439961217067932, 56.701809533634176 ], [ -111.439634604937268, 56.701810686390118 ], [ -111.439640889196824, 56.702349705713644 ], [ -111.439314272373565, 56.702350857637008 ], [ -111.439322645501505, 56.70306955002593 ], [ -111.438996022429308, 56.703070701124517 ], [ -111.439000206026392, 56.703430047303037 ], [ -111.43867357981749, 56.703431197561159 ], [ -111.43868821227683, 56.70468890907474 ], [ -111.438361575149571, 56.704690058531448 ], [ -111.438365752957509, 56.70504940464641 ], [ -111.438039112693261, 56.705050553262573 ], [ -111.438049549854526, 56.705948918496837 ], [ -111.437722901783843, 56.705950066295841 ], [ -111.437727073704664, 56.706309412368299 ], [ -111.437400422496779, 56.706310559326703 ], [ -111.437408760402306, 56.707029251439579 ], [ -111.437082102943975, 56.707030397572936 ], [ -111.437092518086246, 56.707928762634488 ], [ -111.436765852820514, 56.707929907950536 ], [ -111.436770015933007, 56.708289253953865 ], [ -111.436443347529732, 56.70829039842922 ], [ -111.436451667817153, 56.709009090403796 ], [ -111.436124993162693, 56.70901023405397 ], [ -111.436131228960932, 56.709549253002933 ], [ -111.435479945772613, 56.709731210769021 ], [ -111.435486172518551, 56.710270229701358 ], [ -111.435159486893781, 56.710271370836985 ], [ -111.435163635064143, 56.710630716781054 ], [ -111.434836946301431, 56.710631857075839 ], [ -111.434841091453976, 56.710991203014359 ], [ -111.434514399553265, 56.71099234246828 ], [ -111.434518541687865, 56.71135168840123 ], [ -111.434191846649099, 56.711352827014288 ], [ -111.434202194620312, 56.712251191793214 ], [ -111.433550855451884, 56.712433139482989 ], [ -111.433557055251413, 56.712972158317747 ], [ -111.433230346126606, 56.712973294431201 ], [ -111.433242737028948, 56.7140513320049 ], [ -111.433569455497292, 56.714050195845111 ], [ -111.433900310663304, 56.714408404613756 ], [ -111.434553753709451, 56.714406127980965 ], [ -111.434551682221979, 56.714226455106633 ], [ -111.43586063951345, 56.714401564437878 ] ], [ [ -111.493656665626119, 56.686694833114046 ], [ -111.493001360380106, 56.686517746610569 ], [ -111.492996665189864, 56.686158402206196 ], [ -111.494297854130252, 56.685793883152755 ], [ -111.494290793059236, 56.685254866580379 ], [ -111.494617259333396, 56.685253570811014 ], [ -111.494614904143219, 56.685073898618469 ], [ -111.495267833500947, 56.685071304530844 ], [ -111.495599017872678, 56.685429350530747 ], [ -111.49494843915123, 56.685611618537791 ], [ -111.494955509712455, 56.686150635025655 ], [ -111.494629035693507, 56.68615193169456 ], [ -111.494307269273349, 56.686512571842002 ], [ -111.493654314881198, 56.686515160937375 ], [ -111.493656665626119, 56.686694833114046 ] ] ] } },
{ "type": "Feature", "properties": { "area_km2": 0.0216 }, "geometry": { "type": "Polygon", "coordinates": [ [ [ -111.115537729912276, 56.67360434350104 ], [ -111.115863004000374, 56.673244682600675 ], [ -111.115536630093757, 56.673244985766715 ], [ -111.115209159494498, 56.672885930318245 ], [ -111.114556417862971, 56.672886532366199 ], [ -111.114555872636032, 56.672706853474622 ], [ -111.114229503364143, 56.6727071532138 ], [ -111.114227872381122, 56.672168116501602 ], [ -111.114554236993101, 56.67216781676855 ], [ -111.114553691791414, 56.671988137856054 ], [ -111.11422732873271, 56.671988437587082 ], [ -111.114226785090594, 56.67180875866736 ], [ -111.112921339005979, 56.671809949031925 ], [ -111.112921876435081, 56.671989627959725 ], [ -111.112269684577655, 56.672169896941767 ], [ -111.11227075325381, 56.672529254779306 ], [ -111.112597121009884, 56.67252896017316 ], [ -111.11259765691058, 56.672708639082096 ], [ -111.113250934524316, 56.672887726199981 ], [ -111.1132520125702, 56.673247083983703 ], [ -111.113578386520999, 56.673246786803986 ], [ -111.113578927106701, 56.673426465685999 ], [ -111.114884429060737, 56.673425268407101 ], [ -111.114884975866346, 56.673604947275756 ], [ -111.115537729912276, 56.67360434350104 ] ] ] } },
{ "type": "Feature", "properties": { "area_km2": 0.008 }, "geometry": { "type": "Polygon", "coordinates": [ [ [ -111.224861787785841, 56.671478480927775 ], [ -111.225186001149453, 56.671118535500256 ], [ -111.226165062100222, 56.671116761546358 ], [ -111.22616398575056, 56.670937083644688 ], [ -111.226490337822767, 56.670936490620527 ], [ -111.226488182054624, 56.670577134809548 ], [ -111.226814531008174, 56.67057654093837 ], [ -111.226486026336417, 56.670217778977637 ], [ -111.226159680476528, 56.670218371985676 ], [ -111.226160756776338, 56.670398049908272 ], [ -111.225834409350924, 56.670398642065258 ], [ -111.225835484110121, 56.670578319986653 ], [ -111.225509135119211, 56.670578911292573 ], [ -111.225184929459175, 56.670938857586535 ], [ -111.224532225202836, 56.670940035938926 ], [ -111.224533293786862, 56.671119713860655 ], [ -111.224206940087001, 56.671120301758172 ], [ -111.224208007130244, 56.671299979678665 ], [ -111.224861787785841, 56.671478480927775 ] ] ] } },
{ "type": "Feature", "properties": { "area_km2": 0.0304 }, "geometry": { "type": "Polygon", "coordinates": [ [ [ -111.140008656805904, 56.671602766638379 ], [ -111.140007990472697, 56.671423087886915 ], [ -111.140660706154605, 56.671422352471453 ], [ -111.140985722021597, 56.671062625977456 ], [ -111.140659367298611, 56.671062994962867 ], [ -111.140658697882245, 56.670883316200751 ], [ -111.139026931917186, 56.670885148288626 ], [ -111.139026270274243, 56.670705469508839 ], [ -111.138372908411696, 56.670526517563317 ], [ -111.138371591376483, 56.670167159967733 ], [ -111.138045244357571, 56.670167522099916 ], [ -111.138044587404465, 56.669987843291821 ], [ -111.136739205465204, 56.669989283259909 ], [ -111.136739856206049, 56.670168962077774 ], [ -111.135434467933962, 56.670170388374238 ], [ -111.13543511247002, 56.670350067196573 ], [ -111.135108763830203, 56.670350421635369 ], [ -111.135109406820632, 56.670530100454883 ], [ -111.135435757013539, 56.670529746013678 ], [ -111.135436401564519, 56.670709424825574 ], [ -111.135762753303084, 56.670709069526843 ], [ -111.136090400371117, 56.671068070971458 ], [ -111.137069464838163, 56.671066997364761 ], [ -111.13706881250647, 56.670887318575438 ], [ -111.13739516576058, 56.67088695899875 ], [ -111.137395819645434, 56.671066637785614 ], [ -111.137722174445116, 56.671066277351372 ], [ -111.138049843242342, 56.671425273610268 ], [ -111.139355274759922, 56.671423819881888 ], [ -111.139355937986721, 56.671603498638319 ], [ -111.140008656805904, 56.671602766638379 ] ] ] } },
{ "type": "Feature", "properties": { "area_km2": 0.0044 }, "geometry": { "type": "Polygon", "coordinates": [ [ [ -111.129535561879834, 56.662989478525823 ], [ -111.129534945591928, 56.662809799446855 ], [ -111.12986122914181, 56.662809459641608 ], [ -111.129859375663969, 56.66227042238026 ], [ -111.129206203163875, 56.662091422019905 ], [ -111.129206817870951, 56.662271101122087 ], [ -111.12888053896377, 56.662271439210741 ], [ -111.128882378470777, 56.662810476492808 ], [ -111.129535561879834, 56.662989478525823 ] ] ] } },
{ "type": "Feature", "properties": { "area_km2": 0.0564 }, "geometry": { "type": "Polygon", "coordinates": [ [ [ -111.27736149831253, 56.665443188942263 ], [ -111.277360178598201, 56.665263511581692 ], [ -111.277686480353452, 56.665262784460587 ], [ -111.277683837865609, 56.664903429733599 ], [ -111.278010136500555, 56.664902701767467 ], [ -111.278333786483643, 56.664542618218277 ], [ -111.27800749096896, 56.664543347029401 ], [ -111.278006168226142, 56.664363669652495 ], [ -111.277352260633108, 56.664185447308178 ], [ -111.277349621433657, 56.663826092508415 ], [ -111.277023332082763, 56.663826818735153 ], [ -111.276694409787737, 56.663468189266602 ], [ -111.276368123511062, 56.663468913773755 ], [ -111.276369438415543, 56.663648591201522 ], [ -111.274737999042429, 56.663652200939083 ], [ -111.274736691899761, 56.66347252348681 ], [ -111.274410405532024, 56.66347324286486 ], [ -111.274405183321917, 56.662754532983826 ], [ -111.274078903148322, 56.662755251487511 ], [ -111.274077599185844, 56.662575573999284 ], [ -111.274728849361523, 56.662394458663137 ], [ -111.274726235303177, 56.662035103679997 ], [ -111.274399961353652, 56.662035823018961 ], [ -111.274398655899361, 56.661856145514655 ], [ -111.273744808724601, 56.661677904099122 ], [ -111.273746111059396, 56.66185758161842 ], [ -111.273419838616803, 56.661858298388097 ], [ -111.273748715774246, 56.662216936641322 ], [ -111.273422440227236, 56.66221765342074 ], [ -111.273425041897909, 56.662577008432415 ], [ -111.273098763231346, 56.662577724366741 ], [ -111.273101361857712, 56.662937079367168 ], [ -111.27277508007154, 56.662937794456397 ], [ -111.272776377854981, 56.663117471953612 ], [ -111.273102661193462, 56.663116756859537 ], [ -111.273103960544262, 56.663296434346648 ], [ -111.272777675653458, 56.663297149445583 ], [ -111.272781569139028, 56.663836181890083 ], [ -111.273107858686899, 56.663835466776582 ], [ -111.273110457523899, 56.664194821703681 ], [ -111.273436750161522, 56.664194105725585 ], [ -111.27376564789104, 56.664552743779289 ], [ -111.274744534982844, 56.664550588121848 ], [ -111.274745842216333, 56.66473026554268 ], [ -111.275072139435821, 56.664729545275534 ], [ -111.275073448236924, 56.664909222686241 ], [ -111.275399746993742, 56.664908501559296 ], [ -111.275728669593107, 56.665267134363546 ], [ -111.277033876827673, 56.665264237847879 ], [ -111.277035194989466, 56.665443915213395 ], [ -111.27736149831253, 56.665443188942263 ] ] ] } },
{ "type": "Feature", "properties": { "area_km2": 0.0128 }, "geometry": { "type": "Polygon", "coordinates": [ [ [ -111.270816100584938, 56.662762389508686 ], [ -111.270814812145161, 56.662582711971979 ], [ -111.271141090916657, 56.662582002021423 ], [ -111.271134641180481, 56.661683614283383 ], [ -111.270808370170073, 56.661684324209837 ], [ -111.270807081819811, 56.661504646641689 ], [ -111.270480812346648, 56.661505355708535 ], [ -111.270151972411355, 56.661146708749328 ], [ -111.269499439599144, 56.661148122589864 ], [ -111.269500721711083, 56.661327800187721 ], [ -111.269174453730585, 56.661328505830596 ], [ -111.269177014894652, 56.661687861020191 ], [ -111.269830840758061, 56.661866126437765 ], [ -111.269834691973159, 56.662405159138338 ], [ -111.270160969237097, 56.662404451757048 ], [ -111.270162254557448, 56.662584129308641 ], [ -111.270816100584938, 56.662762389508686 ] ] ] } },
{ "type": "Feature", "properties": { "area_km2": 0.0164 }, "geometry": { "type": "Polygon", "coordinates": [ [ [ -111.277662700165706, 56.662028591163022 ], [ -111.277661379189468, 56.661848913707829 ], [ -111.277987651434657, 56.661848185825747 ], [ -111.277985006423734, 56.661488830909512 ], [ -111.277658737282891, 56.661489558781703 ], [ -111.277652132784056, 56.660591171374691 ], [ -111.277325871388427, 56.660591898367414 ], [ -111.277324552086583, 56.660412220865354 ], [ -111.27667203235363, 56.660413672276668 ], [ -111.27667334855137, 56.660593349788584 ], [ -111.276020825653362, 56.660594797790701 ], [ -111.276022138762187, 56.660774475307221 ], [ -111.275695875738307, 56.660775198031061 ], [ -111.275372232754137, 56.661135274937038 ], [ -111.275698498897398, 56.661134553058176 ], [ -111.275699810499702, 56.661314230563868 ], [ -111.27602607817991, 56.661313507825298 ], [ -111.276027391349572, 56.661493185320857 ], [ -111.276353660566713, 56.661492461722602 ], [ -111.276682562362211, 56.66185109222527 ], [ -111.277335106928987, 56.661849640735106 ], [ -111.277336426353017, 56.662029318195245 ], [ -111.277662700165706, 56.662028591163022 ] ] ] } },
{ "type": "Feature", "properties": { "area_km2": 0.0592 }, "geometry": { "type": "Polygon", "coordinates": [ [ [ -111.264616771619515, 56.662775716243175 ], [ -111.264615512672947, 56.662596038615966 ], [ -111.264941791724794, 56.662595344907075 ], [ -111.264938010315817, 56.662056312008119 ], [ -111.265264284696357, 56.662055617458563 ], [ -111.265263022703678, 56.661875939819815 ], [ -111.265589295517415, 56.661875244420166 ], [ -111.265590559062289, 56.662054922054182 ], [ -111.265916833413584, 56.662054225795004 ], [ -111.266245641092809, 56.662412883914421 ], [ -111.26689819593102, 56.662411487103064 ], [ -111.266899465728812, 56.66259116470242 ], [ -111.26787830253258, 56.66258906305994 ], [ -111.267877028078033, 56.662409385474859 ], [ -111.268203305430873, 56.66240868322248 ], [ -111.268202029438839, 56.662229005636938 ], [ -111.267875753638208, 56.662229707884542 ], [ -111.267873204802868, 56.661870352688176 ], [ -111.267546932091918, 56.661871054071426 ], [ -111.267870656026545, 56.661510997470856 ], [ -111.267544386419942, 56.661511698844585 ], [ -111.267543113606052, 56.661332021223309 ], [ -111.266890577452969, 56.661333421396911 ], [ -111.266891847162555, 56.661513099027694 ], [ -111.266238041241081, 56.66133481815136 ], [ -111.266234241513189, 56.660795785199106 ], [ -111.26656050497013, 56.660795087263487 ], [ -111.266559236871416, 56.660615409607004 ], [ -111.26688549876161, 56.660614710821356 ], [ -111.266884229125509, 56.660435033164369 ], [ -111.267535477032183, 56.66025395538562 ], [ -111.267206675972801, 56.659895300540612 ], [ -111.266227908926638, 56.65989739684057 ], [ -111.266229175414608, 56.660077074522746 ], [ -111.265902918151198, 56.66007777158466 ], [ -111.265904183101824, 56.660257449266346 ], [ -111.26525292728823, 56.660438518521268 ], [ -111.265256712959442, 56.660977551547518 ], [ -111.264930447891857, 56.66097824606878 ], [ -111.264931708259368, 56.661157923738436 ], [ -111.26427917497621, 56.661159310226047 ], [ -111.264277917712917, 56.660979632546983 ], [ -111.262971606140169, 56.660802717543028 ], [ -111.262972857180515, 56.660982395246087 ], [ -111.262646592011166, 56.66098308378394 ], [ -111.262647841513868, 56.661162761486452 ], [ -111.261996554440458, 56.661343813713756 ], [ -111.261997800867803, 56.661523491415117 ], [ -111.262324070722457, 56.661522804572826 ], [ -111.262326566724795, 56.661882159950522 ], [ -111.262652839669371, 56.661881472244097 ], [ -111.26265658843792, 56.66242050525733 ], [ -111.2629828660247, 56.662419816682082 ], [ -111.262984117195401, 56.662599494338011 ], [ -111.264289233606519, 56.662596731470025 ], [ -111.264290491000821, 56.662776409101937 ], [ -111.264616771619515, 56.662775716243175 ] ] ] } },
{ "type": "Feature", "properties": { "area_km2": 0.0044 }, "geometry": { "type": "Polygon", "coordinates": [ [ [ -111.261659082895349, 56.659727400106661 ], [ -111.261657838164282, 56.659547722348258 ], [ -111.261984090960709, 56.659547036412 ], [ -111.261655348745364, 56.659188366815727 ], [ -111.260676599581387, 56.659190419468239 ], [ -111.260677839627832, 56.659370097251056 ], [ -111.260351588325832, 56.659370779763762 ], [ -111.260680319763793, 56.659729452800995 ], [ -111.261659082895349, 56.659727400106661 ] ] ] } },
{ "type": "Feature", "properties": { "area_km2": 0.1268 }, "geometry": { "type": "Polygon", "coordinates": [ [ [ -111.12724551206621, 56.661195042058019 ], [ -111.127244906714822, 56.661015362910824 ], [ -111.127571174791782, 56.661015029112193 ], [ -111.127569961005776, 56.660655670806626 ], [ -111.127243696033091, 56.660656004600725 ], [ -111.127243090702748, 56.660476325437855 ], [ -111.126916827275181, 56.660476658374897 ], [ -111.126916223503926, 56.660296979204539 ], [ -111.126263099071934, 56.660117963329704 ], [ -111.126260696501092, 56.659399246557072 ], [ -111.126586950630298, 56.659398915343061 ], [ -111.126585746282629, 56.659039556929912 ], [ -111.126259495257372, 56.659039888139418 ], [ -111.126258894645957, 56.658860208922746 ], [ -111.124627647175487, 56.658861852138166 ], [ -111.124627054330702, 56.658682172905117 ], [ -111.123322062438419, 56.658683472083595 ], [ -111.123321475808169, 56.658503792836498 ], [ -111.122668982925049, 56.658504437293061 ], [ -111.122669566451464, 56.658684116544542 ], [ -111.122343318447832, 56.65868443749293 ], [ -111.122345064411761, 56.659223475222547 ], [ -111.12169313797007, 56.659403793805289 ], [ -111.121692559072599, 56.659224114568204 ], [ -111.121366306392943, 56.659224432958922 ], [ -111.121038902139645, 56.6588653919964 ], [ -111.117775845697849, 56.65868884102499 ], [ -111.117775285450222, 56.658509161741421 ], [ -111.1167965457782, 56.658510083553857 ], [ -111.116795990192756, 56.658330404258813 ], [ -111.115164765037164, 56.658331923508285 ], [ -111.115165312863084, 56.658511602813647 ], [ -111.113860326416727, 56.65851280283664 ], [ -111.113860868041314, 56.658692482144929 ], [ -111.113534619862079, 56.658692780015919 ], [ -111.113861951309289, 56.659051840745825 ], [ -111.115167504230214, 56.659230319982846 ], [ -111.115168052087853, 56.659409999262095 ], [ -111.115494306443409, 56.65940969710929 ], [ -111.115821662734987, 56.659768752636353 ], [ -111.117126692483978, 56.659767532042217 ], [ -111.117454067393595, 56.660126583249742 ], [ -111.118432848930539, 56.660125656252383 ], [ -111.118433412340721, 56.660305335484715 ], [ -111.119738460506895, 56.660304087513047 ], [ -111.119739030131981, 56.660483766731687 ], [ -111.120717820843723, 56.660482821771438 ], [ -111.12071724656235, 56.660303142559208 ], [ -111.124306128250026, 56.660299611911128 ], [ -111.12430671960449, 56.660479291099378 ], [ -111.125285510032853, 56.660478310238503 ], [ -111.125286106050496, 56.660657989414865 ], [ -111.12593863607249, 56.660657331229281 ], [ -111.125939235201329, 56.660837010395952 ], [ -111.126591768299846, 56.660836348786738 ], [ -111.12659237053991, 56.661016027943695 ], [ -111.12724551206621, 56.661195042058019 ] ] ] } },
{ "type": "Feature", "properties": { "area_km2": 0.0068 }, "geometry": { "type": "Polygon", "coordinates": [ [ [ -111.157239845531947, 56.655770384489422 ], [ -111.15723909764138, 56.65559070541827 ], [ -111.157565318440319, 56.655590293062893 ], [ -111.157237601886209, 56.655231347260276 ], [ -111.15658516646873, 56.655232169396022 ], [ -111.156584421707265, 56.655052490303611 ], [ -111.155605773171118, 56.655053717089395 ], [ -111.155606513277903, 56.655233396190134 ], [ -111.15528029553046, 56.655233803412301 ], [ -111.155607993517151, 56.655592754375959 ], [ -111.156586656017538, 56.6555915275652 ], [ -111.156587400804867, 56.655771206641923 ], [ -111.157239845531947, 56.655770384489422 ] ] ] } },
{ "type": "Feature", "properties": { "area_km2": 0.0216 }, "geometry": { "type": "Polygon", "coordinates": [ [ [ -111.22183273397367, 56.655851748369329 ], [ -111.221831678853619, 56.655672069971018 ], [ -111.223789000364533, 56.6556685677199 ], [ -111.223787935947172, 56.655488889340155 ], [ -111.224440373249266, 56.655487715094218 ], [ -111.2244393057411, 56.655308036717209 ], [ -111.224765522822054, 56.655307448316329 ], [ -111.22508959870521, 56.654947502307145 ], [ -111.224763384739703, 56.654948091554608 ], [ -111.224762315717086, 56.654768413165897 ], [ -111.22280504097391, 56.654771930680553 ], [ -111.222803981272634, 56.654592252262709 ], [ -111.222151559362899, 56.654593417923046 ], [ -111.222152615961178, 56.654773096348791 ], [ -111.221826403436467, 56.654773677901048 ], [ -111.221827458495468, 56.654953356325507 ], [ -111.221176082274539, 56.655134195301265 ], [ -111.221178186247371, 56.655493552139788 ], [ -111.220851967479916, 56.655494131144025 ], [ -111.221180290268919, 56.655852908957371 ], [ -111.22183273397367, 56.655851748369329 ] ] ] } },
{ "type": "Feature", "properties": { "area_km2": 0.0068 }, "geometry": { "type": "Polygon", "coordinates": [ [ [ -111.232268512232025, 56.655293679227505 ], [ -111.232267407499123, 56.655114000942767 ], [ -111.232919837941211, 56.655112782274067 ], [ -111.232918730118044, 56.65493310399237 ], [ -111.233244943768341, 56.654932493380286 ], [ -111.232916514510208, 56.654573747413252 ], [ -111.231611672192969, 56.654576181282707 ], [ -111.231612773784519, 56.654755859591404 ], [ -111.231286561621801, 56.654756465926454 ], [ -111.231288761740132, 56.655115822536381 ], [ -111.23161497700589, 56.655115216193103 ], [ -111.231616078635696, 56.655294894486104 ], [ -111.232268512232025, 56.655293679227505 ] ] ] } },
{ "type": "Feature", "properties": { "area_km2": 0.0044 }, "geometry": { "type": "Polygon", "coordinates": [ [ [ -111.213672102667076, 56.654967617489923 ], [ -111.213671086395962, 56.654787938968603 ], [ -111.213997299220622, 56.654787378780874 ], [ -111.213669053889035, 56.654428581910295 ], [ -111.212690424653488, 56.654430257323241 ], [ -111.212691436246629, 56.654609935866375 ], [ -111.212365224926529, 56.654610492632003 ], [ -111.212693459468028, 56.654969292936983 ], [ -111.213672102667076, 56.654967617489923 ] ] ] } },
{ "type": "Feature", "properties": { "area_km2": 0.0148 }, "geometry": { "type": "Polygon", "coordinates": [ [ [ -111.241403725333299, 56.65545598483903 ], [ -111.24172764383006, 56.655095995675183 ], [ -111.241074067481406, 56.654917582315356 ], [ -111.241070627727439, 56.654378547755037 ], [ -111.240744419044759, 56.654379178864261 ], [ -111.240743274038095, 56.654199500662727 ], [ -111.239438445380813, 56.654202016536843 ], [ -111.239439584181682, 56.654381694755465 ], [ -111.238788302382105, 56.654562625795556 ], [ -111.238790573843787, 56.654921982223627 ], [ -111.239116787260187, 56.654921356229053 ], [ -111.239117924562265, 56.65510103443097 ], [ -111.240422784302069, 56.655098521889784 ], [ -111.240751289363089, 56.655457247963483 ], [ -111.241403725333299, 56.65545598483903 ] ] ] } },
{ "type": "Feature", "properties": { "area_km2": 0.0292 }, "geometry": { "type": "Polygon", "coordinates": [ [ [ -111.206828484220679, 56.656236934154684 ], [ -111.206827500451766, 56.656057255591449 ], [ -111.207153724380731, 56.656056713324183 ], [ -111.207151753773843, 56.655697356189393 ], [ -111.207477974588159, 56.655696813074869 ], [ -111.20747698775024, 56.655517134503327 ], [ -111.207803207001533, 56.655516590537893 ], [ -111.207802218623442, 56.65533691196481 ], [ -111.208128436311725, 56.655336367148458 ], [ -111.208452671060527, 56.654976464330453 ], [ -111.208778885622777, 56.654975917812337 ], [ -111.208779878632598, 56.655155596384759 ], [ -111.209106094734892, 56.655155049008336 ], [ -111.209105100173531, 56.65497537043963 ], [ -111.210083743756641, 56.654973723193962 ], [ -111.210082744552238, 56.654794044631196 ], [ -111.210408957505308, 56.654793493843869 ], [ -111.210406956028237, 56.654434136710115 ], [ -111.210080746178136, 56.654434687489967 ], [ -111.210079747008422, 56.654255008911484 ], [ -111.209427330376514, 56.654256107900011 ], [ -111.209428326443273, 56.654435786485934 ], [ -111.20910211655854, 56.654436334702062 ], [ -111.208777892624454, 56.654796239234649 ], [ -111.208125466591511, 56.654797331408894 ], [ -111.208124476707695, 56.654617652818558 ], [ -111.207798265225534, 56.65461819762011 ], [ -111.207797276904657, 56.654438519020871 ], [ -111.20747106696254, 56.654439062964151 ], [ -111.207470080204573, 56.654259384355967 ], [ -111.206816679745387, 56.654080791050646 ], [ -111.206817663389032, 56.654260469671435 ], [ -111.206491454964151, 56.654261011047296 ], [ -111.206494401308959, 56.654800046889278 ], [ -111.205842954150853, 56.654980805710217 ], [ -111.205848828596629, 56.656058877265522 ], [ -111.206175052559701, 56.656058337562115 ], [ -111.206176033225319, 56.656238016132704 ], [ -111.206828484220679, 56.656236934154684 ] ] ] } },
{ "type": "Feature", "properties": { "area_km2": 0.1736 }, "geometry": { "type": "Polygon", "coordinates": [ [ [ -111.107332329310381, 56.657440521624892 ], [ -111.107331818765616, 56.657260842240689 ], [ -111.107658054645682, 56.657260560624671 ], [ -111.107657030470349, 56.656901201844413 ], [ -111.10733079769382, 56.656901483456615 ], [ -111.107654982190809, 56.656182484221212 ], [ -111.107328755621154, 56.656182765825761 ], [ -111.107328245117756, 56.656003086405008 ], [ -111.107002020093859, 56.656003367153005 ], [ -111.107001511148013, 56.655823687725096 ], [ -111.106675287669873, 56.65582396761657 ], [ -111.10667478028158, 56.655644288181541 ], [ -111.106021832131773, 56.655465165952791 ], [ -111.106021327858429, 56.65528548650353 ], [ -111.106347546693442, 56.65528520832698 ], [ -111.106347040874326, 56.655105528874394 ], [ -111.106673258151915, 56.655105249845143 ], [ -111.106672750787112, 56.654925570389217 ], [ -111.106998966507248, 56.654925290507251 ], [ -111.106998457596774, 56.654745611048007 ], [ -111.107650373908626, 56.654565369263466 ], [ -111.107648837921246, 56.654026330850179 ], [ -111.107322629970454, 56.654026612431778 ], [ -111.107322119537969, 56.653846932948319 ], [ -111.106669706721604, 56.653847493544006 ], [ -111.106669199397899, 56.653667814051531 ], [ -111.105038175011686, 56.653669200576473 ], [ -111.105037675450973, 56.653489521069346 ], [ -111.104059065403959, 56.653490342724048 ], [ -111.104058570503241, 56.653310663206128 ], [ -111.101448955871717, 56.653312816670436 ], [ -111.101448473387805, 56.65313313713267 ], [ -111.100469872462497, 56.653133930576388 ], [ -111.100470350292241, 56.653313610119532 ], [ -111.099817946544917, 56.653314134812881 ], [ -111.099818421277391, 56.653493814354377 ], [ -111.099166486040403, 56.653674015172889 ], [ -111.099167429327039, 56.654033374236846 ], [ -111.098841221228469, 56.654033633599653 ], [ -111.098843101661245, 56.654752351671938 ], [ -111.098516887351195, 56.654752610187195 ], [ -111.098517824497137, 56.655111969195509 ], [ -111.098844041910297, 56.655111710676749 ], [ -111.098845452324667, 56.655650749144783 ], [ -111.099171674387179, 56.655650489766138 ], [ -111.099172146087838, 56.655830169243274 ], [ -111.100803264076333, 56.655828859521776 ], [ -111.100803743540709, 56.6560085389848 ], [ -111.101456193800701, 56.656008009110217 ], [ -111.101456676373985, 56.656187688564408 ], [ -111.10178290304728, 56.656187422343358 ], [ -111.101783387177846, 56.656367101790536 ], [ -111.102435843610976, 56.656366566780882 ], [ -111.102436330850566, 56.656546246219193 ], [ -111.103741249855858, 56.656545165936826 ], [ -111.104068469606389, 56.656904252572183 ], [ -111.105047168093606, 56.656903430811454 ], [ -111.105047667764211, 56.657083110219332 ], [ -111.105700136496992, 56.657082558101806 ], [ -111.105700639276961, 56.657262237500703 ], [ -111.106353111090002, 56.657261681960719 ], [ -111.106353616979362, 56.657441361350621 ], [ -111.107332329310381, 56.657440521624892 ] ], [ [ -111.10177757798094, 56.654210948079786 ], [ -111.101124677803242, 56.654031800114083 ], [ -111.101449920856311, 56.653672175730321 ], [ -111.102102816357259, 56.653851322002751 ], [ -111.10177757798094, 56.654210948079786 ] ] ] } },
{ "type": "Feature", "properties": { "area_km2": 0.066 }, "geometry": { "type": "Polygon", "coordinates": [ [ [ -111.252820143584032, 56.655253648800979 ], [ -111.252818941104366, 56.65507397078806 ], [ -111.253470164292807, 56.654892966432243 ], [ -111.253468958737983, 56.654713288417867 ], [ -111.253142747469354, 56.65471395200948 ], [ -111.253135523742074, 56.653635883786187 ], [ -111.252809321768083, 56.653636546496223 ], [ -111.252805714746628, 56.65309751230037 ], [ -111.252479517412766, 56.653098174142393 ], [ -111.252478316651434, 56.652918496062149 ], [ -111.252152120854987, 56.652919157045162 ], [ -111.251823529768828, 56.652560460979494 ], [ -111.25084495156247, 56.652562436211078 ], [ -111.250846144539636, 56.652742114324191 ], [ -111.250519950225254, 56.652742771030169 ], [ -111.250523524585603, 56.653281805351462 ], [ -111.250197325603494, 56.653282461216286 ], [ -111.250198515533171, 56.653462139317369 ], [ -111.249219913850212, 56.653464101798022 ], [ -111.24921872857459, 56.653284423683608 ], [ -111.248566330486696, 56.653285727722512 ], [ -111.248565148327458, 56.653106049594022 ], [ -111.248238950814311, 56.653106700327264 ], [ -111.248240131422207, 56.65328637846018 ], [ -111.247588910771128, 56.653467355508418 ], [ -111.247593620982869, 56.654186068002026 ], [ -111.247919827831609, 56.6541854189514 ], [ -111.247921006970074, 56.654365097057301 ], [ -111.248573423729482, 56.654363796383507 ], [ -111.248572241488134, 56.654184118286437 ], [ -111.249223469759414, 56.654003136109793 ], [ -111.249224655089918, 56.654182814203253 ], [ -111.249550861870233, 56.654182160879827 ], [ -111.249555609535349, 56.654900873183536 ], [ -111.249881822507803, 56.654900218987777 ], [ -111.250210415587574, 56.655258920040104 ], [ -111.252820143584032, 56.655253648800979 ] ] ] } },
{ "type": "Feature", "properties": { "area_km2": 0.0108 }, "geometry": { "type": "Polygon", "coordinates": [ [ [ -111.244985130879172, 56.654370907788483 ], [ -111.24498396570371, 56.654191229643111 ], [ -111.245310172660993, 56.654190587428928 ], [ -111.245307839247701, 56.653831231131221 ], [ -111.244981635393245, 56.653831873336685 ], [ -111.244978140028692, 56.65329283883775 ], [ -111.244651940814876, 56.653293480175606 ], [ -111.244650777271673, 56.653113801994465 ], [ -111.244324579595713, 56.653114442473438 ], [ -111.244323417617295, 56.652934764282726 ], [ -111.243997221479219, 56.652935403902831 ], [ -111.243996061065545, 56.652755725702519 ], [ -111.243342514554044, 56.652577324156297 ], [ -111.243018632984445, 56.652937317636038 ], [ -111.243344829162766, 56.652936680579487 ], [ -111.243345986487228, 56.653116358783208 ], [ -111.243999542346842, 56.653294760287714 ], [ -111.244004184243295, 56.654013472994677 ], [ -111.244330389689566, 56.654012833348503 ], [ -111.244331551748687, 56.654192511507809 ], [ -111.244985130879172, 56.654370907788483 ] ] ] } },
{ "type": "Feature", "properties": { "area_km2": 0.0492 }, "geometry": { "type": "Polygon", "coordinates": [ [ [ -111.23618198937929, 56.655106637655251 ], [ -111.236180866040911, 56.654926959415278 ], [ -111.23650707956196, 56.654926340257369 ], [ -111.2365048298212, 56.654566983770103 ], [ -111.236178619403134, 56.654567602919606 ], [ -111.23617524954399, 56.654028568136859 ], [ -111.235849043767274, 56.654029186419194 ], [ -111.235520597675446, 56.653670447282188 ], [ -111.235846800362339, 56.653669829862785 ], [ -111.235845678679354, 56.653490151576733 ], [ -111.237476684161805, 56.653487051682653 ], [ -111.237475554735013, 56.653307373412396 ], [ -111.237801754240991, 56.653306750874194 ], [ -111.237802885219153, 56.653486429140223 ], [ -111.238781488312569, 56.65348455638572 ], [ -111.23910541496339, 56.653124573921815 ], [ -111.238779217061222, 56.653125199873884 ], [ -111.238778081455266, 56.652945521610114 ], [ -111.23779949232393, 56.652947394326468 ], [ -111.237800623275916, 56.653127072602956 ], [ -111.237474425321281, 56.653127695136924 ], [ -111.237473295920609, 56.652948016856207 ], [ -111.236494706632286, 56.652949879318335 ], [ -111.23583782726196, 56.652232403427746 ], [ -111.234859256393975, 56.652234253021845 ], [ -111.234211331171366, 56.652954195155125 ], [ -111.233885134625226, 56.652954808285152 ], [ -111.233884022302021, 56.652775129953078 ], [ -111.23355782729432, 56.652775742224442 ], [ -111.233556716535276, 56.652596063882982 ], [ -111.233230523065998, 56.652596675295676 ], [ -111.232902114309425, 56.652237929138636 ], [ -111.231923543093828, 56.652239755661341 ], [ -111.231599555527424, 56.652599719541513 ], [ -111.231925749060707, 56.652599112401354 ], [ -111.231929058106786, 56.653138147472134 ], [ -111.232255256281221, 56.653137539465085 ], [ -111.232256360873464, 56.653317217807412 ], [ -111.233887359310287, 56.653314164933576 ], [ -111.233886246961319, 56.653134486611975 ], [ -111.234212445058773, 56.653133873477778 ], [ -111.234213558959084, 56.653313551795208 ], [ -111.234865958217995, 56.653312322954903 ], [ -111.234867075233922, 56.653492001258762 ], [ -111.23519327639535, 56.653491385552613 ], [ -111.235195513568755, 56.653850742136264 ], [ -111.234544220530708, 56.654031651003031 ], [ -111.234546451576051, 56.654391007571959 ], [ -111.234872660507492, 56.654390392699497 ], [ -111.234876011826799, 56.654929427501116 ], [ -111.23520222539976, 56.654928811761529 ], [ -111.235203344083587, 56.655108490014086 ], [ -111.23618198937929, 56.655106637655251 ] ] ] } },
{ "type": "Feature", "properties": { "area_km2": 0.016 }, "geometry": { "type": "Polygon", "coordinates": [ [ [ -111.227690646442923, 56.653505330595813 ], [ -111.228014679022635, 56.65314537690363 ], [ -111.227688480683611, 56.653145973801841 ], [ -111.227687397822748, 56.652966295397015 ], [ -111.227033924464081, 56.652787808203584 ], [ -111.227031765010182, 56.652428451351561 ], [ -111.22670557283881, 56.652429045670047 ], [ -111.226704494681883, 56.652249367232152 ], [ -111.226378304049291, 56.652249960692103 ], [ -111.226379380654976, 56.65242963913402 ], [ -111.226053188458664, 56.652430231743494 ], [ -111.226054263525526, 56.652609910184218 ], [ -111.225728069765495, 56.652610501943201 ], [ -111.22572914329352, 56.652790180382702 ], [ -111.225402947969755, 56.652790771291194 ], [ -111.225404019958887, 56.652970449729473 ], [ -111.224752695070421, 56.653151307431962 ], [ -111.225081034459208, 56.653510075082899 ], [ -111.227690646442923, 56.653505330595813 ] ] ] } },
{ "type": "Feature", "properties": { "area_km2": 0.0208 }, "geometry": { "type": "Polygon", "coordinates": [ [ [ -111.222799742590212, 56.653873538539045 ], [ -111.22279868295027, 56.653693860095039 ], [ -111.22345002656607, 56.65351301261483 ], [ -111.223446838448538, 56.652973977259535 ], [ -111.223120641486986, 56.652974562190387 ], [ -111.223115335960173, 56.652076169807025 ], [ -111.222461899546971, 56.651897658565233 ], [ -111.222462957513045, 56.652077337065535 ], [ -111.221811633892742, 56.652258179409031 ], [ -111.221813743681025, 56.652617536399255 ], [ -111.221487549760852, 56.65261811704962 ], [ -111.221488603121998, 56.65279779554082 ], [ -111.220837262413227, 56.652978632779721 ], [ -111.220839362991128, 56.653337989751698 ], [ -111.221165563140971, 56.653337410794649 ], [ -111.221166614999547, 56.653517089268874 ], [ -111.221819018365423, 56.653515928783271 ], [ -111.222147333092067, 56.65387470416772 ], [ -111.222799742590212, 56.653873538539045 ] ] ] } },
{ "type": "Feature", "properties": { "area_km2": 0.0796 }, "geometry": { "type": "Polygon", "coordinates": [ [ [ -111.203879847807542, 56.653905953977464 ], [ -111.2042041108121, 56.653546062119162 ], [ -111.205508919937941, 56.653543915474387 ], [ -111.205507942545353, 56.653364236818007 ], [ -111.205834143247188, 56.653363698024123 ], [ -111.205833164314555, 56.653184019366172 ], [ -111.206159363453708, 56.653183479721399 ], [ -111.206483598544892, 56.652823581905182 ], [ -111.207135990561028, 56.652822498357715 ], [ -111.207136975676306, 56.653002177011444 ], [ -111.207463173218599, 56.653001633952236 ], [ -111.20779134721964, 56.653360447315492 ], [ -111.209096149639393, 56.653358263085686 ], [ -111.209095155193154, 56.653178584464641 ], [ -111.209421354218009, 56.653178036274575 ], [ -111.209420358231938, 56.652998357652017 ], [ -111.20909416075844, 56.652998905838366 ], [ -111.2094183662944, 56.652639000391218 ], [ -111.210723143662449, 56.65263679913047 ], [ -111.211051345426171, 56.652995603902404 ], [ -111.21170374022266, 56.652994496420895 ], [ -111.211702733388876, 56.652814817819319 ], [ -111.21202892921832, 56.65281426280054 ], [ -111.212024895794599, 56.652095548357046 ], [ -111.211371511309963, 56.651916978878447 ], [ -111.211369500896311, 56.651557621599778 ], [ -111.211043315902302, 56.651558174883228 ], [ -111.211042312264098, 56.651378496232269 ], [ -111.208759027840145, 56.651382345264814 ], [ -111.20876002062009, 56.651562023941914 ], [ -111.20778146532642, 56.651563660721322 ], [ -111.207780477200004, 56.65138398203311 ], [ -111.207128110049368, 56.651385068939618 ], [ -111.206479670608076, 56.652104867208571 ], [ -111.20550110111401, 56.652106486076903 ], [ -111.205502078427401, 56.65228616476989 ], [ -111.204523504177757, 56.65228777595869 ], [ -111.204522531518123, 56.652108097254775 ], [ -111.203870151731223, 56.652109167100853 ], [ -111.203871121288344, 56.652288845812045 ], [ -111.203544929826805, 56.652289379456981 ], [ -111.203545897843867, 56.652469058166574 ], [ -111.203872090856706, 56.652468524518028 ], [ -111.20387403002708, 56.652827881914277 ], [ -111.203547833911657, 56.652828415570063 ], [ -111.203551706181656, 56.65354713031428 ], [ -111.203225503849609, 56.653547663130034 ], [ -111.20322647039373, 56.653727341806615 ], [ -111.203879847807542, 56.653905953977464 ] ] ] } },
{ "type": "Feature", "properties": { "area_km2": 0.1708 }, "geometry": { "type": "Polygon", "coordinates": [ [ [ -111.198015682735445, 56.655352859065601 ], [ -111.198014740915596, 56.655173180378995 ], [ -111.199972039584324, 56.65517005251138 ], [ -111.200296350662214, 56.654810170869716 ], [ -111.201274990505851, 56.654808592856504 ], [ -111.201274033203632, 56.654628914189708 ], [ -111.201600244911205, 56.654628386479715 ], [ -111.201598327237051, 56.654269029137609 ], [ -111.201272118632446, 56.654269556840433 ], [ -111.201270204105597, 56.653910199470239 ], [ -111.200943998592791, 56.653910726311338 ], [ -111.200942087213079, 56.653551368913057 ], [ -111.200615884792043, 56.653551894892459 ], [ -111.200614930670142, 56.6533722161819 ], [ -111.200288729789435, 56.65337274130318 ], [ -111.200289682359937, 56.653552420017313 ], [ -111.198332467536488, 56.653555552821025 ], [ -111.19833152427428, 56.653375874085626 ], [ -111.197679122348362, 56.653376911510136 ], [ -111.197678182199795, 56.653197232762466 ], [ -111.197351982771849, 56.653197750189399 ], [ -111.197350105610056, 56.652838392671335 ], [ -111.197676301935317, 56.652837875251429 ], [ -111.197675361819407, 56.652658196488062 ], [ -111.198327751334631, 56.652657159091731 ], [ -111.198326808127007, 56.65247748033017 ], [ -111.19930538766404, 56.652475917837428 ], [ -111.199304439813517, 56.652296239081252 ], [ -111.199630631419325, 56.652295716544863 ], [ -111.199627783279865, 56.651756680255595 ], [ -111.199301596327771, 56.651757202781333 ], [ -111.199300648521131, 56.651577524004239 ], [ -111.197995906808018, 56.651579605548221 ], [ -111.197994965217092, 56.651399926751751 ], [ -111.197342597397437, 56.651400962389829 ], [ -111.197018287356883, 56.651760836535928 ], [ -111.195387352051981, 56.651763406440331 ], [ -111.195388281254921, 56.651943085254324 ], [ -111.194736830066333, 56.652123786057317 ], [ -111.194738682320931, 56.652483143673024 ], [ -111.195064875629996, 56.65248263309622 ], [ -111.194740534618433, 56.652842501267813 ], [ -111.194414338196026, 56.652843010997032 ], [ -111.194413413593239, 56.652663332198784 ], [ -111.193761023818993, 56.652664349086741 ], [ -111.193760102329506, 56.652484670276358 ], [ -111.193107715615199, 56.652485683739378 ], [ -111.193108634002101, 56.652665362556625 ], [ -111.192782439077703, 56.652665868009798 ], [ -111.193112307656037, 56.653384077773353 ], [ -111.19278610652627, 56.65338458324026 ], [ -111.192787023414951, 56.653564262034806 ], [ -111.192134618020816, 56.653565270411839 ], [ -111.192135531817286, 56.653744949207983 ], [ -111.191484033982263, 56.653925632971415 ], [ -111.191490409206963, 56.655183384409199 ], [ -111.19181662589375, 56.655182882326351 ], [ -111.191817538233877, 56.65536256107886 ], [ -111.19573215626518, 56.655356469384863 ], [ -111.195731225306275, 56.655176790673721 ], [ -111.196383658391667, 56.655175763433917 ], [ -111.196384592453697, 56.655355442138095 ], [ -111.198015682735445, 56.655352859065601 ] ] ] } },
{ "type": "Feature", "properties": { "area_km2": 0.0904 }, "geometry": { "type": "Polygon", "coordinates": [ [ [ -111.243665231150018, 56.652037651592856 ], [ -111.243664072354719, 56.651857973362027 ], [ -111.246925940187936, 56.651851547514674 ], [ -111.246924765894121, 56.651671869322243 ], [ -111.247250951051782, 56.651671222042268 ], [ -111.247247423598424, 56.651132187446755 ], [ -111.247573604089027, 56.651131539325483 ], [ -111.247572426747325, 56.650951861120916 ], [ -111.247898605673171, 56.650951212149586 ], [ -111.247899784565988, 56.651130890349769 ], [ -111.24855332748767, 56.651309268021045 ], [ -111.248555691546173, 56.651668624377535 ], [ -111.248881876635608, 56.651667972825166 ], [ -111.248883060236565, 56.65184765099113 ], [ -111.249209246863487, 56.651846998579856 ], [ -111.249208061711329, 56.651667320418319 ], [ -111.249534246773365, 56.651666667156995 ], [ -111.24985805535384, 56.651306656720173 ], [ -111.250836601109114, 56.651304689272649 ], [ -111.250837793989589, 56.651484367422434 ], [ -111.251163977431588, 56.651483709893192 ], [ -111.251487768908007, 56.651123695222573 ], [ -111.25083421538956, 56.650945332957392 ], [ -111.250831829725229, 56.65058597662118 ], [ -111.250505654025034, 56.650586633273655 ], [ -111.250504462764638, 56.650406955093246 ], [ -111.248873591812455, 56.650410225516765 ], [ -111.248872408321091, 56.650230547308901 ], [ -111.247893890238402, 56.650232499296557 ], [ -111.247892711413826, 56.650052821070197 ], [ -111.246914197861429, 56.650054765354774 ], [ -111.246915372032916, 56.650234443594329 ], [ -111.245936853705118, 56.650236380202244 ], [ -111.245935684186719, 56.650056701949545 ], [ -111.245283341669193, 56.650057988740599 ], [ -111.245284508085533, 56.650237667002052 ], [ -111.242675125068601, 56.650242780024008 ], [ -111.242676279090034, 56.650422458314928 ], [ -111.242025081032423, 56.650603406329054 ], [ -111.241703502625597, 56.651322753053684 ], [ -111.241377320341641, 56.651323385798982 ], [ -111.241380764072332, 56.651862420613462 ], [ -111.241706951009817, 56.651861787855282 ], [ -111.241708100497846, 56.652041466112003 ], [ -111.243665231150018, 56.652037651592856 ] ] ] } },
{ "type": "Feature", "properties": { "area_km2": 0.012 }, "geometry": { "type": "Polygon", "coordinates": [ [ [ -111.223105786785666, 56.650459063187256 ], [ -111.223429837024639, 56.650099121235762 ], [ -111.223103664881975, 56.65009970610307 ], [ -111.223102603948547, 56.649920027553122 ], [ -111.22179792145937, 56.649922358462227 ], [ -111.221469644486504, 56.649563581898313 ], [ -111.220817309348249, 56.649564740501738 ], [ -111.22081835940017, 56.649744419089785 ], [ -111.220167068073351, 56.649925252874063 ], [ -111.220169162033812, 56.650284610039684 ], [ -111.220495335837398, 56.65028403285833 ], [ -111.220496384386863, 56.650463711429374 ], [ -111.220822559729385, 56.650463133389643 ], [ -111.220821509628848, 56.650283454822528 ], [ -111.221800030930197, 56.650281715588534 ], [ -111.221801085683936, 56.650461394143839 ], [ -111.223105786785666, 56.650459063187256 ] ] ] } },
{ "type": "Feature", "properties": { "area_km2": 0.0748 }, "geometry": { "type": "Polygon", "coordinates": [ [ [ -111.22670126028595, 56.651710331887067 ], [ -111.226700182178917, 56.651530653428239 ], [ -111.227678735387173, 56.651528867969908 ], [ -111.22767765263913, 56.651349189517958 ], [ -111.228330018279649, 56.651347994948132 ], [ -111.22832893244184, 56.651168316499067 ], [ -111.228655113692113, 56.651167717936524 ], [ -111.228652938951925, 56.650808361030819 ], [ -111.228979117087377, 56.650807761621948 ], [ -111.228976939295364, 56.650448404703447 ], [ -111.228323503441274, 56.650269924175227 ], [ -111.228314817693871, 56.648832496184866 ], [ -111.227988656594349, 56.648833093840196 ], [ -111.227987572483357, 56.648653415313774 ], [ -111.228313732031992, 56.648652817662516 ], [ -111.228311560745922, 56.648293460602119 ], [ -111.227985404299048, 56.64829405824527 ], [ -111.227984320225701, 56.648114379703152 ], [ -111.227332010396026, 56.648115572418249 ], [ -111.227330929436889, 56.647935893862801 ], [ -111.22667862265881, 56.647937083152364 ], [ -111.226679700516286, 56.64811676171589 ], [ -111.2263535455577, 56.648117355083151 ], [ -111.22635569820838, 56.648476712202545 ], [ -111.226681856268669, 56.648476118827212 ], [ -111.226357850908883, 56.648836069301005 ], [ -111.225704455292686, 56.648657574949951 ], [ -111.226028465354915, 56.648297626162396 ], [ -111.225702308820587, 56.648298217824966 ], [ -111.225701235603182, 56.648118539254597 ], [ -111.225048925598955, 56.648119720008594 ], [ -111.225049995714684, 56.648299398586964 ], [ -111.224398749585603, 56.64848025451262 ], [ -111.224406219116062, 56.649738004433985 ], [ -111.224080050112377, 56.649738591856604 ], [ -111.224081115686545, 56.649918270399858 ], [ -111.224734525472158, 56.650096773222252 ], [ -111.224736662886386, 56.650456130266605 ], [ -111.225062838069505, 56.650455541119165 ], [ -111.225063908346243, 56.6506352196295 ], [ -111.225715188398524, 56.650454360260944 ], [ -111.225713041677977, 56.650095003240622 ], [ -111.226039213721748, 56.650094411537886 ], [ -111.226038138829082, 56.649914733023898 ], [ -111.226690479777247, 56.649913547063193 ], [ -111.226691557771971, 56.650093225569137 ], [ -111.227017729778368, 56.650092631303124 ], [ -111.227020968490578, 56.650631666777429 ], [ -111.226694791830994, 56.650632261055549 ], [ -111.226695869875627, 56.650811939540546 ], [ -111.226042438474394, 56.65063344704847 ], [ -111.226043513416826, 56.650813125541518 ], [ -111.225717335168767, 56.650813717260327 ], [ -111.225720555417325, 56.651352752720143 ], [ -111.22539437250343, 56.651353343596547 ], [ -111.225722702311828, 56.651712109667187 ], [ -111.22670126028595, 56.651710331887067 ] ] ] } },
{ "type": "Feature", "properties": { "area_km2": 0.0124 }, "geometry": { "type": "Polygon", "coordinates": [ [ [ -111.124585572244442, 56.646104613607967 ], [ -111.124910523799542, 56.645744927623085 ], [ -111.124584387535762, 56.645745254394704 ], [ -111.1242570696851, 56.645386221073402 ], [ -111.12360480332579, 56.645386870336324 ], [ -111.123604215647219, 56.645207190704788 ], [ -111.121973557383185, 56.645208798901095 ], [ -111.121974137308811, 56.645388478543552 ], [ -111.121648004085202, 56.64538879762214 ], [ -111.12164916085537, 56.645748156895728 ], [ -111.121975297180214, 56.64574783781282 ], [ -111.121975877125976, 56.645927517439596 ], [ -111.123279842412259, 56.645746552938157 ], [ -111.123280428560591, 56.645926232556221 ], [ -111.124585572244442, 56.646104613607967 ] ] ] } },
{ "type": "Feature", "properties": { "area_km2": 0.1584 }, "geometry": { "type": "Polygon", "coordinates": [ [ [ -111.090660147390295, 56.643259056292806 ], [ -111.090985397450552, 56.642899458615844 ], [ -111.092289845690829, 56.642898498480221 ], [ -111.092289406940381, 56.642718818591234 ], [ -111.092615517437466, 56.642718576423441 ], [ -111.092615957738246, 56.642898256310787 ], [ -111.093268181817805, 56.642897769409288 ], [ -111.093268625224411, 56.643077449288114 ], [ -111.093594738806857, 56.643077204554373 ], [ -111.093919959374631, 56.642717599210229 ], [ -111.095224401229117, 56.642716608329756 ], [ -111.095224853932692, 56.642896288203744 ], [ -111.096529760815002, 56.643074963511125 ], [ -111.096529301904738, 56.642895283649175 ], [ -111.098159861750176, 56.642894008736242 ], [ -111.098485037294509, 56.642534391472267 ], [ -111.098158928442217, 56.642534649014003 ], [ -111.098158461796345, 56.642354969145039 ], [ -111.097832354488958, 56.642355225830812 ], [ -111.097505320101774, 56.641996121901855 ], [ -111.096853111661318, 56.641996630995536 ], [ -111.096852651232666, 56.641816951103969 ], [ -111.095874343182828, 56.641817708333001 ], [ -111.095873887410221, 56.641638028431061 ], [ -111.094569033237846, 56.641459346190601 ], [ -111.094568583676605, 56.641279666271444 ], [ -111.094242485612483, 56.641279913551031 ], [ -111.093915494637002, 56.640920800115779 ], [ -111.093263748033834, 56.641100970333795 ], [ -111.093264634749573, 56.641460330190682 ], [ -111.092938535114641, 56.641460574055287 ], [ -111.09293986057601, 56.641999613806405 ], [ -111.09261375628526, 56.641999856821798 ], [ -111.092614196565663, 56.64217953673004 ], [ -111.091635879012017, 56.642180260656055 ], [ -111.091635443382444, 56.642000580742902 ], [ -111.091309339071401, 56.642000820341572 ], [ -111.090982369712279, 56.641641699237567 ], [ -111.090004066035618, 56.641642410336274 ], [ -111.090004493903919, 56.641822090267965 ], [ -111.08837397992616, 56.641823258357022 ], [ -111.088373559809057, 56.641643578417401 ], [ -111.088047458549084, 56.641643809471113 ], [ -111.088047039987075, 56.641464129524699 ], [ -111.08772094027249, 56.641464359722683 ], [ -111.087394009644356, 56.641105229151783 ], [ -111.085763526477479, 56.641106363042994 ], [ -111.085763118781188, 56.640926683070091 ], [ -111.082828262736612, 56.640928670249146 ], [ -111.082828656481382, 56.641108350235527 ], [ -111.081523882153121, 56.640929531231997 ], [ -111.081524269697212, 56.641109211224219 ], [ -111.08087246072634, 56.641289316583546 ], [ -111.080874383034072, 56.642187716454686 ], [ -111.081200489047234, 56.642187504188399 ], [ -111.081200875072426, 56.642367184145513 ], [ -111.081526982631431, 56.642366971023591 ], [ -111.08152737021139, 56.642546650974033 ], [ -111.081853479316223, 56.642546436996469 ], [ -111.082180369791303, 56.642905582044094 ], [ -111.083158706367115, 56.64290493241478 ], [ -111.083484024772432, 56.642545354295635 ], [ -111.084136242922895, 56.642544915235916 ], [ -111.084136642910011, 56.642724595169355 ], [ -111.084788864142624, 56.642724152689823 ], [ -111.084789267235053, 56.642903832615019 ], [ -111.086093715845536, 56.642902937399427 ], [ -111.086419006302762, 56.642543351619565 ], [ -111.088049551431823, 56.642542209124784 ], [ -111.088049970022894, 56.642721889039841 ], [ -111.089680522782515, 56.642720725182166 ], [ -111.089680949130184, 56.642900405084099 ], [ -111.090007061217719, 56.642900169748344 ], [ -111.09000748912068, 56.643079849643478 ], [ -111.090660147390295, 56.643259056292806 ] ] ] } },
{ "type": "Feature", "properties": { "area_km2": 0.0676 }, "geometry": { "type": "Polygon", "coordinates": [ [ [ -111.079244229625274, 56.642368444938953 ], [ -111.079243852901854, 56.642188764973277 ], [ -111.079569958937086, 56.642188556977935 ], [ -111.079568445886025, 56.641469837068655 ], [ -111.079242346051799, 56.641470045058348 ], [ -111.079241592652934, 56.641110685069535 ], [ -111.078915495914742, 56.641110892202263 ], [ -111.078915120772024, 56.640931212198609 ], [ -111.077610739976691, 56.640932032182377 ], [ -111.077611108918731, 56.641111712191581 ], [ -111.076958915395053, 56.641112117061326 ], [ -111.07630527091419, 56.64039379842437 ], [ -111.075653089757935, 56.640394196450075 ], [ -111.075653449386465, 56.640573876483117 ], [ -111.075001265113315, 56.640574271094984 ], [ -111.075000908585039, 56.640394591059263 ], [ -111.07402263679478, 56.640395176567054 ], [ -111.074022284920915, 56.640215496522117 ], [ -111.073044017744309, 56.640216074338809 ], [ -111.073044364967885, 56.640395754387669 ], [ -111.072718274350848, 56.640395945286272 ], [ -111.072719657084718, 56.641114665434664 ], [ -111.073045753902321, 56.641114474530866 ], [ -111.07304679564534, 56.641653514583425 ], [ -111.072720694177121, 56.641653705491116 ], [ -111.07272103988258, 56.641833385499474 ], [ -111.073047142901061, 56.641833194590497 ], [ -111.073047490160789, 56.642012874592346 ], [ -111.074678012943835, 56.642011907228223 ], [ -111.074678367958981, 56.642191587218292 ], [ -111.075330580144126, 56.642191194290689 ], [ -111.075330938263974, 56.642370874272864 ], [ -111.076309261161455, 56.642370278471006 ], [ -111.076634640147716, 56.642010718203252 ], [ -111.077939058199561, 56.642009908436272 ], [ -111.078265906842589, 56.642369063804054 ], [ -111.079244229625274, 56.642368444938953 ] ] ] } },
{ "type": "Feature", "properties": { "area_km2": 0.0096 }, "geometry": { "type": "Polygon", "coordinates": [ [ [ -111.249457140509719, 56.639987575711281 ], [ -111.249455954712474, 56.639807897208492 ], [ -111.249782037421895, 56.639807243385746 ], [ -111.249778475462591, 56.63926820785931 ], [ -111.24945239740309, 56.639268861668739 ], [ -111.249451211660741, 56.639089183145003 ], [ -111.248146905485441, 56.639091789824249 ], [ -111.248148085028063, 56.639271468365671 ], [ -111.247822006900122, 56.639272117904724 ], [ -111.247824362926394, 56.639631474980696 ], [ -111.248150444154234, 56.639630825432818 ], [ -111.248478887649213, 56.639989532068221 ], [ -111.249457140509719, 56.639987575711281 ] ] ] } },
{ "type": "Feature", "properties": { "area_km2": 0.0236 }, "geometry": { "type": "Polygon", "coordinates": [ [ [ -111.192055158199494, 56.637933195122848 ], [ -111.192054245333196, 56.637753515866372 ], [ -111.192380311582298, 56.637753012406044 ], [ -111.192377568397418, 56.637213974615442 ], [ -111.192703629986596, 56.637213470311337 ], [ -111.192699050474801, 56.636315073906182 ], [ -111.192372996634234, 56.636315578193162 ], [ -111.192372082313327, 56.636135898893009 ], [ -111.191719977699776, 56.63613690489818 ], [ -111.191720888921353, 56.636316584205161 ], [ -111.190742727273019, 56.636318086818264 ], [ -111.190743633856073, 56.636497766130212 ], [ -111.190092426432827, 56.636678442922573 ], [ -111.190096040514021, 56.63739716012423 ], [ -111.190422103726647, 56.637396661794874 ], [ -111.190749980231303, 56.637755521167378 ], [ -111.192055158199494, 56.637933195122848 ] ] ] } },
{ "type": "Feature", "properties": { "area_km2": 0.0048 }, "geometry": { "type": "Polygon", "coordinates": [ [ [ -111.246175233886561, 56.636759852362999 ], [ -111.246498947192293, 56.636399849876916 ], [ -111.246172893793215, 56.636400495075499 ], [ -111.245844503440694, 56.6360417821029 ], [ -111.245192402773483, 56.636043068212693 ], [ -111.244868680061714, 56.636403067330001 ], [ -111.245194733514836, 56.636402425547345 ], [ -111.245523120849114, 56.636761140215697 ], [ -111.246175233886561, 56.636759852362999 ] ] ] } },
{ "type": "Feature", "properties": { "area_km2": 0.0044 }, "geometry": { "type": "Polygon", "coordinates": [ [ [ -111.358639936031395, 56.633971104867669 ], [ -111.358962553209338, 56.633610811415011 ], [ -111.358636527243192, 56.633611751143327 ], [ -111.35830709564658, 56.633253336259664 ], [ -111.357655049812962, 56.633255211421485 ], [ -111.357332423181589, 56.633615501517902 ], [ -111.358639936031395, 56.633971104867669 ] ] ] } },
{ "type": "Feature", "properties": { "area_km2": 0.006 }, "geometry": { "type": "Polygon", "coordinates": [ [ [ -111.234096669788414, 56.634447299878687 ], [ -111.234095557240835, 56.634267621011496 ], [ -111.234746512181019, 56.634086714191149 ], [ -111.234743165357685, 56.633547677567449 ], [ -111.234417136274899, 56.633548291955854 ], [ -111.2344160222423, 56.633368613066636 ], [ -111.234089994695992, 56.63336922659699 ], [ -111.234091107179211, 56.633548905490358 ], [ -111.233765078070675, 56.63354951817098 ], [ -111.233767299976947, 56.633908875950333 ], [ -111.233441267756731, 56.63390948778536 ], [ -111.233443486615556, 56.634268845552086 ], [ -111.234096669788414, 56.634447299878687 ] ] ] } },
{ "type": "Feature", "properties": { "area_km2": 0.0396 }, "geometry": { "type": "Polygon", "coordinates": [ [ [ -111.231480673788141, 56.633194425168071 ], [ -111.231479573725352, 56.633014746231105 ], [ -111.231805598275429, 56.633014139540101 ], [ -111.232129416528124, 56.632654174122074 ], [ -111.233107480767643, 56.632652346388987 ], [ -111.233435720834322, 56.633011093276927 ], [ -111.234087769768166, 56.633009868794524 ], [ -111.234086657323545, 56.632830189885439 ], [ -111.234412680221851, 56.632829576367584 ], [ -111.234411566240823, 56.632649897457433 ], [ -111.235062491833432, 56.632468988961435 ], [ -111.235055789704575, 56.631390915409177 ], [ -111.23472977922593, 56.631391530601363 ], [ -111.234401540991414, 56.631032787030371 ], [ -111.234075533585298, 56.631033400506574 ], [ -111.234076645901212, 56.631213079468033 ], [ -111.233750636933067, 56.631213692094583 ], [ -111.233751747712688, 56.631393371054962 ], [ -111.233425737182557, 56.631393982831838 ], [ -111.233101942040662, 56.631753951676536 ], [ -111.232123901039827, 56.631755779347593 ], [ -111.232122797980466, 56.631576100376975 ], [ -111.231144761512354, 56.631577920351155 ], [ -111.231145859924155, 56.631757599334122 ], [ -111.230819846193484, 56.63175820428863 ], [ -111.230822039956749, 56.632117562247061 ], [ -111.230496023114952, 56.632118166355923 ], [ -111.230499309207246, 56.632657203266596 ], [ -111.230825330696831, 56.632656599145427 ], [ -111.230827524587013, 56.633015957051491 ], [ -111.231480673788141, 56.633194425168071 ] ] ] } },
{ "type": "Feature", "properties": { "area_km2": 0.0044 }, "geometry": { "type": "Polygon", "coordinates": [ [ [ -111.089646856901751, 56.628525996420763 ], [ -111.089646430948548, 56.628346316100874 ], [ -111.089972417516009, 56.628346080894495 ], [ -111.089971135039335, 56.627807039908284 ], [ -111.089318746808104, 56.627627829115362 ], [ -111.089319171192741, 56.627807509457725 ], [ -111.088993189262084, 56.627807742951866 ], [ -111.088994457798847, 56.628346783952402 ], [ -111.089646856901751, 56.628525996420763 ] ] ] } },
{ "type": "Feature", "properties": { "area_km2": 3.2624 }, "geometry": { "type": "Polygon", "coordinates": [ [ [ -111.544462570451117, 56.677858404331545 ], [ -111.544459978650096, 56.677678733342461 ], [ -111.545765571067079, 56.677673019743459 ], [ -111.545762973081878, 56.677493348787905 ], [ -111.547718744206691, 56.67730508188825 ], [ -111.547716136960602, 56.67712541098048 ], [ -111.548042530148166, 56.677123975340479 ], [ -111.548039921378759, 56.676944304437178 ], [ -111.548366312982608, 56.676942867951723 ], [ -111.548687480894202, 56.67658208882758 ], [ -111.549666646112698, 56.676577771732951 ], [ -111.549664029666744, 56.676398100862592 ], [ -111.549990416458883, 56.67639666013045 ], [ -111.550311564206083, 56.676035876825665 ], [ -111.552272494310955, 56.676206880262754 ], [ -111.552269865498417, 56.676027209460266 ], [ -111.552920000463629, 56.675844642708888 ], [ -111.552914736777353, 56.675485301116751 ], [ -111.553241115498594, 56.675483851881893 ], [ -111.553238482147847, 56.675304181087711 ], [ -111.553891236392175, 56.675301280072212 ], [ -111.553888599965319, 56.675121609292439 ], [ -111.554867726442865, 56.675117251385103 ], [ -111.55486508538668, 56.674937580629646 ], [ -111.555191459264748, 56.674936126293453 ], [ -111.555512544878596, 56.674575329614804 ], [ -111.556165286268623, 56.674572416706262 ], [ -111.556162639091269, 56.674392745974451 ], [ -111.556489008187086, 56.674391288247378 ], [ -111.556486359487167, 56.674211617520172 ], [ -111.557136442704717, 56.67402902880778 ], [ -111.557131139245612, 56.673669687366491 ], [ -111.557457502036613, 56.673668227113737 ], [ -111.557454848799992, 56.673488556395064 ], [ -111.557781210007121, 56.673487095297105 ], [ -111.557778555248106, 56.673307424583058 ], [ -111.558428616629413, 56.67312482914226 ], [ -111.558423301052784, 56.672765487727403 ], [ -111.557767936519454, 56.672588741673877 ], [ -111.557430971052966, 56.67187151968853 ], [ -111.557757318282682, 56.6718700586799 ], [ -111.557754663800324, 56.671690387918147 ], [ -111.55808100944634, 56.671688926064391 ], [ -111.558078353441786, 56.671509255307285 ], [ -111.558404697504102, 56.671507792608431 ], [ -111.558402039977395, 56.67132812185595 ], [ -111.55872838245601, 56.671326658312005 ], [ -111.558725723407179, 56.671146987564157 ], [ -111.559052064302094, 56.671145523175134 ], [ -111.55904940373118, 56.670965852431941 ], [ -111.559375743042395, 56.670964387197856 ], [ -111.559373080949413, 56.670784716459302 ], [ -111.559699418676956, 56.670783250380147 ], [ -111.560020426068803, 56.670422441992848 ], [ -111.560999429656619, 56.670418036120168 ], [ -111.560996759892063, 56.670238365415564 ], [ -111.561646752851217, 56.670055753222194 ], [ -111.561641407265626, 56.669696411826436 ], [ -111.561967735460073, 56.669694939822222 ], [ -111.561965061160961, 56.6695152691264 ], [ -111.562291387771722, 56.669513796277215 ], [ -111.56228871195087, 56.669334125586083 ], [ -111.562615036977903, 56.669332651891942 ], [ -111.562612359635352, 56.669152981205528 ], [ -111.562938683078698, 56.669151506666424 ], [ -111.563259645688206, 56.668790689923725 ], [ -111.563912286209046, 56.668787736610881 ], [ -111.564233236428393, 56.668426917362368 ], [ -111.565212187567454, 56.668422478476529 ], [ -111.565209497959032, 56.668242807843868 ], [ -111.565535813390525, 56.668241326515464 ], [ -111.565530431161946, 56.667881985254375 ], [ -111.565856743457132, 56.667880503091169 ], [ -111.565854050837032, 56.667700832462749 ], [ -111.566180361548476, 56.667699349454708 ], [ -111.566177667407032, 56.667519678831042 ], [ -111.566503976534747, 56.667518194978172 ], [ -111.566501280871989, 56.667338524359302 ], [ -111.566827588415975, 56.667337039661597 ], [ -111.566824891231917, 56.667157369047501 ], [ -111.567151197192189, 56.667155883505004 ], [ -111.567472102636941, 56.666795055903876 ], [ -111.568451010921535, 56.666790591643043 ], [ -111.568448306068973, 56.66661092106353 ], [ -111.569100908330597, 56.666607940635501 ], [ -111.569098200404525, 56.666428270070938 ], [ -111.570403398341696, 56.666422298997006 ], [ -111.570400684237384, 56.666242628467671 ], [ -111.570726982090761, 56.666241133572193 ], [ -111.570724266465476, 56.666061463047711 ], [ -111.571050562735024, 56.666059967307525 ], [ -111.571371421607495, 56.665699129688271 ], [ -111.572350300818698, 56.665694634835106 ], [ -111.572347577526116, 56.665514964345569 ], [ -111.57267386898117, 56.66551346436168 ], [ -111.572671144167828, 56.665333793877025 ], [ -111.57332372387863, 56.66533079136515 ], [ -111.573320995992262, 56.665151120895587 ], [ -111.573647284247997, 56.665149618367622 ], [ -111.573644554840939, 56.664969947902947 ], [ -111.573970841512832, 56.664968444530366 ], [ -111.574291663224813, 56.664607599398572 ], [ -111.57559405842585, 56.66442190360344 ], [ -111.575914859990746, 56.664061054298791 ], [ -111.57721997455667, 56.664055011949969 ], [ -111.577217228265496, 56.663875341566097 ], [ -111.57786978225343, 56.663872315283534 ], [ -111.57786703288977, 56.663692644914882 ], [ -111.578845858976493, 56.66368809911107 ], [ -111.578843104988309, 56.663508428768019 ], [ -111.579495652449154, 56.663505393978895 ], [ -111.57981640893847, 56.663144534661988 ], [ -111.5804689499994, 56.663141494785549 ], [ -111.580789694104112, 56.66278063296572 ], [ -111.582421030515931, 56.662773014146197 ], [ -111.582418259614911, 56.662593343890244 ], [ -111.58339705642112, 56.662588762372749 ], [ -111.5837177678372, 56.66222789304593 ], [ -111.586330655609643, 56.662395301528143 ], [ -111.586333445102596, 56.662574971664647 ], [ -111.586985975565909, 56.662571897660783 ], [ -111.58698876819517, 56.662751567771103 ], [ -111.587641301633184, 56.662748490327409 ], [ -111.587638505899889, 56.662568820237993 ], [ -111.58894356617931, 56.662562655135616 ], [ -111.588940764270404, 56.662382985082765 ], [ -111.589919554483444, 56.662378352312771 ], [ -111.589916747951065, 56.662198682286053 ], [ -111.591871502375895, 56.662009723762644 ], [ -111.59219212778676, 56.661648832756498 ], [ -111.593823411978533, 56.661641064674377 ], [ -111.594144015597408, 56.661280168666501 ], [ -111.595122776310617, 56.661275495060202 ], [ -111.595119945143395, 56.661095825170307 ], [ -111.5964221154195, 56.660909911919198 ], [ -111.596742688001399, 56.660549009243205 ], [ -111.597395182236667, 56.660545880770357 ], [ -111.597392340338075, 56.660366210933454 ], [ -111.597718585854579, 56.660364645425666 ], [ -111.598039141432679, 56.660003739416041 ], [ -111.598691626094023, 56.660000604169767 ], [ -111.598688778087222, 56.659820934359495 ], [ -111.599015018816729, 56.659819365465033 ], [ -111.59900931979864, 56.65946002584986 ], [ -111.599335557391754, 56.659458456122081 ], [ -111.599332706380537, 56.659278786317188 ], [ -111.59965894238897, 56.659277215745455 ], [ -111.599656089859081, 56.659097545945912 ], [ -111.60030570307346, 56.658914732476418 ], [ -111.600299991972378, 56.658555392893462 ], [ -111.600626221675213, 56.658553819800595 ], [ -111.600620507603224, 56.658194480217738 ], [ -111.600946734169838, 56.65819290629166 ], [ -111.60093815865531, 56.657653896909579 ], [ -111.601264380534275, 56.657652322160992 ], [ -111.601258660587092, 56.65729298256776 ], [ -111.6019082350129, 56.657110160766507 ], [ -111.601899646131258, 56.656571151385066 ], [ -111.602549205042919, 56.656388326251474 ], [ -111.602540607250901, 56.655849316870544 ], [ -111.602866813450078, 56.655847737956343 ], [ -111.602863946034446, 56.65566806816279 ], [ -111.603190150649127, 56.655666488404812 ], [ -111.603184412814898, 56.655307148823212 ], [ -111.6038339437697, 56.655124317009381 ], [ -111.603825328059742, 56.654585307645604 ], [ -111.604151523267305, 56.654583725388576 ], [ -111.604145776524533, 56.65422438580763 ], [ -111.604471968596485, 56.654222802717634 ], [ -111.604463344078411, 56.653683793338608 ], [ -111.605112840940777, 56.653500954877686 ], [ -111.605104207515694, 56.652961945499406 ], [ -111.605430388630168, 56.652960359921416 ], [ -111.605745046536313, 56.65224009432972 ], [ -111.606071221380176, 56.652238507086011 ], [ -111.606068339118835, 56.652058837293673 ], [ -111.606394512378387, 56.652057249206358 ], [ -111.606391628599496, 56.651877579419491 ], [ -111.606717800274751, 56.65187599048857 ], [ -111.606714914978326, 56.651696320707188 ], [ -111.60704108506927, 56.651694730932682 ], [ -111.607038198255353, 56.651515061156758 ], [ -111.607687645352996, 56.651332209306617 ], [ -111.607681865688875, 56.650972869771408 ], [ -111.608008029476096, 56.650971277477041 ], [ -111.608002246844165, 56.650611937942195 ], [ -111.608328407496316, 56.650610344815121 ], [ -111.608319729147112, 56.650071335505423 ], [ -111.608969145228855, 56.649888476994306 ], [ -111.609283710439769, 56.649168202302199 ], [ -111.609609858552204, 56.649166605844485 ], [ -111.609930206060909, 56.648805669021264 ], [ -111.610582495915466, 56.648802471877801 ], [ -111.610579592579541, 56.648622802135925 ], [ -111.610905735905831, 56.648621202293647 ], [ -111.610899926233657, 56.648261862815666 ], [ -111.611226066425203, 56.648260262140845 ], [ -111.611223160088997, 56.648080592404746 ], [ -111.611549298696374, 56.648078990886539 ], [ -111.611543483023866, 56.647719651420147 ], [ -111.612192843048845, 56.647536776145074 ], [ -111.612181199838773, 56.646818097214243 ], [ -111.612507327491869, 56.646816493209514 ], [ -111.612504415223171, 56.646636823474388 ], [ -111.613153751991732, 56.646453943205429 ], [ -111.613147921421472, 56.646094603752218 ], [ -111.613474042771941, 56.646092997228472 ], [ -111.613471125987104, 56.645913327504786 ], [ -111.613797245753517, 56.645911720137761 ], [ -111.613794327452126, 56.645732050419682 ], [ -111.614120445634455, 56.645730442209384 ], [ -111.614117525816567, 56.64555077249689 ], [ -111.614443642414827, 56.645549163443356 ], [ -111.614440721080456, 56.645369493736482 ], [ -111.614766836094645, 56.645367883839697 ], [ -111.614763913243834, 56.645188214138436 ], [ -111.615413214152781, 56.645005322119523 ], [ -111.615407362419489, 56.64464598273414 ], [ -111.616056650893, 56.644463087370248 ], [ -111.616371036460478, 56.643742794532983 ], [ -111.616697137319903, 56.643741179609904 ], [ -111.61669420547301, 56.64356150992645 ], [ -111.617020304748451, 56.643559894160205 ], [ -111.617340534197709, 56.643198938200911 ], [ -111.61799272637856, 56.643195702441844 ], [ -111.617989788433334, 56.643016032786349 ], [ -111.620598543395218, 56.643003055674455 ], [ -111.620918733923645, 56.642642090563406 ], [ -111.621897007069037, 56.64263720755806 ], [ -111.62189405062621, 56.642457538018888 ], [ -111.623524497434232, 56.642449382650518 ], [ -111.623521533275891, 56.642269713161397 ], [ -111.624499796299418, 56.64226480972485 ], [ -111.62449682752559, 56.642085140263688 ], [ -111.625798196603796, 56.641898921013905 ], [ -111.626118328097562, 56.641537942595221 ], [ -111.627096571696782, 56.641533018794938 ], [ -111.627416687691962, 56.641172037050239 ], [ -111.62806884365061, 56.641168748583098 ], [ -111.628065858034958, 56.640989079212517 ], [ -111.62871801075579, 56.640985787351624 ], [ -111.629038106637992, 56.640624801450073 ], [ -111.630339402767461, 56.640438534845359 ], [ -111.63065947853751, 56.640077544787403 ], [ -111.631960747732094, 56.639891261277427 ], [ -111.631957743762101, 56.639711592003991 ], [ -111.632283808875698, 56.639709936331037 ], [ -111.632280803390799, 56.639530267063527 ], [ -111.632606866919971, 56.639528610547828 ], [ -111.632926913350346, 56.639167614672168 ], [ -111.633579034036131, 56.639164297415988 ], [ -111.633576022457135, 56.638984628177504 ], [ -111.633902081198144, 56.638982968279741 ], [ -111.634222110652559, 56.638621969080205 ], [ -111.634874221761919, 56.638618645060056 ], [ -111.635194238854766, 56.638257643367652 ], [ -111.635846343556423, 56.638254314269084 ], [ -111.635843321305074, 56.638074645082966 ], [ -111.636169372053942, 56.638072979264095 ], [ -111.636166348288057, 56.637893310083982 ], [ -111.636492397452471, 56.637891643422513 ], [ -111.636489372172093, 56.637711974248369 ], [ -111.636815419752011, 56.637710306744296 ], [ -111.636812392957211, 56.637530637576148 ], [ -111.637138438952647, 56.637528969229493 ], [ -111.63713541064341, 56.637349300067356 ], [ -111.637461455054378, 56.637347630878132 ], [ -111.637458425230776, 56.637167961721978 ], [ -111.637784468057262, 56.637166291690207 ], [ -111.637781436719308, 56.636986622540064 ], [ -111.638107477961341, 56.636984951665738 ], [ -111.638104445109079, 56.636805282521621 ], [ -111.63843048476663, 56.636803610804748 ], [ -111.638427450400087, 56.636623941666649 ], [ -111.638753488473171, 56.636622269107256 ], [ -111.638750452592404, 56.63644259997519 ], [ -111.63907648908102, 56.636440926573272 ], [ -111.639073451686045, 56.636261257447252 ], [ -111.639399486590193, 56.636259583202843 ], [ -111.639396447681051, 56.636079914082835 ], [ -111.639722481000732, 56.636078238995935 ], [ -111.639719440577466, 56.635898569881981 ], [ -111.640045472312678, 56.635896893952605 ], [ -111.640042430375317, 56.63571722484469 ], [ -111.640368460526062, 56.635715548072845 ], [ -111.640365417074648, 56.635535878970991 ], [ -111.641014427657339, 56.635352853804164 ], [ -111.641008334733726, 56.634993515619371 ], [ -111.641334358581901, 56.634991836331601 ], [ -111.641331310623798, 56.634812167242622 ], [ -111.641657332887519, 56.634810487112432 ], [ -111.641654283415519, 56.634630818029507 ], [ -111.64230327220379, 56.634447786165119 ], [ -111.642297167239718, 56.634088448018296 ], [ -111.642623183201025, 56.634086765372359 ], [ -111.642620129222891, 56.633907096302394 ], [ -111.642946143599758, 56.633905412814102 ], [ -111.642943088107884, 56.633725743750212 ], [ -111.643592055102829, 56.633542705188795 ], [ -111.643585938099719, 56.633183367080143 ], [ -111.644234892667114, 56.633000325179204 ], [ -111.644228769680439, 56.632640987084372 ], [ -111.644877711820669, 56.632457941844081 ], [ -111.644871582850854, 56.63209860376309 ], [ -111.645197581490081, 56.632096914412976 ], [ -111.645194515509473, 56.631917245375959 ], [ -111.645520512564346, 56.63191555518361 ], [ -111.645517445070325, 56.631735886152725 ], [ -111.646166365419646, 56.631552834216578 ], [ -111.646160224413777, 56.631193496174085 ], [ -111.646486215166789, 56.631191803466542 ], [ -111.646480071205431, 56.630832465425712 ], [ -111.646806058825334, 56.63083077188746 ], [ -111.646799911908644, 56.630471433848307 ], [ -111.647125896395494, 56.630469739479366 ], [ -111.647433422365879, 56.629390030149388 ], [ -111.647759397489509, 56.629388334142192 ], [ -111.647756319651975, 56.629208665117147 ], [ -111.648082293191393, 56.629206968267816 ], [ -111.648076134525965, 56.628847630224783 ], [ -111.6484021049326, 56.628845932544884 ], [ -111.648303536115549, 56.623096521324591 ], [ -111.647977615253836, 56.62309821863581 ], [ -111.647657847646741, 56.62345925350089 ], [ -111.647005999553343, 56.623462643902187 ], [ -111.647009073155743, 56.62364231312084 ], [ -111.646360292365898, 56.623825369367658 ], [ -111.646046641428825, 56.624545738542096 ], [ -111.645397840478125, 56.624728789790758 ], [ -111.645407038915849, 56.62526779749107 ], [ -111.644758222483304, 56.625450845419145 ], [ -111.644767412057078, 56.625989853124281 ], [ -111.644441466034451, 56.625991541231031 ], [ -111.644447589497531, 56.626350879697391 ], [ -111.644121640342874, 56.626352566973523 ], [ -111.644130821158072, 56.626891574667432 ], [ -111.643481970698261, 56.627074615971289 ], [ -111.643168238386991, 56.627794977699097 ], [ -111.642519367762233, 56.62797801400351 ], [ -111.642525473422495, 56.628337352489858 ], [ -111.642199507023065, 56.628339034770349 ], [ -111.642202558357639, 56.628518704016955 ], [ -111.64187659037438, 56.628520385455261 ], [ -111.641882690052299, 56.628879723955293 ], [ -111.641233794580444, 56.629062753581522 ], [ -111.641242935176038, 56.629601761344041 ], [ -111.641897939864535, 56.629778070112138 ], [ -111.641907090175252, 56.630317077742291 ], [ -111.642233073644817, 56.63031539618985 ], [ -111.642236125367688, 56.630495065377843 ], [ -111.642562110350667, 56.630493382960317 ], [ -111.642565163657594, 56.630673052131549 ], [ -111.642891150154, 56.63067136884893 ], [ -111.64289420504501, 56.630851038003406 ], [ -111.64322019305483, 56.63084935385568 ], [ -111.643223249529967, 56.631029022993381 ], [ -111.643878288149182, 56.63120532122349 ], [ -111.643558413337217, 56.631566345327379 ], [ -111.642906424962462, 56.631569714568002 ], [ -111.642903369930096, 56.631390045434841 ], [ -111.641599398951954, 56.63139677362593 ], [ -111.641596350150195, 56.631217104441781 ], [ -111.641270358866251, 56.631218784343879 ], [ -111.641261217318927, 56.630679776725231 ], [ -111.640935230646093, 56.630681455739449 ], [ -111.640603155944362, 56.630323795415343 ], [ -111.639625204901378, 56.630328824706595 ], [ -111.639628244234402, 56.63050849398573 ], [ -111.639302258934336, 56.630510168720178 ], [ -111.639314410422955, 56.631228845828893 ], [ -111.638988418892637, 56.631230519755107 ], [ -111.638991455303824, 56.631410189030326 ], [ -111.638665462189564, 56.631411862114206 ], [ -111.638668497087039, 56.631591531395458 ], [ -111.638342502388809, 56.631593203636974 ], [ -111.638345535772544, 56.631772872924245 ], [ -111.638019539490358, 56.631774544323413 ], [ -111.63802257136031, 56.631954213616702 ], [ -111.637696573494168, 56.631955884173486 ], [ -111.637699603850294, 56.632135553472779 ], [ -111.637373604400196, 56.632137223187172 ], [ -111.637376633242468, 56.632316892492476 ], [ -111.636727656918779, 56.632499898705355 ], [ -111.636733708582668, 56.632859237334628 ], [ -111.636407702831747, 56.632860904533104 ], [ -111.636410727167203, 56.633040573851076 ], [ -111.636084719832297, 56.633042240207104 ], [ -111.636087742653743, 56.633221909531052 ], [ -111.635761733734853, 56.633223575044632 ], [ -111.635764755042246, 56.633403244374556 ], [ -111.635438744539385, 56.633404909045673 ], [ -111.635441764332683, 56.633584578381566 ], [ -111.635115752245838, 56.6335862422102 ], [ -111.635118770525011, 56.633765911552075 ], [ -111.634792756854182, 56.633767574538219 ], [ -111.634795773619203, 56.633947243886055 ], [ -111.634469758364375, 56.633948906029708 ], [ -111.634472773615201, 56.634128575383492 ], [ -111.634146756776389, 56.634130236684619 ], [ -111.633826764312516, 56.634491235868666 ], [ -111.633174724264123, 56.63449455424702 ], [ -111.633177733422983, 56.634674223629894 ], [ -111.6328517117974, 56.634675881549619 ], [ -111.632854719441909, 56.634855550938433 ], [ -111.632202672988029, 56.634858864238922 ], [ -111.631882655807104, 56.635219858437537 ], [ -111.630904576466222, 56.635224819490517 ], [ -111.630907574919732, 56.635404488930774 ], [ -111.630581546854131, 56.635406140918654 ], [ -111.63026150956793, 56.635767130962044 ], [ -111.6296094470664, 56.635770430713414 ], [ -111.629612439426836, 56.635950100182519 ], [ -111.629286406574835, 56.635951748788607 ], [ -111.629289397420607, 56.636131418263567 ], [ -111.628637328514202, 56.636134712936574 ], [ -111.628317266508461, 56.636495697993297 ], [ -111.627339153490041, 56.636500631104241 ], [ -111.627019075990773, 56.636861612835816 ], [ -111.626366994206208, 56.636864895643889 ], [ -111.626369971280411, 56.637044565192674 ], [ -111.625391843697059, 56.637049483034033 ], [ -111.625394816157453, 56.6372291526109 ], [ -111.624090639367225, 56.637235697822639 ], [ -111.623770524613292, 56.637596671239613 ], [ -111.622469293359501, 56.637782869122752 ], [ -111.62214915849664, 56.638143838382256 ], [ -111.621171001685013, 56.638148723120722 ], [ -111.620850851326892, 56.638509689053762 ], [ -111.619872684808144, 56.638514563611253 ], [ -111.61987563120104, 56.638694233333737 ], [ -111.619223516918922, 56.638697478791066 ], [ -111.619226460246722, 56.638877148530248 ], [ -111.618574342729175, 56.638880390593783 ], [ -111.618577282991808, 56.639060060349657 ], [ -111.617599101811564, 56.63906491707327 ], [ -111.617602037459321, 56.639244586856812 ], [ -111.61694991340336, 56.639247820424679 ], [ -111.616309507347609, 56.639969729833147 ], [ -111.615331302209739, 56.639974568787814 ], [ -111.615011080636236, 56.640335519748596 ], [ -111.613709711400716, 56.640521626281384 ], [ -111.613389469714122, 56.64088257308223 ], [ -111.612411240417444, 56.640887389142598 ], [ -111.612414151607894, 56.641067059047913 ], [ -111.612088073558454, 56.641068662704207 ], [ -111.61209389294072, 56.641428002520648 ], [ -111.611767811757929, 56.641429605344683 ], [ -111.611770719949689, 56.641609275255796 ], [ -111.611444637183368, 56.641610877236666 ], [ -111.611124364668299, 56.641971818213264 ], [ -111.610146106767374, 56.64197661653462 ], [ -111.610149007310454, 56.642156286484109 ], [ -111.609822919726398, 56.642157884227288 ], [ -111.609825818753109, 56.642337554182305 ], [ -111.609499729585551, 56.642339151082254 ], [ -111.609179432338607, 56.642700087065585 ], [ -111.608527247636033, 56.642703276638464 ], [ -111.60853014056336, 56.642882946620858 ], [ -111.608204046611846, 56.642884540136997 ], [ -111.608206938022633, 56.643064210124884 ], [ -111.607880842487631, 56.643065802797743 ], [ -111.607883732381836, 56.643245472791136 ], [ -111.607234424938966, 56.643428325605854 ], [ -111.607240198694257, 56.643787665609281 ], [ -111.606914096858702, 56.643789255763032 ], [ -111.60692275309178, 56.644328265760663 ], [ -111.606273422397209, 56.644511113580691 ], [ -111.606279187252227, 56.644870453585064 ], [ -111.605953076015609, 56.644872041241122 ], [ -111.605958837903586, 56.645231381245779 ], [ -111.605632723533148, 56.645232968069251 ], [ -111.605638482453955, 56.645592308074171 ], [ -111.605312364949668, 56.645593894065009 ], [ -111.605323876989871, 56.646312574054157 ], [ -111.604674504471376, 56.646495413564878 ], [ -111.604686004774436, 56.647214093533776 ], [ -111.604036613684258, 56.647396929730107 ], [ -111.604042357900028, 56.647756269715018 ], [ -111.603716221624623, 56.64775785156386 ], [ -111.603721962872314, 56.648117191548977 ], [ -111.603395823462634, 56.648118772565041 ], [ -111.603407300154402, 56.648837452514449 ], [ -111.603081154509212, 56.648839032719152 ], [ -111.603084022214546, 56.649018702703948 ], [ -111.602434592360595, 56.649201530572881 ], [ -111.602446051241117, 56.649920210523405 ], [ -111.602119896192391, 56.649921788229534 ], [ -111.602125622730128, 56.650281128194344 ], [ -111.601799464546772, 56.650282705067575 ], [ -111.601810911816713, 56.651001384976205 ], [ -111.601161441742917, 56.651184206230546 ], [ -111.601167159439413, 56.651543546185145 ], [ -111.600517676925577, 56.651726364091616 ], [ -111.600523388616921, 56.652085704057072 ], [ -111.600197214759618, 56.652087276765428 ], [ -111.600200069103934, 56.652266946750871 ], [ -111.599873893662647, 56.652268518615529 ], [ -111.599876746489016, 56.652448188606321 ], [ -111.599550569463744, 56.652449759627245 ], [ -111.599553420772153, 56.652629429623396 ], [ -111.599227242162883, 56.652630999800579 ], [ -111.599230091953288, 56.652810669802065 ], [ -111.598580578255152, 56.652993477632009 ], [ -111.598586271796677, 56.653352817651054 ], [ -111.597936745657165, 56.653535622132544 ], [ -111.597945277008762, 56.654074632169163 ], [ -111.597619085826196, 56.65407619815938 ], [ -111.597624770456193, 56.65443553817849 ], [ -111.597298576138385, 56.654437103335496 ], [ -111.597301416951538, 56.654616773347733 ], [ -111.596975221049661, 56.654618337660899 ], [ -111.596978060344497, 56.654798007678416 ], [ -111.59665186285855, 56.654799571147727 ], [ -111.596654700635028, 56.654979241170565 ], [ -111.596005137168987, 56.655162035605713 ], [ -111.59569026943241, 56.655882276676998 ], [ -111.595364062507542, 56.655883836791958 ], [ -111.595366894275784, 56.656063506825333 ], [ -111.59504068576679, 56.656065066096367 ], [ -111.59504351601646, 56.656244736135008 ], [ -111.594717305923368, 56.656246294562116 ], [ -111.594720134654409, 56.656425964606029 ], [ -111.59439392297719, 56.656427522189183 ], [ -111.594396750189603, 56.656607192238361 ], [ -111.594070536928271, 56.656608748977554 ], [ -111.594073362621998, 56.65678841903199 ], [ -111.593423755521982, 56.656971200038136 ], [ -111.593429400867166, 56.657330540162697 ], [ -111.593103181301998, 56.657332094380493 ], [ -111.593106002472126, 56.65751176444536 ], [ -111.592779781322832, 56.657513317819145 ], [ -111.592782600974104, 56.657692987889256 ], [ -111.592456378240655, 56.657694540419016 ], [ -111.592459196373071, 56.657874210494356 ], [ -111.592132972055467, 56.657875762180076 ], [ -111.592135788668969, 56.658055432260646 ], [ -111.591809562767224, 56.658056983102327 ], [ -111.591812377861771, 56.658236653188105 ], [ -111.591486150375886, 56.658238203185718 ], [ -111.591488963951448, 56.658417873276719 ], [ -111.591162734881422, 56.658419422430278 ], [ -111.590842126821244, 56.658780310937352 ], [ -111.590189662312085, 56.658783405013494 ], [ -111.590192469778827, 56.658963075130607 ], [ -111.589866235923864, 56.658964620897265 ], [ -111.589869041871466, 56.659144291019558 ], [ -111.589542806432362, 56.659145835942084 ], [ -111.589545610860768, 56.659325506069557 ], [ -111.589219373837537, 56.659327050147951 ], [ -111.588898739529284, 56.65968793365267 ], [ -111.587920018857545, 56.659692558259039 ], [ -111.587922815624751, 56.659872228422934 ], [ -111.586620638661572, 56.660058052841997 ], [ -111.586299973318646, 56.660418929676204 ], [ -111.584994986495772, 56.660425066926997 ], [ -111.584997769426295, 56.660604737163581 ], [ -111.583692775880735, 56.660610860781318 ], [ -111.583695552636186, 56.660790531054161 ], [ -111.582716802483944, 56.660795114824573 ], [ -111.582396093561556, 56.661155981651461 ], [ -111.58141733371319, 56.661160555227845 ], [ -111.581420099701958, 56.661340225557339 ], [ -111.580441334909764, 56.661344791472544 ], [ -111.58044409627486, 56.661524461827717 ], [ -111.578486556516395, 56.661533570643215 ], [ -111.578483804462707, 56.66135390022616 ], [ -111.577831294058612, 56.661356929639801 ], [ -111.577834043008494, 56.661536600077426 ], [ -111.574245216443359, 56.661553200854343 ], [ -111.574247948353928, 56.661732871399366 ], [ -111.57359543091728, 56.661735878631724 ], [ -111.573598159755576, 56.661915549191889 ], [ -111.572948364854639, 56.662098223601056 ], [ -111.57295381648126, 56.662457564735647 ], [ -111.572627551444526, 56.662459065401102 ], [ -111.57263844886829, 56.663177747647396 ], [ -111.57296472011322, 56.663176246941177 ], [ -111.572967446100108, 56.663355917479294 ], [ -111.573622720722085, 56.663532583994609 ], [ -111.573301901671968, 56.663893427460074 ], [ -111.571996791795343, 56.663899428738439 ], [ -111.571999513251995, 56.6640790992859 ], [ -111.571020675857142, 56.664083591299978 ], [ -111.571017959056974, 56.663903920722014 ], [ -111.570362690076351, 56.663727240500236 ], [ -111.570354549271642, 56.663188228657688 ], [ -111.571004375527991, 56.663005567752613 ], [ -111.570993509270963, 56.662286885281617 ], [ -111.57033826851044, 56.662110204829354 ], [ -111.570340981892087, 56.66228987548066 ], [ -111.56838339900213, 56.66229882556425 ], [ -111.56838610310318, 56.662478496271063 ], [ -111.567407306579284, 56.662482959804315 ], [ -111.567410006055553, 56.662662630536111 ], [ -111.567083738933036, 56.66266411668115 ], [ -111.567086436888516, 56.662843787417742 ], [ -111.566433899445713, 56.662846757163749 ], [ -111.566113017369744, 56.663207582272399 ], [ -111.56480792956863, 56.663213508168923 ], [ -111.564810616753121, 56.663393178960071 ], [ -111.564158069561614, 56.663396136799861 ], [ -111.564160753672979, 56.663575807605831 ], [ -111.563834478478483, 56.663577285253595 ], [ -111.56351356536031, 56.663938103682732 ], [ -111.562861008607499, 56.663941054744484 ], [ -111.562863686603393, 56.664120725574634 ], [ -111.562537406628294, 56.664122199833351 ], [ -111.562216476498193, 56.664483014921707 ], [ -111.56091401252219, 56.66466857094364 ], [ -111.560916681328621, 56.664848241812571 ], [ -111.560590394958965, 56.664849710982438 ], [ -111.56059306224401, 56.665029381856051 ], [ -111.559943150518876, 56.665211988539525 ], [ -111.559948479034134, 56.665571330300125 ], [ -111.559622186362688, 56.665572796945384 ], [ -111.559301216089665, 56.665933604515025 ], [ -111.558648624383281, 56.665936533571134 ], [ -111.558651282539358, 56.666116204472686 ], [ -111.558324985087609, 56.666117667728408 ], [ -111.558330298387276, 56.666477009535477 ], [ -111.558003997799958, 56.666478471956196 ], [ -111.558006652943504, 56.666658142861714 ], [ -111.557356700641151, 56.666840736078456 ], [ -111.557362004872033, 56.667200077902692 ], [ -111.556712040119123, 56.667382667763327 ], [ -111.556396321938351, 56.668102809641795 ], [ -111.555746336971552, 56.668285394475213 ], [ -111.555751626167535, 56.668644736313688 ], [ -111.555425306704322, 56.66864619201408 ], [ -111.555427949795572, 56.66882586293525 ], [ -111.5551016287491, 56.668827317790587 ], [ -111.555106911918088, 56.6691866596368 ], [ -111.554456902047605, 56.669369237757017 ], [ -111.55446481780578, 56.669908250529929 ], [ -111.554138487351281, 56.6699097028796 ], [ -111.554141124445678, 56.670089373803172 ], [ -111.553814792407834, 56.670090825307732 ], [ -111.553817427979951, 56.670270496235851 ], [ -111.553491094358805, 56.670271946895262 ], [ -111.553493728408625, 56.670451617827965 ], [ -111.552843688943838, 56.670634187548565 ], [ -111.552527870117302, 56.67135431943732 ], [ -111.552201527057051, 56.671355766735736 ], [ -111.552204155078186, 56.671535437675992 ], [ -111.551877810434561, 56.671536884129203 ], [ -111.551880436933175, 56.671716555073971 ], [ -111.551554090706205, 56.671718000681963 ], [ -111.551556715682253, 56.671897671631264 ], [ -111.551230367871923, 56.67189911639403 ], [ -111.551232991325392, 56.672078787347843 ], [ -111.550906641931689, 56.672080231265383 ], [ -111.55090926386255, 56.672259902223686 ], [ -111.55058291288546, 56.672261345295951 ], [ -111.550585533293656, 56.67244101625878 ], [ -111.550259180733221, 56.672442458485797 ], [ -111.55026179961871, 56.67262212945311 ], [ -111.549611707110486, 56.672804682343113 ], [ -111.549616938820776, 56.673164024290408 ], [ -111.54929057995713, 56.673165463991332 ], [ -111.549293194304596, 56.67334513496683 ], [ -111.548643084651758, 56.67352768281269 ], [ -111.548648307285447, 56.673887024776249 ], [ -111.548321942118463, 56.673888461950959 ], [ -111.548324551927479, 56.674068132934551 ], [ -111.547019084744704, 56.674073873121237 ], [ -111.547021688371117, 56.67425354413853 ], [ -111.546695319946792, 56.674254977057132 ], [ -111.546697922050143, 56.674434648078858 ], [ -111.546047781031632, 56.674617182406024 ], [ -111.546052979175926, 56.67497652446189 ], [ -111.545726604448234, 56.674977954853986 ], [ -111.545736994884706, 56.675696638941027 ], [ -111.545086827490067, 56.675879168265361 ], [ -111.545092016735381, 56.676238510305339 ], [ -111.544765631044015, 56.676239938199885 ], [ -111.544768224158332, 56.676419609221618 ], [ -111.544441836883493, 56.676421036270668 ], [ -111.544447020095305, 56.676780378317659 ], [ -111.543796827785769, 56.676962900923805 ], [ -111.543807182261432, 56.677681585010539 ], [ -111.544462570451117, 56.677858404331545 ] ] ] } },
{ "type": "Feature", "properties": { "area_km2": 0.0156 }, "geometry": { "type": "Polygon", "coordinates": [ [ [ -111.592902125733616, 56.623732146624796 ], [ -111.592899309145906, 56.623552475571671 ], [ -111.593225237318464, 56.623550922482799 ], [ -111.59321678310657, 56.623011909323161 ], [ -111.592890859578233, 56.62301346238042 ], [ -111.592888043120823, 56.62283379130605 ], [ -111.592562121107974, 56.622835343499318 ], [ -111.592559306231166, 56.622655672409088 ], [ -111.592233385733763, 56.622657223738393 ], [ -111.591901841739869, 56.622299431975755 ], [ -111.590924089242975, 56.622304078219585 ], [ -111.590921282203695, 56.622124407060824 ], [ -111.590595366187742, 56.622125954091416 ], [ -111.590275058058452, 56.622486842622749 ], [ -111.590600977202811, 56.6224852964246 ], [ -111.590603782759032, 56.622664967583241 ], [ -111.590929703418936, 56.622663420521143 ], [ -111.590932510555646, 56.62284309166396 ], [ -111.591587165139345, 56.623019666074924 ], [ -111.591595596130091, 56.623558679392495 ], [ -111.591921524432848, 56.623557129717497 ], [ -111.591924336376238, 56.623736800802213 ], [ -111.592902125733616, 56.623732146624796 ] ] ] } },
{ "type": "Feature", "properties": { "area_km2": 0.012 }, "geometry": { "type": "Polygon", "coordinates": [ [ [ -111.607886195574537, 56.623120809003552 ], [ -111.607883307874459, 56.622941138425354 ], [ -111.60820922988492, 56.62293954610945 ], [ -111.608206340670208, 56.622759875536744 ], [ -111.607880420207763, 56.62276146784184 ], [ -111.607865982375316, 56.621863114844494 ], [ -111.607540069619276, 56.621864706242164 ], [ -111.607537183700884, 56.621685035615933 ], [ -111.606885361184524, 56.621688215829444 ], [ -111.606888244007095, 56.621867886477254 ], [ -111.606239298021592, 56.622050733962745 ], [ -111.60624505764163, 56.6224100752749 ], [ -111.606570975174918, 56.622408487258539 ], [ -111.606576738024174, 56.62276782852787 ], [ -111.606902658620115, 56.622766239636519 ], [ -111.607234348357352, 56.623123991096641 ], [ -111.607886195574537, 56.623120809003552 ] ] ] } },
{ "type": "Feature", "properties": { "area_km2": 0.0056 }, "geometry": { "type": "Polygon", "coordinates": [ [ [ -111.167536343233408, 56.623594144654099 ], [ -111.167535547341387, 56.623414464739405 ], [ -111.167861490404093, 56.623414025570398 ], [ -111.168185835507657, 56.623054225714654 ], [ -111.167859895550933, 56.62305466573126 ], [ -111.16785909813818, 56.62287498580384 ], [ -111.166881282857759, 56.62287630072337 ], [ -111.166882075625452, 56.623055980659707 ], [ -111.16655613563195, 56.623056417262063 ], [ -111.16655771809809, 56.623415777124976 ], [ -111.166883661188379, 56.623415340516694 ], [ -111.166884453983585, 56.623595020437349 ], [ -111.167536343233408, 56.623594144654099 ] ] ] } },
{ "type": "Feature", "properties": { "area_km2": 0.092 }, "geometry": { "type": "Polygon", "coordinates": [ [ [ -111.131688639846686, 56.625434044234076 ], [ -111.131688014207455, 56.625254364079126 ], [ -111.132013973660435, 56.625254018780254 ], [ -111.13201271930653, 56.624894658459361 ], [ -111.131686762950679, 56.624895003753551 ], [ -111.131686137333148, 56.624715323582912 ], [ -111.131360182518605, 56.624715668021132 ], [ -111.131359558456836, 56.62453598784294 ], [ -111.131033605183603, 56.624536331425205 ], [ -111.131032982677567, 56.624356651239445 ], [ -111.130707030945629, 56.624356993965769 ], [ -111.130706409995284, 56.624177313772464 ], [ -111.130380459804655, 56.62417765564286 ], [ -111.130053273921575, 56.623818636248068 ], [ -111.129401379698422, 56.623819315711614 ], [ -111.129400764963364, 56.623639635493376 ], [ -111.128748262177538, 56.623460631309918 ], [ -111.128747038936538, 56.623101270838127 ], [ -111.129072979872234, 56.623100933249496 ], [ -111.129072366713984, 56.622921253008045 ], [ -111.130050184833365, 56.622920235127651 ], [ -111.130050802636717, 56.623099915362197 ], [ -111.131028625336882, 56.623098889792779 ], [ -111.131029247792512, 56.623278570015138 ], [ -111.131355190226586, 56.623278226449187 ], [ -111.131355814237821, 56.623457906663972 ], [ -111.132008329296355, 56.623636897171558 ], [ -111.132007702181056, 56.623457216966678 ], [ -111.132333646141817, 56.623456870837671 ], [ -111.132333017485379, 56.623277190629899 ], [ -111.132984270542323, 56.623096815607575 ], [ -111.132983007072397, 56.622737455175347 ], [ -111.132657069319691, 56.622737803002082 ], [ -111.132656439144014, 56.622558122775764 ], [ -111.132330502932348, 56.622558469746579 ], [ -111.132329874312262, 56.622378789512688 ], [ -111.132003939641635, 56.622379135627611 ], [ -111.131676753938549, 56.622020120396115 ], [ -111.130373027541125, 56.622021492887519 ], [ -111.130373646857024, 56.622201173145896 ], [ -111.129721780518707, 56.622201854275019 ], [ -111.12972239674518, 56.622381534532771 ], [ -111.129396462017027, 56.622381873819329 ], [ -111.129069301029091, 56.622022851722399 ], [ -111.128091506070547, 56.622023861886426 ], [ -111.128092114548508, 56.622203542160889 ], [ -111.127766181333271, 56.622203877177434 ], [ -111.127766788269994, 56.622383557448913 ], [ -111.127440853499451, 56.622383891614199 ], [ -111.127441458894879, 56.622563571882722 ], [ -111.127115522569028, 56.622563905196721 ], [ -111.127116126423118, 56.622743585462281 ], [ -111.126464851418206, 56.622923929798965 ], [ -111.126141308908231, 56.623642981572893 ], [ -111.125490013767291, 56.623823320791153 ], [ -111.125491802270133, 56.624362361496075 ], [ -111.125817754114834, 56.624362032427499 ], [ -111.126144904516394, 56.624721062940189 ], [ -111.127122769279197, 56.624720068038478 ], [ -111.127123373217117, 56.624899748241312 ], [ -111.129079111844888, 56.624897735376464 ], [ -111.129078498615712, 56.624718055187294 ], [ -111.129730408337991, 56.624717377407926 ], [ -111.129731024664267, 56.624897057592491 ], [ -111.130382937455096, 56.62489637639402 ], [ -111.130710135805145, 56.625255394853916 ], [ -111.131362054747228, 56.625254708524359 ], [ -111.131362678837874, 56.625434388681647 ], [ -111.131688639846686, 56.625434044234076 ] ] ] } },
{ "type": "Feature", "properties": { "area_km2": 0.0052 }, "geometry": { "type": "Polygon", "coordinates": [ [ [ -111.573636789394527, 56.621486536775066 ], [ -111.573634064556032, 56.621306865041255 ], [ -111.57395997449585, 56.621305362440026 ], [ -111.573954521817626, 56.620946018976909 ], [ -111.574280428630161, 56.620944515542682 ], [ -111.573949069265552, 56.62058667549254 ], [ -111.573297261737324, 56.620589679760023 ], [ -111.573299984901922, 56.620769351525254 ], [ -111.572974079542718, 56.620770852389107 ], [ -111.57298224458188, 56.621309867683507 ], [ -111.573636789394527, 56.621486536775066 ] ] ] } },
{ "type": "Feature", "properties": { "area_km2": 0.0332 }, "geometry": { "type": "Polygon", "coordinates": [ [ [ -111.195241600478695, 56.623553767755801 ], [ -111.195240672972986, 56.623374088115156 ], [ -111.195892557391701, 56.623373063816153 ], [ -111.195891626799991, 56.62319338417722 ], [ -111.196217567444847, 56.623192870750849 ], [ -111.196212906906098, 56.622294472495135 ], [ -111.196538839798592, 56.62229395823266 ], [ -111.196536038959991, 56.621754919226895 ], [ -111.196210110712244, 56.621755433478917 ], [ -111.196209178669179, 56.621575753796385 ], [ -111.195557325237772, 56.621576779732891 ], [ -111.195556396301882, 56.621397100038152 ], [ -111.194904545923904, 56.621398122553664 ], [ -111.19490362009509, 56.621218442846754 ], [ -111.194251772770627, 56.621219461941322 ], [ -111.194252695503067, 56.621399141655147 ], [ -111.193600845039569, 56.621400157342613 ], [ -111.193601764686306, 56.6215798370581 ], [ -111.193275837890397, 56.621580343625013 ], [ -111.192953577391279, 56.622299568175507 ], [ -111.193279510390767, 56.622299062448384 ], [ -111.193280428542408, 56.622478742141148 ], [ -111.193931376357867, 56.622298048433521 ], [ -111.193932297606068, 56.622477728119399 ], [ -111.194585090982585, 56.622656390357236 ], [ -111.194588788511368, 56.623375108999866 ], [ -111.195241600478695, 56.623553767755801 ] ] ] } },
{ "type": "Feature", "properties": { "area_km2": 0.0228 }, "geometry": { "type": "Polygon", "coordinates": [ [ [ -111.1861072138325, 56.621950631728559 ], [ -111.186106329773793, 56.621770951945926 ], [ -111.187410044006725, 56.621768995653142 ], [ -111.187409153765387, 56.621589315878552 ], [ -111.187735080749718, 56.621588824674888 ], [ -111.1880592210792, 56.621228973066188 ], [ -111.187733297201561, 56.62122946511667 ], [ -111.187732405442958, 56.621049785329717 ], [ -111.18740648310316, 56.621050276523377 ], [ -111.187078783459356, 56.620691407260622 ], [ -111.185775106341495, 56.620693360059803 ], [ -111.18577422390247, 56.620513680237224 ], [ -111.185122388378446, 56.620514651509318 ], [ -111.185121509045814, 56.620334971674922 ], [ -111.184795592816641, 56.620335456027455 ], [ -111.184796470601171, 56.620515135865141 ], [ -111.18447055281375, 56.620515619367481 ], [ -111.184473181583911, 56.621054658858974 ], [ -111.185125905810693, 56.621233370794563 ], [ -111.185128543991667, 56.621772410203562 ], [ -111.185454472595907, 56.621771924971199 ], [ -111.18545535355814, 56.621951604760447 ], [ -111.1861072138325, 56.621950631728559 ] ] ] } },
{ "type": "Feature", "properties": { "area_km2": 0.1804 }, "geometry": { "type": "Polygon", "coordinates": [ [ [ -111.118978981634541, 56.626345246269523 ], [ -111.118978416357947, 56.626165566053814 ], [ -111.119304383823092, 56.626165254036273 ], [ -111.119301549795054, 56.625266852889943 ], [ -111.11864906665582, 56.625087795801036 ], [ -111.118645121016982, 56.623830033910451 ], [ -111.118971068357311, 56.62382972277404 ], [ -111.11897050317225, 56.623650042485167 ], [ -111.120274286274281, 56.62364878941208 ], [ -111.120274857653101, 56.623828469692441 ], [ -111.120600804960574, 56.623828154288063 ], [ -111.120600232033311, 56.62364847400984 ], [ -111.121251547514007, 56.623468160365427 ], [ -111.121248667526629, 56.622569758891231 ], [ -111.121574603975475, 56.622569440941177 ], [ -111.121574026449665, 56.622389760632799 ], [ -111.120921582219424, 56.622210715357156 ], [ -111.120920433394303, 56.621851354705662 ], [ -111.120594503125304, 56.621851670940032 ], [ -111.120593357423218, 56.621492310263335 ], [ -111.120267430244056, 56.621492625639895 ], [ -111.120266287664876, 56.62113326493801 ], [ -111.119940363575509, 56.621133579456774 ], [ -111.119939793843997, 56.620953899095866 ], [ -111.119287948741842, 56.620954525568635 ], [ -111.119287382113228, 56.620774845198241 ], [ -111.118961461100469, 56.620775157152259 ], [ -111.118962026180924, 56.620954837524756 ], [ -111.118636103613468, 56.620955148627381 ], [ -111.118311305027333, 56.621314819614284 ], [ -111.117659453667187, 56.621315437560433 ], [ -111.117658894766407, 56.621135757189954 ], [ -111.117332970624815, 56.621136064880673 ], [ -111.117332413278675, 56.620956384502897 ], [ -111.117006490678804, 56.620956691338023 ], [ -111.117005934887274, 56.620777010952935 ], [ -111.116680013829125, 56.620777316932475 ], [ -111.116679459592149, 56.620597636540069 ], [ -111.116027069418593, 56.620418565532781 ], [ -111.116025967169051, 56.620059204713591 ], [ -111.115700052284168, 56.62005950812442 ], [ -111.115699502717035, 56.619879827704921 ], [ -111.115047676024361, 56.619880431962052 ], [ -111.115048222495361, 56.620060112385652 ], [ -111.114396936062448, 56.620240393655443 ], [ -111.114726122228618, 56.621318176069195 ], [ -111.114400196481469, 56.621318476080383 ], [ -111.114400739906642, 56.621498156466245 ], [ -111.113097030662516, 56.621499347983956 ], [ -111.113097567901065, 56.621679028372682 ], [ -111.112771639026235, 56.621679324120322 ], [ -111.11277217472275, 56.621859004505815 ], [ -111.113098105145824, 56.621858708756172 ], [ -111.113099179654, 56.622218069507497 ], [ -111.112773246134381, 56.622218365261162 ], [ -111.112773781849484, 56.622398045630973 ], [ -111.112447846775368, 56.622398340533096 ], [ -111.112122976950573, 56.622757995313634 ], [ -111.112448915127516, 56.622757701261072 ], [ -111.112449983504391, 56.623117061968131 ], [ -111.112775924771881, 56.623116767058008 ], [ -111.112776460517978, 56.623296447401707 ], [ -111.113102403327645, 56.623296151635998 ], [ -111.113429423835541, 56.623655215680373 ], [ -111.116038093316561, 56.624012172574865 ], [ -111.11603864457841, 56.624191852872087 ], [ -111.116691099915073, 56.62437092368274 ], [ -111.11669220866473, 56.62473028424278 ], [ -111.117018163786383, 56.624729978217545 ], [ -111.117020943515669, 56.625628379515788 ], [ -111.117346906373811, 56.625628072626505 ], [ -111.117347463887612, 56.625807752868383 ], [ -111.117673428287929, 56.625807445123378 ], [ -111.117673987356824, 56.625987125357952 ], [ -111.117999953299332, 56.625986816757177 ], [ -111.118327043587286, 56.626345867747808 ], [ -111.118978981634541, 56.626345246269523 ] ], [ [ -111.117340216711355, 56.623471909316201 ], [ -111.116687773820004, 56.623292841877195 ], [ -111.116686665172935, 56.622933481233517 ], [ -111.1170126048101, 56.622933175229058 ], [ -111.117012048947828, 56.622753494901453 ], [ -111.117664484065116, 56.622932560659407 ], [ -111.117665602002432, 56.623291921290594 ], [ -111.117339659281399, 56.623292229006367 ], [ -111.117340216711355, 56.623471909316201 ] ], [ [ -111.116033683451334, 56.622574730008921 ], [ -111.115381810325673, 56.622575336034679 ], [ -111.115381262217838, 56.622395655686297 ], [ -111.115055327193801, 56.622395957416792 ], [ -111.115052047969471, 56.621317875204497 ], [ -111.115377973703986, 56.621317573486287 ], [ -111.115377425640546, 56.621137893101306 ], [ -111.116029825154015, 56.621316967489314 ], [ -111.116032029857095, 56.622035688960445 ], [ -111.116357961765488, 56.622035384673431 ], [ -111.11635906725185, 56.622394745373505 ], [ -111.116033132246883, 56.622395049664654 ], [ -111.116033683451334, 56.622574730008921 ] ] ] } },
{ "type": "Feature", "properties": { "area_km2": 0.0072 }, "geometry": { "type": "Polygon", "coordinates": [ [ [ -111.20174418113767, 56.620488817649417 ], [ -111.20206817870725, 56.620128929596568 ], [ -111.201742264578741, 56.620129458326083 ], [ -111.201741306315895, 56.619949778656554 ], [ -111.201415393724332, 56.619950306529027 ], [ -111.201087570821358, 56.619591474178968 ], [ -111.200435751775061, 56.619592525642339 ], [ -111.200436703823698, 56.619772205336631 ], [ -111.200110792736012, 56.619772729791691 ], [ -111.200111743247632, 56.619952409484299 ], [ -111.200437655883334, 56.619951885025671 ], [ -111.200439560035676, 56.620311244388077 ], [ -111.200765475756498, 56.620310719068847 ], [ -111.200766429397248, 56.620490398738639 ], [ -111.20174418113767, 56.620488817649417 ] ] ] } },
{ "type": "Feature", "properties": { "area_km2": 0.2156 }, "geometry": { "type": "Polygon", "coordinates": [ [ [ -111.141802185544464, 56.627758783511062 ], [ -111.141801511797468, 56.627579103499421 ], [ -111.142127491150333, 56.627578731704972 ], [ -111.142125465309775, 56.627039691646289 ], [ -111.142451440008429, 56.627039319005718 ], [ -111.14245008638963, 56.626679958945523 ], [ -111.142776057982985, 56.626679585456323 ], [ -111.142775379636603, 56.626499905420914 ], [ -111.142122764298378, 56.626320971494849 ], [ -111.142120738621855, 56.625781931326365 ], [ -111.141794774756264, 56.625782303095569 ], [ -111.141790059291097, 56.624524542501796 ], [ -111.141464106257743, 56.624524913399732 ], [ -111.141136812204962, 56.624165923217291 ], [ -111.140158962326097, 56.624167028213549 ], [ -111.14015829647731, 56.623987348084839 ], [ -111.139832348050732, 56.623987714707226 ], [ -111.139831683758075, 56.623808034570779 ], [ -111.139505736872266, 56.623808400337097 ], [ -111.139505074135741, 56.623628720192954 ], [ -111.139179128790687, 56.623629085103197 ], [ -111.13917846761025, 56.623449404951337 ], [ -111.138852523805966, 56.623449769005539 ], [ -111.138851864181575, 56.623270088845977 ], [ -111.138199323126912, 56.623091134218996 ], [ -111.138198010109676, 56.622731773863883 ], [ -111.137545481434245, 56.622552815787316 ], [ -111.137544174655758, 56.622193455391034 ], [ -111.137870107652049, 56.622193094768306 ], [ -111.13786945272588, 56.622013414564769 ], [ -111.138195384166323, 56.622013053090932 ], [ -111.138196040640764, 56.622192733292017 ], [ -111.138847906595416, 56.622192007778843 ], [ -111.138848566174033, 56.622371687969768 ], [ -111.139500435194734, 56.622370959037482 ], [ -111.139501097877584, 56.622550639218247 ], [ -111.140152969964234, 56.622549906866801 ], [ -111.140152304184767, 56.622370226691018 ], [ -111.140803504275638, 56.622189810754378 ], [ -111.14080283541503, 56.622010130573138 ], [ -111.140476904035822, 56.622010498875213 ], [ -111.140473567589865, 56.62111209787809 ], [ -111.140147643944033, 56.62111246531417 ], [ -111.140146978226156, 56.620932785096556 ], [ -111.139821056120795, 56.620933151676653 ], [ -111.139493808787634, 56.620574156942418 ], [ -111.138516051691411, 56.620575248986398 ], [ -111.138516709653246, 56.620754929226848 ], [ -111.137864868454741, 56.620755652993651 ], [ -111.137865523327889, 56.620935333233781 ], [ -111.137539601169124, 56.620935693839378 ], [ -111.137538947844135, 56.620756013596818 ], [ -111.137213027225954, 56.620756373346481 ], [ -111.137211723694847, 56.620397012840748 ], [ -111.137862903880745, 56.62021661224189 ], [ -111.137860939374903, 56.61967757144307 ], [ -111.137535028052781, 56.619677932031543 ], [ -111.137534374780657, 56.619498251752361 ], [ -111.136230735608919, 56.619499685561948 ], [ -111.136231382688933, 56.619679365850871 ], [ -111.135905471329224, 56.619679722172052 ], [ -111.135906116868696, 56.619859402458154 ], [ -111.135254933481619, 56.620039792830653 ], [ -111.135258145847189, 56.620938194180674 ], [ -111.135584068058478, 56.620937839549555 ], [ -111.135587288350848, 56.621836240756842 ], [ -111.135913218295684, 56.621835885260161 ], [ -111.135917092182154, 56.622913966521907 ], [ -111.136243031409322, 56.622913610157184 ], [ -111.136244325861298, 56.623272970531097 ], [ -111.136570268177721, 56.623272613307968 ], [ -111.13657091696335, 56.623452293484668 ], [ -111.137222152788055, 56.623271896300977 ], [ -111.137549401951077, 56.623630896850671 ], [ -111.137223456560406, 56.623631256639406 ], [ -111.1372241084579, 56.623810936800773 ], [ -111.136572863365217, 56.623991333983376 ], [ -111.136574161004006, 56.624350694289696 ], [ -111.136248209396925, 56.624351051527377 ], [ -111.13624885667906, 56.624530731675115 ], [ -111.135270997167453, 56.624531798273757 ], [ -111.135271639811521, 56.624711478423514 ], [ -111.134945685077568, 56.624711832251563 ], [ -111.134621009452417, 56.625071545519418 ], [ -111.134946967290887, 56.625071192540204 ], [ -111.134947608408666, 56.625250872676681 ], [ -111.135273567788303, 56.625250518841426 ], [ -111.1352742104621, 56.625430198970278 ], [ -111.135926778074676, 56.625609168852833 ], [ -111.135928069654, 56.625968529074747 ], [ -111.136254035205752, 56.625968172668905 ], [ -111.13625468255529, 56.626147852769599 ], [ -111.136580649648224, 56.626147495507681 ], [ -111.136581298553921, 56.626327175600707 ], [ -111.136907267188036, 56.626326817482692 ], [ -111.137234539843405, 56.626685818671668 ], [ -111.138212454970116, 56.62668473661985 ], [ -111.138213111642031, 56.626864416684988 ], [ -111.13886505811935, 56.626863691043759 ], [ -111.139192354005786, 56.627222687042426 ], [ -111.139844306632313, 56.62722195626916 ], [ -111.139843642201356, 56.627042276226817 ], [ -111.14082156643714, 56.627041173671621 ], [ -111.140822235514435, 56.627220853706469 ], [ -111.141148211793009, 56.62722048447818 ], [ -111.141149553068402, 56.627579844527183 ], [ -111.141802185544464, 56.627758783511062 ] ] ] } },
{ "type": "Feature", "properties": { "area_km2": 0.016 }, "geometry": { "type": "Polygon", "coordinates": [ [ [ -111.181536429969313, 56.62034025261174 ], [ -111.181535567675667, 56.620160572736275 ], [ -111.181861482457492, 56.620160096921722 ], [ -111.181859754803995, 56.619800737161547 ], [ -111.182185666479754, 56.619800260499986 ], [ -111.182184801119973, 56.619620580615283 ], [ -111.182835752899607, 56.619439944854825 ], [ -111.1828340160382, 56.619080585072247 ], [ -111.18250811057446, 56.619081063427728 ], [ -111.182507243706766, 56.618901383525348 ], [ -111.181529531899301, 56.61890281346151 ], [ -111.18152866968542, 56.618723133544194 ], [ -111.180876864859755, 56.618724082561378 ], [ -111.180877723977773, 56.618903762485139 ], [ -111.180551820002094, 56.618904235716819 ], [ -111.180556108001284, 56.619802635273224 ], [ -111.18088201971689, 56.619802162025493 ], [ -111.180883738082088, 56.620161521805002 ], [ -111.181536429969313, 56.62034025261174 ] ] ] } },
{ "type": "Feature", "properties": { "area_km2": 0.0536 }, "geometry": { "type": "Polygon", "coordinates": [ [ [ -111.606553687426967, 56.621330463322948 ], [ -111.606550806252287, 56.621150792648407 ], [ -111.607199735311056, 56.620967943548116 ], [ -111.607185314626207, 56.620069590176861 ], [ -111.60685941728174, 56.620071179759812 ], [ -111.606853652336724, 56.619711838352501 ], [ -111.606527758054355, 56.619713427060546 ], [ -111.606516234755063, 56.618994744138966 ], [ -111.606190346630044, 56.618996331950562 ], [ -111.606184588275525, 56.618636990436308 ], [ -111.605858703212448, 56.618638577373041 ], [ -111.605527066085088, 56.618280821877875 ], [ -111.604875301982915, 56.618283991441778 ], [ -111.604872429112405, 56.618104320622997 ], [ -111.604546548559028, 56.618105904114259 ], [ -111.604540806012764, 56.617746562439251 ], [ -111.60421492852123, 56.617748145055742 ], [ -111.60421205884542, 56.617568474199516 ], [ -111.603886182868209, 56.617570055952001 ], [ -111.603554573795634, 56.617212295079874 ], [ -111.602576954850548, 56.617217032593544 ], [ -111.602579816722653, 56.617396703514018 ], [ -111.602253942127263, 56.617398280989427 ], [ -111.602262523299657, 56.617937293751055 ], [ -111.602588402537563, 56.617935716243544 ], [ -111.602920008879579, 56.618293479654405 ], [ -111.603571773380011, 56.618290320330047 ], [ -111.603568906699735, 56.618110649468314 ], [ -111.604223537747842, 56.618287157592498 ], [ -111.604226407556411, 56.618466828427458 ], [ -111.603577506840026, 56.618649662037562 ], [ -111.603586107278701, 56.619188674558956 ], [ -111.603911997217253, 56.619187093563184 ], [ -111.603914865644128, 56.619366764382285 ], [ -111.604240757097159, 56.619365182522458 ], [ -111.604243627104893, 56.619544853325493 ], [ -111.604898286143069, 56.6197213578006 ], [ -111.604906905751378, 56.620260370097405 ], [ -111.605561580266894, 56.620436871030321 ], [ -111.605573086058669, 56.62115555391096 ], [ -111.605898992823171, 56.621153967676825 ], [ -111.60590187090213, 56.621333638372924 ], [ -111.606553687426967, 56.621330463322948 ] ] ] } },
{ "type": "Feature", "properties": { "area_km2": 0.0084 }, "geometry": { "type": "Polygon", "coordinates": [ [ [ -111.083759967683164, 56.619905421593444 ], [ -111.083759569831386, 56.619725740994987 ], [ -111.08408548215796, 56.619725521227572 ], [ -111.084084283986158, 56.619186479405393 ], [ -111.083758376303649, 56.619186699168345 ], [ -111.08375797847026, 56.619007018548999 ], [ -111.083432072331121, 56.619007237457019 ], [ -111.083431676050324, 56.618827556830972 ], [ -111.083105771454569, 56.61882777488406 ], [ -111.08310537672628, 56.618648094251313 ], [ -111.082453178989141, 56.618468847153331 ], [ -111.082128057639991, 56.618828423922729 ], [ -111.082780260039115, 56.619007672712726 ], [ -111.08310774516444, 56.61972617796944 ], [ -111.083759967683164, 56.619905421593444 ] ] ] } },
{ "type": "Feature", "properties": { "area_km2": 0.0136 }, "geometry": { "type": "Polygon", "coordinates": [ [ [ -111.17631590487882, 56.619089990029558 ], [ -111.176640132530494, 56.618730167964415 ], [ -111.177942897477593, 56.61854863093663 ], [ -111.178267105016118, 56.618188804613965 ], [ -111.177941207153225, 56.618189271005548 ], [ -111.1779403620057, 56.618009591032155 ], [ -111.177288569346288, 56.618010521248792 ], [ -111.177289411398107, 56.618190201228487 ], [ -111.176638454569812, 56.618370808018582 ], [ -111.176637615604037, 56.618191128037822 ], [ -111.175985819771142, 56.618192051433532 ], [ -111.175984983910794, 56.61801237144126 ], [ -111.17500729473258, 56.618013750124916 ], [ -111.17468305766802, 56.618373567983554 ], [ -111.175008957175748, 56.618373110122924 ], [ -111.175009788411742, 56.618552790114073 ], [ -111.175335689457754, 56.61855233139692 ], [ -111.175336522251285, 56.618732011379727 ], [ -111.175662424835579, 56.618731551806022 ], [ -111.175663259186678, 56.618911231780487 ], [ -111.17631590487882, 56.619089990029558 ] ] ] } },
{ "type": "Feature", "properties": { "area_km2": 0.0104 }, "geometry": { "type": "Polygon", "coordinates": [ [ [ -111.118303437658597, 56.618799294010806 ], [ -111.118302875752434, 56.618619613571347 ], [ -111.11862877820181, 56.61861930334959 ], [ -111.118628214754224, 56.618439622907012 ], [ -111.118302313852766, 56.618439933126666 ], [ -111.118301190072927, 56.618080572221622 ], [ -111.117975292260766, 56.618080881583651 ], [ -111.11797473192847, 56.617901201121192 ], [ -111.11764883565769, 56.617901509627721 ], [ -111.11764827687972, 56.617721829157929 ], [ -111.116995931738643, 56.617542763127439 ], [ -111.116996487414482, 56.617722443606617 ], [ -111.116670592672222, 56.617722749550865 ], [ -111.116672809248385, 56.618441471423615 ], [ -111.116998710182145, 56.618441165471069 ], [ -111.117325725627737, 56.618800219561784 ], [ -111.118303437658597, 56.618799294010806 ] ] ] } },
{ "type": "Feature", "properties": { "area_km2": 0.0492 }, "geometry": { "type": "Polygon", "coordinates": [ [ [ -111.193268493399344, 56.620142905727079 ], [ -111.193267575385747, 56.619963225966274 ], [ -111.193593488248567, 56.619962719430312 ], [ -111.193587971102019, 56.618884640776287 ], [ -111.193262067527115, 56.618885147291628 ], [ -111.193260231659195, 56.618525787691546 ], [ -111.19358613213825, 56.618525281183075 ], [ -111.193582454338326, 56.617806561933868 ], [ -111.192929749424721, 56.61762789423765 ], [ -111.192927916800983, 56.617268534557439 ], [ -111.19260202713555, 56.617269039335092 ], [ -111.192601112387351, 56.617089359483714 ], [ -111.191949336120288, 56.617090366472056 ], [ -111.191625268191316, 56.617450228404188 ], [ -111.190973485669957, 56.61745123028593 ], [ -111.19097257865009, 56.617271550422743 ], [ -111.190319895268473, 56.617092869008971 ], [ -111.190320799182331, 56.617272548884173 ], [ -111.18999490943277, 56.617273046834825 ], [ -111.189996714196269, 56.617632406576284 ], [ -111.18967082134067, 56.617632903680324 ], [ -111.189672623050242, 56.617992263407594 ], [ -111.189998519001492, 56.617991766296818 ], [ -111.190326222885005, 56.618350628025482 ], [ -111.190978020926678, 56.618349629523387 ], [ -111.1909789280095, 56.618529309355168 ], [ -111.191631639294116, 56.618707987252392 ], [ -111.191633459703937, 56.619067346876221 ], [ -111.191307554517664, 56.619067848274398 ], [ -111.191310280567436, 56.619606887681094 ], [ -111.191636190397645, 56.619606386272686 ], [ -111.191637100649928, 56.619786066061067 ], [ -111.191963012017624, 56.619785563795816 ], [ -111.192290750103098, 56.62014442022447 ], [ -111.193268493399344, 56.620142905727079 ] ] ] } },
{ "type": "Feature", "properties": { "area_km2": 0.008 }, "geometry": { "type": "Polygon", "coordinates": [ [ [ -111.601270606811255, 56.617043666364175 ], [ -111.601267751195067, 56.616863995390283 ], [ -111.601593621247289, 56.616862420506763 ], [ -111.601585049954693, 56.616323407585234 ], [ -111.601910915331672, 56.616321831880519 ], [ -111.601905198207092, 56.615962489927639 ], [ -111.601579335924825, 56.615964065610953 ], [ -111.601576478959458, 56.615784394615844 ], [ -111.601250618191486, 56.615785969435251 ], [ -111.601253473609532, 56.615965640441054 ], [ -111.600927611261199, 56.615967214417914 ], [ -111.600930465164922, 56.616146885429089 ], [ -111.600281588116573, 56.616329701871706 ], [ -111.60028728989947, 56.616689043910135 ], [ -111.600613158503279, 56.616687471597032 ], [ -111.600616010991601, 56.616867142597599 ], [ -111.601270606811255, 56.617043666364175 ] ] ] } },
{ "type": "Feature", "properties": { "area_km2": 0.0056 }, "geometry": { "type": "Polygon", "coordinates": [ [ [ -111.182827937339624, 56.617822825668384 ], [ -111.1828270689943, 56.617643145732622 ], [ -111.183477983694559, 56.617462506578939 ], [ -111.183476240863001, 56.617103146694262 ], [ -111.183150352445793, 56.617103626720777 ], [ -111.183149482592881, 56.616923946767344 ], [ -111.182823595713373, 56.616924425937242 ], [ -111.182824464018537, 56.617104105893929 ], [ -111.182498575581235, 56.617104584213713 ], [ -111.182499442348686, 56.617284264168418 ], [ -111.181848526030379, 56.617464898210294 ], [ -111.182176148072642, 56.617823781480524 ], [ -111.182827937339624, 56.617822825668384 ] ] ] } },
{ "type": "Feature", "properties": { "area_km2": 0.0084 }, "geometry": { "type": "Polygon", "coordinates": [ [ [ -111.129055814121628, 56.618069884512877 ], [ -111.129055201161918, 56.617890204125054 ], [ -111.129381097195221, 56.617889865749461 ], [ -111.129380482694756, 56.61771018535871 ], [ -111.130031654055344, 56.617529825660561 ], [ -111.130030418898727, 56.617170464862127 ], [ -111.129704529070935, 56.617170804935284 ], [ -111.129377410299014, 56.616811783326497 ], [ -111.129051523552505, 56.616812121688312 ], [ -111.129052136469681, 56.616991802107499 ], [ -111.128726248168334, 56.616992139618247 ], [ -111.128727470928396, 56.61735150044553 ], [ -111.128401579524407, 56.617351837107464 ], [ -111.128403409074039, 56.617890878316025 ], [ -111.129055814121628, 56.618069884512877 ] ] ] } },
{ "type": "Feature", "properties": { "area_km2": 0.028 }, "geometry": { "type": "Polygon", "coordinates": [ [ [ -111.187388681056333, 56.617456679618769 ], [ -111.187387791062079, 56.617276999718591 ], [ -111.187713680894632, 56.617276508594934 ], [ -111.187711897841496, 56.616917148785561 ], [ -111.188037784568209, 56.616916656815199 ], [ -111.18803689150937, 56.616736976905997 ], [ -111.188362776678048, 56.616736484085621 ], [ -111.18836098749594, 56.616377124258207 ], [ -111.188686869558865, 56.616376630591176 ], [ -111.188681492975078, 56.615298551003463 ], [ -111.188355620197967, 56.615299044650392 ], [ -111.188352936688617, 56.614760004775839 ], [ -111.188027068543818, 56.614760497559416 ], [ -111.188026175608911, 56.614580817587424 ], [ -111.187375332223226, 56.614761480566713 ], [ -111.18737889168564, 56.61548020042904 ], [ -111.18705301731967, 56.61548069066604 ], [ -111.18705390566339, 56.615660370621889 ], [ -111.18640303906416, 56.61584102849983 ], [ -111.186408350831655, 56.616919108133338 ], [ -111.186734237599524, 56.616918619576438 ], [ -111.186736011366122, 56.617277979405785 ], [ -111.187388681056333, 56.617456679618769 ] ] ] } },
{ "type": "Feature", "properties": { "area_km2": 0.0276 }, "geometry": { "type": "Polygon", "coordinates": [ [ [ -111.077561708703044, 56.61703454440574 ], [ -111.077561340332508, 56.616854863696453 ], [ -111.077887227976973, 56.616854660166943 ], [ -111.077886488153169, 56.616495298735479 ], [ -111.078537884237377, 56.616315208401133 ], [ -111.078537511240768, 56.616135527675119 ], [ -111.077885378449551, 56.61595625654909 ], [ -111.077884638668522, 56.615596895065366 ], [ -111.077558761857944, 56.615597098585198 ], [ -111.077558025189248, 56.615237737077827 ], [ -111.077883898904616, 56.615237533560752 ], [ -111.077883159157807, 56.614878172035233 ], [ -111.078209029773717, 56.61487796766761 ], [ -111.077882419428107, 56.614518810488804 ], [ -111.077556551903015, 56.614519014000358 ], [ -111.077556920218186, 56.614698694777545 ], [ -111.076579312974815, 56.614699300196527 ], [ -111.076254168147855, 56.615058861845931 ], [ -111.07527655156872, 56.615059457033361 ], [ -111.075276909063547, 56.615239137804409 ], [ -111.074951035314612, 56.61523933449493 ], [ -111.074951391265941, 56.61541901526207 ], [ -111.075603500905586, 56.615598301784281 ], [ -111.075604219019468, 56.615957663287098 ], [ -111.07593009895065, 56.615957464884552 ], [ -111.075930459561491, 56.616137145626773 ], [ -111.076908103972997, 56.616136545295014 ], [ -111.076908469231114, 56.616316226027934 ], [ -111.077234352240893, 56.616316024209283 ], [ -111.077235085865226, 56.616675385656713 ], [ -111.07690919976001, 56.616675587478106 ], [ -111.076909565030789, 56.616855268195359 ], [ -111.077561708703044, 56.61703454440574 ] ] ] } },
{ "type": "Feature", "properties": { "area_km2": 0.07 }, "geometry": { "type": "Polygon", "coordinates": [ [ [ -111.119603077061242, 56.617540284868021 ], [ -111.119602509009312, 56.617360604400432 ], [ -111.119928400597459, 56.617360290779878 ], [ -111.119927831004304, 56.617180610309184 ], [ -111.120579038383099, 56.617000300040552 ], [ -111.120578465707595, 56.61682061956369 ], [ -111.119926122264374, 56.616641568865759 ], [ -111.119923844036691, 56.615922846868017 ], [ -111.120249723236398, 56.61592253241114 ], [ -111.119922704962377, 56.615563485837761 ], [ -111.118619763822394, 56.61574441564111 ], [ -111.118292762552684, 56.61538536476732 ], [ -111.117315138745141, 56.61538629019897 ], [ -111.117314581605228, 56.615206609653917 ], [ -111.116988708537406, 56.615206916422416 ], [ -111.116986486232406, 56.61448819418159 ], [ -111.11666061934838, 56.61448850008847 ], [ -111.116660065335694, 56.61430881951312 ], [ -111.115356603925704, 56.614310034599434 ], [ -111.115357151748327, 56.614489715183026 ], [ -111.114379550981724, 56.614490617544384 ], [ -111.114380094168112, 56.614670298128871 ], [ -111.113728897294777, 56.614850576024011 ], [ -111.113729437398604, 56.615030256602104 ], [ -111.114055308982302, 56.615029958368787 ], [ -111.114382266976477, 56.615389020414561 ], [ -111.115034016302843, 56.615388419673245 ], [ -111.115034562615875, 56.615568100227513 ], [ -111.115360438817206, 56.615567798574823 ], [ -111.115362082437173, 56.61610684020016 ], [ -111.115036201592886, 56.616107141858997 ], [ -111.115363178215503, 56.616466201257566 ], [ -111.116014946075836, 56.616465595371643 ], [ -111.116015497069952, 56.616645275888402 ], [ -111.116993153455795, 56.616644360653126 ], [ -111.116993709099518, 56.616824041158452 ], [ -111.117319596096365, 56.616823734371209 ], [ -111.117646600584578, 56.617182787717226 ], [ -111.118624270803579, 56.617181859662637 ], [ -111.118951290769644, 56.61754090955322 ], [ -111.119603077061242, 56.617540284868021 ] ] ] } },
{ "type": "Feature", "properties": { "area_km2": 0.0116 }, "geometry": { "type": "Polygon", "coordinates": [ [ [ -111.483261746042118, 56.614323573991697 ], [ -111.483259451107671, 56.614143899434083 ], [ -111.483585304091505, 56.614142633593445 ], [ -111.483580711207708, 56.613783284479553 ], [ -111.4832548613184, 56.613784550303002 ], [ -111.483252566463548, 56.613604875729543 ], [ -111.482275021278141, 56.613608668054994 ], [ -111.482272731091484, 56.613428993450505 ], [ -111.481618750197413, 56.613251842757485 ], [ -111.481621037263182, 56.613431517384377 ], [ -111.481295190309353, 56.613432778071548 ], [ -111.481304332647952, 56.614151476560508 ], [ -111.481630185790763, 56.614150215839118 ], [ -111.481632472988778, 56.61432989043962 ], [ -111.483261746042118, 56.614323573991697 ] ] ] } },
{ "type": "Feature", "properties": { "area_km2": 0.0116 }, "geometry": { "type": "Polygon", "coordinates": [ [ [ -111.292301473839757, 56.614199897829209 ], [ -111.292300085741871, 56.614020219212449 ], [ -111.292625945020788, 56.614019453393887 ], [ -111.292623165778394, 56.613660096155037 ], [ -111.292297309594261, 56.613660861963197 ], [ -111.292294533510841, 56.613301504692949 ], [ -111.291968680405361, 56.613302269637487 ], [ -111.291967293935045, 56.61312259098932 ], [ -111.291641442360856, 56.613123355075452 ], [ -111.29164005745389, 56.61294367641684 ], [ -111.290986975555697, 56.612765523344862 ], [ -111.290988357352077, 56.61294520201907 ], [ -111.29066250727719, 56.612945963540355 ], [ -111.29066802843316, 56.613664678205403 ], [ -111.290993884697372, 56.613663916663434 ], [ -111.290995266573645, 56.613843595311423 ], [ -111.291321124369261, 56.613842832911047 ], [ -111.291649752138994, 56.614201426916956 ], [ -111.292301473839757, 56.614199897829209 ] ] ] } },
{ "type": "Feature", "properties": { "area_km2": 0.0052 }, "geometry": { "type": "Polygon", "coordinates": [ [ [ -111.601193516764283, 56.612192548202657 ], [ -111.601190662039571, 56.612012877085206 ], [ -111.601516490317792, 56.612011302490195 ], [ -111.601510777873528, 56.611651960260687 ], [ -111.601184952689167, 56.611653534834318 ], [ -111.601182098063475, 56.611473863700915 ], [ -111.600204626953101, 56.611478582271268 ], [ -111.599884500092813, 56.61183949576877 ], [ -111.601193516764283, 56.612192548202657 ] ] ] } },
{ "type": "Feature", "properties": { "area_km2": 0.0116 }, "geometry": { "type": "Polygon", "coordinates": [ [ [ -111.135885463308313, 56.61410963070967 ], [ -111.13588481800771, 56.613929950256264 ], [ -111.136535893275976, 56.613749556461585 ], [ -111.136534596522381, 56.613390195538287 ], [ -111.136208739340262, 56.613390552628097 ], [ -111.136208092522111, 56.613210872156188 ], [ -111.135882236879894, 56.613211228390327 ], [ -111.135881591616595, 56.613031547910772 ], [ -111.135555737514309, 56.613031903289247 ], [ -111.135228599089771, 56.612672896830041 ], [ -111.134576897037434, 56.612673603311201 ], [ -111.134577536096444, 56.612853283810828 ], [ -111.134251683511835, 56.612853635773945 ], [ -111.134252958557283, 56.613212996762279 ], [ -111.134578814236619, 56.613212644794395 ], [ -111.134579453317798, 56.613392325278333 ], [ -111.135231809932478, 56.613571299251909 ], [ -111.135233094321549, 56.613930660184074 ], [ -111.135885463308313, 56.61410963070967 ] ] ] } },
{ "type": "Feature", "properties": { "area_km2": 0.0368 }, "geometry": { "type": "Polygon", "coordinates": [ [ [ -111.173036301260737, 56.614602563073113 ], [ -111.173035479521232, 56.614422882948311 ], [ -111.173361345027516, 56.614422429422454 ], [ -111.173360521750013, 56.614242749295499 ], [ -111.173686385699284, 56.614242294919443 ], [ -111.173685560883854, 56.614062614790335 ], [ -111.174011423276113, 56.614062159564092 ], [ -111.17401059692277, 56.613882479432846 ], [ -111.174336457758031, 56.613882023356425 ], [ -111.174335629866789, 56.613702343223039 ], [ -111.174661489145052, 56.613701886296454 ], [ -111.17498568647035, 56.61334206824656 ], [ -111.175311542634589, 56.613341609619667 ], [ -111.175312375148849, 56.613521289754196 ], [ -111.176941663562246, 56.613518983805378 ], [ -111.176940823311, 56.613339303686509 ], [ -111.177591692177387, 56.613158695222666 ], [ -111.177590005534057, 56.612799334971349 ], [ -111.177264154079651, 56.612799799561529 ], [ -111.177263312319951, 56.612620119424854 ], [ -111.17693746240316, 56.612620583158645 ], [ -111.176609935175605, 56.612261685737614 ], [ -111.175958241482689, 56.612262608926542 ], [ -111.175959077033781, 56.612442289086225 ], [ -111.175633228625529, 56.612442749403989 ], [ -111.175634062638963, 56.612622429561554 ], [ -111.174982362698941, 56.612623347643655 ], [ -111.174658171486328, 56.612983165722987 ], [ -111.173354759074172, 56.612984988260287 ], [ -111.173355582285012, 56.613164668423863 ], [ -111.173029727610768, 56.613165121928169 ], [ -111.173030549283752, 56.613344802089607 ], [ -111.172704693052637, 56.613345254743749 ], [ -111.172705513187722, 56.613524934903005 ], [ -111.172379655399709, 56.613525386706954 ], [ -111.172380473996867, 56.613705066864057 ], [ -111.171729570809404, 56.613885648076305 ], [ -111.171731201861206, 56.614245008376571 ], [ -111.173036301260737, 56.614602563073113 ] ] ] } },
{ "type": "Feature", "properties": { "area_km2": 0.0064 }, "geometry": { "type": "Polygon", "coordinates": [ [ [ -111.329764397146803, 56.612848489029794 ], [ -111.329762831224969, 56.612668811011901 ], [ -111.330088677707337, 56.612667947110893 ], [ -111.330085542823554, 56.612308591071091 ], [ -111.329759699435641, 56.612309454960382 ], [ -111.329756567718732, 56.611950098887831 ], [ -111.329430727407086, 56.611950961912221 ], [ -111.329429163122967, 56.611771283862218 ], [ -111.328777485539788, 56.611773007339742 ], [ -111.328454766024379, 56.612133223928595 ], [ -111.328780607937418, 56.612132363457903 ], [ -111.328782169163304, 56.612312041509107 ], [ -111.329108012605502, 56.612311180179375 ], [ -111.329111138205917, 56.612670536254328 ], [ -111.329764397146803, 56.612848489029794 ] ] ] } },
{ "type": "Feature", "properties": { "area_km2": 0.004 }, "geometry": { "type": "Polygon", "coordinates": [ [ [ -111.52457779438177, 56.609304800428141 ], [ -111.524898619246471, 56.608944079360661 ], [ -111.524572813093627, 56.608945453296286 ], [ -111.52457032249275, 56.608765779722418 ], [ -111.523916225715396, 56.608588851418162 ], [ -111.523918713194092, 56.608768525015968 ], [ -111.523592908501598, 56.608769896383208 ], [ -111.523597880451831, 56.609129243581521 ], [ -111.523923688237744, 56.609127872195664 ], [ -111.523926175802728, 56.609307545777583 ], [ -111.52457779438177, 56.609304800428141 ] ] ] } },
{ "type": "Feature", "properties": { "area_km2": 0.0116 }, "geometry": { "type": "Polygon", "coordinates": [ [ [ -111.139127579673541, 56.609614017556773 ], [ -111.139126919089264, 56.609434336997062 ], [ -111.139452742164735, 56.609433972282417 ], [ -111.13944943162312, 56.608535569417832 ], [ -111.139123616282475, 56.608535934120113 ], [ -111.138796482958753, 56.608176936776964 ], [ -111.138144858426969, 56.60817766190619 ], [ -111.138145514317088, 56.608357342509883 ], [ -111.137819700492926, 56.608357703797317 ], [ -111.137821009202085, 56.608717064993925 ], [ -111.138146826120106, 56.608716703701603 ], [ -111.138149449817121, 56.609435426022266 ], [ -111.138475272915443, 56.609435063866997 ], [ -111.13847593040569, 56.609614744431639 ], [ -111.139127579673541, 56.609614017556773 ] ] ] } },
{ "type": "Feature", "properties": { "area_km2": 0.004 }, "geometry": { "type": "Polygon", "coordinates": [ [ [ -111.23719586001566, 56.608747000706451 ], [ -111.23719473383774, 56.608567321132135 ], [ -111.237520547613329, 56.608566699645294 ], [ -111.237518292202793, 56.608207340489407 ], [ -111.23719248152095, 56.608207961967807 ], [ -111.237191355382095, 56.608028282377788 ], [ -111.236539737073031, 56.608029522766955 ], [ -111.236216170908648, 56.608389500881977 ], [ -111.236541983176366, 56.608388881958597 ], [ -111.23654310624751, 56.608568561546562 ], [ -111.23719586001566, 56.608747000706451 ] ] ] } },
{ "type": "Feature", "properties": { "area_km2": 0.0204 }, "geometry": { "type": "Polygon", "coordinates": [ [ [ -111.332342774269804, 56.609607349606478 ], [ -111.332665435287709, 56.609247122856118 ], [ -111.332339618345273, 56.609247993470476 ], [ -111.332333306715128, 56.608529281135446 ], [ -111.332007495941909, 56.608530150873108 ], [ -111.332002767051307, 56.607991116548959 ], [ -111.331676960900282, 56.607991985415879 ], [ -111.3316738114912, 56.607632629161742 ], [ -111.331348008415503, 56.607633497163803 ], [ -111.331346435284999, 56.607453819022965 ], [ -111.330694832172526, 56.607455552456244 ], [ -111.330696402209554, 56.607635230608849 ], [ -111.330046362892659, 56.60781663880082 ], [ -111.330051063886387, 56.608355673246585 ], [ -111.330376873221851, 56.608354808633202 ], [ -111.330378441802821, 56.6085344867654 ], [ -111.331031635205804, 56.608712433082907 ], [ -111.331036350393219, 56.609251467397023 ], [ -111.331362167408528, 56.609250600195026 ], [ -111.331691134142517, 56.609609088299528 ], [ -111.332342774269804, 56.609607349606478 ] ] ] } },
{ "type": "Feature", "properties": { "area_km2": 0.0124 }, "geometry": { "type": "Polygon", "coordinates": [ [ [ -111.142056628539549, 56.608712301651416 ], [ -111.142055954071111, 56.608532621088038 ], [ -111.142381769342208, 56.608532248707881 ], [ -111.142381093334663, 56.608352568141804 ], [ -111.14205527961046, 56.608352940519445 ], [ -111.142052581845888, 56.60763421819275 ], [ -111.141726774301375, 56.60763458970721 ], [ -111.141399624100828, 56.607275599163813 ], [ -111.140748015160199, 56.607276337917362 ], [ -111.140748683386846, 56.607456018527394 ], [ -111.140422877358134, 56.607456386627085 ], [ -111.140098401610842, 56.607816115088049 ], [ -111.140424210740932, 56.607815747836447 ], [ -111.140425544154553, 56.608175109024877 ], [ -111.140751356370657, 56.608174740915203 ], [ -111.141078508211109, 56.608533733109958 ], [ -111.141730138792227, 56.60853299261511 ], [ -111.141730811713728, 56.608712673181003 ], [ -111.142056628539549, 56.608712301651416 ] ] ] } },
{ "type": "Feature", "properties": { "area_km2": 0.0112 }, "geometry": { "type": "Polygon", "coordinates": [ [ [ -111.338194686104885, 56.608154123998403 ], [ -111.338517279024614, 56.607793882070915 ], [ -111.338191474788275, 56.607794767992793 ], [ -111.338188263545931, 56.607435411966172 ], [ -111.337862462384493, 56.607436297023014 ], [ -111.337857650300307, 56.606897262925649 ], [ -111.337531853760424, 56.606898147111458 ], [ -111.337530251316096, 56.606718469062493 ], [ -111.336877061941564, 56.60654055679688 ], [ -111.336878661274071, 56.606720234863083 ], [ -111.336552866225333, 56.606721116483861 ], [ -111.336557659693767, 56.607260150668857 ], [ -111.336883459382548, 56.607259269030138 ], [ -111.337215662976675, 56.607977098663639 ], [ -111.337541468815417, 56.607976215294883 ], [ -111.337543071389433, 56.608155893307064 ], [ -111.338194686104885, 56.608154123998403 ] ] ] } },
{ "type": "Feature", "properties": { "area_km2": 0.0084 }, "geometry": { "type": "Polygon", "coordinates": [ [ [ -111.522588201618632, 56.606797595090782 ], [ -111.522585720642283, 56.606617921397557 ], [ -111.522911506861774, 56.606616552700821 ], [ -111.522906541902188, 56.606257205317071 ], [ -111.522580758775646, 56.60625857399522 ], [ -111.522573316190815, 56.605719552851987 ], [ -111.522247537674858, 56.605720920649361 ], [ -111.522245058416999, 56.605541246915088 ], [ -111.521591028255472, 56.605364306174394 ], [ -111.521593504391916, 56.60554397993252 ], [ -111.521267727336408, 56.605545345161865 ], [ -111.52127020195509, 56.605725018923941 ], [ -111.521595980556967, 56.605723653685345 ], [ -111.521605885503547, 56.606442348643689 ], [ -111.52193167026256, 56.606440982515096 ], [ -111.521934148117253, 56.60662065623216 ], [ -111.522588201618632, 56.606797595090782 ] ] ] } },
{ "type": "Feature", "properties": { "area_km2": 0.0044 }, "geometry": { "type": "Polygon", "coordinates": [ [ [ -111.517368224861983, 56.606280356845772 ], [ -111.517365768714868, 56.60610068298886 ], [ -111.517691550751778, 56.606099327966952 ], [ -111.517684177841574, 56.605560306392029 ], [ -111.517030168530738, 56.605383341640469 ], [ -111.517032623017883, 56.605563015527743 ], [ -111.516706845563462, 56.605564368816232 ], [ -111.51671420455591, 56.606103390473862 ], [ -111.517368224861983, 56.606280356845772 ] ] ] } },
{ "type": "Feature", "properties": { "area_km2": 0.0056 }, "geometry": { "type": "Polygon", "coordinates": [ [ [ -111.515374376266536, 56.603413685893976 ], [ -111.51537192985073, 56.603234011897314 ], [ -111.515697687316887, 56.603232662139568 ], [ -111.515690343600781, 56.602693640145318 ], [ -111.515036393160415, 56.602516664726046 ], [ -111.51503883791699, 56.602696338753034 ], [ -111.514389773812738, 56.602878707989397 ], [ -111.514394657282637, 56.603238056053463 ], [ -111.51472041483359, 56.603236708854254 ], [ -111.514722858157057, 56.603416382869213 ], [ -111.515374376266536, 56.603413685893976 ] ] ] } },
{ "type": "Feature", "properties": { "area_km2": 0.0056 }, "geometry": { "type": "Polygon", "coordinates": [ [ [ -111.130636908981003, 56.604053099038069 ], [ -111.130636288841572, 56.60387341825394 ], [ -111.130962064161025, 56.60387307579267 ], [ -111.130960820810785, 56.603513714213385 ], [ -111.13063504858421, 56.603514056670001 ], [ -111.13063442846628, 56.603334375870205 ], [ -111.129657116382873, 56.603335398115519 ], [ -111.129332573545781, 56.603695098770963 ], [ -111.129658347347345, 56.60369475972378 ], [ -111.12998535522766, 56.604053781406392 ], [ -111.130636908981003, 56.604053099038069 ] ] ] } },
{ "type": "Feature", "properties": { "area_km2": 0.0056 }, "geometry": { "type": "Polygon", "coordinates": [ [ [ -111.109783006276018, 56.602635795047249 ], [ -111.109782485158902, 56.602456114084625 ], [ -111.110108248530025, 56.602455826227811 ], [ -111.110107203221261, 56.602096464290781 ], [ -111.109781442942747, 56.602096752143687 ], [ -111.109780921843708, 56.601917071165381 ], [ -111.108803645610905, 56.60191792960093 ], [ -111.108478916688497, 56.602277576007239 ], [ -111.108804678537297, 56.602277291563965 ], [ -111.109131476423059, 56.602636368206063 ], [ -111.109783006276018, 56.602635795047249 ] ] ] } },
{ "type": "Feature", "properties": { "area_km2": 0.004 }, "geometry": { "type": "Polygon", "coordinates": [ [ [ -111.537497858264672, 56.601343551700204 ], [ -111.537818492783302, 56.600982797220702 ], [ -111.537492755834563, 56.600984204856907 ], [ -111.53749020466374, 56.600804531427308 ], [ -111.536836185720063, 56.600627670668359 ], [ -111.536838733769613, 56.60080734412233 ], [ -111.536512998278354, 56.600808749190705 ], [ -111.536518091373992, 56.601168096101844 ], [ -111.536843829957093, 56.601166691014406 ], [ -111.536846378095007, 56.601346364452482 ], [ -111.537497858264672, 56.601343551700204 ] ] ] } },
{ "type": "Feature", "properties": { "area_km2": 0.0052 }, "geometry": { "type": "Polygon", "coordinates": [ [ [ -111.521215766952523, 56.601772194934902 ], [ -111.521213292963182, 56.601592521056332 ], [ -111.521539036002551, 56.601591156030764 ], [ -111.5215316095682, 56.601052134391054 ], [ -111.521857347941051, 56.601050768540496 ], [ -111.52152665875505, 56.600692786604768 ], [ -111.521200923445406, 56.60069415158403 ], [ -111.521203397291771, 56.600873825489067 ], [ -111.520877660407621, 56.600875189624816 ], [ -111.520882605094258, 56.601234537437549 ], [ -111.520556865089645, 56.601235900739034 ], [ -111.520561806798668, 56.601595248549074 ], [ -111.521215766952523, 56.601772194934902 ] ] ] } },
{ "type": "Feature", "properties": { "area_km2": 0.0132 }, "geometry": { "type": "Polygon", "coordinates": [ [ [ -111.118249524286739, 56.601549947985021 ], [ -111.118248963003992, 56.601370267043684 ], [ -111.118574716934617, 56.601369957023962 ], [ -111.118573028486736, 56.600830914174907 ], [ -111.118247279194691, 56.600831224188312 ], [ -111.117920410481318, 56.600472171414943 ], [ -111.116943171823763, 56.600473093767 ], [ -111.116943726889545, 56.600652774742827 ], [ -111.115966483535843, 56.600653689425513 ], [ -111.115967033969596, 56.600833370402327 ], [ -111.115641284626136, 56.600833673592916 ], [ -111.115968134856175, 56.601192732340259 ], [ -111.11727114453565, 56.601191511032795 ], [ -111.117598013313625, 56.601550565470049 ], [ -111.118249524286739, 56.601549947985021 ] ] ] } },
{ "type": "Feature", "properties": { "area_km2": 0.0044 }, "geometry": { "type": "Polygon", "coordinates": [ [ [ -111.106841993044597, 56.599404088956284 ], [ -111.10684148595, 56.59922440788224 ], [ -111.10716722154379, 56.599224127735795 ], [ -111.106840471778384, 56.598865045718455 ], [ -111.105863274237819, 56.59886588102966 ], [ -111.105863776682767, 56.599045562119841 ], [ -111.105538042611627, 56.599045838853215 ], [ -111.1058647815901, 56.599404924284492 ], [ -111.106841993044597, 56.599404088956284 ] ] ] } },
{ "type": "Feature", "properties": { "area_km2": 0.0108 }, "geometry": { "type": "Polygon", "coordinates": [ [ [ -111.546256530097153, 56.598789820973266 ], [ -111.546253937546723, 56.59861014773994 ], [ -111.546579653597192, 56.598608717205352 ], [ -111.546900178424124, 56.598247939374325 ], [ -111.547877317031592, 56.598243640154699 ], [ -111.547874716842941, 56.598063966954065 ], [ -111.548200428106384, 56.598062532185246 ], [ -111.548195224728047, 56.597703185787488 ], [ -111.547869516555792, 56.597704620536838 ], [ -111.547866916457309, 56.597524947320281 ], [ -111.546566683566397, 56.597710351007684 ], [ -111.546569277512589, 56.597890024257829 ], [ -111.546243567644638, 56.597891454753608 ], [ -111.546246160075214, 56.598071128008129 ], [ -111.545597326527513, 56.598253659729735 ], [ -111.545602505355873, 56.598613006251092 ], [ -111.546256530097153, 56.598789820973266 ] ] ] } },
{ "type": "Feature", "properties": { "area_km2": 0.0048 }, "geometry": { "type": "Polygon", "coordinates": [ [ [ -111.55633791921413, 56.597667039941314 ], [ -111.556335278931016, 56.59748736697972 ], [ -111.556660984770005, 56.597485910071292 ], [ -111.556655701204264, 56.597126564151949 ], [ -111.556329998456334, 56.597128021040618 ], [ -111.556327358264781, 56.596948348063123 ], [ -111.555675955768407, 56.596951259262816 ], [ -111.555678592868944, 56.597130932260072 ], [ -111.555352890029525, 56.597132386590843 ], [ -111.555358161231013, 56.597491732589177 ], [ -111.555683867161505, 56.597490278238674 ], [ -111.555686504353503, 56.597669951220006 ], [ -111.55633791921413, 56.597667039941314 ] ] ] } },
{ "type": "Feature", "properties": { "area_km2": 0.0324 }, "geometry": { "type": "Polygon", "coordinates": [ [ [ -111.322806626353326, 56.599390558935539 ], [ -111.32280509425307, 56.599210880402005 ], [ -111.32313082511827, 56.599210034848689 ], [ -111.323129291489835, 56.599030356315623 ], [ -111.323779213372745, 56.598848984135351 ], [ -111.323771530126805, 56.597950591422531 ], [ -111.323445810118031, 56.597951438641154 ], [ -111.323442740035546, 56.597592081507756 ], [ -111.323117023100551, 56.597592927862166 ], [ -111.323115489631661, 56.597413249281857 ], [ -111.323441205020913, 56.59741240293318 ], [ -111.323438135044881, 56.597053045768263 ], [ -111.323112422747059, 56.597053892105457 ], [ -111.32311088933136, 56.596874213509395 ], [ -111.322785178561503, 56.59687505898814 ], [ -111.322786710431529, 56.597054737589943 ], [ -111.322460998098279, 56.597055582221742 ], [ -111.322462528440298, 56.597235260824029 ], [ -111.322136814543668, 56.597236104608847 ], [ -111.321814155183517, 56.597596304752649 ], [ -111.321162721119009, 56.597597988081596 ], [ -111.321164245331047, 56.597777666690988 ], [ -111.320514329242641, 56.597959025235987 ], [ -111.320515850398337, 56.598138703846288 ], [ -111.32116881807292, 56.598316702487665 ], [ -111.321500644716437, 56.599034575525941 ], [ -111.321826374106465, 56.599033733389405 ], [ -111.322155161477966, 56.599392247495345 ], [ -111.322806626353326, 56.599390558935539 ] ] ] } },
{ "type": "Feature", "properties": { "area_km2": 0.0044 }, "geometry": { "type": "Polygon", "coordinates": [ [ [ -111.302595385117641, 56.597464850177268 ], [ -111.302918226373933, 56.597104699683797 ], [ -111.302592512994295, 56.597105492300678 ], [ -111.302591076957512, 56.596925813354524 ], [ -111.302265365106976, 56.596926605113325 ], [ -111.302263930632492, 56.596746926156534 ], [ -111.301611078606513, 56.596568828132568 ], [ -111.301288229455963, 56.596928975273549 ], [ -111.301613941356194, 56.596928186072859 ], [ -111.301615372755847, 56.597107865035099 ], [ -111.301941086185238, 56.597107074976329 ], [ -111.301942519147161, 56.597286753927989 ], [ -111.302595385117641, 56.597464850177268 ] ] ] } },
{ "type": "Feature", "properties": { "area_km2": 0.0172 }, "geometry": { "type": "Polygon", "coordinates": [ [ [ -111.402258038193651, 56.596643483443017 ], [ -111.402256129206691, 56.596463806407108 ], [ -111.40258183357632, 56.596462752881216 ], [ -111.402578012577465, 56.596103398807877 ], [ -111.40225231129898, 56.596104452319473 ], [ -111.402250402378215, 56.595924775267747 ], [ -111.401924702623205, 56.595925827919558 ], [ -111.401922795270039, 56.59574615085544 ], [ -111.40159709703849, 56.595747202647473 ], [ -111.401267590326711, 56.59538889941426 ], [ -111.400290504707002, 56.595392047073879 ], [ -111.400292404288635, 56.595571724184161 ], [ -111.399966707492638, 56.595572771705875 ], [ -111.399976198002491, 56.59647115721382 ], [ -111.400301902526209, 56.596470109656551 ], [ -111.400303802239591, 56.596649786735242 ], [ -111.402258038193651, 56.596643483443017 ] ] ] } },
{ "type": "Feature", "properties": { "area_km2": 0.0064 }, "geometry": { "type": "Polygon", "coordinates": [ [ [ -111.321803464552843, 56.596338554419773 ], [ -111.321801937390504, 56.596158875779764 ], [ -111.32212764203085, 56.596158032881974 ], [ -111.322124584667947, 56.595798675597663 ], [ -111.321798883118788, 56.595799518484021 ], [ -111.321797356009398, 56.595619839828281 ], [ -111.321145955949277, 56.595621523031582 ], [ -111.321144431948639, 56.595441844359165 ], [ -111.320491514017178, 56.595263845451392 ], [ -111.320168855727019, 56.595624041441646 ], [ -111.320494555818684, 56.595623202824285 ], [ -111.320496076745798, 56.595802881502848 ], [ -111.32082177836547, 56.595802042027124 ], [ -111.320823300855764, 56.595981720694759 ], [ -111.321149004003402, 56.595980880360678 ], [ -111.32115052805689, 56.596160559017335 ], [ -111.321803464552843, 56.596338554419773 ] ] ] } },
{ "type": "Feature", "properties": { "area_km2": 0.0176 }, "geometry": { "type": "Polygon", "coordinates": [ [ [ -111.313992471276947, 56.597077243350093 ], [ -111.313990981140634, 56.596897564595594 ], [ -111.31431669238232, 56.596896742139641 ], [ -111.314309234230862, 56.595998348316243 ], [ -111.314634937727092, 56.595997525035514 ], [ -111.314957651883873, 56.595637343358355 ], [ -111.314631951496068, 56.595638167480566 ], [ -111.314630458406427, 56.595458488695229 ], [ -111.313653361776176, 56.595460955929212 ], [ -111.313651873340419, 56.595281277121877 ], [ -111.313000478591931, 56.59528291767014 ], [ -111.313001963936628, 56.595462596488609 ], [ -111.312676264991083, 56.595463415489334 ], [ -111.312685168146231, 56.59654148832319 ], [ -111.313010876365354, 56.596540669289141 ], [ -111.31301236183026, 56.596720348070839 ], [ -111.313338071577874, 56.596719528178532 ], [ -111.313339558605605, 56.596899206949438 ], [ -111.313992471276947, 56.597077243350093 ] ] ] } },
{ "type": "Feature", "properties": { "area_km2": 0.0056 }, "geometry": { "type": "Polygon", "coordinates": [ [ [ -111.389866395793064, 56.595245467297417 ], [ -111.389864545710012, 56.595065789952052 ], [ -111.390190238541379, 56.595064768882814 ], [ -111.390182832241322, 56.594346059476429 ], [ -111.389529610489802, 56.594168423328284 ], [ -111.389531458920558, 56.594348100706888 ], [ -111.389205772228124, 56.594349120043226 ], [ -111.389213159983129, 56.595067829532653 ], [ -111.389866395793064, 56.595245467297417 ] ] ] } },
{ "type": "Feature", "properties": { "area_km2": 0.0044 }, "geometry": { "type": "Polygon", "coordinates": [ [ [ -111.568340522304609, 56.594378458630835 ], [ -111.568337825397421, 56.59419878594327 ], [ -111.568663502277985, 56.594197297668835 ], [ -111.568660803856758, 56.594017624986051 ], [ -111.569309452953533, 56.593834973231928 ], [ -111.568978379448922, 56.593477117819283 ], [ -111.568652708780235, 56.59347860690584 ], [ -111.568655407107883, 56.593658279604561 ], [ -111.568329734862857, 56.593659767848699 ], [ -111.568332431676538, 56.593839440552188 ], [ -111.567683777757154, 56.594022087221468 ], [ -111.567686471542785, 56.594201759934514 ], [ -111.568340522304609, 56.594378458630835 ] ] ] } },
{ "type": "Feature", "properties": { "area_km2": 0.004 }, "geometry": { "type": "Polygon", "coordinates": [ [ [ -111.40093238210892, 56.594491563927505 ], [ -111.40093047956826, 56.594311886799872 ], [ -111.401256165480305, 56.594310836770113 ], [ -111.401252357374233, 56.593951482513248 ], [ -111.400926674552906, 56.59395253252876 ], [ -111.400924772078213, 56.593772855385303 ], [ -111.400273409460269, 56.593774952844342 ], [ -111.39995152381772, 56.594135354619311 ], [ -111.400277208250301, 56.594134307154441 ], [ -111.400279107678259, 56.5943139843016 ], [ -111.40093238210892, 56.594491563927505 ] ] ] } },
{ "type": "Feature", "properties": { "area_km2": 0.0128 }, "geometry": { "type": "Polygon", "coordinates": [ [ [ -111.355013608141917, 56.594990439839123 ], [ -111.355011923464346, 56.594810761775435 ], [ -111.355337615391647, 56.594809831949831 ], [ -111.355334243004052, 56.594450475819286 ], [ -111.355008554167625, 56.594451405632284 ], [ -111.355327498462728, 56.593731763495121 ], [ -111.355001815807839, 56.593732693282888 ], [ -111.355000131266578, 56.593553015182394 ], [ -111.354023087821147, 56.593555799411277 ], [ -111.354024767726401, 56.59373547753065 ], [ -111.353699084993721, 56.593736403908075 ], [ -111.353707477084299, 56.594634794457562 ], [ -111.354033167543918, 56.59463386804871 ], [ -111.354362221138004, 56.594992296945087 ], [ -111.355013608141917, 56.594990439839123 ] ] ] } },
{ "type": "Feature", "properties": { "area_km2": 0.004 }, "geometry": { "type": "Polygon", "coordinates": [ [ [ -111.564400240437195, 56.592240177497224 ], [ -111.564720541649123, 56.591879353834315 ], [ -111.564394884481942, 56.591880831747979 ], [ -111.564392206550735, 56.591701158865376 ], [ -111.563738220403124, 56.591524439207333 ], [ -111.563740895213471, 56.591704112115266 ], [ -111.563415239498468, 56.591705587461526 ], [ -111.563420586121921, 56.592064933281478 ], [ -111.563746244926904, 56.592063457915216 ], [ -111.56374891982999, 56.592243130807226 ], [ -111.564400240437195, 56.592240177497224 ] ] ] } },
{ "type": "Feature", "properties": { "area_km2": 0.0068 }, "geometry": { "type": "Polygon", "coordinates": [ [ [ -111.496261245680159, 56.586780760347331 ], [ -111.496258891474966, 56.586601085337506 ], [ -111.496584506833941, 56.586599785865182 ], [ -111.4969054076589, 56.586239135540289 ], [ -111.496579795416167, 56.586240435847294 ], [ -111.496577439748094, 56.586060760830421 ], [ -111.496251829022597, 56.586062060276298 ], [ -111.496249474926231, 56.585882385245313 ], [ -111.495595905502299, 56.585705306508693 ], [ -111.495598256482566, 56.585884981562586 ], [ -111.495272647219977, 56.585886278442779 ], [ -111.495279695690385, 56.586425303599071 ], [ -111.495605309586423, 56.586424006692503 ], [ -111.49560766067539, 56.586603681725222 ], [ -111.496261245680159, 56.586780760347331 ] ] ] } },
{ "type": "Feature", "properties": { "area_km2": 0.0044 }, "geometry": { "type": "Polygon", "coordinates": [ [ [ -111.469228271602375, 56.586346618895178 ], [ -111.46922604567213, 56.586166943158013 ], [ -111.469875042498359, 56.585984809170718 ], [ -111.469544976325068, 56.585626687235226 ], [ -111.468246985478629, 56.585990948390538 ], [ -111.468577042590709, 56.586349073764097 ], [ -111.469228271602375, 56.586346618895178 ] ] ] } },
{ "type": "Feature", "properties": { "area_km2": 0.0072 }, "geometry": { "type": "Polygon", "coordinates": [ [ [ -111.296970826265806, 56.586338084832029 ], [ -111.296969417483368, 56.586158405480418 ], [ -111.297295036887149, 56.586157627681501 ], [ -111.297287985496226, 56.585259230871095 ], [ -111.296635354978022, 56.585081106175473 ], [ -111.29663676211824, 56.585260785563854 ], [ -111.296311150404861, 56.585261561631739 ], [ -111.296315367289409, 56.585800599781159 ], [ -111.295989750926068, 56.585801375012494 ], [ -111.295991155042145, 56.585981054390416 ], [ -111.296316772950078, 56.585980279153809 ], [ -111.29631817862699, 56.586159958521201 ], [ -111.296970826265806, 56.586338084832029 ] ] ] } },
{ "type": "Feature", "properties": { "area_km2": 0.0144 }, "geometry": { "type": "Polygon", "coordinates": [ [ [ -111.312914357966946, 56.584861537214586 ], [ -111.312912873634744, 56.584681858086306 ], [ -111.313238479862548, 56.584681038566572 ], [ -111.313234022335564, 56.584142001166889 ], [ -111.312581336410318, 56.58396396016586 ], [ -111.312578371023378, 56.583604601840413 ], [ -111.312252774027812, 56.583605419622252 ], [ -111.311924217874136, 56.583246878183196 ], [ -111.311273029974899, 56.583248509463381 ], [ -111.311274506448171, 56.583428188661379 ], [ -111.310948910928616, 56.583429003028613 ], [ -111.310953335817658, 56.583968040607687 ], [ -111.31127893597035, 56.583967226223891 ], [ -111.311280412511863, 56.584146905400885 ], [ -111.311933095502326, 56.584324953226059 ], [ -111.311936054848488, 56.58468431153166 ], [ -111.312261661127707, 56.58468349456885 ], [ -111.312263142370924, 56.584863173708229 ], [ -111.312914357966946, 56.584861537214586 ] ] ] } },
{ "type": "Feature", "properties": { "area_km2": 0.0056 }, "geometry": { "type": "Polygon", "coordinates": [ [ [ -111.363691699986035, 56.582926604756672 ], [ -111.363689974917364, 56.582746926512918 ], [ -111.364339422540212, 56.58256534259791 ], [ -111.364335966325683, 56.582205986109926 ], [ -111.364010383088299, 56.582206939356105 ], [ -111.364008656555171, 56.582027261097771 ], [ -111.363357493108936, 56.582029165020565 ], [ -111.363359216553675, 56.582208843291809 ], [ -111.363033633256492, 56.582209793981349 ], [ -111.363038799077572, 56.582748828782911 ], [ -111.363691699986035, 56.582926604756672 ] ] ] } },
{ "type": "Feature", "properties": { "area_km2": 0.0616 }, "geometry": { "type": "Polygon", "coordinates": [ [ [ -111.088900704849976, 56.588457622874607 ], [ -111.088900283083532, 56.588277941386039 ], [ -111.08955114146039, 56.58809779275132 ], [ -111.089549442103987, 56.587379066736531 ], [ -111.089223808216687, 56.587379300726859 ], [ -111.089222961657555, 56.587019937684929 ], [ -111.088897330854962, 56.587020170819677 ], [ -111.088896487404952, 56.58666080775366 ], [ -111.089222115117991, 56.586660574622073 ], [ -111.089220845345352, 56.586121529988574 ], [ -111.088569179024375, 56.585942313831765 ], [ -111.088567918578363, 56.585403269126061 ], [ -111.088242301668444, 56.585403500541858 ], [ -111.088241464484611, 56.585044137375441 ], [ -111.087915850659073, 56.585044367935758 ], [ -111.087914599553287, 56.584505323142238 ], [ -111.08824020874512, 56.584505092586618 ], [ -111.08823937160966, 56.584145729367918 ], [ -111.086936122409469, 56.583787283211919 ], [ -111.086934060592313, 56.582888874990289 ], [ -111.086608465281472, 56.582889102122721 ], [ -111.08660723288142, 56.582350057122376 ], [ -111.08595564380974, 56.582170827140928 ], [ -111.08595605151163, 56.582350508821229 ], [ -111.085630460819658, 56.582350733392268 ], [ -111.085632897863604, 56.583428823373417 ], [ -111.085958497821878, 56.58342859879324 ], [ -111.085959313296314, 56.583787962075419 ], [ -111.086284916338769, 56.583787736639891 ], [ -111.086287372142309, 56.584865826351766 ], [ -111.08693900915361, 56.585045054502608 ], [ -111.086941483691618, 56.586123143976437 ], [ -111.087267106799459, 56.586122915963891 ], [ -111.087269176769269, 56.587021323707248 ], [ -111.087594807596034, 56.587021094834554 ], [ -111.087922941077821, 56.588098954210274 ], [ -111.088248581164066, 56.588098723623375 ], [ -111.088248999835798, 56.58827840512032 ], [ -111.088900704849976, 56.588457622874607 ] ] ] } },
{ "type": "Feature", "properties": { "area_km2": 0.004 }, "geometry": { "type": "Polygon", "coordinates": [ [ [ -111.319726334912232, 56.581789604308646 ], [ -111.319724818443902, 56.581609925209015 ], [ -111.320374458107409, 56.581428570620226 ], [ -111.320045844121708, 56.581070050574134 ], [ -111.319394694148826, 56.581071724330933 ], [ -111.319396209020482, 56.581251403451994 ], [ -111.319070632463649, 56.581252239057783 ], [ -111.319073659171181, 56.581611597295471 ], [ -111.319726334912232, 56.581789604308646 ] ] ] } },
{ "type": "Feature", "properties": { "area_km2": 0.0064 }, "geometry": { "type": "Polygon", "coordinates": [ [ [ -111.522226282467003, 56.58056517982461 ], [ -111.522223805673789, 56.580385505358159 ], [ -111.522549366296161, 56.580384138016434 ], [ -111.522544409707834, 56.580024789086202 ], [ -111.522218852173197, 56.580026156409382 ], [ -111.521888344311478, 56.579668173891939 ], [ -111.521237235274484, 56.579670904240785 ], [ -111.521239707321769, 56.579850578756208 ], [ -111.520914151216601, 56.57985194266174 ], [ -111.520919092309171, 56.580211291695193 ], [ -111.522226282467003, 56.58056517982461 ] ] ] } },
{ "type": "Feature", "properties": { "area_km2": 0.0064 }, "geometry": { "type": "Polygon", "coordinates": [ [ [ -111.368554561940059, 56.58075609087264 ], [ -111.368876633495205, 56.580395769336931 ], [ -111.368551065980029, 56.580396734448613 ], [ -111.368222005653379, 56.580038342249985 ], [ -111.367570876698068, 56.580040268186444 ], [ -111.367572619995642, 56.580219946431214 ], [ -111.36692322810147, 56.580401547224703 ], [ -111.367252279325243, 56.580759942850086 ], [ -111.368554561940059, 56.58075609087264 ] ] ] } },
{ "type": "Feature", "properties": { "area_km2": 0.0048 }, "geometry": { "type": "Polygon", "coordinates": [ [ [ -111.566811895646467, 56.57929187559305 ], [ -111.566809207530838, 56.579112202419189 ], [ -111.567134754801359, 56.579110718400742 ], [ -111.567454919727922, 56.578749887206875 ], [ -111.56712937557586, 56.578751372057226 ], [ -111.567126686009729, 56.578571698877482 ], [ -111.566472914251989, 56.578394992796795 ], [ -111.566475600699732, 56.578574666001948 ], [ -111.566150057998172, 56.578576148286132 ], [ -111.56615811289663, 56.579115167899928 ], [ -111.566811895646467, 56.57929187559305 ] ] ] } },
{ "type": "Feature", "properties": { "area_km2": 0.0044 }, "geometry": { "type": "Polygon", "coordinates": [ [ [ -111.285853600245488, 56.580254916138564 ], [ -111.285852244513691, 56.580075236432585 ], [ -111.286502020573622, 56.579894058587115 ], [ -111.286499303012334, 56.57953469916923 ], [ -111.286173740220121, 56.579535448652265 ], [ -111.286172383006999, 56.57935576893037 ], [ -111.285846821743078, 56.579356517556185 ], [ -111.285848177412234, 56.579536197283147 ], [ -111.285522614588686, 56.579536945061896 ], [ -111.285525322885988, 56.579896304510243 ], [ -111.285199756958789, 56.579897051446977 ], [ -111.285201109586893, 56.58007673116834 ], [ -111.285853600245488, 56.580254916138564 ] ] ] } },
{ "type": "Feature", "properties": { "area_km2": 0.0092 }, "geometry": { "type": "Polygon", "coordinates": [ [ [ -111.525447014209618, 56.578036026259291 ], [ -111.52544452238061, 56.577856351811668 ], [ -111.525770061103273, 56.577854976079529 ], [ -111.52576258115819, 56.577315952732896 ], [ -111.525437047066319, 56.577317328437047 ], [ -111.52510653263387, 56.576959354327627 ], [ -111.524455470480504, 56.576962101438632 ], [ -111.524457957534921, 56.577141775940696 ], [ -111.524132424871567, 56.577143148227513 ], [ -111.523811860200226, 56.577503868687756 ], [ -111.524137395979452, 56.577502497234335 ], [ -111.52413988157646, 56.577682171729819 ], [ -111.524465418870577, 56.577680799415091 ], [ -111.524795933590639, 56.578038775186151 ], [ -111.525447014209618, 56.578036026259291 ] ] ] } },
{ "type": "Feature", "properties": { "area_km2": 0.0224 }, "geometry": { "type": "Polygon", "coordinates": [ [ [ -111.410527685187759, 56.578288748809101 ], [ -111.410525738311776, 56.578109071423413 ], [ -111.411176830756901, 56.57810692066932 ], [ -111.411174880815921, 56.57792724329294 ], [ -111.411825970083427, 56.577925089145189 ], [ -111.411824017077521, 56.577745411778167 ], [ -111.412149560133713, 56.5777443334335 ], [ -111.412143696620319, 56.577205301322714 ], [ -111.411490668375535, 56.577027779720673 ], [ -111.411486765699195, 56.576668424914018 ], [ -111.411161231859879, 56.576669501510743 ], [ -111.410831801586241, 56.576311222398509 ], [ -111.410182685076904, 56.576493048748389 ], [ -111.410188520534149, 56.577032081053801 ], [ -111.409862983517584, 56.577033154256995 ], [ -111.409864927171299, 56.577212831688875 ], [ -111.40921579057229, 56.577394652994862 ], [ -111.409219671817169, 56.577754007861344 ], [ -111.409545215053384, 56.577752936333141 ], [ -111.409547157253201, 56.577932613751216 ], [ -111.409872702010688, 56.577931541363689 ], [ -111.409874645776682, 56.578111218769223 ], [ -111.410527685187759, 56.578288748809101 ] ] ] } },
{ "type": "Feature", "properties": { "area_km2": 0.004 }, "geometry": { "type": "Polygon", "coordinates": [ [ [ -111.572300081415136, 56.576212089473309 ], [ -111.572620172751101, 56.575851244963168 ], [ -111.572294653795055, 56.575852743283491 ], [ -111.572291940032045, 56.575673070180621 ], [ -111.571638194467695, 56.575496391116651 ], [ -111.571640905112645, 56.575676064245151 ], [ -111.571315387605964, 56.575677559999498 ], [ -111.571320805903071, 56.576036906260846 ], [ -111.571646326496506, 56.576035410486199 ], [ -111.571649037235417, 56.576215083598754 ], [ -111.572300081415136, 56.576212089473309 ] ] ] } },
{ "type": "Feature", "properties": { "area_km2": 0.0072 }, "geometry": { "type": "Polygon", "coordinates": [ [ [ -111.563828476350025, 56.575711727214582 ], [ -111.563825802745754, 56.575532053844221 ], [ -111.564151319424425, 56.575530577694479 ], [ -111.564145969221869, 56.575171230957828 ], [ -111.563820455629866, 56.575172707087546 ], [ -111.56381778211825, 56.574993033701247 ], [ -111.563492270038694, 56.574994508969034 ], [ -111.563494942006997, 56.57517418236533 ], [ -111.562843914668647, 56.575177130365155 ], [ -111.56284124578697, 56.57499745694885 ], [ -111.562192887206976, 56.57518007495726 ], [ -111.562198218889435, 56.575539421813879 ], [ -111.562523735722365, 56.57553794992382 ], [ -111.562526403153157, 56.575717623334164 ], [ -111.563828476350025, 56.575711727214582 ] ] ] } },
{ "type": "Feature", "properties": { "area_km2": 0.0112 }, "geometry": { "type": "Polygon", "coordinates": [ [ [ -111.577822991800431, 56.575467810109856 ], [ -111.577820251863457, 56.575288137169892 ], [ -111.578145765653744, 56.575286624397343 ], [ -111.578137541402896, 56.574747605576363 ], [ -111.578463050531624, 56.574746091982682 ], [ -111.578132058727334, 56.574388259669135 ], [ -111.577481046547874, 56.574391284259733 ], [ -111.577483784783325, 56.574570957236517 ], [ -111.576832769390833, 56.574573978440036 ], [ -111.576835504571406, 56.574753651431998 ], [ -111.576187218091633, 56.574936342255505 ], [ -111.576192682437579, 56.575295688253789 ], [ -111.576518196385962, 56.575294179740858 ], [ -111.576520930149599, 56.575473852721807 ], [ -111.577822991800431, 56.575467810109856 ] ] ] } },
{ "type": "Feature", "properties": { "area_km2": 0.0084 }, "geometry": { "type": "Polygon", "coordinates": [ [ [ -111.483736336400824, 56.574970925245225 ], [ -111.483734042638133, 56.57479124955578 ], [ -111.484059557117547, 56.574789983038677 ], [ -111.484052671358512, 56.574250955964366 ], [ -111.484378181181384, 56.574249688621101 ], [ -111.48437358772135, 56.573890337228974 ], [ -111.484699094431122, 56.573889069050999 ], [ -111.484368994367458, 56.573530985815701 ], [ -111.484043490717667, 56.573532253124583 ], [ -111.484045785838106, 56.573711928842457 ], [ -111.483720280618556, 56.573713195308031 ], [ -111.483722574222256, 56.573892871029216 ], [ -111.483073851160768, 56.574075077154852 ], [ -111.483083013599853, 56.574793780034184 ], [ -111.483736336400824, 56.574970925245225 ] ] ] } },
{ "type": "Feature", "properties": { "area_km2": 0.0096 }, "geometry": { "type": "Polygon", "coordinates": [ [ [ -111.472653087504852, 56.573755748252857 ], [ -111.472650846398338, 56.573576072237778 ], [ -111.473299611339712, 56.573393920397699 ], [ -111.473292878993945, 56.572854892355316 ], [ -111.472967380625533, 56.57285613066594 ], [ -111.472965138105295, 56.572676454632848 ], [ -111.47198864747422, 56.572680164428263 ], [ -111.471990885364932, 56.572859840486529 ], [ -111.471665386892994, 56.572861075389625 ], [ -111.471674332541511, 56.573579779603293 ], [ -111.471999837186317, 56.573578544666702 ], [ -111.472002075206291, 56.573758220698544 ], [ -111.472653087504852, 56.573755748252857 ] ] ] } },
{ "type": "Feature", "properties": { "area_km2": 0.198 }, "geometry": { "type": "Polygon", "coordinates": [ [ [ -111.088879200975015, 56.579293860291514 ], [ -111.088878779457076, 56.579114178536301 ], [ -111.089204342306132, 56.579113945471136 ], [ -111.089202227069691, 56.578215536624512 ], [ -111.089527782194068, 56.57821530271513 ], [ -111.089527357617527, 56.578035620931693 ], [ -111.090178464763724, 56.578035150559714 ], [ -111.090178892428057, 56.578214832339953 ], [ -111.090504447537668, 56.578214595874179 ], [ -111.090505305969046, 56.578573959415749 ], [ -111.09083086416156, 56.578573722094625 ], [ -111.090831725700724, 56.578933085612071 ], [ -111.091157286976198, 56.578932847435581 ], [ -111.091157719297243, 56.579112529184854 ], [ -111.091808844921161, 56.57911205027218 ], [ -111.091808409512126, 56.578932368526154 ], [ -111.092459093535979, 56.578752204460173 ], [ -111.092458216567252, 56.578392840948545 ], [ -111.092783773185687, 56.578392598516238 ], [ -111.092782453138867, 56.577853553214517 ], [ -111.093108005120499, 56.577853309935037 ], [ -111.093107563571195, 56.577673628158983 ], [ -111.093433114003844, 56.577673384029048 ], [ -111.093432670915789, 56.577493702249427 ], [ -111.094083322507416, 56.577313529655029 ], [ -111.094081984026516, 56.576774484279099 ], [ -111.09440752672468, 56.576774237601192 ], [ -111.094080199457494, 56.576055757037942 ], [ -111.094405735980715, 56.576055510366743 ], [ -111.094403945319485, 56.575336783048627 ], [ -111.094729475662859, 56.575336535532081 ], [ -111.094729026466865, 56.575156853691169 ], [ -111.094403497667116, 56.575157101206031 ], [ -111.094076184478709, 56.574438620439487 ], [ -111.0934246962061, 56.574259429322034 ], [ -111.093421152422977, 56.572821974143785 ], [ -111.093095643668093, 56.572822218229028 ], [ -111.093095202261608, 56.57264253630656 ], [ -111.092769695045007, 56.572642779538192 ], [ -111.092443311199006, 56.572283658050665 ], [ -111.091466798763676, 56.572284380068254 ], [ -111.091467232443293, 56.57246406200936 ], [ -111.091141726744809, 56.572464300979647 ], [ -111.091142158886072, 56.572643982917164 ], [ -111.090816651639244, 56.572644221037123 ], [ -111.090817082242125, 56.57282390297101 ], [ -111.09049157344694, 56.572824140240627 ], [ -111.090492002511411, 56.573003822170897 ], [ -111.089841407802027, 56.573183976085723 ], [ -111.08984311178169, 56.573902703746413 ], [ -111.089517593711079, 56.573902938469729 ], [ -111.089518442643438, 56.574262302271883 ], [ -111.089192921480915, 56.574262536146378 ], [ -111.089194190285554, 56.574801581815144 ], [ -111.088868664487492, 56.574801814842388 ], [ -111.088873721621667, 56.576957997065826 ], [ -111.088548177294527, 56.576958229259944 ], [ -111.088549437056173, 56.577497274702871 ], [ -111.088223888092713, 56.57749750604961 ], [ -111.088227653744354, 56.579114642110177 ], [ -111.088879200975015, 56.579293860291514 ] ] ] } },
{ "type": "Feature", "properties": { "area_km2": 0.0056 }, "geometry": { "type": "Polygon", "coordinates": [ [ [ -111.176427341654346, 56.573091287370978 ], [ -111.176426505128859, 56.572911606071372 ], [ -111.176752013535079, 56.572911143884298 ], [ -111.176748661356413, 56.572192418646068 ], [ -111.176096821947098, 56.572013660814314 ], [ -111.176097656880984, 56.572193342143223 ], [ -111.175772154628774, 56.572193802613917 ], [ -111.175775488287442, 56.572912527889684 ], [ -111.176427341654346, 56.573091287370978 ] ] ] } },
{ "type": "Feature", "properties": { "area_km2": 0.0084 }, "geometry": { "type": "Polygon", "coordinates": [ [ [ -111.641869747081799, 56.570481902080118 ], [ -111.642508499986036, 56.569759856878477 ], [ -111.642183037560216, 56.569761537997422 ], [ -111.64185148931881, 56.569403876324884 ], [ -111.641200570462118, 56.56940723425862 ], [ -111.641203610249391, 56.569586905253928 ], [ -111.640878149225685, 56.569588582954616 ], [ -111.640890302555064, 56.57030726692804 ], [ -111.64121576974965, 56.570305589181849 ], [ -111.641218809712498, 56.570485260150491 ], [ -111.641869747081799, 56.570481902080118 ] ] ] } },
{ "type": "Feature", "properties": { "area_km2": 0.0076 }, "geometry": { "type": "Polygon", "coordinates": [ [ [ -111.18357376149315, 56.570026340774909 ], [ -111.18357289118434, 56.569846659456587 ], [ -111.183898373138803, 56.569846178582118 ], [ -111.183896629465252, 56.569486815936294 ], [ -111.184222108323553, 56.569486334216506 ], [ -111.184219488259771, 56.568947290218311 ], [ -111.183894014030457, 56.5689477719283 ], [ -111.183893142238986, 56.568768090581813 ], [ -111.183567669542569, 56.568768571436721 ], [ -111.183568539791068, 56.568948252786456 ], [ -111.182918458454751, 56.569128893298334 ], [ -111.182921927245246, 56.569847618649973 ], [ -111.18357376149315, 56.570026340774909 ] ] ] } },
{ "type": "Feature", "properties": { "area_km2": 0.2476 }, "geometry": { "type": "Polygon", "coordinates": [ [ [ -111.261722974199884, 56.574737867081708 ], [ -111.261721733172323, 56.574558186853409 ], [ -111.262047253866299, 56.574557501411597 ], [ -111.262039798741441, 56.573479419959547 ], [ -111.261714287308109, 56.573480105373456 ], [ -111.261710564569555, 56.572941064562684 ], [ -111.26138505775198, 56.572941749110711 ], [ -111.261054599815793, 56.572223711615223 ], [ -111.260729099142807, 56.572224394440859 ], [ -111.260727862945728, 56.572044714125227 ], [ -111.260402363801717, 56.572045396094325 ], [ -111.260401129162162, 56.571865715768809 ], [ -111.260075631547139, 56.571866396881383 ], [ -111.260074398465065, 56.571686716546004 ], [ -111.259748902379002, 56.571687396802062 ], [ -111.259747670854395, 56.571507716456836 ], [ -111.259422176297306, 56.571508395856384 ], [ -111.259094224892166, 56.571149713679425 ], [ -111.258768733393055, 56.571150391366004 ], [ -111.258769960259698, 56.571330071735524 ], [ -111.258118974132614, 56.57133142456221 ], [ -111.258120197927084, 56.571511104935674 ], [ -111.257469208657056, 56.571512454363983 ], [ -111.257467987948985, 56.571332773981368 ], [ -111.256815784101278, 56.571154439595993 ], [ -111.256809696274047, 56.570256037532417 ], [ -111.257135180142356, 56.570255364979914 ], [ -111.257132742023813, 56.569896004126882 ], [ -111.256807261241605, 56.569896676670261 ], [ -111.256798739071101, 56.568638913487554 ], [ -111.256473269075656, 56.56863958514721 ], [ -111.25647205322187, 56.568459904667002 ], [ -111.255495647780037, 56.568461914521507 ], [ -111.255494436568966, 56.568282234022426 ], [ -111.255168969603218, 56.568282902265807 ], [ -111.255167759949018, 56.568103221756949 ], [ -111.254842294512159, 56.568103889144027 ], [ -111.254841086414771, 56.567924208625392 ], [ -111.25451562250683, 56.567924875156159 ], [ -111.254514415966241, 56.567745194627769 ], [ -111.254188953587189, 56.567745860302239 ], [ -111.253861084326047, 56.567387164034386 ], [ -111.252884706320643, 56.567389153364893 ], [ -111.252883507535756, 56.567209472798254 ], [ -111.251256218297272, 56.567212771291551 ], [ -111.251257409368264, 56.567392451880565 ], [ -111.250606490490867, 56.567393765324503 ], [ -111.250607678490013, 56.567573445917176 ], [ -111.250282217487936, 56.567574101365956 ], [ -111.250289336513816, 56.568652184838541 ], [ -111.249963866240847, 56.568652839462196 ], [ -111.249968606360426, 56.569371561690126 ], [ -111.250294082805198, 56.569370907048722 ], [ -111.250298829315895, 56.570089629175015 ], [ -111.250624311919054, 56.570088973663999 ], [ -111.250626688342805, 56.570448334686773 ], [ -111.250952174018394, 56.57044767831502 ], [ -111.250953363793954, 56.570627358814093 ], [ -111.251604338190077, 56.570626043506081 ], [ -111.251605531065636, 56.570805723990979 ], [ -111.252581997185786, 56.570803744626552 ], [ -111.252583194704542, 56.570983425092791 ], [ -111.252908684926737, 56.570982763596433 ], [ -111.252909884002477, 56.571162444052945 ], [ -111.253235375753988, 56.571161781700205 ], [ -111.25323657638674, 56.571341462146975 ], [ -111.253562069667566, 56.571340798937868 ], [ -111.253563271857388, 56.571520479374904 ], [ -111.253888766667515, 56.571519815309394 ], [ -111.25388997041442, 56.571699495736681 ], [ -111.254215466753848, 56.571698830814768 ], [ -111.254216672057893, 56.57187851123232 ], [ -111.254542169926609, 56.57187784545399 ], [ -111.254870084604264, 56.572236539625031 ], [ -111.255521086444929, 56.572235203790754 ], [ -111.25552229796385, 56.572414884174464 ], [ -111.255847800406485, 56.57241421497492 ], [ -111.256175732088167, 56.572772905656954 ], [ -111.257478974829453, 56.572949897236064 ], [ -111.257480195664471, 56.573129577571464 ], [ -111.257805704196031, 56.573128903242107 ], [ -111.257806926588501, 56.573308583567695 ], [ -111.258132436649319, 56.5733079083818 ], [ -111.258133660599299, 56.573487588697581 ], [ -111.258459172189347, 56.573486912655163 ], [ -111.258787137881257, 56.573845596358233 ], [ -111.25943816716412, 56.573844239995218 ], [ -111.260094129487726, 56.574561601282625 ], [ -111.260745171004444, 56.574560238066908 ], [ -111.26074640740147, 56.57473991830912 ], [ -111.261722974199884, 56.574737867081708 ] ] ] } },
{ "type": "Feature", "properties": { "area_km2": 0.004 }, "geometry": { "type": "Polygon", "coordinates": [ [ [ -111.247355413037468, 56.567939323333484 ], [ -111.24767852897935, 56.567579314292601 ], [ -111.247353067854561, 56.567579962075484 ], [ -111.24735189528343, 56.567400281438637 ], [ -111.246699806606813, 56.567221893789451 ], [ -111.246700976078827, 56.567401574440332 ], [ -111.246375516456254, 56.567402219663535 ], [ -111.246377852355209, 56.567761580958305 ], [ -111.246703315063399, 56.567760935726355 ], [ -111.246704484575943, 56.567940616361497 ], [ -111.247355413037468, 56.567939323333484 ] ] ] } },
{ "type": "Feature", "properties": { "area_km2": 0.1636 }, "geometry": { "type": "Polygon", "coordinates": [ [ [ -111.278656717795627, 56.575599493939158 ], [ -111.278655396429784, 56.575419813986507 ], [ -111.278980924071263, 56.575419084216655 ], [ -111.278972986935656, 56.574341004420241 ], [ -111.278647468555292, 56.574341734160384 ], [ -111.2786461472963, 56.574162054170991 ], [ -111.278320630444128, 56.574162783054213 ], [ -111.278317991058799, 56.573803423049817 ], [ -111.277992477278246, 56.573804151071208 ], [ -111.277987204864075, 56.573085430979681 ], [ -111.27733487462551, 56.572907204381259 ], [ -111.277332244713463, 56.572547844273821 ], [ -111.277006741690741, 56.572548569704871 ], [ -111.277005428300782, 56.572368889638355 ], [ -111.276679926806167, 56.572369614212576 ], [ -111.276351804735015, 56.572010977766453 ], [ -111.275700807843094, 56.572012422635709 ], [ -111.275702115029716, 56.572192102732338 ], [ -111.274400114891804, 56.572194982267533 ], [ -111.274398813878165, 56.572015302151371 ], [ -111.274073315349327, 56.572016019900524 ], [ -111.274069417028201, 56.57147697950596 ], [ -111.273743923113983, 56.571477696388627 ], [ -111.273742625246811, 56.571298016241748 ], [ -111.273417132860757, 56.571298732267664 ], [ -111.27341454025769, 56.570939371948455 ], [ -111.272762268420465, 56.57076112124809 ], [ -111.272758388931621, 56.570222080685113 ], [ -111.273083872088918, 56.570221366392019 ], [ -111.273082577412794, 56.570041686198714 ], [ -111.273734838358621, 56.570219935250293 ], [ -111.273733540596396, 56.570040255066701 ], [ -111.274059022165716, 56.570039538222922 ], [ -111.2740564236002, 56.56968017784969 ], [ -111.27373094511691, 56.569680894683749 ], [ -111.273729647399662, 56.569501214484397 ], [ -111.273078693474176, 56.569502645587299 ], [ -111.272750630357265, 56.569143999417477 ], [ -111.27144873461107, 56.569146847955473 ], [ -111.271447447739419, 56.568967167706504 ], [ -111.271121975308603, 56.568967877706655 ], [ -111.271120689994717, 56.568788197447631 ], [ -111.270468465961244, 56.568609934609022 ], [ -111.270788800459741, 56.567890505193333 ], [ -111.270463337256558, 56.56789121346106 ], [ -111.270462055117406, 56.567711533160953 ], [ -111.270136593442217, 56.567712240572099 ], [ -111.270135312860688, 56.567532560261945 ], [ -111.269809852713536, 56.567533266816532 ], [ -111.269808573689573, 56.567353586496338 ], [ -111.269483115070429, 56.567354292194373 ], [ -111.269155104603982, 56.566995636365412 ], [ -111.268504193463016, 56.566997043483632 ], [ -111.268181280446441, 56.567357106468975 ], [ -111.267204904324203, 56.567359208231487 ], [ -111.267203637657175, 56.567179527867935 ], [ -111.266552723254705, 56.567180924774675 ], [ -111.266551459687818, 56.567001244396408 ], [ -111.266226004007436, 56.567001941567433 ], [ -111.266227266031564, 56.567181621950439 ], [ -111.265577610494731, 56.567362694133891 ], [ -111.265583905478692, 56.568261095991204 ], [ -111.265909371987874, 56.568260400490651 ], [ -111.265910632571178, 56.568440080841668 ], [ -111.266561568631573, 56.568438687275759 ], [ -111.266560304962525, 56.568259006934198 ], [ -111.267211237878783, 56.568257609970594 ], [ -111.267209971138598, 56.568077929633276 ], [ -111.26851183062395, 56.568075125503675 ], [ -111.268510557727041, 56.567895445180113 ], [ -111.269486947558192, 56.56789333315357 ], [ -111.269488225083634, 56.568073013462808 ], [ -111.270140435275579, 56.568251281471078 ], [ -111.270142996571778, 56.568610642044149 ], [ -111.269493335332953, 56.568791734647284 ], [ -111.269497168174922, 56.569330775480559 ], [ -111.269822643765707, 56.569330069729872 ], [ -111.26982392295217, 56.569509749992349 ], [ -111.270149400071162, 56.569509043385054 ], [ -111.270150680815433, 56.569688723637491 ], [ -111.270476159462632, 56.569688016173579 ], [ -111.270477441764697, 56.569867696415976 ], [ -111.270802921940103, 56.569866988095427 ], [ -111.270804205800033, 56.57004666832777 ], [ -111.271129687503617, 56.570045959150576 ], [ -111.271130972921441, 56.570225639372858 ], [ -111.271456456153231, 56.570224929338998 ], [ -111.271457743128963, 56.570404609551225 ], [ -111.272110002710889, 56.570582867115668 ], [ -111.272112582909131, 56.570942227494584 ], [ -111.27243807226867, 56.57094151488586 ], [ -111.27244065561284, 56.571300875234144 ], [ -111.272766148043758, 56.571300161763858 ], [ -111.272776494363242, 56.572737602908397 ], [ -111.273428800315884, 56.572915853444393 ], [ -111.273433986240889, 56.573634573830965 ], [ -111.273759498689614, 56.57363385774191 ], [ -111.273762094828825, 56.573993217894021 ], [ -111.274087610349383, 56.573992500943284 ], [ -111.274088909984926, 56.574172181006588 ], [ -111.274414427033918, 56.574171463199015 ], [ -111.27441572822795, 56.57435114325223 ], [ -111.274741246805348, 56.574350424587806 ], [ -111.274742549557885, 56.574530104630881 ], [ -111.275068069663732, 56.574529385109606 ], [ -111.275396201478742, 56.574888024787235 ], [ -111.276372770921498, 56.574885858526137 ], [ -111.276374081436842, 56.57506553852901 ], [ -111.277025130743397, 56.575064090085142 ], [ -111.27702644436097, 56.575243770072959 ], [ -111.277351970535051, 56.575243044568111 ], [ -111.277680130148909, 56.575601678151422 ], [ -111.278656717795627, 56.575599493939158 ] ] ] } },
{ "type": "Feature", "properties": { "area_km2": 0.0056 }, "geometry": { "type": "Polygon", "coordinates": [ [ [ -111.500879401248497, 56.566637559521794 ], [ -111.500877026949652, 56.566457884052127 ], [ -111.501202469024236, 56.566456572791537 ], [ -111.501523156385943, 56.56609590975966 ], [ -111.501197717423807, 56.566097221854136 ], [ -111.501195341664783, 56.565917546377491 ], [ -111.500219029241237, 56.565921477524299 ], [ -111.500221400372865, 56.566101153027589 ], [ -111.499895961301064, 56.566102461715431 ], [ -111.499900700561454, 56.566461812723915 ], [ -111.500226142718248, 56.566460504018316 ], [ -111.500228513932029, 56.566640179505747 ], [ -111.500879401248497, 56.566637559521794 ] ] ] } },
{ "type": "Feature", "properties": { "area_km2": 0.0316 }, "geometry": { "type": "Polygon", "coordinates": [ [ [ -111.274042132562911, 56.567703695421784 ], [ -111.274040833467751, 56.567524015169589 ], [ -111.274366293421224, 56.567523297542117 ], [ -111.274355888858324, 56.566085855374546 ], [ -111.274030441246623, 56.566086572963087 ], [ -111.274027843341401, 56.565727212358993 ], [ -111.273375658398621, 56.56554896464187 ], [ -111.27337177095373, 56.565009923651488 ], [ -111.273046332552653, 56.565010638655778 ], [ -111.273045038310158, 56.56483095831031 ], [ -111.272719601436663, 56.564831672458084 ], [ -111.272718308751635, 56.564651992102533 ], [ -111.2720661484598, 56.564473737462933 ], [ -111.2720674380449, 56.564653417833419 ], [ -111.271742002669171, 56.564654129421349 ], [ -111.271745866886235, 56.565193170515769 ], [ -111.272071306889572, 56.565192458913359 ], [ -111.272079044981098, 56.566270540931576 ], [ -111.272404494225228, 56.56626982844849 ], [ -111.272407076793613, 56.566629189069602 ], [ -111.272732529108197, 56.566628475725125 ], [ -111.273063159065558, 56.567346482669436 ], [ -111.273388617521206, 56.567345767602085 ], [ -111.2733899135158, 56.567525447869258 ], [ -111.274042132562911, 56.567703695421784 ] ] ] } },
{ "type": "Feature", "properties": { "area_km2": 0.0104 }, "geometry": { "type": "Polygon", "coordinates": [ [ [ -111.502164512846875, 56.56537458118428 ], [ -111.50216213257039, 56.56519490571317 ], [ -111.502487563737887, 56.565193591108326 ], [ -111.502475655056045, 56.564295213717976 ], [ -111.502150231600282, 56.564296528278248 ], [ -111.502143091348117, 56.563757501753784 ], [ -111.501489876663257, 56.56358045272956 ], [ -111.50149225360785, 56.563760128266132 ], [ -111.501166834696519, 56.563761440244924 ], [ -111.501173961068176, 56.564300466849517 ], [ -111.501499384606333, 56.564299154844022 ], [ -111.501511270152918, 56.565197532368003 ], [ -111.502164512846875, 56.56537458118428 ] ] ] } },
{ "type": "Feature", "properties": { "area_km2": 0.0276 }, "geometry": { "type": "Polygon", "coordinates": [ [ [ -111.309171365225524, 56.565105753461559 ], [ -111.30916989974628, 56.564926073694814 ], [ -111.310471646168381, 56.564922830424081 ], [ -111.310470174536022, 56.564743150674069 ], [ -111.310795609556592, 56.564742337732717 ], [ -111.310788243937552, 56.563843938931463 ], [ -111.311113671228853, 56.563843125166045 ], [ -111.311109247434445, 56.563304085838816 ], [ -111.310783824770297, 56.563304899587671 ], [ -111.310782351748585, 56.563125219795914 ], [ -111.310131509453939, 56.563126844727762 ], [ -111.310130039533888, 56.562947164919713 ], [ -111.309479200255993, 56.562948786434127 ], [ -111.309480667091393, 56.563128466253161 ], [ -111.309155245884696, 56.56312927573844 ], [ -111.309158176521606, 56.563488635371741 ], [ -111.308832752213277, 56.563489444016376 ], [ -111.308840071389668, 56.564387843035107 ], [ -111.308190668099172, 56.564569137623216 ], [ -111.308193589751909, 56.564928497205322 ], [ -111.308519026433601, 56.564927690220166 ], [ -111.30852048882781, 56.565107369997875 ], [ -111.309171365225524, 56.565105753461559 ] ] ] } },
{ "type": "Feature", "properties": { "area_km2": 0.0084 }, "geometry": { "type": "Polygon", "coordinates": [ [ [ -111.504416240950292, 56.563388931218128 ], [ -111.50441385018074, 56.563209255751318 ], [ -111.504739264190064, 56.563207935283586 ], [ -111.504734479649457, 56.562848584352004 ], [ -111.505059890546789, 56.562847263050642 ], [ -111.505052709316701, 56.562308236640419 ], [ -111.504727303045755, 56.562309557914908 ], [ -111.504724910899796, 56.562129882425296 ], [ -111.504074101359251, 56.562132522401768 ], [ -111.504076490421014, 56.562312197909286 ], [ -111.503751084067261, 56.562313516629189 ], [ -111.503763022079283, 56.563211894132081 ], [ -111.504416240950292, 56.563388931218128 ] ] ] } },
{ "type": "Feature", "properties": { "area_km2": 0.018 }, "geometry": { "type": "Polygon", "coordinates": [ [ [ -111.462756248590978, 56.563011891934742 ], [ -111.462754055303165, 56.562832215353588 ], [ -111.463079468075478, 56.562831003911505 ], [ -111.463070689008887, 56.562112297566998 ], [ -111.462745282405223, 56.562113508976232 ], [ -111.462743089244071, 56.561933832368666 ], [ -111.462092279044995, 56.561936252616071 ], [ -111.462090088993364, 56.561756575986827 ], [ -111.460788474460244, 56.561761406230488 ], [ -111.460790658343484, 56.561941082892488 ], [ -111.460465253104999, 56.561942288332752 ], [ -111.46046961786287, 56.562301641657257 ], [ -111.460795026185608, 56.562300436200637 ], [ -111.460801578137989, 56.562839466123251 ], [ -111.461126991062002, 56.562838259790546 ], [ -111.461129176638792, 56.563017936412685 ], [ -111.462756248590978, 56.563011891934742 ] ] ] } },
{ "type": "Feature", "properties": { "area_km2": 0.0524 }, "geometry": { "type": "Polygon", "coordinates": [ [ [ -111.241460427041133, 56.562201052786079 ], [ -111.241459282637095, 56.56202137191385 ], [ -111.241784696184268, 56.562020739595702 ], [ -111.241781258424751, 56.561481696960399 ], [ -111.242106667331996, 56.561481063803562 ], [ -111.242104372474117, 56.561121702029055 ], [ -111.241778966651253, 56.561122335177309 ], [ -111.24177782078435, 56.560942654277902 ], [ -111.241125869413935, 56.560764237097942 ], [ -111.241123583914785, 56.560404875255756 ], [ -111.241448983595532, 56.560404243827755 ], [ -111.241447839323655, 56.56022456290308 ], [ -111.242098635561305, 56.560223297501032 ], [ -111.24209978291735, 56.560402978417137 ], [ -111.242425182558421, 56.560402344434522 ], [ -111.242748281318995, 56.560042347780147 ], [ -111.24242288477538, 56.560042982605694 ], [ -111.242095193572638, 56.559684254721319 ], [ -111.241444406587334, 56.559685520097602 ], [ -111.241116727734081, 56.559326789603389 ], [ -111.239489775394205, 56.559329933842427 ], [ -111.239490910347968, 56.559509614818921 ], [ -111.239165518298591, 56.559510241116485 ], [ -111.239168918612421, 56.560049284027222 ], [ -111.238519255602128, 56.560230215061466 ], [ -111.238520385995159, 56.560409896024474 ], [ -111.238845785780981, 56.560409271408766 ], [ -111.238848049690446, 56.560768633310552 ], [ -111.239173452547448, 56.560768007834831 ], [ -111.239174586063939, 56.560947688773624 ], [ -111.238849181664776, 56.560948314253579 ], [ -111.238852577666236, 56.561487357051227 ], [ -111.239177986691928, 56.561486731558539 ], [ -111.239180253842733, 56.561846093388937 ], [ -111.239505665939816, 56.561845467036179 ], [ -111.239833351395987, 56.562204201624262 ], [ -111.241460427041133, 56.562201052786079 ] ] ] } },
{ "type": "Feature", "properties": { "area_km2": 0.0128 }, "geometry": { "type": "Polygon", "coordinates": [ [ [ -111.605884159959245, 56.559162507331081 ], [ -111.605881288741017, 56.558982834826331 ], [ -111.606206660886613, 56.558981248905432 ], [ -111.606200915466303, 56.558621903901496 ], [ -111.606526284495402, 56.558620317150734 ], [ -111.606523410293391, 56.55844064465154 ], [ -111.60717126791674, 56.558257796134448 ], [ -111.607168390697922, 56.558078123646141 ], [ -111.606843026360025, 56.55807971206734 ], [ -111.606511913817229, 56.557721954601533 ], [ -111.605861191141713, 56.557725127144124 ], [ -111.605864062127878, 56.557904799686128 ], [ -111.605216204172791, 56.55808764140297 ], [ -111.60522194014446, 56.558446986503327 ], [ -111.604896572524368, 56.558448569837864 ], [ -111.604905172105333, 56.558987587480686 ], [ -111.605230544350349, 56.558986004113954 ], [ -111.605233412485234, 56.559165676640198 ], [ -111.605884159959245, 56.559162507331081 ] ] ] } },
{ "type": "Feature", "properties": { "area_km2": 0.0548 }, "geometry": { "type": "Polygon", "coordinates": [ [ [ -111.468934671061007, 56.562629375907761 ], [ -111.469255633671196, 56.562268795436438 ], [ -111.468930226010059, 56.562270023033207 ], [ -111.468923558626159, 56.561730993681749 ], [ -111.468598155565687, 56.561732220402014 ], [ -111.468593713855554, 56.561372867457969 ], [ -111.468919113831916, 56.561371640754345 ], [ -111.468910224551394, 56.560652934836135 ], [ -111.469558786751094, 56.560470802464827 ], [ -111.469547660437101, 56.559572420004983 ], [ -111.469222275931685, 56.559573648328332 ], [ -111.469211157969269, 56.558675265694717 ], [ -111.469536534765581, 56.558674037413006 ], [ -111.469529859671027, 56.558135007794405 ], [ -111.469204487499965, 56.558136236051133 ], [ -111.469202264061551, 56.557956559492709 ], [ -111.468876893406531, 56.557957786889702 ], [ -111.468879115303238, 56.558137463456461 ], [ -111.468553743080832, 56.558138690010367 ], [ -111.468558183867714, 56.558498043144667 ], [ -111.468232808536186, 56.558499268863784 ], [ -111.468246122261377, 56.559577328189697 ], [ -111.46792073765333, 56.559578553107222 ], [ -111.467922955155345, 56.559758229651365 ], [ -111.467274397222511, 56.559940353504089 ], [ -111.467281040707448, 56.560479383138691 ], [ -111.466955648313046, 56.560480605543304 ], [ -111.466960074346929, 56.560839958623191 ], [ -111.466634678843022, 56.560841180192895 ], [ -111.466641313459462, 56.561380209797946 ], [ -111.466315913303944, 56.561381430540976 ], [ -111.466318123351797, 56.5615611070737 ], [ -111.465669526869291, 56.561743222565745 ], [ -111.465673940924177, 56.562102575637859 ], [ -111.465999347299075, 56.562101356564781 ], [ -111.466001555906885, 56.562281033084645 ], [ -111.466652371664381, 56.562278592367349 ], [ -111.466650159972318, 56.562098915864041 ], [ -111.467626378790555, 56.562095248426381 ], [ -111.467628595109019, 56.562274924904827 ], [ -111.468279410610805, 56.562272475672103 ], [ -111.468281630039158, 56.562452152128657 ], [ -111.468934671061007, 56.562629375907761 ] ] ] } },
{ "type": "Feature", "properties": { "area_km2": 0.0728 }, "geometry": { "type": "Polygon", "coordinates": [ [ [ -111.462393578018208, 56.559958599796069 ], [ -111.462391386702876, 56.559778923116909 ], [ -111.463692932882324, 56.559774076204242 ], [ -111.463690735424777, 56.559594399552665 ], [ -111.464341505278526, 56.559591971004004 ], [ -111.464339304762632, 56.559412294363618 ], [ -111.465315454727019, 56.559408645179445 ], [ -111.465313249610972, 56.559228968558514 ], [ -111.465961804868698, 56.559046854918655 ], [ -111.465957388596735, 56.558687501683401 ], [ -111.465632011518949, 56.558688720599413 ], [ -111.465623185448038, 56.55797001403247 ], [ -111.465297814511757, 56.557971232064013 ], [ -111.465295609599423, 56.557791555400804 ], [ -111.464970240179383, 56.557792772572704 ], [ -111.464968036834208, 56.557613095895952 ], [ -111.464642668930409, 56.557614312208202 ], [ -111.464312900553793, 56.55725617426674 ], [ -111.462686075943452, 56.557262238717826 ], [ -111.462365092892796, 56.557622802554867 ], [ -111.461063620314263, 56.557627635450849 ], [ -111.46106580515918, 56.557807312226181 ], [ -111.460417247421788, 56.557989400368555 ], [ -111.460760086273339, 56.55942560914373 ], [ -111.461085469898805, 56.559424402966428 ], [ -111.461087654996035, 56.559604079688931 ], [ -111.46141304013814, 56.559602872652 ], [ -111.461742801692751, 56.559961018160017 ], [ -111.462393578018208, 56.559958599796069 ] ] ] } },
{ "type": "Feature", "properties": { "area_km2": 0.0072 }, "geometry": { "type": "Polygon", "coordinates": [ [ [ -111.341653559213213, 56.55819277023258 ], [ -111.341975695897588, 56.557832516979282 ], [ -111.342626445251113, 56.557830725484862 ], [ -111.342624821643568, 56.557651046103565 ], [ -111.342950194750429, 56.557650149085276 ], [ -111.342948569619878, 56.557470469704811 ], [ -111.342623198054781, 56.557471366717024 ], [ -111.342621574484724, 56.557291687325204 ], [ -111.341970834381797, 56.557293478783201 ], [ -111.341969213913956, 56.557113799373987 ], [ -111.341320094203994, 56.557295266835517 ], [ -111.341324946469186, 56.557834305067985 ], [ -111.340999571726968, 56.557835197835175 ], [ -111.341001187644252, 56.558014877241533 ], [ -111.341653559213213, 56.55819277023258 ] ] ] } },
{ "type": "Feature", "properties": { "area_km2": 0.004 }, "geometry": { "type": "Polygon", "coordinates": [ [ [ -111.449007958441712, 56.556234277171242 ], [ -111.44900583086077, 56.556054600049642 ], [ -111.449331186090447, 56.556053424676193 ], [ -111.449326927919259, 56.555694070433105 ], [ -111.449001575772627, 56.555695245790602 ], [ -111.448999448265411, 56.555515568653156 ], [ -111.448348746981438, 56.55551791679823 ], [ -111.448027642092654, 56.555878443911126 ], [ -111.448352995854449, 56.555877271099689 ], [ -111.448355120327761, 56.556056948242485 ], [ -111.449007958441712, 56.556234277171242 ] ] ] } },
{ "type": "Feature", "properties": { "area_km2": 0.004 }, "geometry": { "type": "Polygon", "coordinates": [ [ [ -111.643547992046052, 56.554301407094584 ], [ -111.643544942912143, 56.554121735737041 ], [ -111.643870271014862, 56.554120051353472 ], [ -111.643864169770396, 56.553760708645207 ], [ -111.643210472207059, 56.553584405130472 ], [ -111.643213519694243, 56.553764076515442 ], [ -111.642888194603387, 56.553765759173757 ], [ -111.642568958392786, 56.554126783780426 ], [ -111.642894286601091, 56.554125101950511 ], [ -111.642897332652694, 56.554304773330884 ], [ -111.643547992046052, 56.554301407094584 ] ] ] } },
{ "type": "Feature", "properties": { "area_km2": 0.0104 }, "geometry": { "type": "Polygon", "coordinates": [ [ [ -111.505595694421842, 56.554220190473146 ], [ -111.505593298894809, 56.554040514772183 ], [ -111.505918634164757, 56.554039191355955 ], [ -111.505904252335952, 56.552961137092801 ], [ -111.50525120647093, 56.552784107219374 ], [ -111.505253600263188, 56.552963782966359 ], [ -111.504605338817385, 56.553146101194628 ], [ -111.504617292919065, 56.554044479913287 ], [ -111.504942628271934, 56.554043159050842 ], [ -111.504945020716406, 56.554222834769739 ], [ -111.505595694421842, 56.554220190473146 ] ] ] } }
]
}
