{
"type": "FeatureCollection",
"name": "normal_2025-07-05_water",
"crs": { "type": "name", "properties": { "name": "urn:ogc:def:crs:OGC:1.3:CRS84" } },
"features": [
{ "type": "Feature", "properties": { "area_km2": 0.0184 }, "geometry": { "type": "Polygon", "coordinates": [ [ [ -111.272633202755941, 56.869028034362906 ], [ -111.272627973661187, 56.868309348225047 ], [ -111.272299905696855, 56.868310063726504 ], [ -111.272298600034219, 56.868130392174109 ], [ -111.270986334317257, 56.868133245545394 ], [ -111.270985034961811, 56.86795357396835 ], [ -111.27032890515855, 56.867954995475309 ], [ -111.270330201367969, 56.868134667062044 ], [ -111.269675361436839, 56.86831575672386 ], [ -111.269679240762528, 56.868854771466083 ], [ -111.269351167942943, 56.868855479228422 ], [ -111.269352459508511, 56.869035150803548 ], [ -111.272633202755941, 56.869028034362906 ] ] ] } },
{ "type": "Feature", "properties": { "area_km2": 0.0296 }, "geometry": { "type": "Polygon", "coordinates": [ [ [ -111.267384012837454, 56.86903937931438 ], [ -111.267382730710466, 56.86885970771047 ], [ -111.268037591256274, 56.868678630062981 ], [ -111.267706952609316, 56.868319990288533 ], [ -111.267050816213796, 56.868321394584676 ], [ -111.267052096722978, 56.86850106620907 ], [ -111.266397234499735, 56.868682138697402 ], [ -111.266395957121759, 56.868502467068723 ], [ -111.266067887298846, 56.868503166206281 ], [ -111.266064059973203, 56.867964151274585 ], [ -111.265735994854509, 56.867964849536349 ], [ -111.265733446524266, 56.867605506212925 ], [ -111.265405384536706, 56.867606203603692 ], [ -111.265074780555182, 56.867247556769676 ], [ -111.264090603897088, 56.867249641160214 ], [ -111.26409187016047, 56.867429312858683 ], [ -111.263763809672, 56.867430005937287 ], [ -111.263768868580982, 56.868148692697815 ], [ -111.26409693536138, 56.868147999600311 ], [ -111.264099468050233, 56.868507342939793 ], [ -111.263771398123779, 56.868508036046748 ], [ -111.263775192548351, 56.869047051030968 ], [ -111.266071714758112, 56.869042181090961 ], [ -111.266070438923506, 56.868862509467967 ], [ -111.267384012837454, 56.86903937931438 ] ] ] } },
{ "type": "Feature", "properties": { "area_km2": 0.0156 }, "geometry": { "type": "Polygon", "coordinates": [ [ [ -111.259835803780291, 56.868695957854719 ], [ -111.259834557863599, 56.868516286131893 ], [ -111.260162627965457, 56.868515603363136 ], [ -111.260161380490203, 56.86833593163972 ], [ -111.260489449004496, 56.868335248014105 ], [ -111.260488199970737, 56.86815557629015 ], [ -111.260816266897464, 56.868154891807684 ], [ -111.260815016305216, 56.867975220083153 ], [ -111.261143081644391, 56.867974534743858 ], [ -111.261141829493724, 56.867794863018766 ], [ -111.261796701700291, 56.867613818044084 ], [ -111.261466132161843, 56.867255161630105 ], [ -111.260481955019912, 56.86725721759197 ], [ -111.260156390734352, 56.867617244693889 ], [ -111.259172203980469, 56.867619290345914 ], [ -111.25917344667873, 56.867798962104146 ], [ -111.258845382825513, 56.867799642269816 ], [ -111.258850347471096, 56.868518329269065 ], [ -111.259178417616397, 56.868517649084858 ], [ -111.259179660386977, 56.868697320816977 ], [ -111.259835803780291, 56.868695957854719 ] ] ] } },
{ "type": "Feature", "properties": { "area_km2": 0.0532 }, "geometry": { "type": "Polygon", "coordinates": [ [ [ -111.253932946415631, 56.86906744405109 ], [ -111.253931728785815, 56.868887772255967 ], [ -111.254259802291998, 56.868887104985426 ], [ -111.254258583103251, 56.868707433189634 ], [ -111.254913504606179, 56.868526424281185 ], [ -111.254911060007473, 56.868167080681701 ], [ -111.255239127178797, 56.868166410844829 ], [ -111.255237903327753, 56.867986739041832 ], [ -111.255565968911839, 56.867986068348031 ], [ -111.255891580530346, 56.867626053189333 ], [ -111.256547705335166, 56.867624707512554 ], [ -111.256548935449629, 56.867804379307685 ], [ -111.257533127268417, 56.867802354317561 ], [ -111.257531892435011, 56.867622682536222 ], [ -111.257859954772925, 56.86762200582114 ], [ -111.257857482003359, 56.867262662252031 ], [ -111.257529422811345, 56.867263338957883 ], [ -111.25752818802107, 56.867083667160891 ], [ -111.257200130387616, 56.86708434300067 ], [ -111.256869609493933, 56.866725674350917 ], [ -111.256213500446918, 56.866727021704776 ], [ -111.256212271991217, 56.866547349873741 ], [ -111.255228113032146, 56.866549364429865 ], [ -111.255229336769261, 56.86672903627462 ], [ -111.254574448185167, 56.866910046862564 ], [ -111.25457811008711, 56.86744906237724 ], [ -111.254250049179319, 56.867449730472892 ], [ -111.253924423304426, 56.867809741375609 ], [ -111.253267080741395, 56.867631401436917 ], [ -111.253264652014423, 56.867272057739775 ], [ -111.25293659262293, 56.867272722384968 ], [ -111.252935379853554, 56.867093050524034 ], [ -111.251951206313237, 56.867095039277203 ], [ -111.251952414363828, 56.867274711151673 ], [ -111.25162435491599, 56.86727537235096 ], [ -111.251625561407707, 56.867455044224712 ], [ -111.250970642683882, 56.867636035925358 ], [ -111.250973049445534, 56.867995379664777 ], [ -111.251301115213309, 56.867994720170479 ], [ -111.251302320188159, 56.868174392027846 ], [ -111.251958454827673, 56.868173070445742 ], [ -111.251959662962619, 56.868352742288899 ], [ -111.252287731834329, 56.86835208020107 ], [ -111.252288941556387, 56.8685317520345 ], [ -111.25261701198707, 56.868531089080655 ], [ -111.252618223296267, 56.868710760904328 ], [ -111.252946295285938, 56.868710097084438 ], [ -111.253276796214564, 56.869068776016633 ], [ -111.253932946415631, 56.86906744405109 ] ] ] } },
{ "type": "Feature", "properties": { "area_km2": 0.0252 }, "geometry": { "type": "Polygon", "coordinates": [ [ [ -111.272622744809809, 56.8675906620036 ], [ -111.27262143763501, 56.867410990435197 ], [ -111.273276247482713, 56.867229885332719 ], [ -111.273271006413339, 56.866511199024998 ], [ -111.27294295420883, 56.866511916200608 ], [ -111.272941645552436, 56.866332244605729 ], [ -111.272285544243417, 56.866333676362856 ], [ -111.272284238747886, 56.866154004752993 ], [ -111.271628140523745, 56.866155433054608 ], [ -111.271626838189022, 56.865975761429816 ], [ -111.270970743049858, 56.86597718627597 ], [ -111.270969443875842, 56.865797514636242 ], [ -111.270312055808418, 56.865619264372349 ], [ -111.270313351821798, 56.865798936026991 ], [ -111.269658552590286, 56.865980025631103 ], [ -111.26966113840119, 56.866339368933602 ], [ -111.269989189184315, 56.866338660377302 ], [ -111.269990483685163, 56.866518332015893 ], [ -111.270318536026068, 56.866517622593328 ], [ -111.270319832114836, 56.866697294221851 ], [ -111.270647886013521, 56.866696583932992 ], [ -111.270649183690253, 56.86687625555146 ], [ -111.270977239146703, 56.866875544396301 ], [ -111.270978538411427, 56.867055216004701 ], [ -111.271306595425642, 56.86705450398324 ], [ -111.271307896278401, 56.867234175581565 ], [ -111.27163595485041, 56.867233462693761 ], [ -111.27196662144992, 56.867592092106051 ], [ -111.272622744809809, 56.8675906620036 ] ] ] } },
{ "type": "Feature", "properties": { "area_km2": 0.0128 }, "geometry": { "type": "Polygon", "coordinates": [ [ [ -111.227343557807302, 56.866603221676989 ], [ -111.227342467777405, 56.866423549460087 ], [ -111.227670520350173, 56.866422952030703 ], [ -111.227668337182763, 56.86606360758941 ], [ -111.22734028775568, 56.866064205010666 ], [ -111.22733919776384, 56.865884532778111 ], [ -111.226683102017262, 56.865885725028164 ], [ -111.226682015183698, 56.865706052782279 ], [ -111.226025922532116, 56.865707241578477 ], [ -111.226024838856745, 56.865527569319269 ], [ -111.225696794084826, 56.865528162421199 ], [ -111.225694629917399, 56.865168817879052 ], [ -111.225037467707409, 56.864990329195543 ], [ -111.225038546626777, 56.86517000148249 ], [ -111.22471050496263, 56.865170591992083 ], [ -111.224711582321817, 56.865350264277843 ], [ -111.225039625558708, 56.865349673764229 ], [ -111.225042862429817, 56.865888690578139 ], [ -111.22537091037249, 56.865888099191011 ], [ -111.225701122570726, 56.866246851442853 ], [ -111.226357224684421, 56.86624566434525 ], [ -111.226687449477993, 56.866604413959529 ], [ -111.227343557807302, 56.866603221676989 ] ] ] } },
{ "type": "Feature", "properties": { "area_km2": 0.2992 }, "geometry": { "type": "Polygon", "coordinates": [ [ [ -111.247043366505594, 56.869081257812901 ], [ -111.247039812763347, 56.868542242129557 ], [ -111.246382490007477, 56.868363865970373 ], [ -111.24637303924581, 56.866926490472736 ], [ -111.247027967851778, 56.866745522845775 ], [ -111.247024414647058, 56.866206506958882 ], [ -111.246696364427862, 56.866207155209487 ], [ -111.246695181626663, 56.86602748323233 ], [ -111.245711035604998, 56.866029422802285 ], [ -111.245712213687739, 56.866209094792659 ], [ -111.24538416341359, 56.866209739597494 ], [ -111.245385339937187, 56.866389411587043 ], [ -111.246042623300454, 56.86656779308268 ], [ -111.246044982707645, 56.866927137018081 ], [ -111.245716926155751, 56.866927782701957 ], [ -111.245718104307016, 56.867107454666233 ], [ -111.245063163035425, 56.867288415426188 ], [ -111.245061988016289, 56.867108743458353 ], [ -111.244404699811241, 56.866930356822792 ], [ -111.244400012509075, 56.866211668843341 ], [ -111.244071962180271, 56.866212310202407 ], [ -111.243741574559834, 56.865853606661524 ], [ -111.242757432887942, 56.865855522959599 ], [ -111.242756268987677, 56.865675850919473 ], [ -111.241444086193439, 56.865678393906194 ], [ -111.241445243802559, 56.86585806596365 ], [ -111.239476959770769, 56.865861854626722 ], [ -111.239146619199374, 56.865503138875226 ], [ -111.236194220441703, 56.865508755893643 ], [ -111.236195352873054, 56.865688428024683 ], [ -111.23553926096929, 56.865689666783794 ], [ -111.235540390268241, 56.865869338918046 ], [ -111.235212342723855, 56.865869957009672 ], [ -111.23521121499769, 56.865690284871192 ], [ -111.234555123015141, 56.865691518461738 ], [ -111.234553998447623, 56.865511846309651 ], [ -111.233569865094026, 56.86551369022218 ], [ -111.23356874525787, 56.865334018052309 ], [ -111.233240702353328, 56.865334630962813 ], [ -111.233239584102947, 56.865154958783535 ], [ -111.232583501400342, 56.86515618201193 ], [ -111.232582386308394, 56.864976509819115 ], [ -111.231926306699322, 56.864977729593562 ], [ -111.23192741864581, 56.865157401794676 ], [ -111.23159937724914, 56.865158010393927 ], [ -111.231601598035468, 56.865517354788814 ], [ -111.232258800664965, 56.865695808893612 ], [ -111.232261027820016, 56.86605515324058 ], [ -111.231606039763179, 56.866236043515954 ], [ -111.231610481697629, 56.866954732159613 ], [ -111.231282424559851, 56.866955339938869 ], [ -111.231284642458746, 56.867314684237677 ], [ -111.230956582162193, 56.86731529116372 ], [ -111.230962119270288, 56.868213651840108 ], [ -111.23063405109589, 56.86821425792531 ], [ -111.230636262883223, 56.868573602167608 ], [ -111.230964334203748, 56.868572996074136 ], [ -111.230965441689804, 56.868752668183319 ], [ -111.231949660293211, 56.868750844721355 ], [ -111.231948548087914, 56.868571172624598 ], [ -111.232604690612661, 56.868569952683956 ], [ -111.232603575274169, 56.868390280590276 ], [ -111.233259714600877, 56.868389057211878 ], [ -111.233258596129261, 56.868209385121325 ], [ -111.233586664200061, 56.868208772144015 ], [ -111.233587784244719, 56.868388444230398 ], [ -111.234243923493281, 56.868387215682894 ], [ -111.234245046697112, 56.868566887755698 ], [ -111.234573117874859, 56.868566272185475 ], [ -111.234571993097973, 56.868386600116878 ], [ -111.235228132268062, 56.868385366400261 ], [ -111.235227004358165, 56.868205694334861 ], [ -111.235555072350493, 56.868205076188488 ], [ -111.23554942513293, 56.867306715804219 ], [ -111.236859394132381, 56.866944890531748 ], [ -111.236860529814976, 56.867124562612567 ], [ -111.237516646778829, 56.867123316894144 ], [ -111.237517785620511, 56.867302988961256 ], [ -111.237845845655499, 56.867302364805582 ], [ -111.237848126524568, 56.867661708915662 ], [ -111.237520063343652, 56.867662333079849 ], [ -111.237521202225111, 56.867842005131315 ], [ -111.23686620842625, 56.868022922938415 ], [ -111.236870751553155, 56.868741611105158 ], [ -111.237198824198771, 56.868740988638521 ], [ -111.23719996158664, 56.86892066066293 ], [ -111.238184184163288, 56.868918788081089 ], [ -111.238185326283741, 56.8690984600875 ], [ -111.247043366505594, 56.869081257812901 ] ], [ [ -111.233253003966411, 56.867311024590279 ], [ -111.232595768268055, 56.867132575788474 ], [ -111.232921593324775, 56.866772620291464 ], [ -111.233578824252348, 56.866951067393259 ], [ -111.233253003966411, 56.867311024590279 ] ], [ [ -111.233574344568936, 56.86623237884946 ], [ -111.23291712627632, 56.866053931693408 ], [ -111.233242938893156, 56.865693975305661 ], [ -111.233900152415231, 56.865872420761811 ], [ -111.233574344568936, 56.86623237884946 ] ] ] } },
{ "type": "Feature", "properties": { "area_km2": 0.0164 }, "geometry": { "type": "Polygon", "coordinates": [ [ [ -111.255214652863657, 56.864572973792818 ], [ -111.255213429297413, 56.864393301885393 ], [ -111.257837701918348, 56.86438791294723 ], [ -111.258163260534488, 56.864027891705895 ], [ -111.25783522966664, 56.864028569190147 ], [ -111.257833993562357, 56.863848897303782 ], [ -111.256193846870701, 56.863852271781539 ], [ -111.256192618643666, 56.863672599866945 ], [ -111.254552479457615, 56.863675952787737 ], [ -111.25455369982177, 56.863855624725169 ], [ -111.254225670369323, 56.863856292729807 ], [ -111.254229326829147, 56.864395308524394 ], [ -111.254557360999456, 56.864394640506106 ], [ -111.254558581420397, 56.864574312422654 ], [ -111.255214652863657, 56.864572973792818 ] ] ] } },
{ "type": "Feature", "properties": { "area_km2": 0.0428 }, "geometry": { "type": "Polygon", "coordinates": [ [ [ -111.247665078366481, 56.863869471935558 ], [ -111.247663891026448, 56.863689799903796 ], [ -111.248318756861323, 56.863508825468607 ], [ -111.248313995114486, 56.862790137303996 ], [ -111.247985974830925, 56.862790788916037 ], [ -111.247655580033054, 56.862432095535389 ], [ -111.246999545686677, 56.862433394435101 ], [ -111.246998361602039, 56.86225372235274 ], [ -111.245686299033849, 56.862256309798717 ], [ -111.245687476828749, 56.862435981898713 ], [ -111.245359459579973, 56.862436626611313 ], [ -111.245360635816127, 56.862616298710464 ], [ -111.244704598132614, 56.862617585560479 ], [ -111.244705771237506, 56.862797257663168 ], [ -111.243392522601937, 56.862620148924556 ], [ -111.243393689416948, 56.86279982104471 ], [ -111.242737648425134, 56.862801097567491 ], [ -111.24273881210874, 56.862980769691141 ], [ -111.242410790020031, 56.862981406664872 ], [ -111.243071495343884, 56.863698820281073 ], [ -111.243399523695643, 56.863698181567258 ], [ -111.243398356812762, 56.863518509473202 ], [ -111.244382437068822, 56.86351658817668 ], [ -111.244383608669409, 56.863696260257655 ], [ -111.246679806463561, 56.863691747054254 ], [ -111.246680989085846, 56.863871419099283 ], [ -111.247665078366481, 56.863869471935558 ] ] ] } },
{ "type": "Feature", "properties": { "area_km2": 0.0084 }, "geometry": { "type": "Polygon", "coordinates": [ [ [ -111.301789783628507, 56.86375043944458 ], [ -111.301788336816031, 56.863570768223695 ], [ -111.302442938118475, 56.863389510354381 ], [ -111.302440038287699, 56.8630301679081 ], [ -111.302768059166453, 56.863029373305295 ], [ -111.302766607703902, 56.862849702079735 ], [ -111.303094626993314, 56.862848906621018 ], [ -111.303093173975213, 56.862669235395636 ], [ -111.303747753212335, 56.862487970685365 ], [ -111.303416828005155, 56.862129425389803 ], [ -111.303088815022335, 56.862130221688133 ], [ -111.303090267989717, 56.862309892929211 ], [ -111.302762253417612, 56.862310688371657 ], [ -111.302763704829488, 56.862490359612913 ], [ -111.302109120773693, 56.86267161917155 ], [ -111.302112017392076, 56.863030961649564 ], [ -111.301783996479585, 56.8630317545297 ], [ -111.30178544324157, 56.863211425766259 ], [ -111.30113084185497, 56.863392680195453 ], [ -111.301132285505574, 56.863572351432353 ], [ -111.301789783628507, 56.86375043944458 ] ] ] } },
{ "type": "Feature", "properties": { "area_km2": 0.0056 }, "geometry": { "type": "Polygon", "coordinates": [ [ [ -111.254874397852888, 56.862776924183656 ], [ -111.254873176001453, 56.86259725221948 ], [ -111.255201194417864, 56.862596582524048 ], [ -111.255198747612766, 56.862237238589124 ], [ -111.254870732341246, 56.862237908275432 ], [ -111.254869510532458, 56.862058236295582 ], [ -111.254213483091604, 56.862059573075136 ], [ -111.254214701755572, 56.862239245064089 ], [ -111.253886686441447, 56.862239912166459 ], [ -111.253561102193885, 56.862599922387943 ], [ -111.25388912066704, 56.862599256137813 ], [ -111.253890337801067, 56.862778928115645 ], [ -111.254874397852888, 56.862776924183656 ] ] ] } },
{ "type": "Feature", "properties": { "area_km2": 0.004 }, "geometry": { "type": "Polygon", "coordinates": [ [ [ -111.266025794064078, 56.862573999372621 ], [ -111.266351258255668, 56.86221395677449 ], [ -111.266023243478358, 56.862214655745369 ], [ -111.266021968207752, 56.86203498392392 ], [ -111.265364669642452, 56.861856707436047 ], [ -111.265365941753458, 56.86203637927224 ], [ -111.265037928504086, 56.862037075654442 ], [ -111.26504046962566, 56.862396419320632 ], [ -111.265368486019852, 56.862395722928937 ], [ -111.265369758175254, 56.862575394749456 ], [ -111.266025794064078, 56.862573999372621 ] ] ] } },
{ "type": "Feature", "properties": { "area_km2": 0.0124 }, "geometry": { "type": "Polygon", "coordinates": [ [ [ -111.227320669842911, 56.862830104026607 ], [ -111.227319580079339, 56.862650431700153 ], [ -111.227974526264362, 56.862469563827439 ], [ -111.227973433381251, 56.862289891498691 ], [ -111.227645416992075, 56.862290489695795 ], [ -111.227643234408845, 56.861931145014495 ], [ -111.227315221151827, 56.861931742342144 ], [ -111.227314131451649, 56.861752069989599 ], [ -111.226002084586497, 56.861754450670908 ], [ -111.226003167997121, 56.861934123039674 ], [ -111.225675154676878, 56.861934716060787 ], [ -111.225678400267057, 56.862473733147894 ], [ -111.226006418304578, 56.862473140114659 ], [ -111.226336606409134, 56.862831890902569 ], [ -111.227320669842911, 56.862830104026607 ] ] ] } },
{ "type": "Feature", "properties": { "area_km2": 0.0068 }, "geometry": { "type": "Polygon", "coordinates": [ [ [ -111.36507769754995, 56.861425409194773 ], [ -111.365402199042606, 56.861065109874851 ], [ -111.365074197444656, 56.861066068924394 ], [ -111.365070697420805, 56.860706728633048 ], [ -111.364742698946927, 56.86070768680829 ], [ -111.364740950537737, 56.860528016648239 ], [ -111.364083211428849, 56.86035026022364 ], [ -111.364084956673352, 56.86052993040196 ], [ -111.363756959710699, 56.860530885986975 ], [ -111.363760447116235, 56.860890226340935 ], [ -111.364088447223295, 56.860889270742902 ], [ -111.36409193785444, 56.861248611062898 ], [ -111.364419941085671, 56.861247654590592 ], [ -111.364421688003972, 56.861427324736212 ], [ -111.36507769754995, 56.861425409194773 ] ] ] } },
{ "type": "Feature", "properties": { "area_km2": 0.012 }, "geometry": { "type": "Polygon", "coordinates": [ [ [ -111.276839760458856, 56.861113104889512 ], [ -111.276838433391745, 56.860933433196934 ], [ -111.277166436662782, 56.860932705837563 ], [ -111.277165108038844, 56.860753034144714 ], [ -111.276837106340082, 56.860753761499126 ], [ -111.276835779303866, 56.860574089796117 ], [ -111.277163779430367, 56.860573362446644 ], [ -111.277161122259798, 56.860214019034828 ], [ -111.276833125277719, 56.860214746374382 ], [ -111.276831798287816, 56.860035074655691 ], [ -111.276174483591632, 56.859856855007358 ], [ -111.276171835977593, 56.859497511524047 ], [ -111.275514533843193, 56.859319288375637 ], [ -111.27551585448289, 56.859498960134992 ], [ -111.275187863712461, 56.859499683148634 ], [ -111.275190501893618, 56.859859026661518 ], [ -111.275518495808328, 56.859858303638021 ], [ -111.275522457911734, 56.860397318853401 ], [ -111.275850456527664, 56.860396594953876 ], [ -111.275853101151242, 56.860755938394824 ], [ -111.27618110289626, 56.860755213624181 ], [ -111.276182426803388, 56.860934885331879 ], [ -111.276839760458856, 56.861113104889512 ] ] ] } },
{ "type": "Feature", "properties": { "area_km2": 0.0088 }, "geometry": { "type": "Polygon", "coordinates": [ [ [ -111.436176858813326, 56.854549367391684 ], [ -111.436174768477755, 56.854369698619855 ], [ -111.436830648776024, 56.85436740644441 ], [ -111.437154398861537, 56.854006921552617 ], [ -111.436826461891883, 56.854008068916229 ], [ -111.43682436848637, 56.853828400144259 ], [ -111.436496433063823, 56.853829546639062 ], [ -111.436494341254075, 56.853649877854025 ], [ -111.436166407378622, 56.853651023480026 ], [ -111.436164317164625, 56.853471354681929 ], [ -111.435506365436751, 56.853293974516454 ], [ -111.435508452483646, 56.853473643335384 ], [ -111.435180520106726, 56.853474786370626 ], [ -111.435184691130473, 56.853834124008323 ], [ -111.435512626650251, 56.853832980957492 ], [ -111.435518888082242, 56.854371987351257 ], [ -111.436176858813326, 56.854549367391684 ] ] ] } },
{ "type": "Feature", "properties": { "area_km2": 0.0452 }, "geometry": { "type": "Polygon", "coordinates": [ [ [ -111.232849029540844, 56.855093920228036 ], [ -111.232847913603479, 56.854914247747146 ], [ -111.2335038170487, 56.854913023271465 ], [ -111.233502697980953, 56.854733350793722 ], [ -111.234157476032706, 56.854552450407468 ], [ -111.234147376837839, 56.852935397901092 ], [ -111.233819442435205, 56.8529360122456 ], [ -111.233818321939182, 56.852756339714617 ], [ -111.232506590484377, 56.852758788465835 ], [ -111.232507704694513, 56.852938461013494 ], [ -111.231523901252828, 56.852940288548794 ], [ -111.231525010761445, 56.853119961103694 ], [ -111.23119707468355, 56.853120568564236 ], [ -111.231198182633563, 56.853300241118049 ], [ -111.230543412115949, 56.853481126021187 ], [ -111.230548936407899, 56.854379488727169 ], [ -111.230876883512508, 56.854378882959786 ], [ -111.23087798998111, 56.854558555481205 ], [ -111.231205938644493, 56.854557948848615 ], [ -111.231207046697605, 56.854737621360691 ], [ -111.231534996919763, 56.854737013862909 ], [ -111.231865169560649, 56.855095750495963 ], [ -111.232849029540844, 56.855093920228036 ] ] ] } },
{ "type": "Feature", "properties": { "area_km2": 5.2512 }, "geometry": { "type": "Polygon", "coordinates": [ [ [ -111.366789813561283, 56.868787074852044 ], [ -111.366786296055835, 56.868427735076708 ], [ -111.366458230062563, 56.868428697840116 ], [ -111.366449444521734, 56.867530348277292 ], [ -111.366121386372711, 56.86753131014644 ], [ -111.366112609207264, 56.866632960419885 ], [ -111.36578455890205, 56.866633921394858 ], [ -111.365782805103024, 56.866454251427285 ], [ -111.365454756350204, 56.866455211534266 ], [ -111.365453004144356, 56.86627554155492 ], [ -111.364795160683158, 56.866097789173885 ], [ -111.364788164726917, 56.865379109130885 ], [ -111.364460125349339, 56.865380066614463 ], [ -111.364458377983823, 56.865200396584086 ], [ -111.363800558113155, 56.86502263890538 ], [ -111.363798813933556, 56.864842968851498 ], [ -111.36412684863383, 56.864842013110241 ], [ -111.364451388725058, 56.864481716410225 ], [ -111.364123357190309, 56.864482672999813 ], [ -111.364121611499016, 56.864303002936737 ], [ -111.363793581516532, 56.864303958658454 ], [ -111.363791837418106, 56.864124288583625 ], [ -111.363463808987873, 56.864125243437478 ], [ -111.363462066482271, 56.863945573350904 ], [ -111.362804273365811, 56.863767810356784 ], [ -111.362800794745965, 56.863408470131468 ], [ -111.362472772545019, 56.863409422375312 ], [ -111.362469297151023, 56.863050082116068 ], [ -111.362141278074773, 56.86305103348564 ], [ -111.362137805906514, 56.862691693192481 ], [ -111.361809789954904, 56.86269264368778 ], [ -111.361474842467871, 56.861974912620816 ], [ -111.361146832765385, 56.861975861367654 ], [ -111.361145101509294, 56.861796191172878 ], [ -111.360487357097213, 56.861618415856839 ], [ -111.360480444932918, 56.860899734952703 ], [ -111.360152444603713, 56.86090068107702 ], [ -111.360148991786602, 56.860541340580632 ], [ -111.35982099458171, 56.860542285830832 ], [ -111.359817544989269, 56.860182945300608 ], [ -111.359489550908663, 56.860183889676698 ], [ -111.359486104540736, 56.859824549112673 ], [ -111.359158113584343, 56.859825492614682 ], [ -111.35915294889908, 56.859286481710051 ], [ -111.358824962638892, 56.859287424331605 ], [ -111.358821522759612, 56.858928083689484 ], [ -111.358163839701788, 56.858750295981608 ], [ -111.358158689524799, 56.858211284924963 ], [ -111.357501022186753, 56.858033493687401 ], [ -111.35749416821875, 56.857314812133076 ], [ -111.357166199150257, 56.857315750378334 ], [ -111.357164487279931, 56.857136079970275 ], [ -111.356836519763377, 56.857137017348023 ], [ -111.356834809484795, 56.856957346928333 ], [ -111.356506843520165, 56.856958283438573 ], [ -111.356505134833313, 56.856778613007265 ], [ -111.356177170420608, 56.856779548650024 ], [ -111.356175463325414, 56.856599878207106 ], [ -111.355847500464662, 56.856600812982379 ], [ -111.355845794961112, 56.85642114252785 ], [ -111.355188169983464, 56.856243339009893 ], [ -111.355179658579516, 56.855344986568937 ], [ -111.35485170666135, 56.855345918716445 ], [ -111.354850006011631, 56.855166248206196 ], [ -111.352226402528913, 56.855173674337252 ], [ -111.352228090605422, 56.855353344898091 ], [ -111.350914600315676, 56.855177366737308 ], [ -111.350916282105572, 56.855357037323287 ], [ -111.350588329931668, 56.855357958276919 ], [ -111.350591690426796, 56.855717299445729 ], [ -111.350919645744071, 56.855716378479556 ], [ -111.350929737129135, 56.856794401822626 ], [ -111.350601772381324, 56.856795322826436 ], [ -111.350608494075317, 56.857514004975528 ], [ -111.350280523020558, 56.857514925143292 ], [ -111.350282201921047, 56.857694595673742 ], [ -111.348314365751691, 56.857700098633927 ], [ -111.348312696282576, 56.85752042806601 ], [ -111.347656753881012, 56.857522255484461 ], [ -111.347658420206344, 56.857701926064834 ], [ -111.347002474583448, 56.857703750051158 ], [ -111.347000811401912, 56.857524079458358 ], [ -111.34372109784843, 56.857533147659439 ], [ -111.343722745310998, 56.857712818314006 ], [ -111.342410853064351, 56.857716421507043 ], [ -111.34240921188939, 56.857536750827933 ], [ -111.339457467366401, 56.857544807580268 ], [ -111.339455840357473, 56.85736513684104 ], [ -111.33879990006524, 56.857366917745772 ], [ -111.3388015239304, 56.857546588497115 ], [ -111.337489636831833, 56.857550139997102 ], [ -111.33715843301745, 56.857191684150841 ], [ -111.336174526870792, 56.857194336114283 ], [ -111.336172915618221, 56.857014665304163 ], [ -111.335516981237078, 56.857016428962119 ], [ -111.335515373146904, 56.856836758134747 ], [ -111.334859441834595, 56.856838518336211 ], [ -111.334857836906764, 56.856658847491637 ], [ -111.334201908663402, 56.856660604236637 ], [ -111.334200306897827, 56.856480933374854 ], [ -111.332886861015027, 56.856304765616763 ], [ -111.332555712214173, 56.855946297431878 ], [ -111.331243880281335, 56.855949783271249 ], [ -111.331242292735837, 56.85577011233498 ], [ -111.330258423307399, 56.855772717655292 ], [ -111.330256840495494, 56.85559304669605 ], [ -111.32992888555421, 56.855593913408079 ], [ -111.329927304332401, 56.855414242437696 ], [ -111.329271397538065, 56.855415973266709 ], [ -111.328940291154908, 56.855057495397801 ], [ -111.327956440200779, 56.855060082564812 ], [ -111.327954868464005, 56.854880411543419 ], [ -111.327626919681009, 56.85488127220443 ], [ -111.327295833747456, 56.854522789922484 ], [ -111.326639942376673, 56.854524506915837 ], [ -111.326638376981066, 56.854344835855336 ], [ -111.325982488680609, 56.854346549392837 ], [ -111.325980926446363, 56.854166878315425 ], [ -111.324997098574116, 56.854169442146407 ], [ -111.324995541072681, 56.853989771046294 ], [ -111.324667599983897, 56.853990623928759 ], [ -111.324666044072103, 56.853810952817597 ], [ -111.324010164983321, 56.853812655987795 ], [ -111.32400861223266, 56.853632984859843 ], [ -111.322039440658841, 56.853458402503342 ], [ -111.321708420711943, 56.853099905256308 ], [ -111.321052553871098, 56.853101592882098 ], [ -111.321051015335669, 56.852921921681279 ], [ -111.320395151566132, 56.852923605851586 ], [ -111.320393616191453, 56.85274393463407 ], [ -111.319737755493321, 56.852745615348951 ], [ -111.319736223279307, 56.852565944114772 ], [ -111.318424507954958, 56.852569295189817 ], [ -111.318422982044339, 56.852389623927564 ], [ -111.317111272721576, 56.852392961204131 ], [ -111.317109753114195, 56.852213289913941 ], [ -111.316125975650579, 56.852215783814096 ], [ -111.316124460774944, 56.852036112501665 ], [ -111.315796536489827, 56.852036942074115 ], [ -111.31579199668262, 56.851497928088527 ], [ -111.316119916253783, 56.851497098533009 ], [ -111.316113857138916, 56.85077841316825 ], [ -111.315785943852774, 56.850779242701158 ], [ -111.31578443068932, 56.850599571341242 ], [ -111.31414487185107, 56.850603706063701 ], [ -111.31414637715848, 56.850783377451776 ], [ -111.312506810026463, 56.850787490679238 ], [ -111.312505312575126, 56.850607819263132 ], [ -111.311849488742695, 56.850609458516452 ], [ -111.311850983051599, 56.85078912994372 ], [ -111.311523069538097, 56.850789948284579 ], [ -111.311198138392214, 56.851150108625617 ], [ -111.309884986609347, 56.850973698530296 ], [ -111.309886471525502, 56.851153369980445 ], [ -111.309230637988449, 56.851154995492237 ], [ -111.309232119779352, 56.851334666948226 ], [ -111.307920446213473, 56.851337907662568 ], [ -111.307921921736437, 56.851517579135418 ], [ -111.30759400173072, 56.851518387167133 ], [ -111.307596949685504, 56.851877730108136 ], [ -111.307269026520018, 56.851878537289892 ], [ -111.307270498951766, 56.852058208758045 ], [ -111.30661611873289, 56.852239492023557 ], [ -111.306620526753932, 56.852778506413877 ], [ -111.306948457810577, 56.852777700926602 ], [ -111.306952870699803, 56.853316715253399 ], [ -111.307280806453704, 56.853315908888653 ], [ -111.307282279022488, 56.853495580314977 ], [ -111.306954341697107, 56.853496386685208 ], [ -111.306955812711507, 56.85367605811178 ], [ -111.305316117970662, 56.853680077075055 ], [ -111.305314654813827, 56.853500405621105 ], [ -111.304986717386029, 56.853501206825236 ], [ -111.304988178971371, 56.853680878284642 ], [ -111.304332300921786, 56.853682478120746 ], [ -111.304333759381066, 56.853862149585808 ], [ -111.303679333453701, 56.854043417459408 ], [ -111.303683699554696, 56.854582431840186 ], [ -111.304011646479736, 56.854581634047534 ], [ -111.30401310345222, 56.854761305491891 ], [ -111.304670460527404, 56.854939378740795 ], [ -111.304673380843795, 56.855298721581612 ], [ -111.305001334004544, 56.85529792118399 ], [ -111.305008642951435, 56.856196278167289 ], [ -111.305336603953833, 56.856195476881297 ], [ -111.305339530795223, 56.8565548196271 ], [ -111.305011566649227, 56.856555620924013 ], [ -111.305013028523632, 56.856735292294523 ], [ -111.30468506278882, 56.856736092735773 ], [ -111.304683602486236, 56.856556421359805 ], [ -111.304027674109307, 56.85655801964802 ], [ -111.304029131268237, 56.85673769103488 ], [ -111.303701165482522, 56.856738488892752 ], [ -111.303704076707533, 56.857097831661626 ], [ -111.303376107761181, 56.857098628669249 ], [ -111.303379015910153, 56.857457971428069 ], [ -111.3037069880003, 56.857457174409618 ], [ -111.303708443672079, 56.857636845775758 ], [ -111.304036417317192, 56.857636047890715 ], [ -111.304037874577858, 56.857815719246197 ], [ -111.304365849777952, 56.857814920494555 ], [ -111.304367308627505, 56.857994591839372 ], [ -111.304695285382579, 56.85799379222113 ], [ -111.304696745821076, 56.858173463555268 ], [ -111.30502472413113, 56.858172663070413 ], [ -111.305026186158614, 56.858352334393871 ], [ -111.305683611060161, 56.858530402137021 ], [ -111.30568800672792, 56.85906941602758 ], [ -111.306015992847023, 56.85906861293185 ], [ -111.306017459675786, 56.859248284212761 ], [ -111.306673435006914, 56.85924667542676 ], [ -111.306671965033999, 56.859067004156806 ], [ -111.30732646405265, 56.85888572067276 ], [ -111.30732499096986, 56.858706049403317 ], [ -111.306997008063234, 56.858706855932851 ], [ -111.30699259363368, 56.858167842076682 ], [ -111.307320571824306, 56.858167035563639 ], [ -111.307317625812942, 56.857807692977701 ], [ -111.30764560084252, 56.857806885614487 ], [ -111.307644126290612, 56.857627214319173 ], [ -111.30830155085016, 56.857805268304567 ], [ -111.308304506293254, 56.858164610857472 ], [ -111.308632484415213, 56.858163800899753 ], [ -111.308633963734536, 56.858343472162836 ], [ -111.308961943411276, 56.858342661338412 ], [ -111.309292888049114, 56.858701192141211 ], [ -111.308964905245574, 56.85870200383787 ], [ -111.308966386188573, 56.858881675079751 ], [ -111.308638401795776, 56.858882485920738 ], [ -111.308307461805143, 56.858523953389472 ], [ -111.307652973859362, 56.858705242012604 ], [ -111.307655923186189, 56.859064584535254 ], [ -111.308313373035176, 56.859242638390675 ], [ -111.308314850885679, 56.859422309627917 ], [ -111.307986861742251, 56.859423118763047 ], [ -111.307991290680491, 56.859962132459913 ], [ -111.308319284540318, 56.859961323308241 ], [ -111.308325196320553, 56.860680008142126 ], [ -111.307997196171954, 56.860680817315853 ], [ -111.307998672587757, 56.860860488516764 ], [ -111.307344142383002, 56.861041775498151 ], [ -111.307347089011358, 56.861401117895845 ], [ -111.307019082522189, 56.861401924507788 ], [ -111.307022026074463, 56.861761266895542 ], [ -111.306694016423535, 56.8617620726572 ], [ -111.306698427163255, 56.862301086216092 ], [ -111.306370412778094, 56.862301891132915 ], [ -111.306371881486484, 56.862481562314237 ], [ -111.305387833511332, 56.862483971913242 ], [ -111.305389297519525, 56.862663643105748 ], [ -111.304733262306044, 56.862665245209449 ], [ -111.304734723186385, 56.862844916407646 ], [ -111.304406703981684, 56.862845716172977 ], [ -111.304409622648407, 56.863205058564581 ], [ -111.304737644998028, 56.863204258788357 ], [ -111.304740566877697, 56.863563601148151 ], [ -111.30441254138303, 56.863564400935275 ], [ -111.30441837905606, 56.864283085613927 ], [ -111.304090347254174, 56.864283884561466 ], [ -111.304091805142249, 56.864463555723496 ], [ -111.301795571046767, 56.864469124275836 ], [ -111.301794124166946, 56.86428945307587 ], [ -111.301466092229873, 56.86429024513243 ], [ -111.301464646939479, 56.864110573921842 ], [ -111.300807144031637, 56.863932484213521 ], [ -111.300808586160073, 56.864112155440104 ], [ -111.300153964313537, 56.864293404745041 ], [ -111.299831682169454, 56.865012877392402 ], [ -111.300159720481005, 56.865012089621217 ], [ -111.300161159564738, 56.865191760827209 ], [ -111.301473318934072, 56.865188601107 ], [ -111.301804252679233, 56.865547151365881 ], [ -111.301476209733465, 56.865547943460214 ], [ -111.301477655158394, 56.865727614628995 ], [ -111.301149610623071, 56.865728405867323 ], [ -111.300824450680196, 56.86608853858764 ], [ -111.298856164142464, 56.866093262823661 ], [ -111.298857597035479, 56.866272934019712 ], [ -111.298202928007768, 56.866454173085806 ], [ -111.29820435778845, 56.86663384428207 ], [ -111.298532410338311, 56.866633060769828 ], [ -111.298863328774246, 56.866991618751641 ], [ -111.299519440082065, 56.866990047398495 ], [ -111.299520876204227, 56.867169718557705 ], [ -111.300505047759216, 56.867167355050931 ], [ -111.300506488616804, 56.86734702618881 ], [ -111.301162606048834, 56.867345446199543 ], [ -111.301161162045432, 56.867165775072436 ], [ -111.301489219163329, 56.867164983790978 ], [ -111.301486328061188, 56.866805641531847 ], [ -111.302140987283465, 56.866624385279543 ], [ -111.302136641369955, 56.866085371868358 ], [ -111.302464689000303, 56.866084578034965 ], [ -111.302463238823407, 56.865904906892851 ], [ -111.303447376894781, 56.865902520240347 ], [ -111.303448831790007, 56.86608219136621 ], [ -111.303776879352739, 56.866081394087097 ], [ -111.303778335837691, 56.866261065202295 ], [ -111.304435893705417, 56.866439139148 ], [ -111.304113675499494, 56.867158622526681 ], [ -111.30378561851667, 56.867159420699842 ], [ -111.303787075103301, 56.86733909178367 ], [ -111.303130957941022, 56.867340685556456 ], [ -111.303132411398764, 56.867520356645919 ], [ -111.302477741351765, 56.867701618078726 ], [ -111.302482092439334, 56.86824063133254 ], [ -111.302154025934243, 56.868241425230835 ], [ -111.302155474757527, 56.868421096310414 ], [ -111.301499338550741, 56.868422681533296 ], [ -111.301500784244809, 56.868602352618424 ], [ -111.301172714543142, 56.868603143942991 ], [ -111.301175602835613, 56.868962486108366 ], [ -111.332342445724137, 56.868883462561101 ], [ -111.33233607145506, 56.868164780362875 ], [ -111.332664136330806, 56.86816390720702 ], [ -111.332989007872868, 56.867803692082994 ], [ -111.333645131239635, 56.867801941487699 ], [ -111.333646731033824, 56.867981612031734 ], [ -111.333974794262247, 56.867980735435893 ], [ -111.333977997052386, 56.868340076496345 ], [ -111.334306063408135, 56.868339199027069 ], [ -111.334309269418853, 56.868698540054623 ], [ -111.333981199917091, 56.868699417535851 ], [ -111.333982801377388, 56.868879088047748 ], [ -111.35924421821727, 56.868809000751789 ], [ -111.359242495633637, 56.868629330717368 ], [ -111.359570563645505, 56.868628386900355 ], [ -111.359567115392394, 56.868269046828651 ], [ -111.360221517821586, 56.868087486605042 ], [ -111.360219790599302, 56.86790781656898 ], [ -111.35989172891945, 56.867908762083225 ], [ -111.359890003290189, 56.867729092035496 ], [ -111.359232160552764, 56.867551310400835 ], [ -111.359228715686172, 56.867191970253423 ], [ -111.359556771114555, 56.867191026487852 ], [ -111.359555047138457, 56.867011356412725 ], [ -111.360209427687636, 56.866829796242598 ], [ -111.360205973544524, 56.866470456091911 ], [ -111.359877924447574, 56.86647140155462 ], [ -111.359876198978938, 56.866291731464976 ], [ -111.359548151434694, 56.866292676059821 ], [ -111.359544703703151, 56.865933335851949 ], [ -111.359216659284357, 56.865934279572507 ], [ -111.359214937021406, 56.865754609454285 ], [ -111.35888689415529, 56.865755552307022 ], [ -111.358885173485092, 56.865575882177147 ], [ -111.358557132171669, 56.865576824162062 ], [ -111.358555413094166, 56.865397154020513 ], [ -111.35822737333342, 56.865398095137628 ], [ -111.358225655848599, 56.865218424984427 ], [ -111.357567865093003, 56.865040634450423 ], [ -111.357562722254102, 56.864501623905312 ], [ -111.357234690296636, 56.864502562406265 ], [ -111.357231264982232, 56.864143222003882 ], [ -111.356903236149989, 56.864144159630698 ], [ -111.356901525095225, 56.86396448941526 ], [ -111.356573497815617, 56.863965426174325 ], [ -111.356570078910835, 56.863606085715006 ], [ -111.356242054756379, 56.863607021599975 ], [ -111.356236931265812, 56.863068010852565 ], [ -111.355908911808896, 56.863068945857108 ], [ -111.355905499392719, 56.8627096053199 ], [ -111.355577483060799, 56.862710539450383 ], [ -111.355572369302564, 56.862171528586238 ], [ -111.355244357667956, 56.862172461836337 ], [ -111.355242654693896, 56.861992791531442 ], [ -111.354584934700355, 56.861814985112282 ], [ -111.354581535140483, 56.86145564445092 ], [ -111.354253529735757, 56.861456575091808 ], [ -111.354246737142304, 56.860737893680913 ], [ -111.353589043897017, 56.860560081949743 ], [ -111.353585654047023, 56.860200741177067 ], [ -111.354239944864943, 56.860019212186209 ], [ -111.354241642904654, 56.860198882567737 ], [ -111.35456963730384, 56.860197951971237 ], [ -111.354573036586871, 56.860557292705899 ], [ -111.355230734430179, 56.860735099250604 ], [ -111.355235842995739, 56.861274110259536 ], [ -111.355563846768817, 56.861273177041213 ], [ -111.355565551235898, 56.861452847360688 ], [ -111.35654956715284, 56.86145004251906 ], [ -111.35655127635664, 56.861629712814192 ], [ -111.357207290013108, 56.861627838600675 ], [ -111.357209002381396, 56.86180750887781 ], [ -111.35786673463565, 56.861985301465523 ], [ -111.357870165761256, 56.862344641968008 ], [ -111.357542152693497, 56.862345581253543 ], [ -111.357543866713854, 56.862525251503321 ], [ -111.357871881353987, 56.862524312211399 ], [ -111.357875312599361, 56.862883652682463 ], [ -111.358533066906844, 56.863061441703941 ], [ -111.358536504561812, 56.863420782117949 ], [ -111.358864527004172, 56.863419840210035 ], [ -111.358869688354162, 56.863958850772512 ], [ -111.35919771549402, 56.863957907984009 ], [ -111.359199437556583, 56.864137578154619 ], [ -111.359527466248949, 56.864136634498337 ], [ -111.359529189904123, 56.864316304657265 ], [ -111.359857220148996, 56.864315360133197 ], [ -111.359858945396795, 56.864495030280459 ], [ -111.360516737384529, 56.864672808764489 ], [ -111.360520194271004, 56.865032149007043 ], [ -111.36019215777587, 56.865033095279628 ], [ -111.360197338538399, 56.865572105623507 ], [ -111.360855151051027, 56.86574988226954 ], [ -111.360860341491147, 56.866288892511896 ], [ -111.361188388954972, 56.866287944471352 ], [ -111.361191852494613, 56.866647284593803 ], [ -111.361519903083874, 56.866646335678901 ], [ -111.361521636456729, 56.866826005725812 ], [ -111.362179477259033, 56.867003775327504 ], [ -111.362182950397056, 56.86736311536923 ], [ -111.361854893556796, 56.867364066032913 ], [ -111.361861833783664, 56.868082746079423 ], [ -111.362189896915595, 56.868081795389848 ], [ -111.362191633595742, 56.868261465381906 ], [ -111.362847762944853, 56.868259561405353 ], [ -111.362846023118777, 56.868079891426262 ], [ -111.363830212271694, 56.868077029019787 ], [ -111.363828467747041, 56.86789735905495 ], [ -111.364156529184498, 56.867896403203019 ], [ -111.364488085963032, 56.868254786387951 ], [ -111.363833701381893, 56.868436368933708 ], [ -111.363837190573307, 56.868795708826688 ], [ -111.364821398419338, 56.868792838588675 ], [ -111.365145965885219, 56.868432540278839 ], [ -111.365474031960176, 56.868431580961392 ], [ -111.365805606082176, 56.868789960597127 ], [ -111.366789813561283, 56.868787074852044 ] ], [ [ -111.336243828467758, 56.864920175998051 ], [ -111.335587755729094, 56.864921940184679 ], [ -111.335586146815501, 56.864742269587602 ], [ -111.33525811199074, 56.864743150382857 ], [ -111.335254897364948, 56.864383809160984 ], [ -111.335582929044506, 56.864382928377744 ], [ -111.335581320187089, 56.864203257764949 ], [ -111.336237380344869, 56.864201493626382 ], [ -111.336238992347461, 56.864381164227161 ], [ -111.336567023970787, 56.864380280859805 ], [ -111.336570251177463, 56.864739622033611 ], [ -111.336242216408891, 56.864740505412982 ], [ -111.336243828467758, 56.864920175998051 ] ], [ [ -111.35559453021078, 56.864507241990538 ], [ -111.354610433921081, 56.864510039404699 ], [ -111.354279004776856, 56.864151629636432 ], [ -111.354607033767849, 56.86415069890046 ], [ -111.354931659519892, 56.863790426790615 ], [ -111.355587711112761, 56.86378856103731 ], [ -111.355589415857523, 56.863968231283465 ], [ -111.355917443196745, 56.863967297108438 ], [ -111.355920855890858, 56.864326637572319 ], [ -111.355592825406532, 56.864327571760079 ], [ -111.35559453021078, 56.864507241990538 ] ], [ [ -111.353624642084611, 56.864333158798068 ], [ -111.353296611461815, 56.864334086956312 ], [ -111.353294917685346, 56.864154416676236 ], [ -111.352637168914114, 56.863976600098063 ], [ -111.352632097197173, 56.863437589172847 ], [ -111.352960119996709, 56.863436662768891 ], [ -111.352958427891267, 56.863256992456328 ], [ -111.353286449098647, 56.863256065197348 ], [ -111.353288142776563, 56.8634357355036 ], [ -111.353945885119771, 56.863613548677385 ], [ -111.353950975766082, 56.864152559511062 ], [ -111.35362294673557, 56.864153488524323 ], [ -111.353624642084611, 56.864333158798068 ] ], [ [ -111.342794690921139, 56.863824321767289 ], [ -111.342138637810393, 56.863826120335716 ], [ -111.342136997558626, 56.863646449828465 ], [ -111.341808972547142, 56.863647347814549 ], [ -111.341805695245853, 56.863288006772102 ], [ -111.342133717112361, 56.863287108798254 ], [ -111.342132076917835, 56.8631074382753 ], [ -111.342788117448634, 56.863105639755865 ], [ -111.342789760788079, 56.863285310266583 ], [ -111.343117782597261, 56.86328440970874 ], [ -111.34312107247851, 56.863643750702174 ], [ -111.342793047524339, 56.863644651272281 ], [ -111.342794690921139, 56.863824321767289 ] ], [ [ -111.30927806384733, 56.856904479490098 ], [ -111.308950096763184, 56.856905291131454 ], [ -111.308948616009687, 56.856725619832062 ], [ -111.308620650480165, 56.85672643060677 ], [ -111.308619171315712, 56.856546759296613 ], [ -111.307961767345049, 56.856368706925238 ], [ -111.307958815389284, 56.856009364256728 ], [ -111.307630856095358, 56.856010172426046 ], [ -111.307629381714975, 56.855830501078444 ], [ -111.307301423975659, 56.855831308381177 ], [ -111.307299951184163, 56.855651637022845 ], [ -111.306971994999429, 56.855652443458986 ], [ -111.306641099552806, 56.855293906279726 ], [ -111.305985193384657, 56.855295514824661 ], [ -111.30598372693126, 56.855115843428706 ], [ -111.305655775393276, 56.855116646404092 ], [ -111.305980794075651, 56.854756500621114 ], [ -111.306308742453282, 56.8547556967956 ], [ -111.306310210444195, 56.85493536819655 ], [ -111.30729406018952, 56.854932951537229 ], [ -111.307295532912477, 56.855112622916472 ], [ -111.308279387218562, 56.855110198491062 ], [ -111.308277909780628, 56.854930527128332 ], [ -111.308933809422143, 56.854928906550406 ], [ -111.308935290003376, 56.855108577902108 ], [ -111.309263241369962, 56.855107766316031 ], [ -111.30926768793212, 56.855646780323156 ], [ -111.308939731850472, 56.855647591925816 ], [ -111.308942693167978, 56.856006934582147 ], [ -111.30927065239311, 56.856006122968424 ], [ -111.309273616923051, 56.856365465592781 ], [ -111.309601579274499, 56.856364653106894 ], [ -111.309604547017059, 56.856723995699255 ], [ -111.309276581521985, 56.856724808196212 ], [ -111.30927806384733, 56.856904479490098 ] ], [ [ -111.311900304998105, 56.856718284109142 ], [ -111.311244374233056, 56.856719920297643 ], [ -111.311242882494057, 56.856540249031831 ], [ -111.310914918657303, 56.856541065828836 ], [ -111.310911938374943, 56.856181723270389 ], [ -111.311239899068113, 56.856180906484525 ], [ -111.311238407381168, 56.856001235203024 ], [ -111.311894325571913, 56.855999599059103 ], [ -111.31189582040237, 56.856179270329456 ], [ -111.312223781043429, 56.856178450960265 ], [ -111.312226773900107, 56.856537793474139 ], [ -111.31189881011548, 56.856538612854479 ], [ -111.311900304998105, 56.856718284109142 ] ], [ [ -111.308274954956318, 56.854571184387162 ], [ -111.3076175872894, 56.854393130109365 ], [ -111.3079425808602, 56.854032979206025 ], [ -111.308599943743673, 56.854211031788722 ], [ -111.308274954956318, 56.854571184387162 ] ] ] } },
{ "type": "Feature", "properties": { "area_km2": 0.0136 }, "geometry": { "type": "Polygon", "coordinates": [ [ [ -111.435122135961379, 56.848444057236279 ], [ -111.435120051164986, 56.84826438826245 ], [ -111.435447937978751, 56.848263245452934 ], [ -111.435437506506261, 56.847364900543802 ], [ -111.435109627546666, 56.847366043314409 ], [ -111.434777582426761, 56.847007847192657 ], [ -111.434121830669483, 56.84701012839885 ], [ -111.434123910583878, 56.847189797432797 ], [ -111.43379603309819, 56.84719093675249 ], [ -111.433808503667649, 56.84826895089234 ], [ -111.434136390578288, 56.848267811526092 ], [ -111.434138470662035, 56.848447480523248 ], [ -111.435122135961379, 56.848444057236279 ] ] ] } },
{ "type": "Feature", "properties": { "area_km2": 0.0532 }, "geometry": { "type": "Polygon", "coordinates": [ [ [ -111.434443462249988, 56.846469981116101 ], [ -111.434767167510543, 56.846109502021825 ], [ -111.435422903463845, 56.846107217450331 ], [ -111.43542081741198, 56.845927548415965 ], [ -111.435748683781611, 56.8459264048469 ], [ -111.435744508609403, 56.845567066777953 ], [ -111.435416645381025, 56.845568210331457 ], [ -111.435410387516541, 56.845029203165275 ], [ -111.435738246033182, 56.845028059635148 ], [ -111.436061926455068, 56.844667577138402 ], [ -111.435734071103752, 56.844668721513649 ], [ -111.435731983675467, 56.844489052445041 ], [ -111.433437006531094, 56.844497038917929 ], [ -111.43343493012047, 56.844317369789671 ], [ -111.433107077716457, 56.844318507263864 ], [ -111.433100853340832, 56.843779499824279 ], [ -111.432773005624043, 56.843780636414564 ], [ -111.432770932450836, 56.843600967249792 ], [ -111.431459547624428, 56.843605504973318 ], [ -111.431457480756933, 56.843425835772408 ], [ -111.431129636060589, 56.843426968043921 ], [ -111.43080591881764, 56.843787437882199 ], [ -111.431133766678798, 56.843786306455939 ], [ -111.4311378973931, 56.844145644846932 ], [ -111.431465748371153, 56.844144512544588 ], [ -111.431469882322475, 56.844503850899152 ], [ -111.431797736417451, 56.844502717720687 ], [ -111.431803942236314, 56.845041725189972 ], [ -111.432131801018812, 56.845040591127642 ], [ -111.432135941492817, 56.845399929398788 ], [ -111.432463803392366, 56.845398794460294 ], [ -111.432467947103902, 56.845758132694954 ], [ -111.432795812120588, 56.845756996880262 ], [ -111.432802032580554, 56.846296004169659 ], [ -111.433129902285074, 56.846294867471016 ], [ -111.433131977390673, 56.846474536549231 ], [ -111.434443462249988, 56.846469981116101 ] ] ] } },
{ "type": "Feature", "properties": { "area_km2": 0.032 }, "geometry": { "type": "Polygon", "coordinates": [ [ [ -111.433410015076433, 56.842161339840601 ], [ -111.433407938979713, 56.841981670644032 ], [ -111.433735770944907, 56.841980532409927 ], [ -111.433727460518568, 56.841261855602092 ], [ -111.433399634834203, 56.841262993805188 ], [ -111.433395482906292, 56.840903655354232 ], [ -111.433067660338082, 56.840904792681251 ], [ -111.433065585980472, 56.840725123440151 ], [ -111.430770838319432, 56.840733060579154 ], [ -111.430772901686183, 56.840912729874297 ], [ -111.430117256140846, 56.840914989898572 ], [ -111.430119316391298, 56.841094659203861 ], [ -111.429791492012541, 56.841095787932815 ], [ -111.42979560944498, 56.841455126543003 ], [ -111.430123436964081, 56.841453997798659 ], [ -111.430127557632701, 56.841813336372468 ], [ -111.430455388268271, 56.841812206752167 ], [ -111.430787345925282, 56.842170414793259 ], [ -111.433410015076433, 56.842161339840601 ] ] ] } },
{ "type": "Feature", "properties": { "area_km2": 0.1292 }, "geometry": { "type": "Polygon", "coordinates": [ [ [ -111.426507118046047, 56.840568019706033 ], [ -111.426505075138465, 56.840388350300756 ], [ -111.426832893475307, 56.84038723020813 ], [ -111.42682880459131, 56.840027891397078 ], [ -111.427156619764247, 56.840026770459168 ], [ -111.427152527835275, 56.839667431642354 ], [ -111.427480339844365, 56.839666309859169 ], [ -111.42780405371586, 56.839305848408202 ], [ -111.428459671334963, 56.839303600569771 ], [ -111.428461723519902, 56.839483269960716 ], [ -111.429119399532325, 56.839660688035217 ], [ -111.42912351030165, 56.840020026760179 ], [ -111.429451325307667, 56.840018899798437 ], [ -111.42945338229822, 56.840198569145358 ], [ -111.430762585092367, 56.840014383345988 ], [ -111.431086270368979, 56.839653913448814 ], [ -111.431741893789322, 56.839651648369063 ], [ -111.431739825880527, 56.839471979060264 ], [ -111.432393375039979, 56.839290041255225 ], [ -111.432387162110359, 56.838751033327846 ], [ -111.432714965886518, 56.838749897814772 ], [ -111.432706676037967, 56.838031220535655 ], [ -111.432378878541314, 56.838032356017806 ], [ -111.43237059535754, 56.837313678623666 ], [ -111.432042804116023, 56.837314813214427 ], [ -111.432038665808108, 56.8369554744704 ], [ -111.431710877682036, 56.836956608185268 ], [ -111.431378957599094, 56.836598402243759 ], [ -111.428756676650337, 56.836607433980049 ], [ -111.428758730047093, 56.836787103442141 ], [ -111.428430943251158, 56.836788228544876 ], [ -111.428432995102057, 56.836967898009391 ], [ -111.428105206712544, 56.836969022259332 ], [ -111.428107257017558, 56.837148691726235 ], [ -111.427779467034455, 56.837149815123389 ], [ -111.427781515793555, 56.837329484592679 ], [ -111.427127978259705, 56.837511398300229 ], [ -111.427132069617755, 56.837870737243129 ], [ -111.426804273284077, 56.837871858089443 ], [ -111.426806317428941, 56.838051527560644 ], [ -111.426150721550613, 56.838053766687111 ], [ -111.426152762579534, 56.838233436168288 ], [ -111.425499201379466, 56.838415341359202 ], [ -111.425505315260367, 56.838954349801163 ], [ -111.425177509388703, 56.838955466390708 ], [ -111.425181582287863, 56.839314805340962 ], [ -111.425509391299443, 56.839313688736198 ], [ -111.42552161998546, 56.840391705415264 ], [ -111.425849438393527, 56.840390587904317 ], [ -111.425851478160908, 56.840570257324828 ], [ -111.426507118046047, 56.840568019706033 ] ] ] } },
{ "type": "Feature", "properties": { "area_km2": 0.0068 }, "geometry": { "type": "Polygon", "coordinates": [ [ [ -111.432009700347081, 56.834440102673533 ], [ -111.432007631565995, 56.834260433220081 ], [ -111.432335396124088, 56.834259298760628 ], [ -111.432329185216844, 56.833720290391859 ], [ -111.432001425367048, 56.833721424828127 ], [ -111.431999356682155, 56.833541755353636 ], [ -111.431343840049195, 56.833544021629706 ], [ -111.431345905595293, 56.833723691119637 ], [ -111.431018145673377, 56.833724822974879 ], [ -111.430694510614003, 56.834085292964673 ], [ -111.431022273698758, 56.834084161954365 ], [ -111.431354168019809, 56.834442369026782 ], [ -111.432009700347081, 56.834440102673533 ] ] ] } },
{ "type": "Feature", "properties": { "area_km2": 0.0076 }, "geometry": { "type": "Polygon", "coordinates": [ [ [ -111.429051585638632, 56.833731596039165 ], [ -111.42904953107832, 56.833551926495417 ], [ -111.429702990371652, 56.833370002730376 ], [ -111.429698875093052, 56.833010663647308 ], [ -111.429371121328813, 56.833011791170129 ], [ -111.429369065294722, 56.832832121613045 ], [ -111.428385808566645, 56.832835498996609 ], [ -111.428387859892766, 56.833015168576708 ], [ -111.42806010603303, 56.833016292658264 ], [ -111.42806625544641, 56.833555301389964 ], [ -111.428394014014231, 56.833554177285457 ], [ -111.428396065435763, 56.833733846844524 ], [ -111.429051585638632, 56.833731596039165 ] ] ] } },
{ "type": "Feature", "properties": { "area_km2": 0.0912 }, "geometry": { "type": "Polygon", "coordinates": [ [ [ -111.425491049870033, 56.837696663363026 ], [ -111.425489012051912, 56.837516993850869 ], [ -111.425816805340929, 56.83751587646168 ], [ -111.425812726636238, 56.837156537436783 ], [ -111.42614051676199, 56.837155419202354 ], [ -111.425788256399699, 56.835000502846157 ], [ -111.426116027689687, 56.834999384703089 ], [ -111.426101743975337, 56.833741697562509 ], [ -111.426429504255296, 56.833740578612399 ], [ -111.426421336377231, 56.833021900161228 ], [ -111.426093582374776, 56.833023019080869 ], [ -111.42609154203393, 56.83284334944733 ], [ -111.425436037096546, 56.832845584690418 ], [ -111.425104213397603, 56.832487361693019 ], [ -111.424120965158792, 56.832490705478818 ], [ -111.424122996036431, 56.832670375168469 ], [ -111.423795245006957, 56.8326714880507 ], [ -111.423797274338895, 56.83285115774266 ], [ -111.423143795287416, 56.833033050643202 ], [ -111.423153926725135, 56.833931399073641 ], [ -111.422826164639346, 56.833932509427882 ], [ -111.422830214240463, 56.834291848778399 ], [ -111.423157979465145, 56.834290738409045 ], [ -111.423172164797293, 56.835548425917487 ], [ -111.423499940985138, 56.835547314634788 ], [ -111.423503997288478, 56.835906653860512 ], [ -111.423176217961412, 56.835907765158332 ], [ -111.423184324572389, 56.836626443577003 ], [ -111.423512110178137, 56.836625332248921 ], [ -111.42351413845951, 56.836805001832879 ], [ -111.424171744184079, 56.836982446143807 ], [ -111.424177838659077, 56.837521454802967 ], [ -111.424505632042752, 56.837520340855647 ], [ -111.424507665151467, 56.837700010390598 ], [ -111.425491049870033, 56.837696663363026 ] ] ] } },
{ "type": "Feature", "properties": { "area_km2": 0.1072 }, "geometry": { "type": "Polygon", "coordinates": [ [ [ -111.461266575421675, 56.787978637052198 ], [ -111.461264370441057, 56.787798966967635 ], [ -111.461916878308173, 56.787616874788171 ], [ -111.461912462216219, 56.787257534625667 ], [ -111.461585108947332, 56.78725874608341 ], [ -111.461567458121948, 56.785821385156829 ], [ -111.461240117344218, 56.785822595689858 ], [ -111.461237912670853, 56.78564292554212 ], [ -111.460910573432031, 56.785644135208138 ], [ -111.460908370348776, 56.785464465046893 ], [ -111.460581032648875, 56.78546567384592 ], [ -111.460578831155672, 56.785286003671182 ], [ -111.460251494994694, 56.785287211603233 ], [ -111.459919762156247, 56.784929078278388 ], [ -111.457628430039108, 56.784937503631696 ], [ -111.457630617401165, 56.785117173890733 ], [ -111.455668786066724, 56.785304032482671 ], [ -111.455670964092675, 56.785483702780091 ], [ -111.455343625985918, 56.785484897838927 ], [ -111.455345802472664, 56.785664568139204 ], [ -111.455018462776124, 56.785665762347421 ], [ -111.455020637723621, 56.785845432650547 ], [ -111.454368126969399, 56.786027488820999 ], [ -111.454372470732409, 56.786386829433411 ], [ -111.454045124701949, 56.786388021097743 ], [ -111.454047295056682, 56.786567691404173 ], [ -111.453719947436426, 56.786568882217807 ], [ -111.453396934317581, 56.786929412802102 ], [ -111.452742232692685, 56.786931790167749 ], [ -111.452744396864418, 56.787111460490763 ], [ -111.453071749254093, 56.787110272229256 ], [ -111.453073915015651, 56.787289942538905 ], [ -111.453401268944845, 56.787288753410493 ], [ -111.453732960706219, 56.787646903994407 ], [ -111.455697102377158, 56.78763974593835 ], [ -111.455699280731949, 56.787819416167331 ], [ -111.456026639153393, 56.787818220143933 ], [ -111.456024459233873, 56.787638549923095 ], [ -111.456351816065265, 56.787637353048993 ], [ -111.456349634606354, 56.787457682831047 ], [ -111.456022279339663, 56.787458879696999 ], [ -111.4560179196272, 56.787099539229011 ], [ -111.456345271764548, 56.787098342379345 ], [ -111.456343090381637, 56.78691867214561 ], [ -111.45699779145103, 56.786916275886142 ], [ -111.457320769870137, 56.786555736033833 ], [ -111.457975464528758, 56.786553334654201 ], [ -111.457977653684068, 56.786733004857659 ], [ -111.458305002539873, 56.786731802871479 ], [ -111.458636736015649, 56.787089940384909 ], [ -111.459948342218951, 56.787264790489829 ], [ -111.459950540864028, 56.787444460623085 ], [ -111.460277895825527, 56.787443253451229 ], [ -111.460280096060842, 56.787622923571007 ], [ -111.46060745256149, 56.78762171553209 ], [ -111.460609654387071, 56.787801385638389 ], [ -111.461266575421675, 56.787978637052198 ] ] ] } },
{ "type": "Feature", "properties": { "area_km2": 0.05 }, "geometry": { "type": "Polygon", "coordinates": [ [ [ -111.456947554671316, 56.782783859431923 ], [ -111.456945370767841, 56.782604189088126 ], [ -111.457272683718401, 56.782602989866007 ], [ -111.457270498276102, 56.782423319525108 ], [ -111.457925120972675, 56.782420918521233 ], [ -111.458248052089402, 56.782060376082732 ], [ -111.459229976482291, 56.782056765610086 ], [ -111.4592277817313, 56.781877095302477 ], [ -111.459555088247185, 56.781875890102498 ], [ -111.459550695693423, 56.78151654948784 ], [ -111.459223392305759, 56.781517754671434 ], [ -111.459221197631223, 56.781338084348015 ], [ -111.456275480074396, 56.781348892288257 ], [ -111.456273299501916, 56.781169221886039 ], [ -111.455616521030493, 56.780991943765606 ], [ -111.455609988925033, 56.780452932462758 ], [ -111.455282694617011, 56.780454127293964 ], [ -111.455280518863077, 56.780274456841028 ], [ -111.45495322609375, 56.780275650805507 ], [ -111.45462158812289, 56.779917502957247 ], [ -111.453967008713931, 56.779919886560805 ], [ -111.453969178161572, 56.780099557056737 ], [ -111.453641886855365, 56.78010074757875 ], [ -111.453648390657534, 56.780639759059234 ], [ -111.453975686655681, 56.780638568512927 ], [ -111.453982195376497, 56.781177579921746 ], [ -111.45463896943356, 56.781354866647519 ], [ -111.454647660694363, 56.782073548366306 ], [ -111.454974969129523, 56.782072355179245 ], [ -111.454979318039648, 56.782431695990809 ], [ -111.455306629577905, 56.78243050192885 ], [ -111.455308805635028, 56.782610172318613 ], [ -111.455963431764076, 56.782607781602429 ], [ -111.455965610974914, 56.782787451970663 ], [ -111.456947554671316, 56.782783859431923 ] ] ] } },
{ "type": "Feature", "properties": { "area_km2": 0.0316 }, "geometry": { "type": "Polygon", "coordinates": [ [ [ -111.465439927900974, 56.78131503919068 ], [ -111.465437703534775, 56.781135369018777 ], [ -111.46609007558429, 56.780953255037716 ], [ -111.466081165969172, 56.780234574342906 ], [ -111.466733519276644, 56.780052457000934 ], [ -111.466726828030971, 56.779513446458658 ], [ -111.466399542412347, 56.779514670440527 ], [ -111.466397313612788, 56.779335000240899 ], [ -111.465415461293318, 56.779338667010151 ], [ -111.465413237211209, 56.779158996780339 ], [ -111.46508595461691, 56.779160217311329 ], [ -111.465088177135144, 56.779339887549455 ], [ -111.464760892951176, 56.779341107230188 ], [ -111.464763113931369, 56.779520777471369 ], [ -111.464435828157733, 56.779521996301838 ], [ -111.464438047599813, 56.779701666546025 ], [ -111.463785689187489, 56.779883771903322 ], [ -111.46379012194474, 56.780243112398502 ], [ -111.463462829838178, 56.780244328686379 ], [ -111.463471689405523, 56.780963009646641 ], [ -111.463798987768072, 56.780961793325666 ], [ -111.463801204288245, 56.781141463544294 ], [ -111.464455804064187, 56.781139028309951 ], [ -111.464458023738217, 56.781318698506738 ], [ -111.465439927900974, 56.78131503919068 ] ] ] } },
{ "type": "Feature", "properties": { "area_km2": 0.2008 }, "geometry": { "type": "Polygon", "coordinates": [ [ [ -111.105714060999844, 56.778544918522357 ], [ -111.10604033502571, 56.778185289005037 ], [ -111.107022188046841, 56.778184450586494 ], [ -111.107021676636748, 56.778004774705437 ], [ -111.107675727627992, 56.777824535588174 ], [ -111.107674698581945, 56.777465183807664 ], [ -111.108328737056098, 56.777284941255836 ], [ -111.108324596138175, 56.775847533914352 ], [ -111.107997332157311, 56.775847817655077 ], [ -111.107668010365103, 56.775129396725973 ], [ -111.107340752626953, 56.775129678741983 ], [ -111.107340239754166, 56.774950002774197 ], [ -111.107012983573696, 56.774950283929805 ], [ -111.107012472270483, 56.774770607954906 ], [ -111.10668521764768, 56.77477088825011 ], [ -111.106356946684642, 56.774411815713769 ], [ -111.105702443663859, 56.774412372004214 ], [ -111.105701938632649, 56.774232696006059 ], [ -111.105374688677003, 56.774232972861689 ], [ -111.105374185215211, 56.774053296856465 ], [ -111.105046936817246, 56.774053572851756 ], [ -111.104718687761448, 56.773694495954963 ], [ -111.104064197190496, 56.773695043645816 ], [ -111.104063700000154, 56.773515367617463 ], [ -111.10242748128951, 56.773516721812541 ], [ -111.102427970662447, 56.773696397850109 ], [ -111.10210072533971, 56.773696666115626 ], [ -111.102101213154825, 56.773876342149819 ], [ -111.101773966262925, 56.773876609558698 ], [ -111.101774452520189, 56.774056285589488 ], [ -111.101120438728273, 56.774236493864713 ], [ -111.101122854491521, 56.775134873932465 ], [ -111.100795596637738, 56.775135138778616 ], [ -111.100800412947677, 56.776931898541086 ], [ -111.101127686438744, 56.776931633676924 ], [ -111.101129619374731, 56.777650337428732 ], [ -111.101456899115604, 56.777650071698773 ], [ -111.101457868745072, 56.778009423539771 ], [ -111.101785151608141, 56.778009156947626 ], [ -111.10211341037332, 56.778368241309764 ], [ -111.102767982326924, 56.778367703825218 ], [ -111.102768473417257, 56.778547379720187 ], [ -111.105714060999844, 56.778544918522357 ] ] ] } },
{ "type": "Feature", "properties": { "area_km2": 0.0372 }, "geometry": { "type": "Polygon", "coordinates": [ [ [ -111.410968122991761, 56.768749217453674 ], [ -111.410966159883131, 56.768569545610141 ], [ -111.411293352687636, 56.76856846718271 ], [ -111.411289423413166, 56.768209123494508 ], [ -111.411616613069242, 56.768208044223542 ], [ -111.411600884381784, 56.76677066931925 ], [ -111.41192806151335, 56.766769589248838 ], [ -111.411924126444447, 56.766410245484906 ], [ -111.411596952438131, 56.766411325540616 ], [ -111.411587122978332, 56.765512966002056 ], [ -111.411259956761981, 56.765514045162909 ], [ -111.411257992500992, 56.765334373232086 ], [ -111.410603663124945, 56.76533652896476 ], [ -111.410605624260938, 56.765516200910234 ], [ -111.409953249702539, 56.765698025179915 ], [ -111.409957165838136, 56.766057369073884 ], [ -111.409629994820364, 56.766058443966031 ], [ -111.409643691072461, 56.767316147480557 ], [ -111.409970873028669, 56.767315072537215 ], [ -111.409982622935615, 56.768393103872256 ], [ -111.410309814245608, 56.768392028026831 ], [ -111.410311774205795, 56.768571699890295 ], [ -111.410968122991761, 56.768749217453674 ] ] ] } },
{ "type": "Feature", "properties": { "area_km2": 0.0056 }, "geometry": { "type": "Polygon", "coordinates": [ [ [ -111.406969862719734, 56.762114226777278 ], [ -111.406967919199985, 56.76193455465171 ], [ -111.407295054464541, 56.761933486791783 ], [ -111.40728727436256, 56.761214798266067 ], [ -111.406631074462908, 56.761037260910705 ], [ -111.406633016307822, 56.761216933069818 ], [ -111.406305887246646, 56.761217999184701 ], [ -111.406313648603188, 56.761936687797508 ], [ -111.406969862719734, 56.762114226777278 ] ] ] } },
{ "type": "Feature", "properties": { "area_km2": 0.0092 }, "geometry": { "type": "Polygon", "coordinates": [ [ [ -111.456210405350788, 56.749006939079685 ], [ -111.456208227768485, 56.748827267737745 ], [ -111.456535246994889, 56.748826070905729 ], [ -111.456528709717276, 56.748287056872698 ], [ -111.456201695173164, 56.748288253680293 ], [ -111.456199517691928, 56.748108582317272 ], [ -111.455218478590268, 56.748112167570341 ], [ -111.455216305816421, 56.747932496177675 ], [ -111.454889294292798, 56.747933689538819 ], [ -111.454891465505938, 56.748113360939591 ], [ -111.454564452396411, 56.748114553451309 ], [ -111.454568791776765, 56.74847389625328 ], [ -111.454895808007777, 56.748472703725348 ], [ -111.454897979296476, 56.748652375110332 ], [ -111.455224997063056, 56.748651181716738 ], [ -111.45555636370058, 56.749009330187242 ], [ -111.456210405350788, 56.749006939079685 ] ] ] } },
{ "type": "Feature", "properties": { "area_km2": 0.0072 }, "geometry": { "type": "Polygon", "coordinates": [ [ [ -111.378920700577879, 56.738125667943933 ], [ -111.379244011143271, 56.737765327072857 ], [ -111.378917084756097, 56.737766321088394 ], [ -111.378915276876654, 56.737586647652726 ], [ -111.378588352028245, 56.737587640804271 ], [ -111.378257817701723, 56.73722928618453 ], [ -111.377603974139035, 56.737231268174511 ], [ -111.377602172561211, 56.737051594696126 ], [ -111.377275252308195, 56.737052584398555 ], [ -111.376951928972076, 56.737412920222191 ], [ -111.37727885236535, 56.737411931363539 ], [ -111.377280652425256, 56.73759160483813 ], [ -111.377607577357367, 56.737590615115501 ], [ -111.377938108689975, 56.737948971442194 ], [ -111.378591964688596, 56.737946987683827 ], [ -111.37859377105022, 56.738126661115736 ], [ -111.378920700577879, 56.738125667943933 ] ] ] } },
{ "type": "Feature", "properties": { "area_km2": 0.016 }, "geometry": { "type": "Polygon", "coordinates": [ [ [ -111.403751870920217, 56.736610295287022 ], [ -111.403749944636218, 56.736430622350071 ], [ -111.404076858459177, 56.736429563235468 ], [ -111.404071075062532, 56.735890544414687 ], [ -111.403415332116523, 56.735712988778353 ], [ -111.403409558345118, 56.735173969851289 ], [ -111.402753830993973, 56.734996410693412 ], [ -111.402749988207006, 56.734637064676505 ], [ -111.402423089889766, 56.734638120290597 ], [ -111.402421170089099, 56.734458447267087 ], [ -111.401765459847013, 56.734280882866436 ], [ -111.401767376506655, 56.73446055590955 ], [ -111.401440479682066, 56.734461608945104 ], [ -111.401446225116104, 56.73500062806437 ], [ -111.401773126618949, 56.734999575007329 ], [ -111.401775043367493, 56.735179248029418 ], [ -111.402430769315089, 56.735356812332093 ], [ -111.402434609161375, 56.735716158321289 ], [ -111.402761516835369, 56.735715102664145 ], [ -111.403096116923294, 56.736432738007721 ], [ -111.403751870920217, 56.736610295287022 ] ] ] } },
{ "type": "Feature", "properties": { "area_km2": 0.01 }, "geometry": { "type": "Polygon", "coordinates": [ [ [ -111.477588574671643, 56.732755715709132 ], [ -111.477586296456934, 56.732576044442261 ], [ -111.478240050676973, 56.732573538255949 ], [ -111.478237769370409, 56.732393867000837 ], [ -111.478889235968055, 56.73221168616012 ], [ -111.478886951596238, 56.732032014911532 ], [ -111.478560079229695, 56.732033270121669 ], [ -111.478228644408759, 56.731675181927685 ], [ -111.477574905779647, 56.731677688028817 ], [ -111.477577183862266, 56.731857359322056 ], [ -111.476923442009351, 56.731859862012151 ], [ -111.476925717000242, 56.732039533317128 ], [ -111.47659884447512, 56.732040783385159 ], [ -111.476603391417839, 56.732400125996293 ], [ -111.476930267061164, 56.732398875911272 ], [ -111.476932542131195, 56.732578547200426 ], [ -111.477588574671643, 56.732755715709132 ] ] ] } },
{ "type": "Feature", "properties": { "area_km2": 0.0044 }, "geometry": { "type": "Polygon", "coordinates": [ [ [ -111.358558653704193, 56.728483229057844 ], [ -111.358882076888918, 56.728122940298825 ], [ -111.358555233436519, 56.728123880820242 ], [ -111.358551813248198, 56.727764532561643 ], [ -111.357896425572051, 56.727586736858221 ], [ -111.357898132518997, 56.727766411008162 ], [ -111.357571292124703, 56.727767348946031 ], [ -111.357574702960434, 56.728126697242921 ], [ -111.357901546472277, 56.72812575929229 ], [ -111.357903253478597, 56.728305433426478 ], [ -111.358558653704193, 56.728483229057844 ] ] ] } },
{ "type": "Feature", "properties": { "area_km2": 0.0104 }, "geometry": { "type": "Polygon", "coordinates": [ [ [ -111.407548475994673, 56.724918783054918 ], [ -111.40754653246114, 56.724739109863002 ], [ -111.407873344679857, 56.724738040934646 ], [ -111.407863619558441, 56.723839674932556 ], [ -111.407536815131536, 56.723840743824589 ], [ -111.40753292835744, 56.72348139737241 ], [ -111.407206127024608, 56.72348246539314 ], [ -111.407208068842095, 56.723662138629102 ], [ -111.406881265928448, 56.723663205800335 ], [ -111.406883206210168, 56.723842879038308 ], [ -111.406556401715704, 56.723843945360017 ], [ -111.406233471596337, 56.724204357314093 ], [ -111.406560279229936, 56.724203291834684 ], [ -111.406566095669859, 56.724742311507249 ], [ -111.406892907956134, 56.72474124514931 ], [ -111.406894848372829, 56.724920918355743 ], [ -111.407548475994673, 56.724918783054918 ] ] ] } },
{ "type": "Feature", "properties": { "area_km2": 0.01 }, "geometry": { "type": "Polygon", "coordinates": [ [ [ -111.407859729667734, 56.723480328494901 ], [ -111.407857784756217, 56.723300655268204 ], [ -111.408509436187103, 56.723118841740039 ], [ -111.408497748628548, 56.72204080232509 ], [ -111.408170959829036, 56.722041872857901 ], [ -111.408169013539791, 56.721862199596387 ], [ -111.407517382162339, 56.722044011353361 ], [ -111.407525155079639, 56.72276270440495 ], [ -111.407198359979787, 56.72276377239664 ], [ -111.407204185229631, 56.723302792151898 ], [ -111.407859729667734, 56.723480328494901 ] ] ] } },
{ "type": "Feature", "properties": { "area_km2": 0.0324 }, "geometry": { "type": "Polygon", "coordinates": [ [ [ -111.404933964967825, 56.724927303694727 ], [ -111.404932033901659, 56.724747630444902 ], [ -111.405583724515651, 56.724565832199616 ], [ -111.405579856261753, 56.724206485702545 ], [ -111.406231534386322, 56.724024684072141 ], [ -111.406229597198788, 56.723845010824945 ], [ -111.405902792659404, 56.723846075433087 ], [ -111.405896985906423, 56.723307055638209 ], [ -111.406223785770933, 56.723305991051767 ], [ -111.406219911598001, 56.722946644510031 ], [ -111.40654670832356, 56.722945579081319 ], [ -111.40653701549337, 56.722047212671171 ], [ -111.406210226558727, 56.722048278063681 ], [ -111.406208289618249, 56.721868604758626 ], [ -111.405881502219287, 56.721869669287166 ], [ -111.405883437601645, 56.722049342599462 ], [ -111.40555664862211, 56.722050406278534 ], [ -111.405558582468743, 56.722230079592777 ], [ -111.404906932078859, 56.722411877718649 ], [ -111.404910793651467, 56.722771224349749 ], [ -111.404583998372033, 56.722772285487515 ], [ -111.404587856917729, 56.723131632112008 ], [ -111.404261058499443, 56.723132692407447 ], [ -111.404268769626157, 56.723851385622197 ], [ -111.403617084977157, 56.724033177005332 ], [ -111.403951596571886, 56.724750811525816 ], [ -111.404278409037516, 56.724749752022312 ], [ -111.404280336986844, 56.724929425286568 ], [ -111.404933964967825, 56.724927303694727 ] ] ] } },
{ "type": "Feature", "properties": { "area_km2": 8.1012 }, "geometry": { "type": "Polygon", "coordinates": [ [ [ -111.437324172962988, 56.868560074000371 ], [ -111.437319979083014, 56.868200737317942 ], [ -111.437648040230755, 56.868199588475278 ], [ -111.437627056566768, 56.866402904826202 ], [ -111.437299011147175, 56.866404053590621 ], [ -111.437618663784818, 56.865684231219475 ], [ -111.437290624655958, 56.865685379952588 ], [ -111.437265467524142, 56.863529358534144 ], [ -111.436937447241377, 56.863530506312046 ], [ -111.437257082594044, 56.862810684559875 ], [ -111.436598961556427, 56.862633310669509 ], [ -111.436594775575784, 56.862273973609071 ], [ -111.436266766250867, 56.862275119609706 ], [ -111.436262583512189, 56.861915782512654 ], [ -111.435604482890184, 56.861738403326889 ], [ -111.435600306586409, 56.861379066167125 ], [ -111.43527230504985, 56.86138020954499 ], [ -111.434935963750391, 56.860662677616773 ], [ -111.434607968453989, 56.860663819241061 ], [ -111.434605885152124, 56.860484150608933 ], [ -111.43427789140361, 56.86048529136422 ], [ -111.434273728016777, 56.860125954068671 ], [ -111.433945737388257, 56.860127093947213 ], [ -111.433943657303246, 56.859947425283785 ], [ -111.433285602201096, 56.859770033757577 ], [ -111.433281448440212, 56.859410696373459 ], [ -111.432623405890141, 56.859233301324757 ], [ -111.432619258562127, 56.858873963878132 ], [ -111.432291278816962, 56.858875099396528 ], [ -111.431955017256527, 56.858157559035625 ], [ -111.431297002977331, 56.857980156921741 ], [ -111.431272197927228, 56.855824131114716 ], [ -111.430944244806469, 56.855825263057383 ], [ -111.430925657435225, 56.854208243136334 ], [ -111.430597718434555, 56.854209374148603 ], [ -111.430595654862685, 56.854029705234517 ], [ -111.429941840361209, 56.854211633590118 ], [ -111.429960385300078, 56.855828653719023 ], [ -111.429306536367889, 56.856010578747117 ], [ -111.429304478842596, 56.855830909854802 ], [ -111.428976525577951, 56.855832036631092 ], [ -111.428972413742443, 56.855472698815362 ], [ -111.428314460689279, 56.855295280823022 ], [ -111.4283103552836, 56.854935942945097 ], [ -111.427652414779203, 56.854758521431563 ], [ -111.427646266350493, 56.854219514513623 ], [ -111.427318327110598, 56.854220636915791 ], [ -111.427314231420269, 56.85386129892894 ], [ -111.4269862952995, 56.853862420454824 ], [ -111.426980156656924, 56.853323413412248 ], [ -111.426652225226633, 56.853324534054231 ], [ -111.426644046988557, 56.852605857893373 ], [ -111.426316121819937, 56.85260697764388 ], [ -111.426314078891195, 56.852427308582918 ], [ -111.425656191862942, 56.85224987640435 ], [ -111.425650072718142, 56.851710869128468 ], [ -111.425322155334712, 56.851711986258053 ], [ -111.425320117238442, 56.851532317147985 ], [ -111.424662250612798, 56.851354879678617 ], [ -111.42465614596442, 56.850815872255545 ], [ -111.424328236365895, 56.850816986764379 ], [ -111.424326203101572, 56.850637317605248 ], [ -111.423998295050509, 56.850638431245606 ], [ -111.423994231735051, 56.850279092896436 ], [ -111.423666326802589, 56.850280205660731 ], [ -111.423660236719826, 56.849741198074852 ], [ -111.423332336476946, 56.849742309955545 ], [ -111.42332219466617, 56.848843963836181 ], [ -111.423650087054099, 56.848842851993354 ], [ -111.423646027353058, 56.848483513523981 ], [ -111.423973916575505, 56.848482400835472 ], [ -111.423971885189502, 56.848302731600491 ], [ -111.424955548002316, 56.848299388392775 ], [ -111.425279360291142, 56.847938933843579 ], [ -111.424951475875972, 56.847940049952584 ], [ -111.424949439848305, 56.847760380724615 ], [ -111.424291641226262, 56.847582941096618 ], [ -111.424287575572535, 56.847223602584052 ], [ -111.423959697369639, 56.847224716080298 ], [ -111.423955634952009, 56.846865377531564 ], [ -111.423627759867017, 56.846866490151882 ], [ -111.423623700685326, 56.846507151566968 ], [ -111.423295828718182, 56.846508263311371 ], [ -111.423285689030351, 56.845609916719326 ], [ -111.422957824892947, 56.845611027565141 ], [ -111.422953772324107, 56.845251688876431 ], [ -111.422625911304337, 56.845252798846381 ], [ -111.422607690045496, 56.843635774419184 ], [ -111.422279843136664, 56.843636883460455 ], [ -111.422269728890996, 56.842738536334871 ], [ -111.421612031068605, 56.842561082304016 ], [ -111.421607991863212, 56.842201743376329 ], [ -111.421280157446645, 56.842202849775326 ], [ -111.421274103525434, 56.841663841321818 ], [ -111.420946273796133, 56.841664946837604 ], [ -111.420942241106388, 56.84130560782728 ], [ -111.420284574688907, 56.84112814671888 ], [ -111.420276522245601, 56.84040946855405 ], [ -111.419948703437115, 56.840410571435449 ], [ -111.419946691954877, 56.840230901873603 ], [ -111.419289049089215, 56.840053435457612 ], [ -111.419281016047933, 56.839334757076692 ], [ -111.418623392045859, 56.839157287102346 ], [ -111.418613367085626, 56.838258938906868 ], [ -111.418285567000183, 56.838260037395692 ], [ -111.418277553730988, 56.837541358714873 ], [ -111.417619965929475, 56.837363883352992 ], [ -111.417613965710572, 56.836824874226657 ], [ -111.417286178113727, 56.836825970074301 ], [ -111.417276186062423, 56.835927621388059 ], [ -111.417603965810855, 56.835926525577726 ], [ -111.417591966698524, 56.834848507025697 ], [ -111.417264196367611, 56.834849602791273 ], [ -111.417262198166455, 56.834669933006765 ], [ -111.41660666057399, 56.83467212194185 ], [ -111.416604665535075, 56.834492452137177 ], [ -111.415947139112077, 56.83431496779108 ], [ -111.415941163620786, 56.833775958285173 ], [ -111.415613402590736, 56.833777049704238 ], [ -111.415603451748623, 56.832878700385535 ], [ -111.415275698542317, 56.832879790907135 ], [ -111.415271721506059, 56.832520451128033 ], [ -111.415599471573742, 56.832519360621284 ], [ -111.415591511501603, 56.831800681029776 ], [ -111.415263767710968, 56.831801771506839 ], [ -111.415255814285743, 56.831083091801609 ], [ -111.414928076748723, 56.831084181388697 ], [ -111.414916156718917, 56.830006161628795 ], [ -111.415243884841374, 56.830005072086216 ], [ -111.415231956229078, 56.828927052181776 ], [ -111.415559674914505, 56.828925961823522 ], [ -111.415545748269651, 56.827668271748024 ], [ -111.415873455949907, 56.827667180581578 ], [ -111.415871464952929, 56.827487510557219 ], [ -111.416854583148321, 56.827484231919328 ], [ -111.416852587468171, 56.827304561912037 ], [ -111.417180291918157, 56.827303467319908 ], [ -111.417176297489959, 56.826944127304472 ], [ -111.416848596177445, 56.826945221881694 ], [ -111.416840613874427, 56.826226541757968 ], [ -111.416512918813496, 56.826227635445285 ], [ -111.416502949299655, 56.825329285135247 ], [ -111.416175262058601, 56.825330377925255 ], [ -111.416171277552408, 56.824971037749599 ], [ -111.415843593425294, 56.824972129664665 ], [ -111.415837621545165, 56.824433119339474 ], [ -111.4155099421004, 56.824434210372196 ], [ -111.415494030652027, 56.822996849214512 ], [ -111.415821697549575, 56.822995758241198 ], [ -111.415815726432967, 56.822456747742692 ], [ -111.415158414835147, 56.822279258593248 ], [ -111.41515444052564, 56.821919918194432 ], [ -111.414826782991511, 56.821921007403269 ], [ -111.414820826405034, 56.821381996743433 ], [ -111.414493173552401, 56.82138308507006 ], [ -111.414461433687038, 56.818508360634027 ], [ -111.414789061451373, 56.818507272425926 ], [ -111.414785091247467, 56.818147931791692 ], [ -111.415112715853013, 56.818146842738564 ], [ -111.415110729217858, 56.817967172420992 ], [ -111.415763985476318, 56.817785321442081 ], [ -111.415760006050292, 56.817425980810349 ], [ -111.41608762431531, 56.817424889207423 ], [ -111.416081650646504, 56.816885878242729 ], [ -111.416734883388671, 56.816704022184894 ], [ -111.416728900591579, 56.816165011201804 ], [ -111.417056507813243, 56.816163917071584 ], [ -111.417052516262515, 56.815804576404808 ], [ -111.417380120325745, 56.815803481429718 ], [ -111.417368136824891, 56.81472545934804 ], [ -111.417695731459673, 56.81472436355795 ], [ -111.417689735320195, 56.814185352468577 ], [ -111.418017325229371, 56.814184255841155 ], [ -111.418007324291167, 56.813285903957784 ], [ -111.418334906340164, 56.813284806508008 ], [ -111.418328901354215, 56.812745795337356 ], [ -111.418656478678017, 56.81274469705032 ], [ -111.418980046501801, 56.812384257126844 ], [ -111.419637202625083, 56.812561726660483 ], [ -111.419635194763842, 56.812382056284441 ], [ -111.419962768859889, 56.812380954573769 ], [ -111.419958750072965, 56.812021613820924 ], [ -111.419631179111377, 56.812022715516605 ], [ -111.419623148086416, 56.811304033917864 ], [ -111.4192955833702, 56.811305134723931 ], [ -111.419285552949376, 56.810406782569835 ], [ -111.418957996045336, 56.810407882478856 ], [ -111.418949978396299, 56.80968920063107 ], [ -111.418622427736992, 56.809690299650576 ], [ -111.418616419445627, 56.809151288187117 ], [ -111.418288873463908, 56.809152386324641 ], [ -111.418278867944721, 56.808254033743104 ], [ -111.417951329774141, 56.808255130983738 ], [ -111.417943332044473, 56.80753644879406 ], [ -111.417615800117844, 56.807537545145351 ], [ -111.417599818307067, 56.806100180454109 ], [ -111.417272298890708, 56.806101275886256 ], [ -111.417260322906799, 56.805023252102423 ], [ -111.416932812866605, 56.805024346630411 ], [ -111.416922841350029, 56.8041259932955 ], [ -111.416595339118956, 56.804127086926876 ], [ -111.416581390933288, 56.802869391985219 ], [ -111.416253899643522, 56.802870484705153 ], [ -111.416241954355996, 56.801792460219907 ], [ -111.415914472440505, 56.801793552035917 ], [ -111.415906515642618, 56.801074868910952 ], [ -111.415579039968577, 56.801075959837959 ], [ -111.4155710898047, 56.800357276599236 ], [ -111.415243620371839, 56.800358366637283 ], [ -111.415225747947346, 56.798741328976057 ], [ -111.414898292584979, 56.798742418088125 ], [ -111.414890356148305, 56.798023734516889 ], [ -111.414562907026237, 56.798024822740146 ], [ -111.414556959638034, 56.797485809984316 ], [ -111.414229515190243, 56.797486897326195 ], [ -111.414223572706447, 56.796947884500888 ], [ -111.413896132932805, 56.796948970961402 ], [ -111.413890195353062, 56.796409958066633 ], [ -111.413562760253413, 56.796411043645854 ], [ -111.413556827577409, 56.795872030681629 ], [ -111.413229397151611, 56.795873115379571 ], [ -111.413223469379005, 56.795334102345926 ], [ -111.41289604362693, 56.79533518616261 ], [ -111.412886172292332, 56.794436830964599 ], [ -111.412558754344715, 56.794437913885353 ], [ -111.412542973924658, 56.793000545236339 ], [ -111.412215568477052, 56.793001627239114 ], [ -111.412191919378287, 56.790845573546797 ], [ -111.411864532689975, 56.790846654602284 ], [ -111.411860594624059, 56.79048731223196 ], [ -111.412187978182274, 56.790486231191188 ], [ -111.412178125592732, 56.789587875210223 ], [ -111.411850749859482, 56.789588956214217 ], [ -111.411840905666566, 56.788690600065117 ], [ -111.411513537734947, 56.78869168017345 ], [ -111.411509603347511, 56.788332337662325 ], [ -111.411836968149444, 56.788331257568679 ], [ -111.411807439686058, 56.785636188175637 ], [ -111.41213478099489, 56.785635107333441 ], [ -111.412122961662746, 56.784557079289321 ], [ -111.412450293561747, 56.784555997632509 ], [ -111.412444379511257, 56.784016983561607 ], [ -111.41211705230549, 56.784018065196335 ], [ -111.412103264605747, 56.782760365462103 ], [ -111.412430580861297, 56.782759283878882 ], [ -111.412424667497504, 56.782220269650317 ], [ -111.412097355934634, 56.782221351211462 ], [ -111.412091447469379, 56.781682336913541 ], [ -111.411764140576153, 56.781683417593946 ], [ -111.41175626919906, 56.780964731760406 ], [ -111.411428968539454, 56.780965811552782 ], [ -111.411423069938692, 56.780426797100432 ], [ -111.411095773948375, 56.780427876012148 ], [ -111.410764551904904, 56.780069611041391 ], [ -111.410437258997007, 56.780070688221251 ], [ -111.410439220436785, 56.780250359743142 ], [ -111.410111925942118, 56.780251436071715 ], [ -111.409788548116495, 56.78061185459898 ], [ -111.409133952757358, 56.780614002992323 ], [ -111.409135908009276, 56.7807936745277 ], [ -111.40880860873159, 56.78079474744375 ], [ -111.408816423709894, 56.78151343356194 ], [ -111.409143729243965, 56.781512360616702 ], [ -111.40914959540838, 56.782051375128276 ], [ -111.409476905612223, 56.782050301302469 ], [ -111.409480819630446, 56.782409644269293 ], [ -111.409808132939972, 56.782408569570201 ], [ -111.409819884925682, 56.78348659830074 ], [ -111.410147207598129, 56.78348552269906 ], [ -111.410160930233786, 56.7847432225944 ], [ -111.409833596610596, 56.784744298247311 ], [ -111.409843391353675, 56.785642655194373 ], [ -111.409516049885198, 56.785643730025093 ], [ -111.409518007337525, 56.785823401406063 ], [ -111.409190664281766, 56.785824475385311 ], [ -111.409188708394012, 56.785644803997037 ], [ -111.408532072607557, 56.78546727795645 ], [ -111.408528167203684, 56.785107935124437 ], [ -111.408200830337975, 56.785109006498161 ], [ -111.408194977095647, 56.784569992188878 ], [ -111.407867644900691, 56.784571062681991 ], [ -111.40786374598126, 56.784211719768308 ], [ -111.407536416892512, 56.784212789388114 ], [ -111.407530573376278, 56.783673774956348 ], [ -111.406873979852406, 56.783496240073838 ], [ -111.406870090590516, 56.783136897053474 ], [ -111.407197410338355, 56.783135829194734 ], [ -111.407189625828508, 56.782417143120028 ], [ -111.406862312337694, 56.782418210949714 ], [ -111.40685647888516, 56.781879196316737 ], [ -111.406529170064374, 56.781880263265968 ], [ -111.406515570414115, 56.780622562220977 ], [ -111.408473501071953, 56.780077133269728 ], [ -111.408465693075343, 56.779358446954248 ], [ -111.4081384062642, 56.779359518094736 ], [ -111.408132555196389, 56.778820503281089 ], [ -111.408459837315874, 56.778819432162457 ], [ -111.408457885441365, 56.778639760554675 ], [ -111.409112446484613, 56.778637615756317 ], [ -111.409110491505103, 56.778457944157893 ], [ -111.409437770428866, 56.77845687047818 ], [ -111.409439726972195, 56.7786365420693 ], [ -111.410096247572938, 56.778814063690888 ], [ -111.410104086575501, 56.779532749923334 ], [ -111.410431374814294, 56.779531673624049 ], [ -111.410433336185761, 56.779711345161708 ], [ -111.411089880245058, 56.77988886149047 ], [ -111.411087915722902, 56.779709189972735 ], [ -111.411415205457274, 56.779708111090358 ], [ -111.411397511709524, 56.77809106726032 ], [ -111.411724787346273, 56.778089987585481 ], [ -111.411720852525889, 56.777730644469024 ], [ -111.411393580016664, 56.777731724129183 ], [ -111.411391614204462, 56.77755205255572 ], [ -111.411064343236177, 56.777553131350011 ], [ -111.410740997637276, 56.777913552456795 ], [ -111.410086449331715, 56.777915705782092 ], [ -111.410084489751739, 56.777736034184564 ], [ -111.409757217128572, 56.777737109552099 ], [ -111.409755259135082, 56.777557437942015 ], [ -111.409098762104747, 56.777379914456944 ], [ -111.409092897710977, 56.776840899535522 ], [ -111.408765632838197, 56.776841972290988 ], [ -111.408757820218725, 56.776123285626362 ], [ -111.408430561577774, 56.776124357494169 ], [ -111.408424707041959, 56.775585342418651 ], [ -111.408751960992234, 56.775584270572715 ], [ -111.408740243151428, 56.774506240323554 ], [ -111.408412998582023, 56.774507312125735 ], [ -111.408403242155075, 56.773608953403802 ], [ -111.408076005379911, 56.773610024311139 ], [ -111.408072106094338, 56.773250680771014 ], [ -111.408399339742871, 56.773249609878249 ], [ -111.408722667920586, 56.772889194595116 ], [ -111.409377128851219, 56.772887048546892 ], [ -111.409375173034633, 56.772707376787608 ], [ -111.409702401902635, 56.77270630248325 ], [ -111.409698487211145, 56.772346958963546 ], [ -111.409371261469587, 56.772348033253287 ], [ -111.409367349995364, 56.771988689697949 ], [ -111.409040127357471, 56.771989763114739 ], [ -111.409036219100372, 56.771630419523767 ], [ -111.408708999566088, 56.77163149206762 ], [ -111.408705094525956, 56.771272148441049 ], [ -111.408377878095251, 56.771273220112001 ], [ -111.408370074539206, 56.770554532766646 ], [ -111.4080428643381, 56.770555603550143 ], [ -111.408037016597845, 56.770016587964093 ], [ -111.4077098110631, 56.770017657867463 ], [ -111.40770396821533, 56.769478642212292 ], [ -111.407376767346818, 56.769479711235576 ], [ -111.407367037533703, 56.768581351668814 ], [ -111.407039844456946, 56.768582419797518 ], [ -111.407028178803259, 56.767504388100406 ], [ -111.406700995080584, 56.767505455327324 ], [ -111.40668739711667, 56.7662477513908 ], [ -111.406360224310035, 56.766248817708757 ], [ -111.406356342505561, 56.765889473665098 ], [ -111.406683512187058, 56.765888407361643 ], [ -111.406677684961736, 56.765349391278491 ], [ -111.407004849933088, 56.765348324138692 ], [ -111.407000962103979, 56.7649889800715 ], [ -111.406673800257579, 56.76499004719679 ], [ -111.406662146686145, 56.763912014825557 ], [ -111.406989299158084, 56.763910947743803 ], [ -111.406983467989718, 56.763371931509027 ], [ -111.40665632020476, 56.763372998568997 ], [ -111.406652435996534, 56.76301365437169 ], [ -111.406979580656923, 56.76301258732623 ], [ -111.406977637024369, 56.762832915226937 ], [ -111.40665049392625, 56.762833982265143 ], [ -111.40664855187849, 56.762654310153351 ], [ -111.405996207662383, 56.762836113767406 ], [ -111.406327231844173, 56.763194392667629 ], [ -111.405674876714713, 56.763376194600539 ], [ -111.405682626653601, 56.764094883019077 ], [ -111.405355472529223, 56.764095946675745 ], [ -111.405357408507783, 56.764275618774469 ], [ -111.404703097066886, 56.764277743528019 ], [ -111.404705029943116, 56.764457415635945 ], [ -111.404052645061469, 56.764639209088678 ], [ -111.404050715287667, 56.764459536971572 ], [ -111.403723557926341, 56.764460596352244 ], [ -111.403719701570708, 56.764101252087862 ], [ -111.403063468010998, 56.763923696091666 ], [ -111.403055768156392, 56.763205007421277 ], [ -111.402728621664437, 56.763206064177339 ], [ -111.402724774995718, 56.762846719796244 ], [ -111.402397631605979, 56.762847775679894 ], [ -111.402393788151016, 56.762488431263414 ], [ -111.40206664786345, 56.762489486274674 ], [ -111.402051287432855, 56.76105210834119 ], [ -111.401395114955747, 56.760874543395282 ], [ -111.401383614446374, 56.759796509606979 ], [ -111.4010564975232, 56.759797561936779 ], [ -111.401048837209473, 56.759078872610857 ], [ -111.401375947885001, 56.759077820309678 ], [ -111.401699222267354, 56.75871742248475 ], [ -111.402680544722458, 56.758714257902994 ], [ -111.402682467532344, 56.758893930217035 ], [ -111.40333668551456, 56.758891816191955 ], [ -111.40333861147046, 56.759071488486342 ], [ -111.40366572198991, 56.759070430179733 ], [ -111.40366764953005, 56.759250102461671 ], [ -111.403994761589018, 56.759249043289934 ], [ -111.404325735020592, 56.75960732777957 ], [ -111.404979965274137, 56.759605205117602 ], [ -111.404981899129112, 56.759784877354932 ], [ -111.405309015784155, 56.759783814729822 ], [ -111.405310951223527, 56.759963486954661 ], [ -111.40563806941806, 56.759962423464373 ], [ -111.405640006441843, 56.76014209567672 ], [ -111.405967126175867, 56.76014103132124 ], [ -111.406298126250391, 56.760499310487795 ], [ -111.406950428537073, 56.760317505285208 ], [ -111.406944598722077, 56.759778488735122 ], [ -111.406617482179513, 56.759779555649935 ], [ -111.406615540514892, 56.7595998834488 ], [ -111.406288425511732, 56.759600949498427 ], [ -111.405957433472011, 56.759242670243111 ], [ -111.404976097631504, 56.759245860627182 ], [ -111.40497416384386, 56.759066188374092 ], [ -111.404319942961706, 56.759068310992753 ], [ -111.404318012320218, 56.758888638719974 ], [ -111.403990903407376, 56.75888969873521 ], [ -111.403988974350128, 56.758710026449961 ], [ -111.403661866976748, 56.758711085600076 ], [ -111.403659939503726, 56.758531413302364 ], [ -111.403332833669793, 56.758532471587394 ], [ -111.403001879181744, 56.758174184374553 ], [ -111.402347673649416, 56.758176296626345 ], [ -111.402345752490575, 56.757996624284125 ], [ -111.402018651252718, 56.757997679116002 ], [ -111.402014812125401, 56.757638334401442 ], [ -111.401687713988778, 56.757639388361113 ], [ -111.402007134138088, 56.756919644909274 ], [ -111.401351034018234, 56.75674207951289 ], [ -111.401345285198104, 56.75620306227983 ], [ -111.401018199510219, 56.756204114466499 ], [ -111.401014370197771, 56.755844769603875 ], [ -111.400358293501782, 56.755667198921664 ], [ -111.400352559135413, 56.755128181529678 ], [ -111.400025482750081, 56.755129231100035 ], [ -111.400021663072991, 56.754769886131491 ], [ -111.399694589788425, 56.7547709348298 ], [ -111.399688865123238, 56.75423191731619 ], [ -111.399361796500756, 56.754232965135337 ], [ -111.399354170169218, 56.753514275015121 ], [ -111.39902710777001, 56.753515321948015 ], [ -111.399017583159676, 56.752616959143936 ], [ -111.398690528544691, 56.752618005183521 ], [ -111.398686721977697, 56.752258660010888 ], [ -111.398359670463051, 56.752259705178545 ], [ -111.398352063838658, 56.751541014741797 ], [ -111.398025018546548, 56.75154205902335 ], [ -111.39801551856786, 56.750643695823669 ], [ -111.397688481059049, 56.750644739212063 ], [ -111.397680887716845, 56.749926048529368 ], [ -111.398007918981691, 56.749925005169352 ], [ -111.398002219523548, 56.749385987123439 ], [ -111.397675192941463, 56.749387030462181 ], [ -111.397669498364294, 56.748848012347693 ], [ -111.397996520263774, 56.748846969030247 ], [ -111.397983222762377, 56.747589259962226 ], [ -111.398310233714341, 56.747588215836892 ], [ -111.398302629384261, 56.746869524853679 ], [ -111.398954734587932, 56.746687761342507 ], [ -111.398947118214252, 56.745969070311084 ], [ -111.399274115054283, 56.74596802367715 ], [ -111.399268398324395, 56.745429005369743 ], [ -111.399595390460746, 56.745427957899693 ], [ -111.399582041275011, 56.744170248381707 ], [ -111.399909022466218, 56.744169200104075 ], [ -111.399899480195586, 56.743270836040629 ], [ -111.400226453563036, 56.743269786941212 ], [ -111.400220723785566, 56.742730768461492 ], [ -111.399893755098901, 56.7427318175395 ], [ -111.399891846777606, 56.742552144695281 ], [ -111.400218813904061, 56.742551095624407 ], [ -111.40054195819144, 56.742190700020494 ], [ -111.401195886092779, 56.742188597620441 ], [ -111.401193971597252, 56.742008924789012 ], [ -111.40152093395443, 56.742007872310083 ], [ -111.401832556163427, 56.740569436247782 ], [ -111.402159505995513, 56.740568382111455 ], [ -111.402155668066484, 56.740209036391725 ], [ -111.402482614756337, 56.740207981412432 ], [ -111.402478773796432, 56.739848635686023 ], [ -111.402805717344108, 56.739847579863778 ], [ -111.4027999513916, 56.739308561256294 ], [ -111.402473012523643, 56.73930961705701 ], [ -111.402471092143927, 56.739129944170152 ], [ -111.402144154813556, 56.739130999106415 ], [ -111.402146073633403, 56.739310672000443 ], [ -111.401494111508484, 56.73949245221857 ], [ -111.401499858808791, 56.740031470896326 ], [ -111.401172913612157, 56.740032523296549 ], [ -111.401176742136869, 56.740391869069754 ], [ -111.400849793798088, 56.740392920626967 ], [ -111.40085361929161, 56.740752266393443 ], [ -111.400526667810638, 56.740753317107639 ], [ -111.400532401537149, 56.741292335739381 ], [ -111.400205445353848, 56.741293385617652 ], [ -111.399886121946551, 56.742013126131091 ], [ -111.3995591594785, 56.742014174323188 ], [ -111.399561066173206, 56.742193847190308 ], [ -111.398909041646917, 56.742375613892726 ], [ -111.398912848906107, 56.742734959629161 ], [ -111.39858588013098, 56.7427360052776 ], [ -111.398601097568744, 56.744173388069974 ], [ -111.398274116289173, 56.744174432917852 ], [ -111.398276017007802, 56.744354105750347 ], [ -111.397623948881645, 56.744535865729446 ], [ -111.397635335063327, 56.745613902667756 ], [ -111.397308341234094, 56.745614945000028 ], [ -111.397314029940517, 56.746153963419516 ], [ -111.396987031407647, 56.746155004915529 ], [ -111.396992715630262, 56.746694023308962 ], [ -111.396665712393613, 56.746695063968723 ], [ -111.396669498863986, 56.747054409552241 ], [ -111.396342492484081, 56.747055449368617 ], [ -111.396350059445609, 56.747774140500866 ], [ -111.396023046800948, 56.747775179487959 ], [ -111.396028717570275, 56.748314197803182 ], [ -111.395701700221395, 56.74831523595391 ], [ -111.395703588960885, 56.748494908722201 ], [ -111.3950495510758, 56.748496982465056 ], [ -111.395047665457895, 56.748317309682655 ], [ -111.394720648043332, 56.748318345260678 ], [ -111.394716879994718, 56.747958999666054 ], [ -111.394389865679841, 56.747960034372412 ], [ -111.394382336087773, 56.747241343091972 ], [ -111.394055327993939, 56.747242376912652 ], [ -111.394044043624774, 56.746164339792216 ], [ -111.394371042354834, 56.746163306013706 ], [ -111.394363513636279, 56.745444614523109 ], [ -111.395015613300515, 56.745262871578184 ], [ -111.395008072535077, 56.744544180038822 ], [ -111.395335057155137, 56.744543143751216 ], [ -111.395323737300913, 56.743465106326823 ], [ -111.394996762043021, 56.743466142572146 ], [ -111.394991107092196, 56.742927123767878 ], [ -111.395318077669273, 56.742926087543694 ], [ -111.395314304690942, 56.742566741662017 ], [ -111.395641272125687, 56.742565704594526 ], [ -111.395306758996881, 56.741848049835568 ], [ -111.395633720190915, 56.741847012796292 ], [ -111.395624280765205, 56.740948647930303 ], [ -111.395951234136859, 56.74094761006895 ], [ -111.395945566064171, 56.740408591107446 ], [ -111.396272514733852, 56.740407552409962 ], [ -111.396266842178505, 56.739868533422367 ], [ -111.39659378614634, 56.739867493888767 ], [ -111.396588109108663, 56.739328474875094 ], [ -111.396261169820548, 56.739329514387499 ], [ -111.396257388358237, 56.73897016833795 ], [ -111.396584324526614, 56.738969128839692 ], [ -111.396576755625915, 56.738250436705854 ], [ -111.39690368553309, 56.738249396378606 ], [ -111.396888536307543, 56.736812011915262 ], [ -111.39721545371512, 56.73681097078741 ], [ -111.39721166350914, 56.736451624633176 ], [ -111.397538577775521, 56.736450582662286 ], [ -111.397534784538308, 56.73609123650121 ], [ -111.397861695663536, 56.736090193687318 ], [ -111.397854103215025, 56.735371501330455 ], [ -111.398506011747173, 56.73518974009977 ], [ -111.398500308351345, 56.734650720803764 ], [ -111.398827206934584, 56.734649675475204 ], [ -111.399150297104526, 56.734289283094327 ], [ -111.400130983299093, 56.734286139437252 ], [ -111.400132892161807, 56.734465812516085 ], [ -111.400786685966295, 56.734463712444843 ], [ -111.40078477398481, 56.734284039380277 ], [ -111.401111669294409, 56.73428298806612 ], [ -111.401102101922959, 56.733384622700179 ], [ -111.400446416585694, 56.733207051296695 ], [ -111.400440685851137, 56.73266803195542 ], [ -111.400113804530847, 56.732669081491132 ], [ -111.400111895889495, 56.732489408359726 ], [ -111.398804376623943, 56.732493597903435 ], [ -111.398802474241478, 56.7323139247383 ], [ -111.397821839238162, 56.732317057875676 ], [ -111.397819941555255, 56.732137384683966 ], [ -111.397166187894626, 56.73213946914278 ], [ -111.397168082459189, 56.732319142348651 ], [ -111.39618744712601, 56.732322262630227 ], [ -111.396185557238965, 56.732142589403146 ], [ -111.394224295336315, 56.732148806783577 ], [ -111.39390117624356, 56.732509186561487 ], [ -111.393247415821051, 56.732511250479206 ], [ -111.393249291719059, 56.732690923759115 ], [ -111.39292240991594, 56.732691954439382 ], [ -111.392928033062745, 56.733230974268572 ], [ -111.392601146560153, 56.733232004112793 ], [ -111.39260301942663, 56.733411677385675 ], [ -111.392276131343024, 56.733412706379802 ], [ -111.392279874022506, 56.733772052923811 ], [ -111.391952982798571, 56.733773081074837 ], [ -111.391960462180521, 56.734491774127747 ], [ -111.392287359641898, 56.734490745948776 ], [ -111.392291102581822, 56.734850092429717 ], [ -111.392618003140342, 56.734849063379635 ], [ -111.392623622391426, 56.735388083040675 ], [ -111.392296717154522, 56.735389112111747 ], [ -111.392309818583897, 56.736646824519234 ], [ -111.391982902408401, 56.736647852782099 ], [ -111.392003475361278, 56.738624257550619 ], [ -111.391676542007175, 56.738625285033145 ], [ -111.391687755365041, 56.739703323771749 ], [ -111.391360812630026, 56.739704350438892 ], [ -111.391373884947356, 56.74096206211042 ], [ -111.391046931270751, 56.740963087969085 ], [ -111.391052529337159, 56.741502107199011 ], [ -111.390725570958679, 56.741503132221254 ], [ -111.390729299990937, 56.741862478362201 ], [ -111.390402338470565, 56.741863502541015 ], [ -111.390407927500661, 56.742402521733943 ], [ -111.390080961278159, 56.742403545076272 ], [ -111.389765154954716, 56.743482605888673 ], [ -111.389438179327513, 56.743483627557907 ], [ -111.389440037829516, 56.743663300601071 ], [ -111.389113060620431, 56.743664321419836 ], [ -111.389116774568393, 56.744023667504223 ], [ -111.388789794217075, 56.744024687479438 ], [ -111.388791649662991, 56.744204360520705 ], [ -111.38813953812172, 56.744386070962527 ], [ -111.388145095290639, 56.744925090080585 ], [ -111.387818107072761, 56.744926107518083 ], [ -111.387494817478242, 56.745286470178229 ], [ -111.386840834693288, 56.745288500793507 ], [ -111.38684268092689, 56.745468173839491 ], [ -111.386188694935257, 56.745470201038657 ], [ -111.386190538069215, 56.745649874093175 ], [ -111.385863543480809, 56.745650886413422 ], [ -111.385865385075618, 56.745830559469567 ], [ -111.386192381224589, 56.745829547142435 ], [ -111.386201597322142, 56.746727912309957 ], [ -111.385874593370204, 56.746728924671515 ], [ -111.385878276837616, 56.74708827071553 ], [ -111.385551269743019, 56.747089282233297 ], [ -111.385553109948077, 56.747268955254306 ], [ -111.385226101271442, 56.747269965921426 ], [ -111.385227939937167, 56.747449638944055 ], [ -111.38490092967848, 56.747450648760491 ], [ -111.384577590551004, 56.747811003776349 ], [ -111.38326770738847, 56.747635358037989 ], [ -111.382937039938668, 56.747277016580071 ], [ -111.381627182947639, 56.747101353558861 ], [ -111.381296535807948, 56.746743007693119 ], [ -111.379986704989065, 56.74656732738989 ], [ -111.379656078158717, 56.746208977116794 ], [ -111.379002078749764, 56.746210966640781 ], [ -111.379000269884372, 56.746031293451928 ], [ -111.377690474454965, 56.745855588961732 ], [ -111.377688671873727, 56.745675915735383 ], [ -111.377361676735703, 56.745676905760888 ], [ -111.377031082719128, 56.745318548433545 ], [ -111.376377098580747, 56.745320524170211 ], [ -111.376375302304226, 56.74514085090123 ], [ -111.376048311764265, 56.745141837476645 ], [ -111.376044722394681, 56.7447824909095 ], [ -111.375388955961498, 56.744604788156252 ], [ -111.375385372958476, 56.744245441530815 ], [ -111.375058390158316, 56.744246425500343 ], [ -111.375054810359174, 56.743887078840508 ], [ -111.374727830659012, 56.743888061939231 ], [ -111.374711736633216, 56.742271001649975 ], [ -111.37503870229088, 56.742270018611421 ], [ -111.375035122948518, 56.741910671836109 ], [ -111.375362085465071, 56.741909687953552 ], [ -111.37536029426488, 56.741730014564702 ], [ -111.374048880457792, 56.741374598077073 ], [ -111.374043525827531, 56.740835577767363 ], [ -111.374370479045652, 56.740834596496953 ], [ -111.374366906275583, 56.740475249610896 ], [ -111.37469385635292, 56.740474267496509 ], [ -111.374688492673272, 56.739935247148075 ], [ -111.374032817126007, 56.739757537006163 ], [ -111.374029247724451, 56.739398190043758 ], [ -111.373702306965484, 56.739399170403509 ], [ -111.373698740766514, 56.739039823406763 ], [ -111.373371803106636, 56.739040802895907 ], [ -111.373037745755056, 56.738323087418053 ], [ -111.372710814293228, 56.738324065166047 ], [ -111.372709035986858, 56.738144391618846 ], [ -111.372382106064194, 56.738145368502941 ], [ -111.372380329338242, 56.737965694943846 ], [ -111.372053400954741, 56.737966670964049 ], [ -111.372051625809164, 56.737786997393073 ], [ -111.371724698964812, 56.73778797254942 ], [ -111.371722925399553, 56.737608298966549 ], [ -111.371067304343413, 56.737430573092915 ], [ -111.371063763554545, 56.737071225874459 ], [ -111.370408154955413, 56.736893496503271 ], [ -111.370402853345496, 56.736354475580818 ], [ -111.3700759388759, 56.736355446398157 ], [ -111.370074173273181, 56.736175772740225 ], [ -111.369418584928667, 56.735998038113806 ], [ -111.369084630107096, 56.735280311562157 ], [ -111.368757724912996, 56.735281278911273 ], [ -111.368755965671099, 56.735101605195503 ], [ -111.368100402238142, 56.734923863574998 ], [ -111.368096890094151, 56.734564516090941 ], [ -111.367441339116382, 56.734386770973629 ], [ -111.367436080470526, 56.733847749653101 ], [ -111.367109187650001, 56.733848712664056 ], [ -111.367102182644089, 56.733130017470344 ], [ -111.367429069227342, 56.733129054485566 ], [ -111.367425563727707, 56.732769706870307 ], [ -111.367752447172109, 56.732768743041561 ], [ -111.368075818940923, 56.7324084307457 ], [ -111.368729579491003, 56.732406498829093 ], [ -111.368731338426869, 56.732586172623598 ], [ -111.371346392283471, 56.73257841062189 ], [ -111.37134816371362, 56.73275808435838 ], [ -111.372982579503045, 56.732753205219417 ], [ -111.372984358749974, 56.732932878917474 ], [ -111.373638128039929, 56.732930921249064 ], [ -111.373639910426036, 56.733110594928583 ], [ -111.375274341085174, 56.733105685725292 ], [ -111.375604810700523, 56.733464048576508 ], [ -111.376912367245311, 56.73346010230437 ], [ -111.377235657190766, 56.733099766397572 ], [ -111.376908771225246, 56.733100755094895 ], [ -111.376906973246491, 56.732921081482296 ], [ -111.376253204371409, 56.732923056292272 ], [ -111.376251409532003, 56.732743382660978 ], [ -111.37559764369216, 56.732745354029248 ], [ -111.375595851992017, 56.732565680379309 ], [ -111.374288326300046, 56.732569612804241 ], [ -111.373957877079306, 56.732211246385361 ], [ -111.372977241886034, 56.732214184093706 ], [ -111.372975462721655, 56.732034510374639 ], [ -111.372321708941286, 56.732036464548301 ], [ -111.372323484987334, 56.732216138280656 ], [ -111.371015970942878, 56.732220036369888 ], [ -111.371014201133548, 56.732040362611023 ], [ -111.369379815912183, 56.732045215905771 ], [ -111.369378053919192, 56.731865542108679 ], [ -111.368397427218511, 56.731868443781188 ], [ -111.368399184534013, 56.732048117598019 ], [ -111.36741855297241, 56.732051011576786 ], [ -111.367095177963137, 56.732411322192632 ], [ -111.365787656375176, 56.73241516545631 ], [ -111.365785911492509, 56.732235491597621 ], [ -111.365130411951398, 56.732057734197099 ], [ -111.365125186840444, 56.731518712534729 ], [ -111.364798314148246, 56.731519669461328 ], [ -111.364796574044092, 56.731339995556873 ], [ -111.36446970289083, 56.731340951619934 ], [ -111.36446622586125, 56.730981603782261 ], [ -111.364139357805982, 56.730982558975313 ], [ -111.364135883975152, 56.730623211103662 ], [ -111.364462748912331, 56.730622255923599 ], [ -111.364455795256433, 56.729903560143285 ], [ -111.364128936555247, 56.729904515297378 ], [ -111.364125462966143, 56.729545167362744 ], [ -111.363798607362696, 56.729546121646869 ], [ -111.363793401806774, 56.729007099686079 ], [ -111.363466550859911, 56.729008053093793 ], [ -111.3634630837076, 56.728648705080708 ], [ -111.363136235858335, 56.728649657618533 ], [ -111.363131039957082, 56.728110635540133 ], [ -111.362804196764145, 56.728111587201589 ], [ -111.362802466396005, 56.727931913158478 ], [ -111.362475624741791, 56.727932863956546 ], [ -111.362473895952462, 56.727753189901733 ], [ -111.361818490049586, 56.727575414841226 ], [ -111.361815038806, 56.727216066679539 ], [ -111.361488203326601, 56.72721701488107 ], [ -111.361484755280415, 56.726857666685483 ], [ -111.361157922898357, 56.726858614017232 ], [ -111.361151033280365, 56.726139917537346 ], [ -111.360824207112813, 56.726140863986465 ], [ -111.36082248631682, 56.725961189846934 ], [ -111.360167119380108, 56.725783406004112 ], [ -111.360163684122014, 56.725424057673102 ], [ -111.359836864128837, 56.725425001525977 ], [ -111.359835148088166, 56.72524532734618 ], [ -111.359508329633613, 56.725246270335809 ], [ -111.359506615171327, 56.725066596144359 ], [ -111.358851269994076, 56.724888805330792 ], [ -111.358847847402672, 56.72452945689605 ], [ -111.358521035122351, 56.724530397289605 ], [ -111.358519325414832, 56.724350723057974 ], [ -111.358192514673107, 56.724351662588319 ], [ -111.358190806543803, 56.724171988345049 ], [ -111.357863997340672, 56.724172927012212 ], [ -111.357862290789555, 56.72399325275731 ], [ -111.357535483125005, 56.723994190561299 ], [ -111.357533778152032, 56.723814516294773 ], [ -111.357206972026091, 56.723815453235609 ], [ -111.357205268631219, 56.723635778957465 ], [ -111.356878464043859, 56.723636715035148 ], [ -111.356876762227074, 56.723457040745387 ], [ -111.356549959178309, 56.723457975959938 ], [ -111.356548258939569, 56.723278301658567 ], [ -111.356221457429399, 56.723279236009979 ], [ -111.355891261714319, 56.722920820860772 ], [ -111.355237664828678, 56.722922685254396 ], [ -111.355235970882092, 56.722743010911927 ], [ -111.354909173968068, 56.722743941817271 ], [ -111.354907481599355, 56.722564267463227 ], [ -111.354252201596267, 56.722386452319078 ], [ -111.354248823189735, 56.722027103559469 ], [ -111.353922032449731, 56.722028031869307 ], [ -111.353591869594595, 56.721669610516585 ], [ -111.352938294249455, 56.721671462827445 ], [ -111.352936611347246, 56.721491788404066 ], [ -111.35260982520353, 56.721492713268127 ], [ -111.352279679526873, 56.721134288387837 ], [ -111.351626113374465, 56.721136133807306 ], [ -111.351295980181945, 56.720777706285752 ], [ -111.350315640097762, 56.720780465382077 ], [ -111.350313969757451, 56.720600790882315 ], [ -111.349660412720553, 56.720602625983943 ], [ -111.349330302898679, 56.72024419319709 ], [ -111.348349976488606, 56.720246936817034 ], [ -111.348019882246732, 56.719888500520319 ], [ -111.346711139378158, 56.719712468616279 ], [ -111.346709486291331, 56.719532794016729 ], [ -111.346382716918612, 56.719533702535287 ], [ -111.346381065408892, 56.719354027924318 ], [ -111.34572752972187, 56.719355842379144 ], [ -111.345725881347079, 56.719176167750597 ], [ -111.345399115032805, 56.719177073686879 ], [ -111.345397468235021, 56.718997399046927 ], [ -111.345070703459527, 56.718998304120419 ], [ -111.344740651358109, 56.718639859017038 ], [ -111.344087127943254, 56.718641664856307 ], [ -111.344085487434072, 56.718461990176046 ], [ -111.343758727255931, 56.71846289180462 ], [ -111.343757088323585, 56.718283217112969 ], [ -111.343430329684267, 56.71828411787881 ], [ -111.343428692328715, 56.718104443175804 ], [ -111.343101935228219, 56.718105343078904 ], [ -111.343100299449432, 56.717925668364529 ], [ -111.342773543887731, 56.717926567404923 ], [ -111.342443523037403, 56.7175681161198 ], [ -111.341463265528503, 56.717570805494987 ], [ -111.341461637595231, 56.717391130734384 ], [ -111.341134886612224, 56.717392025473522 ], [ -111.341133260255532, 56.717212350701587 ], [ -111.340806510811376, 56.717213244578069 ], [ -111.340804886031222, 56.717033569794815 ], [ -111.340478138125917, 56.717034462808648 ], [ -111.340476514922287, 56.716854788014082 ], [ -111.340149768555833, 56.716855680165274 ], [ -111.339819782050341, 56.716497221830785 ], [ -111.338512808782866, 56.7165007783953 ], [ -111.337852879403925, 56.715783852072143 ], [ -111.337199405043918, 56.715785621740736 ], [ -111.336869455976796, 56.715427155489643 ], [ -111.336215987735173, 56.71542891999507 ], [ -111.336214384948548, 56.715249245074901 ], [ -111.335887652357385, 56.71525012603685 ], [ -111.335564119109407, 56.715610356001271 ], [ -111.335890854834176, 56.715609475883888 ], [ -111.335892456100424, 56.715789150799544 ], [ -111.336219193364187, 56.715788269819633 ], [ -111.336220796206561, 56.715967944724049 ], [ -111.336547535009316, 56.715967062881624 ], [ -111.336549139427845, 56.716146737774807 ], [ -111.336875879769579, 56.71614585506984 ], [ -111.336877485764333, 56.71632552995176 ], [ -111.33720422764506, 56.716324646384258 ], [ -111.337205835216039, 56.716504321254945 ], [ -111.337532578635745, 56.716503436824866 ], [ -111.337534187783021, 56.71668311168429 ], [ -111.337860932741705, 56.716682226391647 ], [ -111.337862543465278, 56.71686190123981 ], [ -111.338189289962955, 56.716861015084568 ], [ -111.338190902262866, 56.717040689921475 ], [ -111.338517650299522, 56.717039802903642 ], [ -111.338519264175829, 56.717219477729266 ], [ -111.338846013751478, 56.717218589848819 ], [ -111.338847629204196, 56.717398264663167 ], [ -111.339174380318823, 56.717397375920108 ], [ -111.339175997348008, 56.717577050723158 ], [ -111.339502750001614, 56.717576161117485 ], [ -111.339832742982068, 56.717934620221392 ], [ -111.340486254426395, 56.717932836702836 ], [ -111.340487877742945, 56.718112511465918 ], [ -111.340814634994672, 56.718111618415662 ], [ -111.340816259887831, 56.718291293167439 ], [ -111.341143018678522, 56.718290399254499 ], [ -111.341144645148347, 56.718470073994958 ], [ -111.341471405477989, 56.718469179219333 ], [ -111.341473033524508, 56.718648853948466 ], [ -111.341799795393101, 56.718647958310122 ], [ -111.342129819623906, 56.719006411233323 ], [ -111.342783349498006, 56.719004615649126 ], [ -111.342784983832715, 56.719184290338134 ], [ -111.343111750299229, 56.719183391254973 ], [ -111.343113386210774, 56.719363065932619 ], [ -111.343440154216239, 56.719362165986702 ], [ -111.343441791704677, 56.719541840652987 ], [ -111.343768561249078, 56.719540939844293 ], [ -111.344098612040113, 56.719899387471273 ], [ -111.345405702414865, 56.719895772194235 ], [ -111.345407349308118, 56.720075446807968 ], [ -111.345734123412115, 56.720074540840884 ], [ -111.346064197572773, 56.720432983204191 ], [ -111.346717751917083, 56.720431166962001 ], [ -111.346719405099748, 56.720610841535311 ], [ -111.347046183801183, 56.720609932123011 ], [ -111.347047838561053, 56.720789606684917 ], [ -111.347374618801354, 56.720788696409741 ], [ -111.347704714832034, 56.721147134361139 ], [ -111.348685064728372, 56.72114439578818 ], [ -111.349015176339947, 56.721502830229724 ], [ -111.349668749034976, 56.721500998492594 ], [ -111.349670416355835, 56.721680672978579 ], [ -111.349997204232494, 56.721679755818705 ], [ -111.349998873130858, 56.7218594302932 ], [ -111.350325662546311, 56.721858512270373 ], [ -111.350327333022193, 56.722038186733393 ], [ -111.35065412397644, 56.72203726784759 ], [ -111.350655796029884, 56.722216942299127 ], [ -111.350982588522939, 56.722216022550334 ], [ -111.350984262153972, 56.722395696990354 ], [ -111.351311056185821, 56.722394776378565 ], [ -111.351312731394472, 56.722574450807087 ], [ -111.35163952696513, 56.722573529332301 ], [ -111.351641203751441, 56.722753203749306 ], [ -111.351968000860907, 56.722752281411502 ], [ -111.351969679224908, 56.722931955816996 ], [ -111.352296477873168, 56.72293103261616 ], [ -111.352298157814928, 56.723110707010122 ], [ -111.352624958001968, 56.723109782946246 ], [ -111.352626639521489, 56.72328945732869 ], [ -111.353281927609316, 56.723467280982661 ], [ -111.353285296979209, 56.723826629696134 ], [ -111.353612103340978, 56.723825703036759 ], [ -111.353942285364738, 56.724184124187893 ], [ -111.354595904223956, 56.724182266559943 ], [ -111.354919328592388, 56.723821987831379 ], [ -111.355899747324926, 56.723819192431066 ], [ -111.355901444506102, 56.723998866729382 ], [ -111.356228252269304, 56.723997933209347 ], [ -111.356229951028538, 56.724177607496067 ], [ -111.356885271508318, 56.724355412141691 ], [ -111.35688867535896, 56.724714760663474 ], [ -111.357215489296649, 56.724713824547614 ], [ -111.357217192810026, 56.724893498794273 ], [ -111.357544008286411, 56.724892561815224 ], [ -111.357545713378002, 56.725072236050259 ], [ -111.357872530393095, 56.725071298208007 ], [ -111.357874237062944, 56.725250972431418 ], [ -111.358201055616732, 56.72525003372597 ], [ -111.358202763864881, 56.725429707937757 ], [ -111.358529583957363, 56.725428768369071 ], [ -111.358531293783841, 56.725608442569232 ], [ -111.359186649989738, 56.725786235030668 ], [ -111.359191788999084, 56.726325257545504 ], [ -111.359518616824815, 56.726324315374292 ], [ -111.359527190030917, 56.727222686095352 ], [ -111.36018257902748, 56.727400473233821 ], [ -111.360189450499803, 56.728119169643904 ], [ -111.360516293852754, 56.72811822483785 ], [ -111.360521452342596, 56.728657247071041 ], [ -111.360848300352046, 56.728656301388774 ], [ -111.360853463697936, 56.729195323555423 ], [ -111.360526611011892, 56.729196269256967 ], [ -111.360528330608219, 56.729375943308455 ], [ -111.360201476343335, 56.729376888159464 ], [ -111.359871189121392, 56.729018484019612 ], [ -111.359544337934466, 56.729019427143861 ], [ -111.359220913429212, 56.729379717570687 ], [ -111.359876338556944, 56.729557506212586 ], [ -111.359879771613521, 56.729916854314993 ], [ -111.360206630575135, 56.729915910301692 ], [ -111.360210066829296, 56.73027525837027 ], [ -111.360865512203645, 56.730453041760583 ], [ -111.360868954813498, 56.730812389771955 ], [ -111.361195821510321, 56.730811443155538 ], [ -111.36119926731817, 56.731170791133046 ], [ -111.36152613711316, 56.731169843646718 ], [ -111.361529586119147, 56.731529191590376 ], [ -111.361856459012358, 56.731528243234131 ], [ -111.361858185104495, 56.731707917191628 ], [ -111.362510204738697, 56.731526343950542 ], [ -111.36250328809767, 56.730807648119708 ], [ -111.362176421480854, 56.730808598164181 ], [ -111.362171238887711, 56.730269576216564 ], [ -111.361844376927948, 56.730270525384668 ], [ -111.361840925083996, 56.729911177380444 ], [ -111.361514066222171, 56.729912125678666 ], [ -111.361508893283144, 56.729373103613618 ], [ -111.361835747468163, 56.729372155334751 ], [ -111.361834021636241, 56.729192481309013 ], [ -111.362487726828391, 56.729190582193262 ], [ -111.362489455778103, 56.729370256206089 ], [ -111.36281630990301, 56.729369305356322 ], [ -111.362821501549263, 56.7299083273439 ], [ -111.363148360330911, 56.729907375617742 ], [ -111.363158753519386, 56.730985419412349 ], [ -111.363485621635036, 56.73098446679036 ], [ -111.363494290973463, 56.73188283644248 ], [ -111.36316741506225, 56.731883789096848 ], [ -111.36316914743108, 56.732063463018008 ], [ -111.3628422699406, 56.732064414821814 ], [ -111.362518850991222, 56.732424713620979 ], [ -111.362845731620169, 56.732423762661313 ], [ -111.362849193380043, 56.732783110479815 ], [ -111.363176077107369, 56.732782158650139 ], [ -111.363177809576669, 56.732961832545044 ], [ -111.363833315697519, 56.733139600178198 ], [ -111.363838522642141, 56.733678621776811 ], [ -111.364165414105628, 56.733677667343457 ], [ -111.364170625909537, 56.73421668887535 ], [ -111.364497522030959, 56.734215733565414 ], [ -111.364500999786458, 56.734575081214118 ], [ -111.364827899006556, 56.734574125034044 ], [ -111.364829639473996, 56.734753798844018 ], [ -111.365156540233329, 56.734752841800301 ], [ -111.365158282280419, 56.734932515598537 ], [ -111.365485184579001, 56.734931557691169 ], [ -111.365486928205769, 56.735111231477624 ], [ -111.3658138320436, 56.735110272706592 ], [ -111.365815577250089, 56.735289946481288 ], [ -111.36647113632975, 56.735467700111116 ], [ -111.366474633082078, 56.735827047608126 ], [ -111.36680154309721, 56.735826086239513 ], [ -111.366803293063342, 56.736005759973615 ], [ -111.367130204617752, 56.736004797741266 ], [ -111.36713195616376, 56.736184471463581 ], [ -111.367458869257433, 56.73618350836751 ], [ -111.367460622383376, 56.736363182078037 ], [ -111.368116207894374, 56.736540926993364 ], [ -111.36811972048649, 56.736900274361922 ], [ -111.368775318454269, 56.737078015780185 ], [ -111.368778837407405, 56.737437363090983 ], [ -111.369105761316789, 56.73743639566294 ], [ -111.369439735834916, 56.738154121883603 ], [ -111.369766665942407, 56.738153152714759 ], [ -111.369768430210627, 56.738332826321525 ], [ -111.370095361857452, 56.738331856288831 ], [ -111.370098893574919, 56.738691203473437 ], [ -111.370425828320904, 56.738690232570271 ], [ -111.37043289824112, 56.739408926850075 ], [ -111.371088550801744, 56.739586655962682 ], [ -111.371095633611759, 56.740305350084611 ], [ -111.371751304912507, 56.740483075662361 ], [ -111.371754852721978, 56.740842422654836 ], [ -111.372081806084651, 56.740841447385769 ], [ -111.372085357096594, 56.741200794343996 ], [ -111.372412313558812, 56.741199818204322 ], [ -111.372426530911753, 56.742637205774095 ], [ -111.372753499834658, 56.742636228723931 ], [ -111.37276417307703, 56.743714269140931 ], [ -111.373091151341043, 56.74371329119348 ], [ -111.373098273490214, 56.744431984673191 ], [ -111.373754026149086, 56.744609699496223 ], [ -111.373757593630742, 56.744969046167448 ], [ -111.374084582755572, 56.744968065601036 ], [ -111.374415145666077, 56.745326430800702 ], [ -111.375396122216955, 56.745323481344116 ], [ -111.375397913832785, 56.745503154627954 ], [ -111.375724907535371, 56.745502169754111 ], [ -111.3757267007325, 56.745681843026013 ], [ -111.376382487535366, 56.74585954394567 ], [ -111.376386080275978, 56.746218890436396 ], [ -111.376713080158339, 56.746217902963231 ], [ -111.376714878120495, 56.746397576193999 ], [ -111.377368880943834, 56.746395598661671 ], [ -111.377699487674846, 56.746753955014682 ], [ -111.378353496615262, 56.746751972310314 ], [ -111.378355302443282, 56.746931645491671 ], [ -111.37966513840685, 56.74710734291466 ], [ -111.37966695051955, 56.747287016058465 ], [ -111.379993959556373, 56.747286019969586 ], [ -111.380324599103474, 56.747644369267924 ], [ -111.380978623314704, 56.747642372775253 ], [ -111.380980441733456, 56.747822045876205 ], [ -111.381307455368159, 56.747821046336739 ], [ -111.381309275368778, 56.748000719425633 ], [ -111.381636290543128, 56.747999719021806 ], [ -111.381638112125643, 56.748179392098649 ], [ -111.381965128839639, 56.748178390830446 ], [ -111.382295795004126, 56.748536734815353 ], [ -111.382949834569516, 56.748534727963801 ], [ -111.382951662458765, 56.748714400997613 ], [ -111.383278683770499, 56.748713396278632 ], [ -111.383280513241786, 56.748893069300358 ], [ -111.383607536093137, 56.748892063716973 ], [ -111.383609367146519, 56.749071736726606 ], [ -111.38426525010361, 56.749249395963993 ], [ -111.384283593238152, 56.751046125582121 ], [ -111.384939513807851, 56.751223781166729 ], [ -111.384946864231793, 56.751942472791058 ], [ -111.384619814928342, 56.751943481921508 ], [ -111.384625323286599, 56.752482500605204 ], [ -111.384952377273635, 56.752481491454162 ], [ -111.38496891755068, 56.754098547159892 ], [ -111.385295985568092, 56.754097537089329 ], [ -111.385301504061857, 56.754636555542781 ], [ -111.385628576742164, 56.754635544593839 ], [ -111.385639623675004, 56.7557135813177 ], [ -111.385966705702884, 56.755712569469679 ], [ -111.385972234142457, 56.756251587740067 ], [ -111.386299320833658, 56.756250575013581 ], [ -111.38630485415058, 56.756789593216041 ], [ -111.386631945505243, 56.75678857961104 ], [ -111.386970122790743, 56.757865601328568 ], [ -111.3872972234728, 56.757864585966431 ], [ -111.387300922085316, 56.758223931304073 ], [ -111.387628025869446, 56.75822291507022 ], [ -111.387633578634649, 56.758761933016565 ], [ -111.387960687082781, 56.758760915904062 ], [ -111.387962539609333, 56.758940588535438 ], [ -111.388289649597837, 56.758939570558105 ], [ -111.388291503707762, 56.759119243177267 ], [ -111.388947583999169, 56.759296877235066 ], [ -111.3889531558942, 56.759835895003761 ], [ -111.389280273627648, 56.759834874417962 ], [ -111.389285850402644, 56.760373892118565 ], [ -111.389612972800464, 56.760372870653981 ], [ -111.389616693882388, 56.760732215747566 ], [ -111.38994381938268, 56.760731193411104 ], [ -111.389949405853741, 56.761270210991235 ], [ -111.390276536018661, 56.761269187775923 ], [ -111.390280263565003, 56.761628532789153 ], [ -111.390607396832522, 56.76162750870192 ], [ -111.390611127589693, 56.76198685368022 ], [ -111.390938263959868, 56.761985828721038 ], [ -111.390943864944617, 56.762524846128187 ], [ -111.391600017155881, 56.762702466038476 ], [ -111.391613108902732, 56.763960173003511 ], [ -111.391940262392851, 56.7639591453934 ], [ -111.3919440062121, 56.764318490179306 ], [ -111.392271162805272, 56.764317461697118 ], [ -111.392278656954275, 56.765036151177931 ], [ -111.392605819775483, 56.765035121809646 ], [ -111.392613320522486, 56.765753811178421 ], [ -111.392940489571998, 56.765752780923982 ], [ -111.392947996917613, 56.766471470180697 ], [ -111.392620821617768, 56.76647250046318 ], [ -111.392301141489042, 56.767192219116211 ], [ -111.392957381589824, 56.767369831633424 ], [ -111.39296113561123, 56.767729176177767 ], [ -111.393288321828109, 56.767728144988041 ], [ -111.393293957711947, 56.768267161744085 ], [ -111.393621148595358, 56.768266129675098 ], [ -111.393638071490486, 56.769883179596491 ], [ -111.394294364880551, 56.770060784930486 ], [ -111.394303782992395, 56.770959145717555 ], [ -111.394630997254382, 56.77095811096833 ], [ -111.394634767778385, 56.771317455232307 ], [ -111.394961985144676, 56.771316419610677 ], [ -111.39496953270789, 56.772035108047454 ], [ -111.3956258699519, 56.772212706254756 ], [ -111.395633430459128, 56.772931394530069 ], [ -111.395960661828397, 56.772930356269917 ], [ -111.395964445340269, 56.773289700361929 ], [ -111.396291679814155, 56.773288661229259 ], [ -111.396297359936682, 56.773827677306684 ], [ -111.396624599078606, 56.773826637294412 ], [ -111.396634074206176, 56.774724997283045 ], [ -111.396961321143152, 56.774723956376967 ], [ -111.396963217798117, 56.774903628351851 ], [ -111.397619614536879, 56.775081215905693 ], [ -111.397623414210983, 56.775440559800835 ], [ -111.397950667335806, 56.775439516291073 ], [ -111.397952568769469, 56.775619188223679 ], [ -111.398279823435757, 56.775618143848355 ], [ -111.398281726455053, 56.775797815768605 ], [ -111.398938145016956, 56.775975396329137 ], [ -111.398943863655347, 56.776514411999912 ], [ -111.399271126073245, 56.776513365013606 ], [ -111.399274941736792, 56.776872708753601 ], [ -111.399602207259846, 56.77687166089455 ], [ -111.399604116688522, 56.777051332749551 ], [ -111.400260563373706, 56.777228906277152 ], [ -111.400266301241686, 56.777767921752037 ], [ -111.400922763564182, 56.777945491753115 ], [ -111.400928511081474, 56.778484507122094 ], [ -111.401255790567234, 56.778483454906123 ], [ -111.401261542976329, 56.779022470206336 ], [ -111.401588827131391, 56.779021417110322 ], [ -111.40159266530992, 56.779380760603203 ], [ -111.401919952570523, 56.77937970663428 ], [ -111.401921873257137, 56.779559378365676 ], [ -111.402249162059363, 56.779558323530999 ], [ -111.402251084332235, 56.77973799524996 ], [ -111.402907590420739, 56.779915554689815 ], [ -111.402911441334041, 56.78027489807274 ], [ -111.403238736325164, 56.780273840633541 ], [ -111.403244517554896, 56.780812855646936 ], [ -111.403571817215763, 56.780811797327516 ], [ -111.403577603339173, 56.781350812272038 ], [ -111.404234143859114, 56.781528364637332 ], [ -111.404245735615291, 56.782606394266516 ], [ -111.404573050850473, 56.782605333299031 ], [ -111.404576918077211, 56.782964676452302 ], [ -111.40490423641846, 56.782963614611695 ], [ -111.404925524979191, 56.784940001499614 ], [ -111.405252860506167, 56.784938938720764 ], [ -111.40526835732031, 56.786376310545819 ], [ -111.404941009276911, 56.786377373382507 ], [ -111.404952623444288, 56.787455402074059 ], [ -111.404625265990319, 56.787456464095307 ], [ -111.404629134429783, 56.787815806964922 ], [ -111.404956495013252, 56.787814744929221 ], [ -111.404964238420987, 56.788533430576528 ], [ -111.404636871578248, 56.788534492641126 ], [ -111.40464654351932, 56.789432849618194 ], [ -111.404319168829673, 56.789433910860026 ], [ -111.40432303463345, 56.78979325362851 ], [ -111.403995656791466, 56.789794314025869 ], [ -111.404001450970483, 56.790333328160884 ], [ -111.404328833507492, 56.790332267741874 ], [ -111.404332699535757, 56.790691610457863 ], [ -111.404005313868666, 56.790692670891289 ], [ -111.404018834718926, 56.791950370282258 ], [ -111.404346231341918, 56.791949309798326 ], [ -111.404353964296547, 56.792667995020189 ], [ -111.404681367157977, 56.792666933648363 ], [ -111.404683302018057, 56.792846604933466 ], [ -111.405665515163264, 56.792843415642238 ], [ -111.405667454741675, 56.793023086900398 ], [ -111.405994860643659, 56.793022022078034 ], [ -111.405996801809906, 56.793201693323688 ], [ -111.406324209254663, 56.793200627635066 ], [ -111.406326152008774, 56.793380298868222 ], [ -111.406653560996304, 56.793379232313306 ], [ -111.406655505338321, 56.793558903533963 ], [ -111.406982915868596, 56.79355783611274 ], [ -111.406984861798563, 56.793737507320863 ], [ -111.407312273871597, 56.793736439033339 ], [ -111.407314221389555, 56.793916110228942 ], [ -111.40797099926985, 56.794093642238003 ], [ -111.407980752966537, 56.794991998038185 ], [ -111.40830817592969, 56.794990927122527 ], [ -111.408314033116184, 56.795529940517739 ], [ -111.408641460753216, 56.795528868721092 ], [ -111.408649276915057, 56.796247553145342 ], [ -111.408976710791734, 56.796246480460397 ], [ -111.408992356730522, 56.797683848998354 ], [ -111.40866491032827, 56.797684921741684 ], [ -111.408345274891531, 56.798404677827136 ], [ -111.407692319119249, 56.798586490127995 ], [ -111.407690369447181, 56.798406819076241 ], [ -111.407362916691014, 56.798407888411994 ], [ -111.407353176499413, 56.79750953303801 ], [ -111.407025731549609, 56.797510601478209 ], [ -111.407014053460586, 56.796432574812471 ], [ -111.406686617882357, 56.796433642349918 ], [ -111.406347523793443, 56.795356682086251 ], [ -111.406020097563584, 56.795357747861914 ], [ -111.40601621471248, 56.794998405491405 ], [ -111.405688791591089, 56.794999470393471 ], [ -111.40568685176487, 56.794819799193078 ], [ -111.405033945280763, 56.795001597620342 ], [ -111.405037818738762, 56.795360940034293 ], [ -111.405365245036222, 56.795359876835931 ], [ -111.405369121715324, 56.795719219214405 ], [ -111.405041692286758, 56.795720282427247 ], [ -111.405049439652714, 56.79643896715011 ], [ -111.405376875343705, 56.796437903908348 ], [ -111.40538462933236, 56.797156588518234 ], [ -111.406041454857146, 56.797334130524199 ], [ -111.40605116362002, 56.798232486069672 ], [ -111.40637861490076, 56.798231420177977 ], [ -111.406066698813589, 56.799669854669347 ], [ -111.40639416262151, 56.799668788719615 ], [ -111.406725516694792, 56.800027063979009 ], [ -111.407380450461631, 56.800024927754258 ], [ -111.407378502174367, 56.799845256737228 ], [ -111.407705967457844, 56.799844187343254 ], [ -111.407700118033972, 56.799305174282523 ], [ -111.408027578596929, 56.79930410405116 ], [ -111.408351133370886, 56.798943690922954 ], [ -111.409006048119707, 56.798941546193277 ], [ -111.409008004123336, 56.79912121720011 ], [ -111.409335463029592, 56.799120143539163 ], [ -111.40934525121834, 56.800018498458023 ], [ -111.409672717931656, 56.800017423901281 ], [ -111.409688392744911, 56.801454791439802 ], [ -111.409360913503008, 56.801455866055051 ], [ -111.409364829301609, 56.801815207901775 ], [ -111.409037346904626, 56.801816281672352 ], [ -111.409039303271854, 56.801995952595156 ], [ -111.408384335277319, 56.801998097572969 ], [ -111.40838238204249, 56.801818426635563 ], [ -111.408054899577365, 56.801819497828212 ], [ -111.408047093129539, 56.80110081399696 ], [ -111.407719616906348, 56.801101884301161 ], [ -111.407711817085584, 56.800383200356734 ], [ -111.407384347104056, 56.800384269772543 ], [ -111.407382398771531, 56.800204598766015 ], [ -111.406729407073115, 56.800386406026355 ], [ -111.406735242810086, 56.800925419058018 ], [ -111.406407768062508, 56.80092648591782 ], [ -111.406415543096983, 56.801645169915531 ], [ -111.406743024109105, 56.801644103026682 ], [ -111.406748860320661, 56.80218311594804 ], [ -111.407076346008779, 56.802182048178096 ], [ -111.407089975590821, 56.803439744759906 ], [ -111.406762478938688, 56.803440812580725 ], [ -111.406768315828316, 56.80397982534452 ], [ -111.407095817179581, 56.803978757501895 ], [ -111.407101658971953, 56.804517770196625 ], [ -111.407429164999897, 56.804516701472807 ], [ -111.407444756640658, 56.805954068369481 ], [ -111.407772275178232, 56.805952998728024 ], [ -111.40777617644811, 56.806312340385126 ], [ -111.407448654777284, 56.806313410041128 ], [ -111.407456451322304, 56.807032093321418 ], [ -111.407783979259833, 56.807031023636277 ], [ -111.407787880801706, 56.80739036523034 ], [ -111.408115411850048, 56.807389294671154 ], [ -111.408125173935346, 56.808287648527994 ], [ -111.408452712794983, 56.808286577072849 ], [ -111.408460529139077, 56.809005260034617 ], [ -111.408132984011928, 56.809006331518923 ], [ -111.408140794451526, 56.80972501442583 ], [ -111.408468345846487, 56.809723942912349 ], [ -111.408487889204537, 56.811520649739052 ], [ -111.408160322138798, 56.811521721325462 ], [ -111.40817008683338, 56.812420074578348 ], [ -111.407842511908868, 56.812421145341595 ], [ -111.40785812406169, 56.813858510331443 ], [ -111.40753053657582, 56.81385958029329 ], [ -111.407538336926748, 56.814578262691334 ], [ -111.40721074314844, 56.814579331822578 ], [ -111.406898726056312, 56.816017764754505 ], [ -111.406571119692302, 56.816018832224451 ], [ -111.406255177975524, 56.817097922196545 ], [ -111.405601887377557, 56.817279723481022 ], [ -111.40561547539582, 56.818537417229152 ], [ -111.405287846992891, 56.818538481361408 ], [ -111.405291726351066, 56.818897822399535 ], [ -111.405948932254717, 56.819075363742883 ], [ -111.405956703875574, 56.819794045677135 ], [ -111.405629064519587, 56.819795110720008 ], [ -111.405632947329437, 56.820154451670128 ], [ -111.40596058982149, 56.820153386612766 ], [ -111.405966418909742, 56.820692397976842 ], [ -111.40662365944533, 56.820869935668526 ], [ -111.406637283554332, 56.822127628529195 ], [ -111.407294552407706, 56.822305162608281 ], [ -111.407302350747472, 56.823023844048279 ], [ -111.407630018217489, 56.823022774574916 ], [ -111.40764367716335, 56.824280466841785 ], [ -111.407971355589481, 56.824279396457399 ], [ -111.407975261486541, 56.824638737043252 ], [ -111.408302943026953, 56.82463766578423 ], [ -111.40830880674838, 56.825176676601757 ], [ -111.407981120502399, 56.825177747882641 ], [ -111.407985026626477, 56.825537088415984 ], [ -111.408312716009604, 56.825536017120513 ], [ -111.408322489560291, 56.826434368325529 ], [ -111.408650186763879, 56.82643329613348 ], [ -111.408656055873109, 56.82697230677158 ], [ -111.408983757760083, 56.826971233697499 ], [ -111.408999422269162, 56.82840859510965 ], [ -111.409327136683842, 56.828407521116944 ], [ -111.409331056176541, 56.828766861402855 ], [ -111.409658773706255, 56.828765786535342 ], [ -111.409674465140299, 56.830203147410408 ], [ -111.410002195199141, 56.830202071624107 ], [ -111.410027717291612, 56.832537782234198 ], [ -111.410355467726987, 56.832536705492373 ], [ -111.410363327731943, 56.833255385472249 ], [ -111.410691084421813, 56.833254307840768 ], [ -111.410695017700164, 56.833613647784524 ], [ -111.411022777505949, 56.833612569278017 ], [ -111.411028682303254, 56.834151579132268 ], [ -111.411356446794471, 56.834150499743359 ], [ -111.411368266424091, 56.835228519265989 ], [ -111.411696040309522, 56.835227438972602 ], [ -111.41171378542694, 56.836844467835924 ], [ -111.412041573416346, 56.836843386615875 ], [ -111.412047493577447, 56.83738239612039 ], [ -111.411719700878749, 56.837383477362522 ], [ -111.411727588468835, 56.838102156657833 ], [ -111.412055387446827, 56.838101075386241 ], [ -111.412061308089818, 56.838640084780508 ], [ -111.411733504402136, 56.838641166074176 ], [ -111.411737448472337, 56.839000505658817 ], [ -111.412065255299879, 56.838999424350426 ], [ -111.412079071258049, 56.840257112679765 ], [ -111.412406889052775, 56.840256030459273 ], [ -111.4124246682116, 56.841873057866941 ], [ -111.412096836285372, 56.84187414015377 ], [ -111.412100784321737, 56.842233479534698 ], [ -111.412428619388479, 56.842232397233126 ], [ -111.412796002665232, 56.8458247064302 ], [ -111.413453716296843, 56.846002206776582 ], [ -111.413461639704963, 56.846720884916337 ], [ -111.414119372208049, 56.846898381704719 ], [ -111.413799426574911, 56.84761814650701 ], [ -111.414127308643288, 56.847617059680303 ], [ -111.41413127699937, 56.84797639863659 ], [ -111.414789034704668, 56.848153891826584 ], [ -111.415124877348774, 56.848871480134832 ], [ -111.415452770320982, 56.848870389812944 ], [ -111.415454760932889, 56.849050059227295 ], [ -111.415782655452915, 56.849048968037145 ], [ -111.415784647658953, 56.849228637438813 ], [ -111.416112543726783, 56.849227545380373 ], [ -111.416114537527008, 56.849407214769364 ], [ -111.416772329700535, 56.849584697423893 ], [ -111.416776323701114, 56.849944036145814 ], [ -111.417104225983422, 56.849942941475007 ], [ -111.417110221871781, 56.850481949496157 ], [ -111.417438128844111, 56.850480853942081 ], [ -111.41744012909119, 56.850660523264494 ], [ -111.418095946108323, 56.850658329558755 ], [ -111.418097949520941, 56.850837998860982 ], [ -111.418425859565716, 56.850836900709282 ], [ -111.418427864572806, 56.85101656999877 ], [ -111.418755776165412, 56.85101547097868 ], [ -111.418757782767017, 56.851195140255449 ], [ -111.419085695907455, 56.851194040366963 ], [ -111.419087704103589, 56.851373709630991 ], [ -111.419415618791874, 56.851372608874087 ], [ -111.419417628582593, 56.851552278125354 ], [ -111.41974554481871, 56.851551176500031 ], [ -111.419747556204044, 56.851730845738544 ], [ -111.420405406299764, 56.851908309108353 ], [ -111.420409435472521, 56.852267647529082 ], [ -111.420737357923443, 56.852266543290902 ], [ -111.42073937411628, 56.85244621248588 ], [ -111.421397241449313, 56.852623670586262 ], [ -111.421401280237632, 56.852983008919828 ], [ -111.421729208903486, 56.852981902068649 ], [ -111.421735271976331, 56.853520909506997 ], [ -111.422393162880041, 56.853698362296953 ], [ -111.422403284304096, 56.854596707820782 ], [ -111.422731227042419, 56.854595598318674 ], [ -111.422745409026291, 56.855853281778579 ], [ -111.423073362742244, 56.8558521713625 ], [ -111.423089584711832, 56.857289523512542 ], [ -111.423417550978044, 56.857288412174853 ], [ -111.423427698334976, 56.858186757060096 ], [ -111.42375567243684, 56.858185644823408 ], [ -111.423769890731933, 56.859443327389194 ], [ -111.424097875813899, 56.859442214238285 ], [ -111.42410194154067, 56.859801552051799 ], [ -111.42442992974307, 56.859800438024529 ], [ -111.424438067768847, 56.860519113558198 ], [ -111.424766062235975, 56.860517998639345 ], [ -111.42477013453518, 56.860877336359486 ], [ -111.424442136923759, 56.860878451293523 ], [ -111.424448240833655, 56.861417457857108 ], [ -111.424776243161674, 56.861416342900306 ], [ -111.424780315697788, 56.861775680567924 ], [ -111.425108321146595, 56.861774564734667 ], [ -111.4251246248174, 56.863211915134286 ], [ -111.425452642821185, 56.863210798378923 ], [ -111.42546080151547, 56.863929473422267 ], [ -111.425132777221904, 56.863930590208078 ], [ -111.425147044842788, 56.865188271385023 ], [ -111.424819009517705, 56.865189387362719 ], [ -111.424829193523706, 56.866087730941032 ], [ -111.424501150311627, 56.866088846095323 ], [ -111.424507256281444, 56.8666278522021 ], [ -111.424835304211697, 56.866626737025001 ], [ -111.424845489165719, 56.867525080393278 ], [ -111.424517433371463, 56.867526195608363 ], [ -111.424529646661114, 56.868604207522594 ], [ -111.427482232891194, 56.868594139163314 ], [ -111.427471984309662, 56.867695796257514 ], [ -111.42714392713269, 56.867696918371806 ], [ -111.427443291453287, 56.865180435422879 ], [ -111.427771326588129, 56.865179312554233 ], [ -111.427761072409311, 56.864280969187796 ], [ -111.428089099657498, 56.864279845496064 ], [ -111.428082942719087, 56.86374083943614 ], [ -111.428410965225922, 56.86373971490606 ], [ -111.428404803785114, 56.863200708821857 ], [ -111.428732821550767, 56.863199583453451 ], [ -111.42872871089827, 56.862840246053068 ], [ -111.429056725495229, 56.862839119838682 ], [ -111.429054668632489, 56.862659451138285 ], [ -111.429710694609895, 56.862657196141022 ], [ -111.429712754617341, 56.862836864826058 ], [ -111.430040769142451, 56.862835736027812 ], [ -111.430044892374028, 56.863195073366754 ], [ -111.430372910019926, 56.863193943691819 ], [ -111.430381163060659, 56.863912618275926 ], [ -111.431039277325084, 56.864090024897997 ], [ -111.431047543426203, 56.86480869931539 ], [ -111.431375575152373, 56.864807566987132 ], [ -111.431379711492369, 56.865166904148886 ], [ -111.43170774633964, 56.86516577094384 ], [ -111.431711885921132, 56.865525108069157 ], [ -111.431383847928615, 56.865526241289643 ], [ -111.431394189440397, 56.866424584049611 ], [ -111.431722235296334, 56.866423450790514 ], [ -111.431732585273664, 56.867321793380569 ], [ -111.432060638969389, 56.867320659221441 ], [ -111.432062710609941, 56.867500327715973 ], [ -111.431734655341401, 56.867501461882824 ], [ -111.43174293585318, 56.868220135839309 ], [ -111.432070997413234, 56.868219001641542 ], [ -111.432073069174336, 56.868398670109812 ], [ -111.432401132283189, 56.868397535042853 ], [ -111.432399058949187, 56.868217866582313 ], [ -111.433055181948674, 56.868215593879448 ], [ -111.433387399541928, 56.86857379310517 ], [ -111.437324172962988, 56.868560074000371 ] ], [ [ -111.43304895265409, 56.867676588512786 ], [ -111.432390765854393, 56.867499192687667 ], [ -111.432714671526426, 56.86713871983455 ], [ -111.433372853511031, 56.867316113970531 ], [ -111.43304895265409, 56.867676588512786 ] ], [ [ -111.412819343130352, 56.818154448053853 ], [ -111.412491718363697, 56.818155531088109 ], [ -111.412489744271156, 56.817975860711385 ], [ -111.411832526870725, 56.817798353788945 ], [ -111.411828585071504, 56.817439012979776 ], [ -111.411500966507276, 56.817440093405104 ], [ -111.411485212768127, 56.816002729899544 ], [ -111.411812818790779, 56.816001649533064 ], [ -111.411802965609681, 56.815103297208161 ], [ -111.412130563771555, 56.815102216018715 ], [ -111.412124647435192, 56.814563204582832 ], [ -111.412452240871644, 56.814562122555735 ], [ -111.412432505566159, 56.812765417501723 ], [ -111.412760083305855, 56.812764334688609 ], [ -111.412742309386743, 56.811147299757266 ], [ -111.413069872998591, 56.811146216150874 ], [ -111.413058015349364, 56.810068192671196 ], [ -111.413711144370737, 56.80988635238463 ], [ -111.413703227286661, 56.809167669997855 ], [ -111.413375680958069, 56.809168755242204 ], [ -111.413361837914366, 56.807911060811399 ], [ -111.413689373274906, 56.807909975618749 ], [ -111.413683436186247, 56.807370963663203 ], [ -111.414010966823483, 56.807369877633228 ], [ -111.414008986273174, 56.807190206978255 ], [ -111.414991573346526, 56.807186943753614 ], [ -111.414993558597033, 56.807366614386353 ], [ -111.415321089142111, 56.807365524918438 ], [ -111.415327049732355, 56.80790453676294 ], [ -111.414999514486965, 56.80790562625311 ], [ -111.415011426889663, 56.808983649844755 ], [ -111.415338971536187, 56.808982560310092 ], [ -111.415342945655496, 56.809341901450459 ], [ -111.415670493412748, 56.809340811041409 ], [ -111.415680436950026, 56.810239163763278 ], [ -111.41633753997597, 56.810416650805948 ], [ -111.416351484000145, 56.811674344255117 ], [ -111.416023915917322, 56.811675436479909 ], [ -111.416043822246792, 56.813472141035078 ], [ -111.415716238468136, 56.813473232474543 ], [ -111.41540058076545, 56.814552345624392 ], [ -111.415072987536078, 56.81455343538898 ], [ -111.415076959952245, 56.814912776218485 ], [ -111.414749363564809, 56.81491386513818 ], [ -111.414757302403984, 56.815632546763815 ], [ -111.4144296997233, 56.815633634853398 ], [ -111.414439615953086, 56.816531986804286 ], [ -111.414112005411226, 56.816533074071124 ], [ -111.414113987158643, 56.81671274445295 ], [ -111.413786375026064, 56.816713830867393 ], [ -111.413790335454578, 56.817073171630071 ], [ -111.413137081962844, 56.817255012297366 ], [ -111.413144990645861, 56.817973693797782 ], [ -111.412817367469984, 56.817974777684498 ], [ -111.412819343130352, 56.818154448053853 ] ], [ [ -111.405520110961362, 56.779368056309906 ], [ -111.404538249851043, 56.779371243974047 ], [ -111.404536316675433, 56.779191572294984 ], [ -111.404209031157649, 56.779192633125319 ], [ -111.404207099568396, 56.779012961433764 ], [ -111.403550603154258, 56.7788354087931 ], [ -111.403544817971351, 56.778296393627954 ], [ -111.403217540205617, 56.778297451846576 ], [ -111.403213686656542, 56.777938108362477 ], [ -111.402557213699708, 56.777760550431005 ], [ -111.40255336653982, 56.777401206886637 ], [ -111.402226096525865, 56.777402262493716 ], [ -111.40222033064461, 56.776863247116204 ], [ -111.401893065299419, 56.77686430184324 ], [ -111.401885384024652, 56.776145614570979 ], [ -111.40221264311532, 56.776144559872648 ], [ -111.402210721288782, 56.775964888048627 ], [ -111.402537978793532, 56.775963832498995 ], [ -111.40286908620574, 56.776322119704943 ], [ -111.403523607357911, 56.77632000428455 ], [ -111.403525535483567, 56.776499676069314 ], [ -111.403852797589707, 56.776498617064192 ], [ -111.403856657035462, 56.776857960603536 ], [ -111.404183922246474, 56.776856900725505 ], [ -111.404195510503783, 56.777934931174208 ], [ -111.404522785074704, 56.777933870394378 ], [ -111.404524718093185, 56.778113542110219 ], [ -111.405833822407388, 56.77810929037669 ], [ -111.405835761703514, 56.778288962058362 ], [ -111.406163039289623, 56.778287896971392 ], [ -111.406166921077087, 56.778647240304466 ], [ -111.405839640363325, 56.77864830540593 ], [ -111.405845458521924, 56.779187320387891 ], [ -111.405518173094038, 56.779188384652521 ], [ -111.405520110961362, 56.779368056309906 ] ], [ [ -111.403831572239895, 56.774522227222185 ], [ -111.402849837450816, 56.774525401424533 ], [ -111.402847912698235, 56.7743457295676 ], [ -111.402520669287256, 56.774346785911028 ], [ -111.402516822975912, 56.773987442167019 ], [ -111.402189582669379, 56.77398849763766 ], [ -111.402179975098392, 56.773090138149826 ], [ -111.401852742586229, 56.773091192726206 ], [ -111.401848902840499, 56.77273184887995 ], [ -111.401521673432583, 56.772732902583613 ], [ -111.4015197551564, 56.772553230645435 ], [ -111.400863384272782, 56.772375663505592 ], [ -111.400855723985231, 56.771656975622072 ], [ -111.400199371881982, 56.771479404936777 ], [ -111.400193636345023, 56.770940388910333 ], [ -111.399866422457549, 56.770941438250794 ], [ -111.399864512219352, 56.770761766224332 ], [ -111.399208180414064, 56.7705841902701 ], [ -111.399200552275687, 56.769865502033689 ], [ -111.398873347699848, 56.769866548756504 ], [ -111.398869536889364, 56.769507204592557 ], [ -111.398542335417289, 56.769508250442854 ], [ -111.398536624056149, 56.768969234136172 ], [ -111.398209427250691, 56.76897027910691 ], [ -111.398203720776976, 56.768431262731632 ], [ -111.397876528637966, 56.76843230682281 ], [ -111.397872727558152, 56.768072962532166 ], [ -111.397545538522678, 56.768074005750925 ], [ -111.397534145189084, 56.766995972710326 ], [ -111.397206965507948, 56.766997015028316 ], [ -111.397195582343528, 56.765918981756087 ], [ -111.39686841201609, 56.765920023173415 ], [ -111.396853248196607, 56.764482645126257 ], [ -111.396526090347109, 56.764483685628825 ], [ -111.396518515214893, 56.763764996450874 ], [ -111.396191363592962, 56.763766036067047 ], [ -111.396185687161577, 56.763227019107212 ], [ -111.395858540204628, 56.763228057844124 ], [ -111.395852868657684, 56.762689040815822 ], [ -111.395525726365605, 56.762690078673486 ], [ -111.395508726968998, 56.761073027241402 ], [ -111.395835855201639, 56.761071989447267 ], [ -111.39583396492732, 56.760892317046711 ], [ -111.397469597950746, 56.760887115241566 ], [ -111.397471496035394, 56.761066787606737 ], [ -111.398125752214824, 56.76106470086463 ], [ -111.39812765344567, 56.76124437321036 ], [ -111.398781912661008, 56.761242283022085 ], [ -111.398783817038122, 56.761421955348332 ], [ -111.399439986812709, 56.761599534020625 ], [ -111.39944380192604, 56.761958878618373 ], [ -111.399770937704815, 56.761957830492754 ], [ -111.399774756031064, 56.762317175055259 ], [ -111.400101894912055, 56.76231612605735 ], [ -111.400109538079406, 56.763034815090734 ], [ -111.400765742244559, 56.763212386694626 ], [ -111.400771484293372, 56.763751403355883 ], [ -111.401098635605948, 56.763750351726678 ], [ -111.401102466874292, 56.764109696126937 ], [ -111.400775312436991, 56.764110747770445 ], [ -111.400777226542132, 56.764290419969853 ], [ -111.401104382541817, 56.76428936831919 ], [ -111.401108213943573, 56.764648712687922 ], [ -111.401435373045857, 56.764647660164854 ], [ -111.401450712042362, 56.766085037372385 ], [ -111.401777883622444, 56.766083983933889 ], [ -111.401779802659746, 56.766263656054029 ], [ -111.402434148878257, 56.766261546588254 ], [ -111.40243222671576, 56.76608187448246 ], [ -111.40275939822898, 56.766080818469526 ], [ -111.402761321954046, 56.766260490568129 ], [ -111.403088495007495, 56.766259433689861 ], [ -111.403090420317497, 56.766439105776023 ], [ -111.403417594911218, 56.766438048032406 ], [ -111.403419521806185, 56.766617720106112 ], [ -111.403746697940164, 56.766616661497132 ], [ -111.403748626420139, 56.766796333558396 ], [ -111.404404913373881, 56.766973885793099 ], [ -111.404408776696499, 56.767333229860505 ], [ -111.404735959013934, 56.767332168648167 ], [ -111.404741758854215, 56.767871184688204 ], [ -111.405068945837399, 56.767870122596001 ], [ -111.405096036309786, 56.770385530056458 ], [ -111.405423245150885, 56.770384467004817 ], [ -111.405440676847405, 56.772001514049087 ], [ -111.405767899733846, 56.772000450074025 ], [ -111.405773715393693, 56.772539465639156 ], [ -111.405446487817642, 56.77254052963594 ], [ -111.405450361910241, 56.772899873334225 ], [ -111.405777592612765, 56.772898809322982 ], [ -111.405781469921877, 56.773258152985775 ], [ -111.40545423609278, 56.7732592170115 ], [ -111.405461984727737, 56.773977904303024 ], [ -111.405134744622814, 56.773978967499296 ], [ -111.405136680274396, 56.774158639316269 ], [ -111.4041549551347, 56.774161823776353 ], [ -111.403831572239895, 56.774522227222185 ] ], [ [ -111.39678123927844, 56.75765509481117 ], [ -111.396127042275324, 56.757657174420636 ], [ -111.396125150856037, 56.757477501927347 ], [ -111.395469068614645, 56.75729990557852 ], [ -111.395465292132556, 56.75694056053743 ], [ -111.394809222362682, 56.756762960684981 ], [ -111.394803567239322, 56.756223943025887 ], [ -111.394147513085613, 56.756046339650645 ], [ -111.393812907442353, 56.755328682566997 ], [ -111.393156873566781, 56.755151073927259 ], [ -111.393149365462392, 56.75443238337499 ], [ -111.392822294839476, 56.754433414045849 ], [ -111.392487728929879, 56.753715753166546 ], [ -111.391831729427082, 56.753538137463224 ], [ -111.3918242470873, 56.752819446609848 ], [ -111.391497190429405, 56.752820473786727 ], [ -111.391484108098709, 56.751562764542186 ], [ -111.3918111538283, 56.751561737414178 ], [ -111.391799931881266, 56.7504837007559 ], [ -111.392126968222769, 56.750482672812154 ], [ -111.392450257823157, 56.750122298443983 ], [ -111.393758390396755, 56.750118174718118 ], [ -111.393760269989514, 56.750297847476098 ], [ -111.394087304639427, 56.750296814393529 ], [ -111.394089185815005, 56.750476487139238 ], [ -111.394416222004082, 56.750475453192003 ], [ -111.394418104762508, 56.750655125925434 ], [ -111.394745142490763, 56.75065409111351 ], [ -111.394747026832064, 56.750833763834649 ], [ -111.395074066099482, 56.750832728158038 ], [ -111.395075952023703, 56.751012400866884 ], [ -111.395731922683254, 56.751189999616074 ], [ -111.395735700885496, 56.751549344979281 ], [ -111.396062746331552, 56.751548306701466 ], [ -111.396083545184609, 56.753524705745775 ], [ -111.396410607782116, 56.753523666532537 ], [ -111.396420070490677, 56.754422029489014 ], [ -111.396747140873018, 56.754420989382673 ], [ -111.396756611937889, 56.755319352172442 ], [ -111.397083690105489, 56.755318311172928 ], [ -111.397106441642606, 56.757474381247548 ], [ -111.396779344735734, 56.757475422332021 ], [ -111.39678123927844, 56.75765509481117 ] ] ] } },
{ "type": "Feature", "properties": { "area_km2": 0.2696 }, "geometry": { "type": "Polygon", "coordinates": [ [ [ -111.332934361174281, 56.713820616124146 ], [ -111.332932774128395, 56.713640941097175 ], [ -111.333259492869146, 56.713640067897288 ], [ -111.333256315717904, 56.713280717839481 ], [ -111.33292960009183, 56.713281591027496 ], [ -111.332924839174936, 56.71274256588363 ], [ -111.333251550129177, 56.712741692713422 ], [ -111.333240431066613, 56.711483967235736 ], [ -111.333567131102114, 56.711483093250685 ], [ -111.33356236139447, 56.710944067985096 ], [ -111.334214159087708, 56.71076264239435 ], [ -111.334534474876804, 56.710043065486843 ], [ -111.335186252310322, 56.709861634809158 ], [ -111.33550654194535, 56.709142055329124 ], [ -111.336158299120285, 56.708960619564905 ], [ -111.336151890760078, 56.708241919097475 ], [ -111.336478562603716, 56.708241037512721 ], [ -111.336475355421456, 56.707881687259508 ], [ -111.336148686691374, 56.707882568832289 ], [ -111.336140676844607, 56.706984193077488 ], [ -111.336467337791078, 56.706983311534678 ], [ -111.336465734320754, 56.706803636373969 ], [ -111.336792393691965, 56.706802753980902 ], [ -111.33678918369381, 56.706443403655754 ], [ -111.33744088806948, 56.706261961166483 ], [ -111.337437671956593, 56.705902610833881 ], [ -111.337111020405644, 56.705903494909386 ], [ -111.337106201045728, 56.705364469353107 ], [ -111.338409563193679, 56.705001577637063 ], [ -111.338407950588973, 56.704821902454711 ], [ -111.338081308433061, 56.704822789062696 ], [ -111.338073253471975, 56.703924413042138 ], [ -111.337746619079454, 56.703925298763863 ], [ -111.337740181671961, 56.703206597828903 ], [ -111.337413553486101, 56.703207482670429 ], [ -111.337410338006819, 56.702848132159446 ], [ -111.337083712914875, 56.702849016132816 ], [ -111.337080500622605, 56.702489665588836 ], [ -111.336753878624535, 56.702490548694101 ], [ -111.336749064994322, 56.701951522820778 ], [ -111.336422447646243, 56.701952405051955 ], [ -111.336420844696192, 56.701772729744363 ], [ -111.336094228885685, 56.70177361111346 ], [ -111.335764413436792, 56.701415140971598 ], [ -111.335111187947618, 56.701416899405508 ], [ -111.335109591277714, 56.701237224058275 ], [ -111.334782980061476, 56.701238101985147 ], [ -111.334781384966163, 56.701058426626673 ], [ -111.334454775287526, 56.701059303691551 ], [ -111.334124981679523, 56.700700829143855 ], [ -111.332818555155299, 56.700704325371028 ], [ -111.332816969451656, 56.700524649961146 ], [ -111.330204127970589, 56.700531601278101 ], [ -111.330205701225921, 56.700711276735227 ], [ -111.328899273823083, 56.700714731872232 ], [ -111.328900840872407, 56.700894407347583 ], [ -111.328574232420195, 56.700895268997577 ], [ -111.32857736346115, 56.701254619944251 ], [ -111.328250751878613, 56.701255480749893 ], [ -111.328252315870202, 56.701435156221194 ], [ -111.327925702713443, 56.701436016176622 ], [ -111.327927265167006, 56.701615691648541 ], [ -111.327600650436011, 56.70161655075372 ], [ -111.327602211351547, 56.701796226226236 ], [ -111.327275595046302, 56.701797084481186 ], [ -111.32727715442374, 56.70197675995427 ], [ -111.32695053654426, 56.70197761735897 ], [ -111.326627031231055, 56.702337824861324 ], [ -111.325973789157104, 56.702339535413515 ], [ -111.32597534236389, 56.702519210894145 ], [ -111.325648719743668, 56.702520064891907 ], [ -111.325650271412215, 56.702699740373099 ], [ -111.325323647217772, 56.702700593520539 ], [ -111.325325197348036, 56.702880269002272 ], [ -111.324998571579371, 56.702881121299399 ], [ -111.32500012017131, 56.703060796781699 ], [ -111.324673492828424, 56.703061648228498 ], [ -111.324675039882024, 56.703241323711332 ], [ -111.324348410964902, 56.703242174307782 ], [ -111.32434995648012, 56.703421849791148 ], [ -111.324023325988776, 56.703422699537249 ], [ -111.32369978033833, 56.703782899401311 ], [ -111.321413344485364, 56.703788817739706 ], [ -111.321414876046973, 56.703968493259104 ], [ -111.318801792985099, 56.703975205751206 ], [ -111.318800273874473, 56.703795530186184 ], [ -111.317820372104393, 56.703798033227201 ], [ -111.31781885768045, 56.703618357639918 ], [ -111.317492225278329, 56.703619190268967 ], [ -111.317490712428267, 56.703439514670791 ], [ -111.31716408156494, 56.703440346438036 ], [ -111.31716257028873, 56.703260670828982 ], [ -111.316835940964211, 56.703261501734453 ], [ -111.316834431261825, 56.703081826114484 ], [ -111.316507803476128, 56.703082656158188 ], [ -111.316506295347509, 56.702902980527355 ], [ -111.315851537837659, 56.702724962387762 ], [ -111.315853042836252, 56.702904638035101 ], [ -111.315526416554448, 56.702905465504799 ], [ -111.31552942349137, 56.703264816795006 ], [ -111.31618418886994, 56.703442836602967 ], [ -111.316188708796432, 56.703981863449478 ], [ -111.316515344381315, 56.703981034233728 ], [ -111.316516852614797, 56.704160709833118 ], [ -111.316843489738602, 56.704159879755579 ], [ -111.317173149589991, 56.704518399982334 ], [ -111.31782642997571, 56.704516735523839 ], [ -111.317827944487419, 56.704696411084889 ], [ -111.318154586210412, 56.704695577565715 ], [ -111.318484263217798, 56.705054094274068 ], [ -111.319137552801749, 56.705052422932134 ], [ -111.319139073592126, 56.705232098454758 ], [ -111.320772305025727, 56.705227905088115 ], [ -111.320770776452846, 56.705048229593977 ], [ -111.322403999661034, 56.705044014851126 ], [ -111.322402463323485, 56.704864339380372 ], [ -111.322729106355311, 56.704863493868991 ], [ -111.322727568479095, 56.704683818398763 ], [ -111.323054209936615, 56.704682972036942 ], [ -111.323377769451625, 56.70432277388575 ], [ -111.324031046051658, 56.704321076904307 ], [ -111.324029502003299, 56.70414140144139 ], [ -111.324356138720077, 56.704140551672189 ], [ -111.324679681150386, 56.703780350128376 ], [ -111.325332948268809, 56.703778646332346 ], [ -111.325656478266168, 56.703418442245415 ], [ -111.326309739051382, 56.70341673333575 ], [ -111.326308184198282, 56.703237057887151 ], [ -111.326634813007544, 56.703236202153924 ], [ -111.326631700242828, 56.702876851252611 ], [ -111.326958325921495, 56.702875994674912 ], [ -111.326956768009936, 56.70269631922222 ], [ -111.327283392114282, 56.702695461794214 ], [ -111.327281832664525, 56.70251578634209 ], [ -111.327608455194564, 56.702514928063813 ], [ -111.327606894206667, 56.702335252612286 ], [ -111.327933515162385, 56.702334393483753 ], [ -111.327931952636376, 56.702154718032808 ], [ -111.328258572017774, 56.702153858054018 ], [ -111.328582060158666, 56.701793646324916 ], [ -111.330215141140755, 56.701789329367763 ], [ -111.330213567776028, 56.701609653942107 ], [ -111.333153098388223, 56.701601829539342 ], [ -111.333154685758274, 56.701781504911835 ], [ -111.335115978068345, 56.70195592541581 ], [ -111.335117574812259, 56.702135600742075 ], [ -111.33577241262546, 56.702313517569443 ], [ -111.335778812310153, 56.703032218753286 ], [ -111.336105439032707, 56.703031338198379 ], [ -111.33612465854354, 56.705187441174481 ], [ -111.335798013144355, 56.705188321801195 ], [ -111.335804414015868, 56.705907022649292 ], [ -111.335477762372008, 56.705907902443727 ], [ -111.33548895371483, 56.70716562876779 ], [ -111.334837224302703, 56.707347061051735 ], [ -111.334842011585607, 56.707886086560592 ], [ -111.334515342762884, 56.707886963851976 ], [ -111.33451853126374, 56.708246314176904 ], [ -111.334191859308959, 56.708247190623929 ], [ -111.333871552104469, 56.708966766849208 ], [ -111.333219783772492, 56.709148190666745 ], [ -111.333222960076782, 56.709507540965816 ], [ -111.332896277150198, 56.70950841402923 ], [ -111.332899450414203, 56.709867764319192 ], [ -111.332572764355348, 56.709868636538111 ], [ -111.332575934578955, 56.710227986818964 ], [ -111.332249245387757, 56.710228858193375 ], [ -111.332255579827319, 56.710947558715816 ], [ -111.331603769475137, 56.711128974072238 ], [ -111.331611672458038, 56.712027349640195 ], [ -111.331284967640883, 56.712028218504607 ], [ -111.331289704978857, 56.712567243800159 ], [ -111.331616414467661, 56.712566374918019 ], [ -111.331622737403663, 56.713285075215033 ], [ -111.331949453103235, 56.71328420545283 ], [ -111.331951035440369, 56.713463880508058 ], [ -111.33227775267892, 56.71346300988349 ], [ -111.332279336591725, 56.713642684927557 ], [ -111.332934361174281, 56.713820616124146 ] ] ] } },
{ "type": "Feature", "properties": { "area_km2": 0.1816 }, "geometry": { "type": "Polygon", "coordinates": [ [ [ -111.314865662463561, 56.702008739502425 ], [ -111.314864162220715, 56.701829063812028 ], [ -111.315190779200009, 56.701828238088233 ], [ -111.315184772177943, 56.701109535296617 ], [ -111.31551138291529, 56.701108708739191 ], [ -111.315508376396537, 56.700749357323161 ], [ -111.315834984004297, 56.700748529920936 ], [ -111.315833479215001, 56.70056885421068 ], [ -111.316485183382156, 56.70038752114511 ], [ -111.31648216766672, 56.700028169720895 ], [ -111.316808768998015, 56.700027339773079 ], [ -111.316807259610528, 56.699847664058758 ], [ -111.317133859368369, 56.699846833260565 ], [ -111.317132348442399, 56.699667157546635 ], [ -111.317458946626772, 56.699666325898072 ], [ -111.317457434162378, 56.699486650184561 ], [ -111.3181091118079, 56.699305308623266 ], [ -111.318106080743149, 56.698945957192642 ], [ -111.318432672651213, 56.698945122998708 ], [ -111.318431155589309, 56.698765447281211 ], [ -111.319082816084929, 56.698584100625339 ], [ -111.319079775825742, 56.698224749186821 ], [ -111.319731423857149, 56.698043399136779 ], [ -111.319728377480558, 56.697684047689556 ], [ -111.320054958409841, 56.697683209255544 ], [ -111.320050384310179, 56.69714418206248 ], [ -111.320376960554626, 56.69714334278963 ], [ -111.320370855779757, 56.696424639814921 ], [ -111.320697425783877, 56.696423799708988 ], [ -111.320692842721641, 56.69588477244001 ], [ -111.321019408041252, 56.695883931495302 ], [ -111.321014820471703, 56.695344904196283 ], [ -111.320688259818695, 56.695345745123852 ], [ -111.320654656731065, 56.691392876696476 ], [ -111.320328130277375, 56.691393716642594 ], [ -111.320325078986144, 56.691034364830116 ], [ -111.319998555624977, 56.691035203909088 ], [ -111.319992459474818, 56.690316500198371 ], [ -111.319665942316192, 56.690317338398827 ], [ -111.319664419877782, 56.690137662452344 ], [ -111.319337904256528, 56.690138499791402 ], [ -111.319336383390763, 56.68995882383399 ], [ -111.319009869306853, 56.689959660311672 ], [ -111.319008350013661, 56.689779984343318 ], [ -111.318353808737328, 56.689601978735276 ], [ -111.318350776458658, 56.689242626749667 ], [ -111.318024268541777, 56.689243460637577 ], [ -111.318022753983698, 56.689063784631252 ], [ -111.317696247604161, 56.689064617657827 ], [ -111.317694734618485, 56.68888494164058 ], [ -111.317040215058185, 56.688706929081626 ], [ -111.317037195393851, 56.688347576998325 ], [ -111.316710695181186, 56.688348407435321 ], [ -111.316709186930055, 56.688168731380145 ], [ -111.316382688254734, 56.688169560955856 ], [ -111.316381181575863, 56.687989884889824 ], [ -111.316054684437873, 56.687990713604272 ], [ -111.316053179331234, 56.687811037527332 ], [ -111.315726683730588, 56.687811865380517 ], [ -111.315397184170536, 56.687453340186018 ], [ -111.314417706540453, 56.68745581601123 ], [ -111.314419203838526, 56.687635492126695 ], [ -111.314092709705704, 56.687636315696118 ], [ -111.313769203984705, 56.687996490647492 ], [ -111.314095701244383, 56.687995667922522 ], [ -111.3140971970397, 56.688175344027847 ], [ -111.315076693379041, 56.688172870702282 ], [ -111.315078193856138, 56.688352546785566 ], [ -111.315404694155973, 56.688351720626805 ], [ -111.315406196205274, 56.688531396699247 ], [ -111.315732698042552, 56.68853056967923 ], [ -111.315734201664085, 56.688710245740786 ], [ -111.316060705038794, 56.688709417859485 ], [ -111.316062210232616, 56.688889093910191 ], [ -111.316388715144726, 56.688888265167606 ], [ -111.316390221910879, 56.689067941207426 ], [ -111.317044744685901, 56.689245957167266 ], [ -111.317047764525157, 56.689605309198136 ], [ -111.317702299722086, 56.689783321674355 ], [ -111.317705325886223, 56.690142673651152 ], [ -111.318031841595413, 56.690141840590606 ], [ -111.318034870939712, 56.690501192535123 ], [ -111.318361389741384, 56.690500358607558 ], [ -111.318364422265972, 56.690859710519746 ], [ -111.318690944160167, 56.690858875725112 ], [ -111.318698533554652, 56.691757255385461 ], [ -111.319025063206823, 56.691756419706714 ], [ -111.319046337624513, 56.694271881978764 ], [ -111.318719786198358, 56.694272717737007 ], [ -111.318727377263784, 56.695171096899188 ], [ -111.318400818042775, 56.695171931829968 ], [ -111.318415985937179, 56.696968689817773 ], [ -111.317764350105378, 56.697150033006274 ], [ -111.317770405379733, 56.697868736078924 ], [ -111.317443822771509, 56.697869568526933 ], [ -111.317445335078162, 56.698049244287645 ], [ -111.31711875089664, 56.698050075885348 ], [ -111.317120261665025, 56.698229751646466 ], [ -111.316793675910191, 56.698230582393855 ], [ -111.316795185140279, 56.69841025815537 ], [ -111.316143516602423, 56.698591592861064 ], [ -111.31582294617813, 56.699311124092056 ], [ -111.315171257396386, 56.699492453708743 ], [ -111.315174260559374, 56.699851805209427 ], [ -111.314847660696856, 56.69985263087149 ], [ -111.314849160748466, 56.700032306619562 ], [ -111.314522559312593, 56.700033131431219 ], [ -111.314525556355946, 56.700392482922865 ], [ -111.314198951790686, 56.700393306889694 ], [ -111.314203442817814, 56.700932334104621 ], [ -111.313551718230514, 56.701113655242708 ], [ -111.313554706145553, 56.701473006705001 ], [ -111.313881320081975, 56.70147218441673 ], [ -111.313882815621625, 56.701651860134419 ], [ -111.314209431096856, 56.701651036984465 ], [ -111.314210928209988, 56.701830712691347 ], [ -111.314865662463561, 56.702008739502425 ] ] ] } },
{ "type": "Feature", "properties": { "area_km2": 0.0212 }, "geometry": { "type": "Polygon", "coordinates": [ [ [ -111.163218218754935, 56.680378807596448 ], [ -111.163217441703523, 56.680199129292617 ], [ -111.165828908480336, 56.680195680248055 ], [ -111.16582811900544, 56.680016001962436 ], [ -111.166154550757525, 56.680015566985482 ], [ -111.166152968727076, 56.679656210404474 ], [ -111.165826540083074, 56.679656645375523 ], [ -111.165825750635591, 56.679476967074237 ], [ -111.162561479235535, 56.679481269708944 ], [ -111.162562253142951, 56.679660948039455 ], [ -111.161909395646774, 56.679661798307542 ], [ -111.161908624847385, 56.67948211997124 ], [ -111.161582197639916, 56.679482543819319 ], [ -111.161582966885291, 56.679662222158498 ], [ -111.161256538114898, 56.679662645154046 ], [ -111.161584505402786, 56.680021578821176 ], [ -111.162237369132967, 56.680020730252352 ], [ -111.162565348862202, 56.680379661309296 ], [ -111.163218218754935, 56.680378807596448 ] ] ] } },
{ "type": "Feature", "properties": { "area_km2": 0.0196 }, "geometry": { "type": "Polygon", "coordinates": [ [ [ -111.138728309377271, 56.678432016278663 ], [ -111.138727648966309, 56.678252337715811 ], [ -111.140033316560633, 56.678250876769347 ], [ -111.140358397102332, 56.677891152277823 ], [ -111.140031983330729, 56.677891519647815 ], [ -111.140031316727359, 56.677711841079216 ], [ -111.139378492268705, 56.677712573248222 ], [ -111.139377828780681, 56.677532894669419 ], [ -111.139051418093644, 56.677533259468454 ], [ -111.139050756167109, 56.677353580881956 ], [ -111.138724347026198, 56.677353944823182 ], [ -111.138396620262682, 56.676994950710551 ], [ -111.136438183856981, 56.67699711123494 ], [ -111.13611307362504, 56.67735682556151 ], [ -111.136439482826646, 56.67735646846284 ], [ -111.136440132322761, 56.677536147068956 ], [ -111.137745775268954, 56.67753471011131 ], [ -111.137746430987875, 56.677714388702441 ], [ -111.138072843259295, 56.677714027322267 ], [ -111.138074157827603, 56.678073384483952 ], [ -111.137747742448482, 56.67807374586905 ], [ -111.137748398190183, 56.678253424444499 ], [ -111.138074815123176, 56.67825306305695 ], [ -111.138075472426365, 56.678432741624732 ], [ -111.138728309377271, 56.678432016278663 ] ] ] } },
{ "type": "Feature", "properties": { "area_km2": 0.4996 }, "geometry": { "type": "Polygon", "coordinates": [ [ [ -111.30076516178724, 56.695036070998938 ], [ -111.301088851923097, 56.694675930034904 ], [ -111.302395073667824, 56.694672766685727 ], [ -111.30271874512151, 56.694312621485935 ], [ -111.303371849638594, 56.694311032986079 ], [ -111.303370404582424, 56.694131356877584 ], [ -111.30467515593287, 56.693948493537349 ], [ -111.304673704688668, 56.693768817440009 ], [ -111.305000252188776, 56.693768018499227 ], [ -111.304998799406036, 56.69358834240208 ], [ -111.305325345333955, 56.693587542610921 ], [ -111.305323891012705, 56.693407866513965 ], [ -111.30565043536842, 56.693407065872414 ], [ -111.305648979508717, 56.693227389775657 ], [ -111.305975522292243, 56.693226588283736 ], [ -111.305974064894087, 56.693046912187199 ], [ -111.306300606105424, 56.693046109844921 ], [ -111.306299147168872, 56.692866433748577 ], [ -111.306950764400071, 56.692685150416892 ], [ -111.306947840390535, 56.692325798219834 ], [ -111.307274375330081, 56.692324993332022 ], [ -111.307271448277874, 56.691965641124945 ], [ -111.307597980090065, 56.691964835392305 ], [ -111.307595049995371, 56.691605483175209 ], [ -111.307921578680237, 56.691604676597763 ], [ -111.307917179000128, 56.691065648249229 ], [ -111.308568757351935, 56.690884356444329 ], [ -111.308562878977312, 56.690165651929156 ], [ -111.308889395170539, 56.69016484282843 ], [ -111.308884981903418, 56.689625814403499 ], [ -111.309211493414679, 56.689625004463572 ], [ -111.30920854821197, 56.689265652165076 ], [ -111.309860089277976, 56.689084353594119 ], [ -111.309857137958105, 56.688725001286201 ], [ -111.310183641643604, 56.688724188806802 ], [ -111.310182164454474, 56.688544512650516 ], [ -111.310508666568012, 56.688543699320981 ], [ -111.3108322081182, 56.688183532829569 ], [ -111.313442706707718, 56.687997312516842 ], [ -111.313766215555574, 56.687637138409912 ], [ -111.313439721388121, 56.687637960268091 ], [ -111.31311024506239, 56.687279428989754 ], [ -111.312457262860008, 56.687281068405696 ], [ -111.312455774924842, 56.687101392246269 ], [ -111.310170347557417, 56.687107103211396 ], [ -111.310171824609654, 56.687286779409632 ], [ -111.309845333362432, 56.687287591844878 ], [ -111.309846808877069, 56.687467268043399 ], [ -111.309195295644173, 56.687648566562359 ], [ -111.309198240539814, 56.688007918955222 ], [ -111.308546714851701, 56.688189214079948 ], [ -111.308229022956652, 56.689268079384817 ], [ -111.307902514504178, 56.689268886746703 ], [ -111.307905447267458, 56.689628239089146 ], [ -111.307578935688127, 56.68962904560631 ], [ -111.307581865409432, 56.689988397938748 ], [ -111.307255350703187, 56.689989203611169 ], [ -111.307258277382346, 56.690348555933582 ], [ -111.306931759549158, 56.690349360761232 ], [ -111.306934683186057, 56.690708713073619 ], [ -111.306608162225842, 56.690709517056476 ], [ -111.306612543142961, 56.691248545502113 ], [ -111.305960949070567, 56.691429827082352 ], [ -111.305640244704634, 56.692149333085055 ], [ -111.305313711235797, 56.692150133688536 ], [ -111.305315165439097, 56.692329809822184 ], [ -111.304988630398171, 56.692330609575301 ], [ -111.304990083063089, 56.69251028570914 ], [ -111.304663546450115, 56.692511084611922 ], [ -111.304664997576623, 56.692690760745954 ], [ -111.304338459391587, 56.692691558798366 ], [ -111.304014817272062, 56.693051708268996 ], [ -111.303035193234322, 56.693054094756548 ], [ -111.303036636634729, 56.693233770901891 ], [ -111.302710093700028, 56.693234564691529 ], [ -111.302711535561841, 56.693414240837036 ], [ -111.302058446531703, 56.69341582585966 ], [ -111.30173477643325, 56.693775969394814 ], [ -111.300755133381045, 56.693778337974862 ], [ -111.300756565960697, 56.693958014136889 ], [ -111.30010346739877, 56.693959588921821 ], [ -111.300102037929875, 56.693779912749093 ], [ -111.297489655464133, 56.693786177612914 ], [ -111.297488238454704, 56.693606501392388 ], [ -111.296182053048668, 56.693609613263284 ], [ -111.296180642277051, 56.693429937016361 ], [ -111.295201007716855, 56.6934322619176 ], [ -111.295199601627573, 56.693252585649653 ], [ -111.294219971586756, 56.693254902832784 ], [ -111.294218570179694, 56.693075226543854 ], [ -111.292911007616297, 56.692898627804006 ], [ -111.292581680102444, 56.692540042396779 ], [ -111.291928605607907, 56.692541574306723 ], [ -111.291927215152484, 56.692361897960289 ], [ -111.291274143703973, 56.6923634264367 ], [ -111.291272756375122, 56.692183750074648 ], [ -111.290293153747527, 56.692186036355338 ], [ -111.28996385733835, 56.691827443956129 ], [ -111.289310795028641, 56.691828962132185 ], [ -111.289309417079039, 56.6916492857234 ], [ -111.288656357815796, 56.691650800466093 ], [ -111.288654982992469, 56.691471124041776 ], [ -111.288000555078696, 56.69129295891134 ], [ -111.287993696831435, 56.690394576633629 ], [ -111.288320215617162, 56.690393821437617 ], [ -111.288316096194464, 56.68985479202351 ], [ -111.288642610299249, 56.68985403598716 ], [ -111.288639860987047, 56.689494683028514 ], [ -111.288966371965984, 56.689493926146753 ], [ -111.288964995778841, 56.689314249664704 ], [ -111.289616635297904, 56.689133056867441 ], [ -111.289613876783775, 56.688773703897752 ], [ -111.290265503847706, 56.688592507703341 ], [ -111.290262739210092, 56.688233154722852 ], [ -111.290589239224943, 56.688232393598838 ], [ -111.290587855375321, 56.688052717105926 ], [ -111.291239465304102, 56.687871515813491 ], [ -111.291236691466011, 56.687512162822173 ], [ -111.291888288940584, 56.687330958132975 ], [ -111.291884119023933, 56.686791928622107 ], [ -111.292210606520442, 56.686791163261432 ], [ -111.292207823547201, 56.686431810238389 ], [ -111.29285939770152, 56.686250600462117 ], [ -111.293174712057265, 56.684812420331625 ], [ -111.293501182388866, 56.68481165160599 ], [ -111.293496989831695, 56.684272621953191 ], [ -111.293823455483775, 56.68427185238771 ], [ -111.293809465802141, 56.682475086589982 ], [ -111.293483015693383, 56.682475856103174 ], [ -111.293478823767529, 56.681936826245973 ], [ -111.293152378305237, 56.681937594888048 ], [ -111.292820356252108, 56.681219656083279 ], [ -111.292166086684901, 56.68104151237717 ], [ -111.292163304743084, 56.680682159018716 ], [ -111.291836870095096, 56.680682924202614 ], [ -111.291835480702403, 56.680503247510316 ], [ -111.291509047592399, 56.680504011833619 ], [ -111.291507659769835, 56.680324335130912 ], [ -111.291181228197786, 56.68032509859362 ], [ -111.291179841945322, 56.680145421880475 ], [ -111.290853411911215, 56.680146184482616 ], [ -111.290852027228809, 56.679966507759048 ], [ -111.290525598732685, 56.679967269500622 ], [ -111.290524215620295, 56.679787592766651 ], [ -111.290197788662127, 56.679788353647666 ], [ -111.289868601727065, 56.679429760168965 ], [ -111.288889330032461, 56.679432035082733 ], [ -111.288887954737788, 56.679252358307266 ], [ -111.288561532361626, 56.679253114895978 ], [ -111.288232365643609, 56.678894517042096 ], [ -111.287579527027432, 56.678896025922235 ], [ -111.287578157996037, 56.678716349110495 ], [ -111.287251740218039, 56.678717102262439 ], [ -111.287250372756361, 56.678537425440346 ], [ -111.286597540260573, 56.678538929167964 ], [ -111.286268398436135, 56.678180326058239 ], [ -111.285615572060934, 56.678181824633477 ], [ -111.285614212415794, 56.678002147770179 ], [ -111.284961389085197, 56.678003642913957 ], [ -111.284960032563404, 56.677823966035263 ], [ -111.28430721227754, 56.677825457747623 ], [ -111.284305858878994, 56.677645780853553 ], [ -111.283653041637976, 56.677647269134546 ], [ -111.283651691362607, 56.677467592225128 ], [ -111.282998877166548, 56.67746907707479 ], [ -111.282997530014299, 56.677289400150052 ], [ -111.282018313264416, 56.677291620994694 ], [ -111.281689225822021, 56.676933005660246 ], [ -111.280710018207927, 56.676935216211291 ], [ -111.280708681978268, 56.676755539235707 ], [ -111.279076676747266, 56.676759206356792 ], [ -111.279075348301419, 56.676579529351073 ], [ -111.278422549208514, 56.676580990202623 ], [ -111.27842122388536, 56.676401313181728 ], [ -111.277768427838367, 56.676402770602273 ], [ -111.277769750054219, 56.676582447633074 ], [ -111.276790551207981, 56.676584627364178 ], [ -111.276789233653076, 56.676404950318577 ], [ -111.276462835560764, 56.676405675180149 ], [ -111.276461519574767, 56.676225998124366 ], [ -111.2758087264517, 56.676227445271863 ], [ -111.275807413588169, 56.676047768201016 ], [ -111.273196252918083, 56.676053522541281 ], [ -111.273197553352688, 56.6762331996512 ], [ -111.272546057269338, 56.676414306807793 ], [ -111.272875053380531, 56.676772946412839 ], [ -111.275487575258907, 56.676946875813286 ], [ -111.275488886644752, 56.677126552862823 ], [ -111.27679582158018, 56.677303335494202 ], [ -111.276797139211382, 56.677483012513619 ], [ -111.277123546610611, 56.677482286767201 ], [ -111.277124865810833, 56.67766196377643 ], [ -111.277777683670948, 56.677660509707827 ], [ -111.277779005994006, 56.677840186701964 ], [ -111.278758237330607, 56.677837999169363 ], [ -111.278759564330358, 56.678017676143376 ], [ -111.280065212112419, 56.678014747438922 ], [ -111.280066545342777, 56.678194424387812 ], [ -111.281045785678671, 56.678192218863607 ], [ -111.281047123585964, 56.678371895792289 ], [ -111.281699953506774, 56.678370421156167 ], [ -111.282029053628094, 56.678729036366661 ], [ -111.283008307669178, 56.678726815401312 ], [ -111.283009654946241, 56.678906492284135 ], [ -111.283662494003394, 56.678905007353777 ], [ -111.28366384440389, 56.679084684221273 ], [ -111.284970885177728, 56.67926138091812 ], [ -111.285300024146522, 56.679619987396535 ], [ -111.285952875415447, 56.679618490450601 ], [ -111.286282026831671, 56.679977094301258 ], [ -111.28693488422185, 56.67997559220268 ], [ -111.287264048085831, 56.680334193425416 ], [ -111.28791691159708, 56.680332686174054 ], [ -111.287918282325222, 56.680512362933499 ], [ -111.288244715611071, 56.680511608019607 ], [ -111.288246087909158, 56.680691284768685 ], [ -111.288900332963408, 56.680869449097983 ], [ -111.288903083855445, 56.681228802549398 ], [ -111.289557341326557, 56.68140696340015 ], [ -111.289560098530828, 56.681766316799525 ], [ -111.28988654261579, 56.681765557572518 ], [ -111.289887922796055, 56.681945234259189 ], [ -111.290214368419214, 56.68194447417158 ], [ -111.290543580651686, 56.682303066565467 ], [ -111.29184937535355, 56.682300014197331 ], [ -111.291850764907196, 56.682479690837198 ], [ -111.292505057948318, 56.682657836134219 ], [ -111.292516199955003, 56.684095248939421 ], [ -111.292189735792704, 56.6840960150776 ], [ -111.292191127061713, 56.684275691659877 ], [ -111.291539583756233, 56.684456897967515 ], [ -111.291546524878854, 56.685355280826023 ], [ -111.291220049786972, 56.685356044433981 ], [ -111.291224209989835, 56.685895074101772 ], [ -111.290572634087795, 56.686076275337882 ], [ -111.29057540145034, 56.686435628433777 ], [ -111.290248916982819, 56.686436389506078 ], [ -111.290251681300163, 56.686795742591357 ], [ -111.289925193707319, 56.686796502818396 ], [ -111.289927954979319, 56.687155855893039 ], [ -111.289601464261068, 56.687156615274787 ], [ -111.289604222487611, 56.687515968338801 ], [ -111.289277728643924, 56.687516726875245 ], [ -111.288956738990791, 56.688236190662394 ], [ -111.288630238896076, 56.688236947508159 ], [ -111.288631613432727, 56.688416624026779 ], [ -111.287979981528736, 56.688597811685277 ], [ -111.287982724462168, 56.688957164716861 ], [ -111.287656218100281, 56.688957919016168 ], [ -111.287660327954825, 56.689496948539627 ], [ -111.287333816912309, 56.689497701998619 ], [ -111.287336553784755, 56.689857054998306 ], [ -111.287010039616447, 56.689857807611823 ], [ -111.287011406521472, 56.690037484108927 ], [ -111.286359738838215, 56.690218663281136 ], [ -111.286366558129359, 56.691117045712886 ], [ -111.286693083214658, 56.691116294775057 ], [ -111.286695814151997, 56.691475647700869 ], [ -111.287022342331724, 56.691474895897073 ], [ -111.287023709379284, 56.691654572347019 ], [ -111.287676768801532, 56.691653066161926 ], [ -111.287678138975281, 56.691832742596397 ], [ -111.288004670217774, 56.691831988215085 ], [ -111.288333948060284, 56.692190585810721 ], [ -111.288987016686534, 56.692189072748711 ], [ -111.288988393128818, 56.692368749146915 ], [ -111.289968000614209, 56.692366473120103 ], [ -111.289969381738175, 56.692546149497609 ], [ -111.2902959190899, 56.692545389105263 ], [ -111.290297301785145, 56.692725065472374 ], [ -111.290623840676105, 56.69272430421907 ], [ -111.29062522494263, 56.692903980575757 ], [ -111.290951765372839, 56.692903218461488 ], [ -111.290953151210701, 56.693082894807766 ], [ -111.291279693180158, 56.693082131832504 ], [ -111.291281080589386, 56.693261808168351 ], [ -111.291607624098091, 56.69326104433209 ], [ -111.291936948678753, 56.693619632275237 ], [ -111.292590041836959, 56.693618100302842 ], [ -111.292919378876633, 56.69397668561593 ], [ -111.294880081129435, 56.694151740213456 ], [ -111.294881485744767, 56.694331416460457 ], [ -111.29553459105432, 56.694329869041184 ], [ -111.295535998796808, 56.694509545272425 ], [ -111.296189107151989, 56.69450799441924 ], [ -111.296190518021689, 56.694687670634707 ], [ -111.297496740757566, 56.694684558636951 ], [ -111.297498157865505, 56.694864234826035 ], [ -111.298151272245946, 56.694862673681406 ], [ -111.298152692481281, 56.695042349854631 ], [ -111.30076516178724, 56.695036070998938 ] ] ] } },
{ "type": "Feature", "properties": { "area_km2": 0.0588 }, "geometry": { "type": "Polygon", "coordinates": [ [ [ -111.264086096189303, 56.680205806963734 ], [ -111.264084838935773, 56.680026129835127 ], [ -111.264411268671267, 56.680025437379818 ], [ -111.264407492336133, 56.679486405976746 ], [ -111.264733917395077, 56.679485712680162 ], [ -111.264731396803342, 56.679126358394683 ], [ -111.26505781873982, 56.679125664252169 ], [ -111.265056556911944, 56.678945987106282 ], [ -111.26538297727987, 56.678945292113134 ], [ -111.265381713912717, 56.678765614966743 ], [ -111.265708132712135, 56.678764919122969 ], [ -111.265706867805719, 56.678585241976052 ], [ -111.266033285036613, 56.678584545281659 ], [ -111.266032018591019, 56.678404868134251 ], [ -111.266358434253377, 56.678404170589253 ], [ -111.266357166268591, 56.678224493441341 ], [ -111.266683580362425, 56.678223795045746 ], [ -111.266682310838519, 56.678044117897343 ], [ -111.26700872336383, 56.678043418651164 ], [ -111.267007452300817, 56.677863741502286 ], [ -111.267659000043778, 56.677682663308865 ], [ -111.267656451776332, 56.677323309003924 ], [ -111.26798285804233, 56.677322607210854 ], [ -111.267981582377004, 56.677142930055297 ], [ -111.268960796425077, 56.677140819558602 ], [ -111.268959516113398, 56.676961142412154 ], [ -111.26993872536687, 56.676959024232183 ], [ -111.269937440408938, 56.676779347094865 ], [ -111.271569447765046, 56.676775799713234 ], [ -111.271568155053629, 56.676596122594788 ], [ -111.271894554926334, 56.676595410557447 ], [ -111.272218363191541, 56.676235343431578 ], [ -111.271891966441117, 56.676236056314522 ], [ -111.271890672221005, 56.676056379185184 ], [ -111.269932300726055, 56.676060638493261 ], [ -111.269933585624443, 56.676240315651519 ], [ -111.268627998115448, 56.676243138104198 ], [ -111.268629276814181, 56.676422815276403 ], [ -111.267650081365957, 56.676424923149931 ], [ -111.267651355418522, 56.676604600331203 ], [ -111.266998555271911, 56.676606001313388 ], [ -111.266999826231881, 56.676785678498938 ], [ -111.266673424582805, 56.676786377711863 ], [ -111.266674694003797, 56.676966054896937 ], [ -111.26634829078634, 56.676966753259315 ], [ -111.26634955866831, 56.677146430443884 ], [ -111.266023153882443, 56.677147127955706 ], [ -111.266024420225378, 56.677326805139792 ], [ -111.265698013871116, 56.677327501801059 ], [ -111.265699278674973, 56.677507178984627 ], [ -111.265372870752302, 56.67750787479531 ], [ -111.265374134017037, 56.677687551978373 ], [ -111.265047724525971, 56.677688246938473 ], [ -111.265048986251557, 56.677867924121017 ], [ -111.264722575192081, 56.677868618230519 ], [ -111.26472383537849, 56.678048295412545 ], [ -111.264072267201527, 56.678229358261213 ], [ -111.264074781431887, 56.678588712617888 ], [ -111.263748364113354, 56.678589404180215 ], [ -111.263431979421156, 56.680027512179585 ], [ -111.264086096189303, 56.680205806963734 ] ] ] } },
{ "type": "Feature", "properties": { "area_km2": 0.0864 }, "geometry": { "type": "Polygon", "coordinates": [ [ [ -111.148518738830248, 56.677881690043385 ], [ -111.14851803182718, 56.677702011541548 ], [ -111.151781429029697, 56.677518398510308 ], [ -111.151780706505036, 56.677338720024757 ], [ -111.152759932940498, 56.677337522996808 ], [ -111.152759205762862, 56.67715784451417 ], [ -111.153412020236871, 56.677157042224394 ], [ -111.153411289960161, 56.676977363741969 ], [ -111.154390506946413, 56.676976153900696 ], [ -111.154389772016927, 56.676796475421263 ], [ -111.157000257157065, 56.676613533104067 ], [ -111.15699950981498, 56.676433854636358 ], [ -111.157325910730151, 56.676433442811259 ], [ -111.157650810763727, 56.676073673190984 ], [ -111.158303606335934, 56.676072845275598 ], [ -111.158628493948953, 56.675713073091096 ], [ -111.158302099283219, 56.67571348832606 ], [ -111.158301345769942, 56.675533809843444 ], [ -111.156016593741711, 56.675536692521213 ], [ -111.155691682737583, 56.675896457915989 ], [ -111.153081240792943, 56.676079372807664 ], [ -111.152756297136605, 56.676439130531335 ], [ -111.150797890802608, 56.676441516808318 ], [ -111.150798608624314, 56.676621195328075 ], [ -111.150145803338873, 56.676621983916775 ], [ -111.150146518061433, 56.67680166243666 ], [ -111.148514496934638, 56.676803618954033 ], [ -111.148515203896778, 56.676983297481989 ], [ -111.146230363099676, 56.676986000702016 ], [ -111.146229667013742, 56.676806322155699 ], [ -111.144597645399458, 56.676808227354996 ], [ -111.144598333716658, 56.676987905914245 ], [ -111.144271927816064, 56.676988284390781 ], [ -111.144272614587479, 56.677167962947387 ], [ -111.143620483326728, 56.677348395896132 ], [ -111.143948262825745, 56.677707376217327 ], [ -111.147865207781223, 56.677702788187773 ], [ -111.147865911676632, 56.677882466694875 ], [ -111.148518738830248, 56.677881690043385 ] ] ] } },
{ "type": "Feature", "properties": { "area_km2": 0.0084 }, "geometry": { "type": "Polygon", "coordinates": [ [ [ -111.543773531969336, 56.675345861418876 ], [ -111.544094730358907, 56.674985093987203 ], [ -111.544747480084737, 56.674982240899361 ], [ -111.544744887210669, 56.674802569835258 ], [ -111.545071260475268, 56.674801142018303 ], [ -111.545068666077981, 56.674621470958591 ], [ -111.544742294366642, 56.67462289876584 ], [ -111.544410740133756, 56.674264983543857 ], [ -111.543758002773956, 56.674267834843931 ], [ -111.543760590898259, 56.67444750595299 ], [ -111.543110435359893, 56.674630024975009 ], [ -111.543118190682819, 56.675169038312568 ], [ -111.543773531969336, 56.675345861418876 ] ] ] } },
{ "type": "Feature", "properties": { "area_km2": 0.0264 }, "geometry": { "type": "Polygon", "coordinates": [ [ [ -111.164179546402977, 56.676244918502654 ], [ -111.164178764897542, 56.676065240087389 ], [ -111.16450516251038, 56.676064809451795 ], [ -111.164504379460354, 56.675885131034235 ], [ -111.16417798340116, 56.675885561666888 ], [ -111.1645028133875, 56.675525774183406 ], [ -111.16515559926421, 56.675524910364018 ], [ -111.165154813134208, 56.675345231936646 ], [ -111.166461170908207, 56.675523172462164 ], [ -111.166785976009578, 56.675163379018109 ], [ -111.16645958622864, 56.675163815625773 ], [ -111.166458793902606, 56.674984137199743 ], [ -111.165806017420337, 56.67498500784346 ], [ -111.165806806639253, 56.675164686275394 ], [ -111.165154027013301, 56.67516555350403 ], [ -111.165153240901503, 56.674985875066206 ], [ -111.16319491112705, 56.674988456208638 ], [ -111.163195687917508, 56.675168134664013 ], [ -111.160584568619981, 56.675171528316831 ], [ -111.160585332990848, 56.675351206790019 ], [ -111.16025894148504, 56.675351627150874 ], [ -111.1605868617591, 56.675710563720727 ], [ -111.162871623801195, 56.675707597207435 ], [ -111.162872399074018, 56.675887275644804 ], [ -111.163198795169308, 56.675886848433223 ], [ -111.163526748042813, 56.676245777213815 ], [ -111.164179546402977, 56.676244918502654 ] ] ] } },
{ "type": "Feature", "properties": { "area_km2": 0.1536 }, "geometry": { "type": "Polygon", "coordinates": [ [ [ -111.541851371748848, 56.677869790555512 ], [ -111.541848792376442, 56.677690119489085 ], [ -111.542175190765391, 56.677688699214087 ], [ -111.54217002900306, 56.677329357084659 ], [ -111.5418436337212, 56.677330777340359 ], [ -111.541841054438393, 56.677151106258066 ], [ -111.540535479226492, 56.677156778690069 ], [ -111.540532906187565, 56.676977107563943 ], [ -111.539877551607617, 56.676800267478725 ], [ -111.539869842079753, 56.676261253995001 ], [ -111.540196228219713, 56.676259838928338 ], [ -111.540517468579836, 56.675899080695984 ], [ -111.540843851553404, 56.675897663938187 ], [ -111.540846425966933, 56.676077335086461 ], [ -111.541496617411084, 56.675894827857043 ], [ -111.541486307628332, 56.675176143288056 ], [ -111.541812684299003, 56.675174724003277 ], [ -111.541810105374623, 56.674995052857426 ], [ -111.541483730257269, 56.674996472132563 ], [ -111.541478575604685, 56.674637129805724 ], [ -111.541152203564039, 56.674638548206438 ], [ -111.540820683173337, 56.674280623365469 ], [ -111.53951520701942, 56.674286284919482 ], [ -111.539512639116907, 56.674106613679804 ], [ -111.538859903967875, 56.674109439306839 ], [ -111.538857339201499, 56.673929768042683 ], [ -111.537878240914836, 56.673934000041072 ], [ -111.537875680837701, 56.673754328742881 ], [ -111.537222951604704, 56.673757145780407 ], [ -111.537220394663549, 56.673577474457787 ], [ -111.536567668418428, 56.673580288055746 ], [ -111.536565114613211, 56.673400616708719 ], [ -111.535257120417697, 56.673226562214737 ], [ -111.535259667980824, 56.673406233605228 ], [ -111.534933306248931, 56.673407635691603 ], [ -111.534938398357355, 56.673766978475719 ], [ -111.534288211584553, 56.673949451524379 ], [ -111.53429329765703, 56.674308794314811 ], [ -111.533966928070782, 56.674310193883407 ], [ -111.533645638432361, 56.674670935404137 ], [ -111.53299289289977, 56.674673730303645 ], [ -111.532671590864581, 56.675034469313715 ], [ -111.532997966781537, 56.675033073127715 ], [ -111.533329419775086, 56.675391018870464 ], [ -111.533982177675341, 56.675388222184694 ], [ -111.53398471937912, 56.675567893549733 ], [ -111.534963860668753, 56.675563692078789 ], [ -111.534966407062072, 56.675743363409964 ], [ -111.535621720410731, 56.67592022944126 ], [ -111.535626819558502, 56.676279572039071 ], [ -111.53595320608396, 56.676278168089929 ], [ -111.535955757255579, 56.676457839371345 ], [ -111.536282145304924, 56.676456434557458 ], [ -111.536284698059546, 56.676636105824059 ], [ -111.536611087632792, 56.676634700145414 ], [ -111.536613641970462, 56.676814371397171 ], [ -111.536940033067594, 56.676812964853774 ], [ -111.537271539113206, 56.677170899904553 ], [ -111.537924327373403, 56.677168082503435 ], [ -111.537926888013928, 56.677347753701056 ], [ -111.538253283653077, 56.677346343708088 ], [ -111.538584806846771, 56.677704275200917 ], [ -111.539564002818281, 56.677700037467375 ], [ -111.539561434350631, 56.677520366328302 ], [ -111.540214228409141, 56.677517536915637 ], [ -111.540216799983895, 56.677697208035482 ], [ -111.540869597030394, 56.677694375182639 ], [ -111.54087217174208, 56.677874046277978 ], [ -111.541851371748848, 56.677869790555512 ] ] ] } },
{ "type": "Feature", "properties": { "area_km2": 0.0152 }, "geometry": { "type": "Polygon", "coordinates": [ [ [ -111.101181951200687, 56.67541362554563 ], [ -111.101181469582741, 56.675233946648426 ], [ -111.101507860840925, 56.675233681090901 ], [ -111.101833282660067, 56.674874056875304 ], [ -111.102486058934119, 56.67487352149125 ], [ -111.102485571118734, 56.674693842585654 ], [ -111.102811957693731, 56.674693573612593 ], [ -111.102811468330472, 56.674513894703587 ], [ -111.103464238356437, 56.674513354195433 ], [ -111.103789635330358, 56.674153724835868 ], [ -111.103463253432921, 56.674153996369107 ], [ -111.10346276097971, 56.673974317448113 ], [ -111.101504478796798, 56.673975928676995 ], [ -111.10150496192918, 56.674155607608931 ], [ -111.101178579992194, 56.674155873155634 ], [ -111.101179061576673, 56.674335552084145 ], [ -111.101505445067147, 56.674335286535637 ], [ -111.101506411359878, 56.674694644373417 ], [ -111.100201818823166, 56.675055059281682 ], [ -111.100529165560417, 56.67541415409849 ], [ -111.101181951200687, 56.67541362554563 ] ] ] } },
{ "type": "Feature", "properties": { "area_km2": 0.0908 }, "geometry": { "type": "Polygon", "coordinates": [ [ [ -111.13317982833594, 56.678617751261221 ], [ -111.133504977376674, 56.678258044645794 ], [ -111.13317856033899, 56.678258394058446 ], [ -111.133177926351522, 56.678078715449232 ], [ -111.132851510860377, 56.678079064004166 ], [ -111.132850878434112, 56.677899385387349 ], [ -111.132524464489478, 56.677899733084594 ], [ -111.132196791922311, 56.677540722667736 ], [ -111.132523202766592, 56.67754037583056 ], [ -111.132522571916098, 56.677360697195724 ], [ -111.134154618258478, 56.677358950191795 ], [ -111.134479747180464, 56.676999240968208 ], [ -111.134153341041667, 56.676999592930173 ], [ -111.134152702444354, 56.676819914291535 ], [ -111.133173488644886, 56.676820965038438 ], [ -111.13317285471615, 56.676641286387444 ], [ -111.132193645511791, 56.676642329429519 ], [ -111.132193016251563, 56.676462650766197 ], [ -111.131213811642723, 56.676463686103581 ], [ -111.131213187050861, 56.676284007428009 ], [ -111.130560387049513, 56.676284693371812 ], [ -111.130232747198008, 56.675925677679999 ], [ -111.129579953368193, 56.675926358482833 ], [ -111.129579336566238, 56.675746679779984 ], [ -111.128273144455278, 56.675568352395914 ], [ -111.12827253388204, 56.675388673673453 ], [ -111.127946141588893, 56.675389009364018 ], [ -111.127945532576305, 56.675209330634026 ], [ -111.127619141829697, 56.675209665467058 ], [ -111.127618534377731, 56.675029986729584 ], [ -111.127292145177648, 56.675030320705098 ], [ -111.126964547301924, 56.674671296325677 ], [ -111.125985388959961, 56.674672290541494 ], [ -111.125984789296709, 56.674492611777062 ], [ -111.12565840472233, 56.674492941469623 ], [ -111.12565720852362, 56.674133583920614 ], [ -111.125330827049282, 56.67413391275349 ], [ -111.125330230513782, 56.673954233968907 ], [ -111.124677470651349, 56.673954889064554 ], [ -111.124349906980143, 56.673595857731399 ], [ -111.123697742044826, 56.673776186493022 ], [ -111.123698330806192, 56.673955865293905 ], [ -111.124024710761418, 56.673955540739328 ], [ -111.124025891411549, 56.674314898321001 ], [ -111.123699508349375, 56.674315222879983 ], [ -111.123700097131191, 56.674494901665192 ], [ -111.120436250602395, 56.674498100239497 ], [ -111.120435677355573, 56.674318421432559 ], [ -111.11945652792717, 56.674319364321477 ], [ -111.119457096513472, 56.674499043134823 ], [ -111.119130711803976, 56.674499355722801 ], [ -111.119458233705856, 56.674858400745826 ], [ -111.12043739711595, 56.674857457837696 ], [ -111.120437970382667, 56.675037136628973 ], [ -111.123375474234479, 56.675034261702045 ], [ -111.123374886985758, 56.674854582930308 ], [ -111.125006825565123, 56.674852955826104 ], [ -111.125007420581611, 56.675032634586785 ], [ -111.12631357877305, 56.675210996246669 ], [ -111.126314180017687, 56.675390674987973 ], [ -111.126640572345934, 56.675390343573689 ], [ -111.126641175151136, 56.675570022307511 ], [ -111.126967569026007, 56.675569690035715 ], [ -111.126968173391816, 56.675749368762062 ], [ -111.127294568813312, 56.675749035632727 ], [ -111.127295174739757, 56.675928714351585 ], [ -111.127621571707877, 56.675928380364731 ], [ -111.127949186757604, 56.676287402935543 ], [ -111.128928386920478, 56.676286393263794 ], [ -111.128929000636461, 56.676466071955581 ], [ -111.129582420647452, 56.676645073242 ], [ -111.129911297389299, 56.677363447925316 ], [ -111.130237706730398, 56.677363107077738 ], [ -111.130565359126862, 56.677722122667404 ], [ -111.131218183988366, 56.677721436686326 ], [ -111.131873519894228, 56.678439461768988 ], [ -111.13317982833594, 56.678617751261221 ] ] ] } },
{ "type": "Feature", "properties": { "area_km2": 0.0508 }, "geometry": { "type": "Polygon", "coordinates": [ [ [ -111.097264774054608, 56.675237066628874 ], [ -111.097590236337922, 56.67487745348545 ], [ -111.096936998493845, 56.674698284276417 ], [ -111.096936075699574, 56.674338926389204 ], [ -111.098240674712898, 56.673978545641354 ], [ -111.097913362202235, 56.673619444715527 ], [ -111.096934230175179, 56.673620210552109 ], [ -111.096934691548256, 56.673799889519216 ], [ -111.096608312641763, 56.673800143089387 ], [ -111.096609232297041, 56.674159501011388 ], [ -111.096282850278286, 56.674159753729796 ], [ -111.095957381716801, 56.674519363500934 ], [ -111.095304611438834, 56.674519864668447 ], [ -111.094650039091562, 56.673801646551084 ], [ -111.092692206537052, 56.67398279820911 ], [ -111.092691765353536, 56.673803119225276 ], [ -111.090733491431564, 56.673804561111936 ], [ -111.090406251823268, 56.673445440427038 ], [ -111.088447996332761, 56.673446846375825 ], [ -111.088448417311611, 56.67362652539105 ], [ -111.088122039825933, 56.673626756724225 ], [ -111.088449259283905, 56.673985883405827 ], [ -111.089754781605237, 56.673984949508394 ], [ -111.089755208812591, 56.6741646285016 ], [ -111.090081590934091, 56.674164392887604 ], [ -111.090082019699892, 56.674344071873996 ], [ -111.090734787034918, 56.674343598077122 ], [ -111.090735218912712, 56.67452327705508 ], [ -111.092367144929995, 56.674522077588286 ], [ -111.09236758458043, 56.674701756552878 ], [ -111.093999518238064, 56.674700535696992 ], [ -111.093999965661311, 56.674880214648056 ], [ -111.09497913045449, 56.674879471866632 ], [ -111.094979582543601, 56.675059150807435 ], [ -111.09661153152841, 56.675057895724983 ], [ -111.096611991390674, 56.675237574652044 ], [ -111.097264774054608, 56.675237066628874 ] ] ] } },
{ "type": "Feature", "properties": { "area_km2": 0.4228 }, "geometry": { "type": "Polygon", "coordinates": [ [ [ -111.26216120770529, 56.685061225011843 ], [ -111.262159959385542, 56.68488154799654 ], [ -111.263464591925342, 56.684699116065197 ], [ -111.263463337416624, 56.684519439058128 ], [ -111.263789806037138, 56.684518748196282 ], [ -111.263787293954422, 56.684159394175822 ], [ -111.26411375945149, 56.684158702467833 ], [ -111.264112501877534, 56.683979025454448 ], [ -111.264438965805638, 56.683978332895641 ], [ -111.264436447592644, 56.683618978862562 ], [ -111.264762908397373, 56.683618285457655 ], [ -111.264756605348524, 56.6827199003069 ], [ -111.265083058367011, 56.682719206070075 ], [ -111.265078009973791, 56.682000497874071 ], [ -111.264751563172283, 56.682001192092038 ], [ -111.264746521229654, 56.681282483793389 ], [ -111.264420080630245, 56.681283177137054 ], [ -111.26441756285476, 56.68092382294688 ], [ -111.264091125348997, 56.680924515425708 ], [ -111.264089868037217, 56.68074483831807 ], [ -111.263438250293802, 56.680925897817126 ], [ -111.263449538779824, 56.682542991634783 ], [ -111.263123087242789, 56.68254368158955 ], [ -111.262801640739497, 56.683263078953559 ], [ -111.262475182956237, 56.683263767216076 ], [ -111.262476432700183, 56.683443444273856 ], [ -111.262149973348102, 56.683444131685548 ], [ -111.262151221552173, 56.683623808742745 ], [ -111.261824760631271, 56.683624495303597 ], [ -111.261500789929883, 56.683984535126292 ], [ -111.260847861798368, 56.683985903989083 ], [ -111.260849103828136, 56.684165581049193 ], [ -111.260196172530229, 56.684166946499182 ], [ -111.260197411465526, 56.684346623563343 ], [ -111.258565075197723, 56.684350022239734 ], [ -111.258566306375087, 56.684529699321736 ], [ -111.255954555170263, 56.684535092753016 ], [ -111.255625651845563, 56.684176408830382 ], [ -111.254646254194768, 56.684178414656898 ], [ -111.254645041698993, 56.683998737509604 ], [ -111.254318577341706, 56.683999404402854 ], [ -111.254317366414369, 56.683819727245798 ], [ -111.253990903597469, 56.683820393279007 ], [ -111.253989694238555, 56.68364071611218 ], [ -111.253335565435336, 56.683462368421942 ], [ -111.253333153004959, 56.683103014044043 ], [ -111.253006696363514, 56.683103677492689 ], [ -111.253005491723584, 56.682924000291379 ], [ -111.25267903662251, 56.682924662880026 ], [ -111.252677833550834, 56.68274498566899 ], [ -111.252023726466319, 56.682566631045589 ], [ -111.252021326609679, 56.682207276579355 ], [ -111.251694877683931, 56.682207936583616 ], [ -111.251690084354237, 56.681489227570395 ], [ -111.251363641631414, 56.681489886701279 ], [ -111.251358854740332, 56.680771177586408 ], [ -111.251032418220149, 56.68077183584397 ], [ -111.251021662512187, 56.679154739988981 ], [ -111.250695239964287, 56.679155397350925 ], [ -111.250692853067051, 56.678796042649978 ], [ -111.250366433613152, 56.678796699147647 ], [ -111.250362858032574, 56.678257667043553 ], [ -111.250036443226449, 56.678258322672519 ], [ -111.250035252947711, 56.678078645289567 ], [ -111.249708839681659, 56.678079300058748 ], [ -111.249706462273124, 56.677719945268237 ], [ -111.249052456338873, 56.677541574810853 ], [ -111.249048899693094, 56.677002542543519 ], [ -111.248722495708421, 56.677003194720115 ], [ -111.248721311740979, 56.67682351728277 ], [ -111.24839490929628, 56.676824168599659 ], [ -111.248393726896268, 56.676644491152636 ], [ -111.24806732599157, 56.676645141609825 ], [ -111.248066145158916, 56.676465464153154 ], [ -111.24773974579422, 56.676466113750642 ], [ -111.247410991006149, 56.676107407546176 ], [ -111.246758198423095, 56.676108702447159 ], [ -111.246757023845944, 56.675929024957185 ], [ -111.245450276382087, 56.67575192696571 ], [ -111.245121549572588, 56.675393214653589 ], [ -111.244468769228462, 56.675394497546002 ], [ -111.244467605580539, 56.675214820004477 ], [ -111.244141216941813, 56.675215460163471 ], [ -111.244140054860907, 56.675035782612355 ], [ -111.24381366776224, 56.675036421911777 ], [ -111.243484962742713, 56.674677705220674 ], [ -111.236958407723009, 56.674869971990297 ], [ -111.236959535613124, 56.675049649640833 ], [ -111.236633148222921, 56.675050270125134 ], [ -111.236634274572566, 56.67522994777466 ], [ -111.236307885615773, 56.67523056740793 ], [ -111.236309010424918, 56.675410245056426 ], [ -111.235982619901549, 56.675410863838678 ], [ -111.235983743170138, 56.67559054148613 ], [ -111.235657351080192, 56.67559115941733 ], [ -111.235333199339053, 56.675951131789276 ], [ -111.234680408879882, 56.675952363392142 ], [ -111.234681525973002, 56.67613204104066 ], [ -111.234029846353565, 56.676312946882447 ], [ -111.234032074389802, 56.676672302170005 ], [ -111.233705672900356, 56.676672914994668 ], [ -111.233706785384129, 56.676852592634752 ], [ -111.233380382328093, 56.676853204608285 ], [ -111.23338149327104, 56.67703288224731 ], [ -111.232729791861303, 56.677213781278887 ], [ -111.232732007596468, 56.677573136547331 ], [ -111.232080293743792, 56.677754032175109 ], [ -111.232082503340678, 56.678113387428716 ], [ -111.231756089344088, 56.678113995154689 ], [ -111.231757192607887, 56.678293672777784 ], [ -111.23110546163754, 56.67847456329806 ], [ -111.231108762220543, 56.679013596144927 ], [ -111.230782340416269, 56.679014201325451 ], [ -111.23078343908216, 56.679193878934718 ], [ -111.230130592327583, 56.679195086737892 ], [ -111.230131687898293, 56.67937476435015 ], [ -111.227520287942198, 56.679379561380706 ], [ -111.227519204803116, 56.679199883735855 ], [ -111.227192781305916, 56.679200479511458 ], [ -111.227191699733325, 56.679020801857341 ], [ -111.226865277777549, 56.679021396773521 ], [ -111.226864197771405, 56.678841719110139 ], [ -111.226537777357009, 56.678842313166925 ], [ -111.226536698917286, 56.678662635494263 ], [ -111.226210280044313, 56.678663228691654 ], [ -111.226209203170953, 56.678483551009741 ], [ -111.225555294742222, 56.67830505713524 ], [ -111.225550999853994, 56.677586346302185 ], [ -111.225224590266691, 56.677586936909442 ], [ -111.225222446004722, 56.677227581453501 ], [ -111.224896039512529, 56.677228171197434 ], [ -111.224888545862584, 56.675970426908769 ], [ -111.224562150233808, 56.675971015769399 ], [ -111.224560012409768, 56.675611660203252 ], [ -111.224233619875818, 56.675612248200622 ], [ -111.224227216022001, 56.674534181352676 ], [ -111.223573385400684, 56.67435567689958 ], [ -111.223571257120128, 56.673996321215327 ], [ -111.223244878530721, 56.673996906611151 ], [ -111.223243815962348, 56.673817228757201 ], [ -111.222917438914052, 56.673817813293851 ], [ -111.222916377911389, 56.673638135430707 ], [ -111.222590002404203, 56.673638719108197 ], [ -111.222261511129773, 56.673279946172663 ], [ -111.221608766267622, 56.673281109235909 ], [ -111.22160771151519, 56.673101431341252 ], [ -111.218344002007896, 56.67310719530758 ], [ -111.218345041226826, 56.673286873241395 ], [ -111.218018668656256, 56.67328744493846 ], [ -111.218347119700837, 56.673646229093343 ], [ -111.219326246660501, 56.673644508847701 ], [ -111.219327290575762, 56.673824186754153 ], [ -111.22128660673647, 56.674000401026881 ], [ -111.221287659996548, 56.67418007889934 ], [ -111.221614040212955, 56.674179498630778 ], [ -111.221615095038672, 56.674359176494058 ], [ -111.221941476796317, 56.674358595366336 ], [ -111.221942533187729, 56.674538273220435 ], [ -111.222268916486613, 56.674537691233553 ], [ -111.222269974443748, 56.674717369078465 ], [ -111.222923805188117, 56.674895880362882 ], [ -111.222925927377773, 56.675255236010699 ], [ -111.223252316853916, 56.675254651442287 ], [ -111.223262944076069, 56.677051429327754 ], [ -111.223589349076335, 56.677050843864315 ], [ -111.223592542144274, 56.677589877116013 ], [ -111.223918951793479, 56.677589290785328 ], [ -111.223920017727906, 56.677768968521448 ], [ -111.224246428918576, 56.677768381331461 ], [ -111.224248563932122, 56.678127736780027 ], [ -111.224574978218058, 56.678127148726723 ], [ -111.224578185492717, 56.678666181848335 ], [ -111.224904604427877, 56.678665592927707 ], [ -111.224906745780714, 56.679024948307948 ], [ -111.225233167811282, 56.679024358523947 ], [ -111.225234240060246, 56.679204036202215 ], [ -111.225560663632351, 56.679203445558841 ], [ -111.225561737447691, 56.679383123227879 ], [ -111.225888162561304, 56.679382531725125 ], [ -111.225889237943051, 56.679562209384891 ], [ -111.2262156645982, 56.679561617022728 ], [ -111.226216741546395, 56.679741294673256 ], [ -111.226543169743039, 56.679740701451692 ], [ -111.226871758077095, 56.680099462643938 ], [ -111.227524620623939, 56.680098271907688 ], [ -111.227525703825748, 56.680277949526364 ], [ -111.228505002213993, 56.680276156994324 ], [ -111.228506090090534, 56.680455834595577 ], [ -111.229485393027574, 56.680454034352685 ], [ -111.229484300488849, 56.680274356763668 ], [ -111.230137165942168, 56.680273152332873 ], [ -111.230461404286103, 56.679913193665172 ], [ -111.231114263447097, 56.679911984118398 ], [ -111.231113163176303, 56.67973230653417 ], [ -111.231439591183673, 56.67973170048181 ], [ -111.231438489371627, 56.679552022896466 ], [ -111.232090237332883, 56.679371130651525 ], [ -111.232412236477373, 56.678651811676183 ], [ -111.232738655109927, 56.678651202227122 ], [ -111.232737547158933, 56.678471524626907 ], [ -111.233389270231896, 56.678290625573879 ], [ -111.233387048178741, 56.677931270363885 ], [ -111.233713460557354, 56.677930658365419 ], [ -111.23371234799626, 56.677750980756713 ], [ -111.234038758808182, 56.677750367907066 ], [ -111.234037644706177, 56.677570690297316 ], [ -111.234364053951396, 56.677570076596517 ], [ -111.234688228803378, 56.677210106821867 ], [ -111.235341041014095, 56.677208875160439 ], [ -111.235665203449088, 56.676848902832411 ], [ -111.236644412306404, 56.6768470463848 ], [ -111.236968559204328, 56.676487070656727 ], [ -111.237621358803096, 56.676485827054847 ], [ -111.237620227701157, 56.676306149454625 ], [ -111.238273024140199, 56.676304902440094 ], [ -111.238271889944073, 56.676125224843112 ], [ -111.238924683223289, 56.676123974415987 ], [ -111.238923545933062, 56.675944296822244 ], [ -111.240229126118791, 56.675941785721854 ], [ -111.24055323105523, 56.675581800648125 ], [ -111.244143541143984, 56.675574815249981 ], [ -111.244472260253033, 56.675933530139169 ], [ -111.24512504991867, 56.675932247220615 ], [ -111.245126216727726, 56.676111924732488 ], [ -111.245452613093903, 56.67611128198596 ], [ -111.245453781470104, 56.676290959488227 ], [ -111.245780179376396, 56.676290315882056 ], [ -111.245781349319785, 56.676469993374738 ], [ -111.246107748766178, 56.67646934890891 ], [ -111.246108920276782, 56.676649026391964 ], [ -111.24676289686775, 56.676827412354754 ], [ -111.246765246171705, 56.677186767277142 ], [ -111.247091651792132, 56.677186120227908 ], [ -111.247422768600288, 56.677904182070144 ], [ -111.248076773145186, 56.678082561074675 ], [ -111.248080316053475, 56.67862159328763 ], [ -111.248406734049752, 56.678620942781841 ], [ -111.248409099164803, 56.678980297555462 ], [ -111.248735520255167, 56.678979646185475 ], [ -111.248739072692302, 56.67951867829337 ], [ -111.249065498430781, 56.679518026054737 ], [ -111.249071427203717, 56.680416412774385 ], [ -111.249397860698522, 56.680415759658196 ], [ -111.249400235412011, 56.680775114300531 ], [ -111.249726672001202, 56.680774460320052 ], [ -111.249733805796595, 56.681852524094772 ], [ -111.250060251696937, 56.68185186923219 ], [ -111.250393850525739, 56.682929277047002 ], [ -111.250720305724002, 56.682928620446745 ], [ -111.250722693257231, 56.683287974906904 ], [ -111.251049151550305, 56.683287317442222 ], [ -111.251052737616973, 56.683826349079787 ], [ -111.251706861979869, 56.684004708750209 ], [ -111.251709259005665, 56.684364063120697 ], [ -111.252035726583543, 56.684363403062633 ], [ -111.252036926671721, 56.684543080235549 ], [ -111.252689864894663, 56.684541757543833 ], [ -111.252691068105705, 56.684721434702531 ], [ -111.254976362327398, 56.684716778300462 ], [ -111.254977576433845, 56.68489645542229 ], [ -111.256283464755185, 56.684893775780964 ], [ -111.25628468509376, 56.685073452879344 ], [ -111.258896473492825, 56.685068052493705 ], [ -111.258895240718175, 56.68488837543201 ], [ -111.259874656469151, 56.684886336184611 ], [ -111.259875893907335, 56.685066013232458 ], [ -111.26216120770529, 56.685061225011843 ] ] ] } },
{ "type": "Feature", "properties": { "area_km2": 0.0068 }, "geometry": { "type": "Polygon", "coordinates": [ [ [ -111.086164595034532, 56.673987484800548 ], [ -111.08616418492015, 56.67380780578489 ], [ -111.08649056398815, 56.673807579581393 ], [ -111.086163364705627, 56.673448447737918 ], [ -111.085836988739743, 56.673448673083151 ], [ -111.085837397291215, 56.673628352110775 ], [ -111.085511019767182, 56.673628576602319 ], [ -111.085183831353874, 56.673269442172106 ], [ -111.084531082495971, 56.673269886873136 ], [ -111.0845314848291, 56.673449565912051 ], [ -111.084205108839754, 56.673449786981287 ], [ -111.084205910413118, 56.673809145046455 ], [ -111.08453228950934, 56.673808923974221 ], [ -111.084532691856438, 56.673988602997468 ], [ -111.08518545314179, 56.673988158284352 ], [ -111.085185047687773, 56.67380847926411 ], [ -111.085837805847419, 56.673808031133177 ], [ -111.085838214408341, 56.673987710150364 ], [ -111.086164595034532, 56.673987484800548 ] ] ] } },
{ "type": "Feature", "properties": { "area_km2": 0.0064 }, "geometry": { "type": "Polygon", "coordinates": [ [ [ -111.115211352892487, 56.673604645816006 ], [ -111.115210804533461, 56.673424966949405 ], [ -111.115537179999819, 56.673424664636492 ], [ -111.115209707834467, 56.673065609200528 ], [ -111.114556963096234, 56.673066211252568 ], [ -111.114556417862971, 56.672886532366199 ], [ -111.113577305368395, 56.672887429024293 ], [ -111.113577845941563, 56.673067107916765 ], [ -111.113251473544139, 56.673067405094457 ], [ -111.113578927106701, 56.673426465685999 ], [ -111.114884429060737, 56.673425268407101 ], [ -111.114884975866346, 56.673604947275756 ], [ -111.115211352892487, 56.673604645816006 ] ] ] } },
{ "type": "Feature", "properties": { "area_km2": 0.4136 }, "geometry": { "type": "Polygon", "coordinates": [ [ [ -111.202402868283045, 56.682657135597509 ], [ -111.202401904598176, 56.682477457752185 ], [ -111.204360618663387, 56.682474259926373 ], [ -111.204359645664027, 56.682294582097541 ], [ -111.205012547153899, 56.682293509319059 ], [ -111.205011571057298, 56.682113831492281 ], [ -111.20566446939344, 56.682112755299237 ], [ -111.205663490199669, 56.681933077474532 ], [ -111.206968295119438, 56.681751237022297 ], [ -111.207292767243757, 56.6813913385893 ], [ -111.20794565298678, 56.68139025044929 ], [ -111.207944662959221, 56.681210572629439 ], [ -111.208596552423671, 56.68102980325741 ], [ -111.208594566209428, 56.680670447606403 ], [ -111.208921002824198, 56.68066990055722 ], [ -111.208919013547799, 56.680310544892713 ], [ -111.209245447042903, 56.680309996995561 ], [ -111.209241462412223, 56.679591285618677 ], [ -111.208915035133231, 56.67959183350095 ], [ -111.208905089903212, 56.677795054655441 ], [ -111.209231501643174, 56.677794506810386 ], [ -111.209228513637413, 56.677255473065905 ], [ -111.209554920704477, 56.677254924376705 ], [ -111.209549933157035, 56.676356534716604 ], [ -111.209876332443983, 56.67635598519076 ], [ -111.209872336399442, 56.675637273383465 ], [ -111.210198729460274, 56.675636723017284 ], [ -111.210196728400277, 56.675277367089734 ], [ -111.210523118342365, 56.675276815875804 ], [ -111.210521114221635, 56.674917459934811 ], [ -111.210847501045052, 56.674916907873133 ], [ -111.210844490290484, 56.674377873933665 ], [ -111.211170872441784, 56.674377321028025 ], [ -111.211169867326703, 56.674197643041488 ], [ -111.211496247912905, 56.674197089284398 ], [ -111.211820612078483, 56.673837178698399 ], [ -111.21247336697877, 56.673836066923258 ], [ -111.212797718728723, 56.673476153780953 ], [ -111.213450467345098, 56.673475036889805 ], [ -111.213449451414647, 56.673295358903559 ], [ -111.214101177851816, 56.673114560615439 ], [ -111.213772771771048, 56.672755765200343 ], [ -111.211488194984369, 56.672759665233961 ], [ -111.211489201559644, 56.672939343258591 ], [ -111.210510092387338, 56.672941001885384 ], [ -111.210511094314242, 56.673120679916039 ], [ -111.210184723013583, 56.673121231085041 ], [ -111.210185723398752, 56.673300909114211 ], [ -111.209859350533137, 56.673301459431769 ], [ -111.209860349376527, 56.673481137459433 ], [ -111.209208596252054, 56.673661913566384 ], [ -111.209211583565747, 56.674200947624691 ], [ -111.208885202898458, 56.674201495395337 ], [ -111.20888818565551, 56.674740529417733 ], [ -111.208561800316261, 56.67474107634429 ], [ -111.208564778516347, 56.675280110330753 ], [ -111.208238388504995, 56.675280656413221 ], [ -111.208245327165599, 56.676538402224537 ], [ -111.207918926267382, 56.676538947477695 ], [ -111.207924864816064, 56.677617015134203 ], [ -111.208251275036716, 56.677616469858826 ], [ -111.208253257752276, 56.677975825695086 ], [ -111.207926844424009, 56.677976370977873 ], [ -111.207935753227233, 56.679593472015462 ], [ -111.207609325902283, 56.679594016476202 ], [ -111.207612291047681, 56.680133050072349 ], [ -111.207285859049207, 56.680133593688787 ], [ -111.207286845899844, 56.680313271547412 ], [ -111.206960412335889, 56.680313814312129 ], [ -111.206961397643894, 56.680493492169205 ], [ -111.206634962514443, 56.680494034082201 ], [ -111.206310491807429, 56.68085393085294 ], [ -111.205004738697667, 56.680856086558386 ], [ -111.205005714715142, 56.681035764421772 ], [ -111.203047075386905, 56.681038972338968 ], [ -111.203048042090785, 56.681218650218923 ], [ -111.200436509926874, 56.681222879566405 ], [ -111.200437464208605, 56.681402557469859 ], [ -111.199784577948407, 56.681403606259472 ], [ -111.199783626775016, 56.681223928348892 ], [ -111.198151418702835, 56.681226535334943 ], [ -111.198150475311223, 56.681046857401427 ], [ -111.197497595114044, 56.681047894200738 ], [ -111.197496654841615, 56.680868216254957 ], [ -111.195538023314057, 56.680871306101508 ], [ -111.195537092377222, 56.68069162812948 ], [ -111.195210655305573, 56.680692140106437 ], [ -111.195208796572444, 56.680332784139793 ], [ -111.194882362598207, 56.680333295254378 ], [ -111.194554076139369, 56.679974449512102 ], [ -111.19390121435346, 56.67997546745039 ], [ -111.193900291240681, 56.679795789434912 ], [ -111.193247432520039, 56.679796803944711 ], [ -111.193246512525974, 56.679617125917105 ], [ -111.192267229027181, 56.679618641256063 ], [ -111.192266313705744, 56.679438963212945 ], [ -111.191613461094818, 56.679439969155162 ], [ -111.191285213486253, 56.679081114720766 ], [ -111.19063236702786, 56.679082115517076 ], [ -111.190631459507941, 56.678902437441238 ], [ -111.189978616115368, 56.678903434809307 ], [ -111.189977711713794, 56.678723756721453 ], [ -111.189324871387171, 56.678724750661303 ], [ -111.189323970103885, 56.678545072561477 ], [ -111.188344714197413, 56.678546557045976 ], [ -111.18834381758623, 56.678366878930824 ], [ -111.187038149114514, 56.678368846255189 ], [ -111.187037258729191, 56.678189168121456 ], [ -111.186384427539124, 56.678190146644901 ], [ -111.186383540271805, 56.678010468499295 ], [ -111.184424177844619, 56.677833705350984 ], [ -111.184423299920766, 56.677654027175123 ], [ -111.184096888910531, 56.677654510011948 ], [ -111.18409601255064, 56.677474831827553 ], [ -111.183443193607346, 56.677475794928682 ], [ -111.18344232036516, 56.677296116732542 ], [ -111.183115912432115, 56.677296596996854 ], [ -111.182787764249966, 56.676937719984856 ], [ -111.181481280917353, 56.676759950810492 ], [ -111.181153152943708, 56.676401069448481 ], [ -111.180500352464335, 56.67640201711523 ], [ -111.180499493265913, 56.676222338858565 ], [ -111.179846695854081, 56.676223283097762 ], [ -111.179845839772923, 56.676043604829452 ], [ -111.179193045428732, 56.676044545641147 ], [ -111.179192192464768, 56.67586486736122 ], [ -111.17853940118836, 56.675865804745449 ], [ -111.178538551341504, 56.675686126453932 ], [ -111.177559369013977, 56.675687526106259 ], [ -111.177558523837789, 56.675507847800006 ], [ -111.174620990310984, 56.675512000544629 ], [ -111.174620159126874, 56.675332322204945 ], [ -111.172335421163595, 56.675335504201449 ], [ -111.172334600864104, 56.675155825834914 ], [ -111.167438755543856, 56.675162503236997 ], [ -111.167439552539776, 56.675342181648894 ], [ -111.167113161223668, 56.675342619970039 ], [ -111.167113956675223, 56.675522298379683 ], [ -111.167767540973372, 56.675701099274633 ], [ -111.167769936732824, 56.676240134438636 ], [ -111.168096335798595, 56.676239694392031 ], [ -111.168097135957268, 56.676419372766595 ], [ -111.170381940032854, 56.676416268471449 ], [ -111.170381128998429, 56.676236590117966 ], [ -111.173645118483918, 56.676232082741905 ], [ -111.173645945055156, 56.676411761064756 ], [ -111.173972345505021, 56.676411305620022 ], [ -111.173973173639496, 56.67659098393456 ], [ -111.17462597761785, 56.676590070473011 ], [ -111.174626808869363, 56.67676974877611 ], [ -111.176911633365336, 56.676766524697122 ], [ -111.17691247550259, 56.676946202973092 ], [ -111.178218095501038, 56.676944341813055 ], [ -111.17821894386303, 56.677124020071176 ], [ -111.178871756910866, 56.677123084352985 ], [ -111.178872608390222, 56.677302762599496 ], [ -111.180504648605734, 56.67730040832015 ], [ -111.18050550786387, 56.677480086545444 ], [ -111.181158326988097, 56.677479138840063 ], [ -111.181159189363797, 56.677658817053704 ], [ -111.182791244768254, 56.677656432805975 ], [ -111.182792114923018, 56.677836110998179 ], [ -111.183118527527583, 56.677835631579413 ], [ -111.183446686677186, 56.678194507661004 ], [ -111.184753228892646, 56.678372256141941 ], [ -111.185081408252728, 56.678731127872844 ], [ -111.185734248848192, 56.678730156172328 ], [ -111.18606244064982, 56.679089025289834 ], [ -111.186715287399522, 56.679088048443887 ], [ -111.186716176282459, 56.679267726554819 ], [ -111.187042601195827, 56.679267236845462 ], [ -111.187370810111588, 56.679626102473584 ], [ -111.188023666102637, 56.679625118764612 ], [ -111.188351887460783, 56.679983981778932 ], [ -111.188678318538422, 56.679983487779275 ], [ -111.188677420290119, 56.679803809709306 ], [ -111.189003849803328, 56.679803314857601 ], [ -111.189328476624709, 56.679443463008354 ], [ -111.189654903009057, 56.679442966452619 ], [ -111.189655805898525, 56.679622644522929 ], [ -111.190308661743785, 56.679621648838541 ], [ -111.190636904785151, 56.679980505817916 ], [ -111.190310473770211, 56.67998100494998 ], [ -111.189985851705046, 56.680340859323913 ], [ -111.190312285838601, 56.680340361040479 ], [ -111.190640535180208, 56.680699217964467 ], [ -111.191946283999883, 56.680697212827752 ], [ -111.191947197841415, 56.680876890837716 ], [ -111.192926514007439, 56.680875377992962 ], [ -111.192927432521955, 56.6810550559874 ], [ -111.194233193477501, 56.681053026871304 ], [ -111.194561486292258, 56.681411873392413 ], [ -111.195214372901006, 56.681410851977013 ], [ -111.195215302326773, 56.681590529931583 ], [ -111.195868192000844, 56.681589505087452 ], [ -111.19586912454578, 56.681769183029829 ], [ -111.196848463638446, 56.681767639337266 ], [ -111.196849400856877, 56.681947317263933 ], [ -111.197502296639513, 56.681946283851246 ], [ -111.197503236977269, 56.682125961765678 ], [ -111.197829686406507, 56.68212544377262 ], [ -111.197830628309433, 56.68230512167829 ], [ -111.198483530243649, 56.682304083118723 ], [ -111.198484475266056, 56.682483761012115 ], [ -111.200116737681128, 56.682481149624685 ], [ -111.200117690485939, 56.682660827495106 ], [ -111.202402868283045, 56.682657135597509 ] ] ] } },
{ "type": "Feature", "properties": { "area_km2": 4.0064 }, "geometry": { "type": "Polygon", "coordinates": [ [ [ -111.400423494843707, 56.731050973647775 ], [ -111.400421584842533, 56.73087130047621 ], [ -111.401073403137161, 56.730689525813929 ], [ -111.401060012078872, 56.72943181352894 ], [ -111.401386865269785, 56.72943076155078 ], [ -111.401052360533626, 56.728713120679018 ], [ -111.401379207489143, 56.728712068729465 ], [ -111.401371550063701, 56.727993375824042 ], [ -111.401698390761922, 56.72799232304618 ], [ -111.401683064507225, 56.72655493704027 ], [ -111.402009892713892, 56.726553883462792 ], [ -111.402004141059223, 56.726014863645325 ], [ -111.401677317528268, 56.726015917201316 ], [ -111.40167157074923, 56.725476897315033 ], [ -111.401998389604628, 56.725475843780529 ], [ -111.401977302649485, 56.723499437204872 ], [ -111.402304104340388, 56.72349838289238 ], [ -111.402296430790514, 56.722779689463088 ], [ -111.402948100191296, 56.722597904969092 ], [ -111.402942335980157, 56.722058884869206 ], [ -111.403593989799234, 56.72187709699908 ], [ -111.403590140915327, 56.72151775025776 ], [ -111.403916925354778, 56.721516691740582 ], [ -111.403914999388221, 56.721337018369226 ], [ -111.404241782247254, 56.721335959002559 ], [ -111.404564706985596, 56.720975552049531 ], [ -111.405869890396431, 56.720791629303058 ], [ -111.405867955171146, 56.72061195595397 ], [ -111.406194731663703, 56.720610891476078 ], [ -111.406192794902893, 56.720431218128958 ], [ -111.406846344704647, 56.720429086617628 ], [ -111.406844404850347, 56.72024941327976 ], [ -111.40945859069258, 56.720240853026063 ], [ -111.409456638397188, 56.720061179741116 ], [ -111.411744038915486, 56.720053644595794 ], [ -111.411746002116473, 56.720233317829525 ], [ -111.413379866736776, 56.720227909846564 ], [ -111.41338183775035, 56.720407583038281 ], [ -111.414035386554545, 56.720405413833753 ], [ -111.414037360706914, 56.720585087005482 ], [ -111.414690912535519, 56.720582914359525 ], [ -111.414692889826753, 56.720762587511203 ], [ -111.415346444679642, 56.720760411423797 ], [ -111.41534842510984, 56.720940084555437 ], [ -111.417964648982931, 56.721111018946459 ], [ -111.417966641923414, 56.721290692008161 ], [ -111.418620205663785, 56.721288498742574 ], [ -111.418622201743503, 56.721468171784124 ], [ -111.419275768507418, 56.721465975076846 ], [ -111.419273769311573, 56.721286302050224 ], [ -111.419927332866649, 56.721284101931118 ], [ -111.419929335178608, 56.721463774942777 ], [ -111.420909685011239, 56.721460468316479 ], [ -111.420907678025088, 56.721280795327296 ], [ -111.422541586156868, 56.721275267187146 ], [ -111.422539571403789, 56.721095594230292 ], [ -111.42482703090036, 56.721087818906035 ], [ -111.424825005264509, 56.720908145996759 ], [ -111.426132118228466, 56.72090368413766 ], [ -111.426130086384106, 56.720724011253438 ], [ -111.426783639608814, 56.720721775199053 ], [ -111.426781604672044, 56.720542102324778 ], [ -111.428415479530699, 56.72053649723518 ], [ -111.428413436827711, 56.72035682439374 ], [ -111.429066983489605, 56.720354576376543 ], [ -111.42906493769442, 56.720174903545121 ], [ -111.429718481145542, 56.720172652116602 ], [ -111.429716432258218, 56.719992979295228 ], [ -111.431021457548411, 56.719808793393085 ], [ -111.431019402477062, 56.719629120591854 ], [ -111.431346169398083, 56.719627990189075 ], [ -111.431344112792701, 56.71944831739026 ], [ -111.43167087813201, 56.719447186138538 ], [ -111.431993524076859, 56.719086708447541 ], [ -111.432647048404775, 56.71908444169177 ], [ -111.432644985639655, 56.718904768907947 ], [ -111.432971746209944, 56.718903634252861 ], [ -111.432969681910947, 56.718723961471497 ], [ -111.433296440899497, 56.718722825967518 ], [ -111.43329437506668, 56.718543153188612 ], [ -111.433621132473505, 56.718542016835748 ], [ -111.433619065106868, 56.718362344059287 ], [ -111.433945820931967, 56.718361206857566 ], [ -111.433943752031581, 56.718181534083577 ], [ -111.434270506274942, 56.718180396032992 ], [ -111.434268435840821, 56.718000723261483 ], [ -111.43459518850247, 56.717999584362055 ], [ -111.434593116534643, 56.717819911593011 ], [ -111.43524454361129, 56.71763795848112 ], [ -111.435240393565124, 56.717278612947709 ], [ -111.435891808156498, 56.71709665645583 ], [ -111.435887652024249, 56.716737310921886 ], [ -111.436214393662112, 56.716736167793961 ], [ -111.436212314074552, 56.71655649502685 ], [ -111.436539054130733, 56.716555351050168 ], [ -111.436536973009737, 56.716375678285566 ], [ -111.437188365722633, 56.716193715023884 ], [ -111.437184197371238, 56.715834369499511 ], [ -111.437835577599913, 56.715652402858289 ], [ -111.437829315981844, 56.71511338456321 ], [ -111.438156043457298, 56.715112236366302 ], [ -111.438151866051427, 56.714752890825523 ], [ -111.438803222918736, 56.714570919130843 ], [ -111.438794856035798, 56.713852228027548 ], [ -111.43912157253709, 56.713851077315937 ], [ -111.439117386126568, 56.713491731748334 ], [ -111.439444099489066, 56.713490580195931 ], [ -111.439439910061125, 56.713131234622928 ], [ -111.439766620284871, 56.71313008222976 ], [ -111.439762427839668, 56.712770736651336 ], [ -111.440089134924719, 56.712769583417426 ], [ -111.440082841767691, 56.712230565033828 ], [ -111.44040954415695, 56.712229410967041 ], [ -111.440399048262861, 56.711331046928258 ], [ -111.440725742842389, 56.711329892044319 ], [ -111.440708938221377, 56.709892509371194 ], [ -111.441035620320875, 56.709891353693735 ], [ -111.44102511043981, 56.708992989391135 ], [ -111.441351784730728, 56.708991832896665 ], [ -111.441339164336966, 56.707913795606892 ], [ -111.44166582926303, 56.707912638303327 ], [ -111.441640572429364, 56.705756563249324 ], [ -111.441967218652053, 56.705755405183965 ], [ -111.441956688225915, 56.704857040393613 ], [ -111.442283326642041, 56.704855881511442 ], [ -111.442277004010208, 56.704316862597651 ], [ -111.442603637732859, 56.704315702882973 ], [ -111.442599419654471, 56.703956356929872 ], [ -111.442926050240047, 56.703955196374828 ], [ -111.442921829146897, 56.703595850416434 ], [ -111.44324845659547, 56.703594689021052 ], [ -111.443244232487658, 56.703235343057372 ], [ -111.443570856799283, 56.703234180821681 ], [ -111.443889020715062, 56.702514325802511 ], [ -111.444215638752951, 56.702513161886266 ], [ -111.444213522165256, 56.702333488899157 ], [ -111.444540138622486, 56.702332324134758 ], [ -111.444535902408475, 56.701972978160562 ], [ -111.444862515728914, 56.701971812555939 ], [ -111.444860396102655, 56.701792139568866 ], [ -111.445511496843849, 56.701610132830808 ], [ -111.445507251489985, 56.701250786862033 ], [ -111.445833858512472, 56.701249618720986 ], [ -111.445831734316428, 56.701069945736634 ], [ -111.446158339758298, 56.701068776747491 ], [ -111.446156214030879, 56.700889103765824 ], [ -111.446482817892118, 56.700887933928612 ], [ -111.446480690633365, 56.700708260949611 ], [ -111.446807292913988, 56.700707090264324 ], [ -111.44680516412393, 56.700527417288015 ], [ -111.447131764823922, 56.700526245754681 ], [ -111.447129634502588, 56.700346572781065 ], [ -111.447456233621963, 56.700345400399691 ], [ -111.447454101769409, 56.700165727428768 ], [ -111.447780699308169, 56.700164554199368 ], [ -111.447778565924423, 56.699984881231146 ], [ -111.448429621345156, 56.699802859262775 ], [ -111.448425348477869, 56.699443513331921 ], [ -111.448751939718917, 56.699442337566488 ], [ -111.448749801766581, 56.699262664601129 ], [ -111.449402981062676, 56.699260310518348 ], [ -111.4494008400235, 56.699080637563718 ], [ -111.44972742807856, 56.699079459246384 ], [ -111.449725285508407, 56.698899786294497 ], [ -111.450051871982836, 56.698898607129209 ], [ -111.450374167143551, 56.698538081220441 ], [ -111.45102733374506, 56.698535718642198 ], [ -111.451025185026467, 56.698356045706589 ], [ -111.451351766734135, 56.698354863141581 ], [ -111.451349616484734, 56.698175190208751 ], [ -111.451676196611771, 56.698174006795846 ], [ -111.451674044831591, 56.697994333865779 ], [ -111.452000623378012, 56.697993149604997 ], [ -111.451998470067082, 56.697813476677709 ], [ -111.452325047032872, 56.697812291569051 ], [ -111.452647311204089, 56.697451759766295 ], [ -111.45362703254267, 56.697448196785473 ], [ -111.453949281157591, 56.69708766161871 ], [ -111.455255563379808, 56.697082895636058 ], [ -111.455253394637793, 56.69690322276319 ], [ -111.455579963574976, 56.696902029135906 ], [ -111.455577793302524, 56.69672235626588 ], [ -111.456230927990319, 56.696719966459874 ], [ -111.456553145493757, 56.696359424565927 ], [ -111.457859402021811, 56.696354631324915 ], [ -111.457857220936233, 56.696174958496016 ], [ -111.458836908400443, 56.696171354603102 ], [ -111.458834722673686, 56.695991681793437 ], [ -111.460467526829817, 56.695985658228899 ], [ -111.460465333351024, 56.695805985454882 ], [ -111.462424688166664, 56.695798728983448 ], [ -111.462422485380586, 56.695619056253442 ], [ -111.463075600337575, 56.695616630599304 ], [ -111.463077806234523, 56.695796303312825 ], [ -111.463730924200163, 56.695793874218808 ], [ -111.463728715192318, 56.695614201521792 ], [ -111.466667730769558, 56.69560322830867 ], [ -111.466669953776403, 56.695782900931121 ], [ -111.467323071177134, 56.695780453008396 ], [ -111.467320845059405, 56.695600780402579 ], [ -111.469606744260417, 56.695592185772234 ], [ -111.469608981266205, 56.695771858319659 ], [ -111.471568331760466, 56.695764458065533 ], [ -111.471570578124926, 56.695944130557386 ], [ -111.477122092533065, 56.695922995709104 ], [ -111.477119819725957, 56.695743323360844 ], [ -111.478099493285285, 56.695739568031726 ], [ -111.478097215838218, 56.695559895703703 ], [ -111.479403440659411, 56.69555487665049 ], [ -111.479401157017094, 56.695375204351308 ], [ -111.48070737519329, 56.695370171638892 ], [ -111.480705085355879, 56.695190499368607 ], [ -111.481684744043335, 56.695186715873781 ], [ -111.48168244956635, 56.695007043623932 ], [ -111.48233555211435, 56.695004517032075 ], [ -111.482333254553254, 56.694824844794127 ], [ -111.483639453108239, 56.69481978137501 ], [ -111.483637149352447, 56.69464010916618 ], [ -111.48429024535919, 56.694637572338976 ], [ -111.484287938519472, 56.694457900142105 ], [ -111.484941031308679, 56.694455359908943 ], [ -111.484938721385092, 56.694275687724065 ], [ -111.485918355702253, 56.694271870981751 ], [ -111.486240268212029, 56.693911252706293 ], [ -111.487219892875686, 56.693907425746453 ], [ -111.487541789833017, 56.69354680411341 ], [ -111.489174481380772, 56.693540404539441 ], [ -111.48917215137341, 56.693360732440915 ], [ -111.49015176131266, 56.693356882453458 ], [ -111.490149426666761, 56.693177210375794 ], [ -111.490475961703922, 56.693175925343851 ], [ -111.490797821282754, 56.692815295319932 ], [ -111.491450885001072, 56.692812721012231 ], [ -111.491448544215842, 56.692633048953695 ], [ -111.491775074479207, 56.692631760524982 ], [ -111.491768047620965, 56.692092744343952 ], [ -111.492418753393835, 56.69191049291851 ], [ -111.492087541912824, 56.691552438883505 ], [ -111.491436840696451, 56.691734688581803 ], [ -111.491434500073936, 56.691555016491591 ], [ -111.491107979113806, 56.691556304012074 ], [ -111.491103301060093, 56.691196959798305 ], [ -111.491429818910248, 56.691195672295322 ], [ -111.49142747836909, 56.691016000189251 ], [ -111.492078167254178, 56.690833750539873 ], [ -111.492071136545306, 56.690294734226711 ], [ -111.492721809881346, 56.690112481221149 ], [ -111.492717116712782, 56.689753137010463 ], [ -111.493043621988022, 56.68975184529922 ], [ -111.493041273889702, 56.689572173194733 ], [ -111.493367777582918, 56.68957088063663 ], [ -111.493365427957016, 56.68939120853566 ], [ -111.493691930068209, 56.689389915130697 ], [ -111.49368957891474, 56.689210243033223 ], [ -111.494340225710118, 56.689027981588836 ], [ -111.494335517320465, 56.688668637402664 ], [ -111.494662013130906, 56.688667341466022 ], [ -111.494659657422275, 56.688487669373828 ], [ -111.494986151650721, 56.688486372590383 ], [ -111.494983794414708, 56.688306700501712 ], [ -111.495310287061159, 56.688305402871478 ], [ -111.495307928297791, 56.688125730786339 ], [ -111.495634419362247, 56.688124432309337 ], [ -111.495632059071539, 56.687944760227737 ], [ -111.496282674636504, 56.687762488655395 ], [ -111.496277947973411, 56.687403144501104 ], [ -111.496604432737314, 56.68740184349268 ], [ -111.496602067892269, 56.687222171416451 ], [ -111.496928551074191, 56.687220869561308 ], [ -111.496926184701977, 56.687041197488639 ], [ -111.497252666301932, 56.687039894786771 ], [ -111.497250298402591, 56.686860222717677 ], [ -111.497900887430177, 56.68667794270835 ], [ -111.497896145550698, 56.686318598579177 ], [ -111.498222620850257, 56.686317293346114 ], [ -111.49822024839726, 56.686137621282477 ], [ -111.49887319580499, 56.686135008267513 ], [ -111.498870820270582, 56.685955336216345 ], [ -111.499197292378724, 56.685954028434466 ], [ -111.499192538283623, 56.685594684334028 ], [ -111.499519007255415, 56.685593375714411 ], [ -111.499516628694764, 56.685413703665162 ], [ -111.499843096084589, 56.685412394198934 ], [ -111.499840715997152, 56.68523272215328 ], [ -111.500167181805026, 56.685231411840455 ], [ -111.500164800190788, 56.685051739798439 ], [ -111.500491264416738, 56.685050428639016 ], [ -111.500488881275757, 56.684870756600617 ], [ -111.500815343919768, 56.684869444594611 ], [ -111.501137034119779, 56.684508787676158 ], [ -111.501789953052366, 56.68450615942244 ], [ -111.501787563777071, 56.684326487403879 ], [ -111.50243808713428, 56.68414418374018 ], [ -111.502433302505139, 56.683784839712416 ], [ -111.50308381340075, 56.683602532682592 ], [ -111.503079022721181, 56.683243188658921 ], [ -111.503405471155517, 56.683241869889677 ], [ -111.503403074303193, 56.683062197878868 ], [ -111.50372952115562, 56.683060878263156 ], [ -111.503727122776937, 56.682881206256035 ], [ -111.504053568047439, 56.682879885793866 ], [ -111.504375210399687, 56.682519220482071 ], [ -111.505028094585242, 56.682516575316583 ], [ -111.505025690073566, 56.682336903329521 ], [ -111.505678571039553, 56.682334254760384 ], [ -111.505676163447617, 56.682154582786033 ], [ -111.506655480025216, 56.68215060354386 ], [ -111.506653067799064, 56.681970931591252 ], [ -111.506979505048363, 56.681969603475437 ], [ -111.506977091296136, 56.681789931526559 ], [ -111.507627545770518, 56.681607600810707 ], [ -111.50762029544164, 56.681068584970731 ], [ -111.507946724837097, 56.681067254333925 ], [ -111.507944306562862, 56.680887582385736 ], [ -111.508594740807808, 56.680705246628769 ], [ -111.508589898183857, 56.680345902742147 ], [ -111.508916321279614, 56.680344569575503 ], [ -111.508911475660156, 56.679985225685854 ], [ -111.50923789562016, 56.679983891681985 ], [ -111.509233047005338, 56.679624547789302 ], [ -111.509559463829632, 56.679623212948272 ], [ -111.509881025908243, 56.679262533374356 ], [ -111.51086026680548, 56.67925852120792 ], [ -111.510862698811508, 56.679438193122081 ], [ -111.511517964184819, 56.679615185940435 ], [ -111.511515529043052, 56.679435514049764 ], [ -111.511841944116526, 56.679434173230639 ], [ -111.511839507449196, 56.679254501343785 ], [ -111.512165920940689, 56.679253159678474 ], [ -111.512163482747837, 56.679073487795442 ], [ -111.512489894657335, 56.679072145283961 ], [ -111.512487454939006, 56.67889247340478 ], [ -111.512813865266523, 56.678891130047099 ], [ -111.512811424022743, 56.678711458171747 ], [ -111.51313783276828, 56.678710113967931 ], [ -111.513135389999078, 56.678530442096424 ], [ -111.513461797162648, 56.678529097046464 ], [ -111.513459352868068, 56.678349425178801 ], [ -111.514109716629349, 56.678167060676692 ], [ -111.514104821967251, 56.67780771695152 ], [ -111.514431222831263, 56.677806369372341 ], [ -111.514428773989138, 56.677626697510988 ], [ -111.514755173271197, 56.677625349085723 ], [ -111.51475272290385, 56.677445677228221 ], [ -111.515079120603957, 56.677444327956884 ], [ -111.51507666871143, 56.677264656103269 ], [ -111.51540306482957, 56.677263305985853 ], [ -111.515400611411906, 56.677083634136132 ], [ -111.515727005948094, 56.677082283172659 ], [ -111.51572455100532, 56.67690261132681 ], [ -111.516050943959542, 56.676901259517294 ], [ -111.516048487491702, 56.676721587675353 ], [ -111.516374878863985, 56.6767202350198 ], [ -111.516372420871093, 56.676540563181753 ], [ -111.516698810661424, 56.676539209680179 ], [ -111.516696351143537, 56.676359537846039 ], [ -111.517022739351916, 56.676358183498472 ], [ -111.517344202367724, 56.675997484648342 ], [ -111.517996972428122, 56.675994771714009 ], [ -111.51799450678206, 56.675815099900831 ], [ -111.518320890216017, 56.675813742160109 ], [ -111.518642336201395, 56.675453039958875 ], [ -111.519295096712852, 56.675450320238447 ], [ -111.519292624939013, 56.675270648446336 ], [ -111.519619003598464, 56.675269287312595 ], [ -111.519940432554165, 56.674908581760597 ], [ -111.520919558954546, 56.674904490718454 ], [ -111.520917079500094, 56.674724818956761 ], [ -111.522222574751993, 56.674719352298865 ], [ -111.522220089113134, 56.674539680569019 ], [ -111.523199205590018, 56.674535571624432 ], [ -111.523520594073958, 56.674174856864838 ], [ -111.52613154499204, 56.674163855361329 ], [ -111.526134049212217, 56.674343526989816 ], [ -111.530703230592437, 56.674324142537088 ], [ -111.531345854210784, 56.673602673704011 ], [ -111.53199858139827, 56.673599887469493 ], [ -111.531996049337195, 56.673420215989339 ], [ -111.533304035421239, 56.673594304739169 ], [ -111.533301497147519, 56.673414633296929 ], [ -111.53362785902668, 56.673413235486073 ], [ -111.533617700013366, 56.67269454970215 ], [ -111.533291344346665, 56.672695947475034 ], [ -111.532959915532601, 56.672338001431164 ], [ -111.53165197457632, 56.672163908949123 ], [ -111.531320565981019, 56.671805958474991 ], [ -111.530015173377848, 56.6718115203049 ], [ -111.530012650927858, 56.671631848715123 ], [ -111.528707264069254, 56.671637396826505 ], [ -111.528704747860317, 56.671457725193761 ], [ -111.52739936674736, 56.671463259586794 ], [ -111.527396856779347, 56.671283587911148 ], [ -111.525112449583972, 56.671293240114288 ], [ -111.52511494868132, 56.671472911855489 ], [ -111.524462257544585, 56.671475661951163 ], [ -111.524459761553132, 56.671295990191275 ], [ -111.522175352535669, 56.671305588527055 ], [ -111.522177837656443, 56.671485260352128 ], [ -111.519893416358173, 56.671494816855898 ], [ -111.519895890636903, 56.671674488740599 ], [ -111.518916847848558, 56.671678571587115 ], [ -111.518919317496966, 56.671858243494242 ], [ -111.517613920500224, 56.671863675355773 ], [ -111.517616383965162, 56.672043347294519 ], [ -111.516963682189527, 56.672046058113352 ], [ -111.516966142576919, 56.672225730065222 ], [ -111.515334379874346, 56.672232492194581 ], [ -111.515336832524966, 56.672412164187079 ], [ -111.515010478346113, 56.672413514056913 ], [ -111.515012929472064, 56.672593186053298 ], [ -111.514686573711757, 56.672594535077209 ], [ -111.514689023312997, 56.672774207077467 ], [ -111.514362665971234, 56.672775555255456 ], [ -111.514041201676235, 56.673136246599626 ], [ -111.51338848063854, 56.673138938716733 ], [ -111.513390924112301, 56.673318610737716 ], [ -111.512087912774305, 56.673503656799419 ], [ -111.51209035009191, 56.67368332884633 ], [ -111.511440053635525, 56.673865682816704 ], [ -111.511444922198976, 56.674225026920546 ], [ -111.5111185521491, 56.674226366620431 ], [ -111.511120984919856, 56.674406038673524 ], [ -111.510141869941464, 56.674410052669622 ], [ -111.510144298080576, 56.674589724744685 ], [ -111.509491551514458, 56.674592396484513 ], [ -111.509493976575087, 56.674772068572437 ], [ -111.50884122679004, 56.674774736909797 ], [ -111.508843648772128, 56.67495440901056 ], [ -111.507540558449108, 56.675139407591232 ], [ -111.507542974273889, 56.67531907971761 ], [ -111.507216594567254, 56.675320409210023 ], [ -111.506895040352617, 56.675681082120271 ], [ -111.5062422745861, 56.675683736865288 ], [ -111.506244684281185, 56.675863409011882 ], [ -111.50591829980263, 56.675864735110615 ], [ -111.505920707972194, 56.676044407260946 ], [ -111.505594321912341, 56.676045732513501 ], [ -111.505596728556341, 56.676225404667548 ], [ -111.50527034091516, 56.676226729073889 ], [ -111.505272746033569, 56.676406401231638 ], [ -111.504946356811075, 56.676407724791773 ], [ -111.504948760403849, 56.676587396953224 ], [ -111.504298379282019, 56.676769713699976 ], [ -111.504303180392654, 56.677129058032392 ], [ -111.503976784872663, 56.677130379062795 ], [ -111.50397918391613, 56.677310051230045 ], [ -111.503328785649799, 56.677492362922969 ], [ -111.503011964858786, 56.678212370108163 ], [ -111.502685559906155, 56.678213687771319 ], [ -111.502687952901681, 56.67839335994271 ], [ -111.502361546367652, 56.678394676759545 ], [ -111.502363937837217, 56.678574348934596 ], [ -111.501713509968553, 56.678756652207959 ], [ -111.501718286831249, 56.679115996567383 ], [ -111.501391873999324, 56.679117310854103 ], [ -111.501394260918417, 56.679296983034817 ], [ -111.50074381590332, 56.679479281253478 ], [ -111.500748583664503, 56.67983862562415 ], [ -111.500422164534569, 56.679839937380621 ], [ -111.50042454690275, 56.680019609566955 ], [ -111.499771705452432, 56.680022230531733 ], [ -111.499774084740508, 56.680201902730573 ], [ -111.499447662420152, 56.680203211938867 ], [ -111.499450040181912, 56.680382884141331 ], [ -111.499123616280158, 56.680384192503176 ], [ -111.499125992515573, 56.680563864709235 ], [ -111.498799567032407, 56.680565172224618 ], [ -111.498801941741448, 56.680744844434273 ], [ -111.498151459213489, 56.680927129138887 ], [ -111.498156202553304, 56.681286473567283 ], [ -111.497829770771915, 56.68128777855209 ], [ -111.497508076196851, 56.681648427124237 ], [ -111.496855206280955, 56.6816510328524 ], [ -111.496857571830958, 56.681830705083541 ], [ -111.496531135277891, 56.681832006673389 ], [ -111.49653349930125, 56.682011678908076 ], [ -111.495882983947553, 56.68219395178636 ], [ -111.495887705914882, 56.682553296264672 ], [ -111.495561263063465, 56.682554595323666 ], [ -111.495563622534036, 56.682734267563717 ], [ -111.495237178101178, 56.682735565776113 ], [ -111.495239536044977, 56.68291523801971 ], [ -111.494588998851896, 56.683097504151789 ], [ -111.494593708659352, 56.683456848647808 ], [ -111.493943159005624, 56.683639111412745 ], [ -111.49362610806601, 56.684359094405089 ], [ -111.493299649481742, 56.684360387564041 ], [ -111.493301998345629, 56.684540059812896 ], [ -111.492975538179863, 56.684541352125152 ], [ -111.492980232880626, 56.684900696624567 ], [ -111.492653769579022, 56.6849019880989 ], [ -111.492656115415855, 56.685081660349461 ], [ -111.492005528377732, 56.68526391301198 ], [ -111.492010213969692, 56.685623257521755 ], [ -111.491359614469332, 56.685805506816507 ], [ -111.491364294006331, 56.686164851329607 ], [ -111.490713682043278, 56.686347097256387 ], [ -111.490718355524919, 56.686706441772778 ], [ -111.490391876489198, 56.686707727346011 ], [ -111.490394211716094, 56.686887399605034 ], [ -111.49006773109879, 56.68688868433145 ], [ -111.490070064798189, 56.687068356593912 ], [ -111.489743582599303, 56.687069640473489 ], [ -111.489745914771191, 56.687249312739382 ], [ -111.489095276272963, 56.687431550227352 ], [ -111.489099934533357, 56.687790894767602 ], [ -111.488773446035097, 56.68779217611533 ], [ -111.488775773651128, 56.687971848386255 ], [ -111.488449283571271, 56.687973128887087 ], [ -111.488451609659606, 56.688152801161415 ], [ -111.488125117998138, 56.688154080815359 ], [ -111.488127442558749, 56.688333753093112 ], [ -111.487800949315684, 56.688335031900152 ], [ -111.487803272348515, 56.688514704181301 ], [ -111.487476777523852, 56.688515982141425 ], [ -111.487479099028889, 56.68869565442597 ], [ -111.487152602622601, 56.688696931539155 ], [ -111.487154922599828, 56.688876603827126 ], [ -111.486828424611929, 56.688877880093372 ], [ -111.486830743061276, 56.689057552384703 ], [ -111.486504243491751, 56.689058827803997 ], [ -111.486506560413204, 56.689238500098739 ], [ -111.486180059262068, 56.689239774671066 ], [ -111.485858185788359, 56.689600392995999 ], [ -111.484554476043371, 56.689785151706346 ], [ -111.48455678374313, 56.689964824031833 ], [ -111.484230276212074, 56.689966093504864 ], [ -111.484232582383697, 56.690145765833698 ], [ -111.48357956413173, 56.690148302230035 ], [ -111.483257658059813, 56.690508913838222 ], [ -111.481951608690153, 56.690513973009054 ], [ -111.481953904057534, 56.690693645382261 ], [ -111.481300876103248, 56.690696169850781 ], [ -111.481303168387342, 56.690875842235869 ], [ -111.480976652815414, 56.690877103195184 ], [ -111.480978943571117, 56.691056775583554 ], [ -111.480325909237749, 56.69105929495224 ], [ -111.480328196910037, 56.691238967352447 ], [ -111.480001678148611, 56.691240225761803 ], [ -111.479679728564804, 56.691600828134227 ], [ -111.4787001627123, 56.691604595712207 ], [ -111.47870244268897, 56.691784268139273 ], [ -111.478049395545142, 56.691786775596405 ], [ -111.47772742263588, 56.692147372930798 ], [ -111.476094788632736, 56.692153622404931 ], [ -111.476097056247966, 56.692333294884186 ], [ -111.475117470865399, 56.692337034325327 ], [ -111.475119733841581, 56.692516706824705 ], [ -111.472834022813004, 56.692525402295729 ], [ -111.47283627492952, 56.692705074848902 ], [ -111.471856679431568, 56.692708788668455 ], [ -111.471854431980432, 56.692529116090043 ], [ -111.471201371295152, 56.692531587674203 ], [ -111.471203615636028, 56.692711260269412 ], [ -111.468591359415171, 56.692721112443309 ], [ -111.468589127515358, 56.692541439781166 ], [ -111.467609535670746, 56.692545120201501 ], [ -111.467611762905165, 56.692724792888647 ], [ -111.462060711642522, 56.692745503268036 ], [ -111.462062912465086, 56.692925176090625 ], [ -111.45945063805074, 56.692934836641967 ], [ -111.45945282645738, 56.693114509524918 ], [ -111.458799754489519, 56.693116916121518 ], [ -111.45880193981111, 56.693296589015553 ], [ -111.457497968476929, 56.693481064893589 ], [ -111.45717578446083, 56.69384160934473 ], [ -111.455871786258371, 56.694026068229746 ], [ -111.455873957708945, 56.694205741170713 ], [ -111.455547412128467, 56.694206935532144 ], [ -111.455549582048889, 56.69438660847598 ], [ -111.454896487701902, 56.694388994647674 ], [ -111.454898654536805, 56.694568667602425 ], [ -111.452286263703357, 56.694578178121525 ], [ -111.452288418120574, 56.694757851135627 ], [ -111.45098221588276, 56.694762585887801 ], [ -111.450984364103448, 56.694942258928812 ], [ -111.450331259724393, 56.694944621186032 ], [ -111.450333404859194, 56.695124294237807 ], [ -111.450006851076964, 56.69512547409068 ], [ -111.450008994681227, 56.69530514714522 ], [ -111.449355883931474, 56.695307504299507 ], [ -111.449358024449708, 56.695487177364782 ], [ -111.4490314674822, 56.695488354666168 ], [ -111.448709185378959, 56.695848877258442 ], [ -111.448056065098257, 56.695851227613915 ], [ -111.448058199468974, 56.696030900695341 ], [ -111.447731637736027, 56.696032074597269 ], [ -111.447409338571973, 56.696392593822289 ], [ -111.446756208760547, 56.696394937378678 ], [ -111.446433897176931, 56.696755454078684 ], [ -111.445780760995405, 56.696757792531614 ], [ -111.445458436991871, 56.697118306706436 ], [ -111.444805294440414, 56.697120640055736 ], [ -111.444807413428151, 56.697300313179795 ], [ -111.444480840559976, 56.697301478578517 ], [ -111.444485075497838, 56.697660824826663 ], [ -111.444158499493824, 56.697661989385296 ], [ -111.444160615443892, 56.697841662509376 ], [ -111.443834037859702, 56.697842826220004 ], [ -111.443511686001926, 56.698203335338697 ], [ -111.442858524488329, 56.69820565851191 ], [ -111.442860634289062, 56.698385331651785 ], [ -111.442534051939873, 56.698386491962367 ], [ -111.442536160209301, 56.69856616510485 ], [ -111.441885097508489, 56.698748156326943 ], [ -111.441889307946369, 56.699107502617075 ], [ -111.441562719300862, 56.69910866039131 ], [ -111.441571134246004, 56.699827352939835 ], [ -111.441244539352738, 56.699828509889549 ], [ -111.441248743859788, 56.700187856147927 ], [ -111.440922145830356, 56.700189012257383 ], [ -111.440926347323, 56.700548358510396 ], [ -111.440599746157375, 56.700549513779542 ], [ -111.440606043910975, 56.701088533143121 ], [ -111.439954928358688, 56.701270514286755 ], [ -111.439961217067932, 56.701809533634176 ], [ -111.439310085955142, 56.701991511410945 ], [ -111.439318458889019, 56.702710203842003 ], [ -111.438991838929184, 56.702711354924944 ], [ -111.439000206026392, 56.703430047303037 ], [ -111.43867357981749, 56.703431197561159 ], [ -111.438684031453022, 56.704329562954342 ], [ -111.438357397438466, 56.704330712395418 ], [ -111.438363664041432, 56.704869731591558 ], [ -111.438037025333571, 56.704870880199927 ], [ -111.438047462373888, 56.705769245460523 ], [ -111.437720815859691, 56.705770393251733 ], [ -111.437729159701348, 56.706489085396612 ], [ -111.43740250693692, 56.706490232362825 ], [ -111.437412929500027, 56.707388597464416 ], [ -111.436761689804527, 56.707570561926154 ], [ -111.436770015933007, 56.708289253953865 ], [ -111.436443347529732, 56.70829039842922 ], [ -111.436451667817153, 56.709009090403796 ], [ -111.436124993162693, 56.70901023405397 ], [ -111.436131228960932, 56.709549253002933 ], [ -111.435479945772613, 56.709731210769021 ], [ -111.435161560966932, 56.710451043811645 ], [ -111.434510257514688, 56.710632996514285 ], [ -111.434514399553265, 56.71099234246828 ], [ -111.434187707628553, 56.710993481065863 ], [ -111.434193916195355, 56.711532499980606 ], [ -111.433542589387883, 56.711714447629603 ], [ -111.433546722371986, 56.71207379356683 ], [ -111.43322002103298, 56.712074929641688 ], [ -111.433224150998626, 56.71243427557328 ], [ -111.432897446521423, 56.712435410807181 ], [ -111.432583113805265, 56.713514582945685 ], [ -111.432256399937017, 56.713515716513015 ], [ -111.432258460427562, 56.713695389462465 ], [ -111.431931744978158, 56.713696522181046 ], [ -111.431935862916319, 56.714055868079548 ], [ -111.431284481606966, 56.714237803934886 ], [ -111.431290649420674, 56.714776822773494 ], [ -111.430963924555712, 56.714777952968852 ], [ -111.430965978983878, 56.714957625912213 ], [ -111.430639252537702, 56.71495875525877 ], [ -111.430641305432289, 56.715138428204547 ], [ -111.430314577404886, 56.715139556702283 ], [ -111.430316628765837, 56.715319229650461 ], [ -111.429989899157221, 56.715320357299383 ], [ -111.42999194898448, 56.715500030249956 ], [ -111.429340533317173, 56.715681955954267 ], [ -111.429344626860541, 56.716041301859718 ], [ -111.429017890950774, 56.71604242696975 ], [ -111.429019936200518, 56.716222099922234 ], [ -111.428366461194827, 56.716224347588017 ], [ -111.428368503353184, 56.716404020550513 ], [ -111.428041764257273, 56.716405143106257 ], [ -111.427719103295175, 56.716765610745171 ], [ -111.426738876449249, 56.7167689707493 ], [ -111.426740910890643, 56.716948643734106 ], [ -111.42641416700387, 56.716949762029998 ], [ -111.42641619991123, 56.717129435017128 ], [ -111.425762708951765, 56.717131669054467 ], [ -111.425764738767427, 56.717311342051516 ], [ -111.42543799169475, 56.71731245779295 ], [ -111.425115298069798, 56.717672918686461 ], [ -111.424135047294314, 56.71767625824711 ], [ -111.424137069392089, 56.717855931266229 ], [ -111.422176557862485, 56.717862587305333 ], [ -111.422178570637442, 56.718042260364435 ], [ -111.421525063491941, 56.718044472206543 ], [ -111.421527073174758, 56.718224145275428 ], [ -111.419566541833234, 56.718230760288726 ], [ -111.419568542192835, 56.718410433397302 ], [ -111.418261514603401, 56.718414826304226 ], [ -111.418259520474805, 56.718235153165779 ], [ -111.416952498746497, 56.7182395323374 ], [ -111.416950510871999, 56.718059859163944 ], [ -111.415316740981865, 56.718065313818066 ], [ -111.415314760919017, 56.717885640602269 ], [ -111.414334503382506, 56.717888903093545 ], [ -111.414336478772185, 56.718068576331511 ], [ -111.413682970517854, 56.718070747057546 ], [ -111.413352274946206, 56.717712484610246 ], [ -111.411391768190796, 56.717718971002554 ], [ -111.411389806866097, 56.717539297687843 ], [ -111.408449059218569, 56.717548969391693 ], [ -111.408451006524032, 56.717728642772137 ], [ -111.407470752228093, 56.717731851276952 ], [ -111.407468809595727, 56.717552177874694 ], [ -111.404528059512927, 56.717561757068829 ], [ -111.404205163524836, 56.717922164084747 ], [ -111.403551656984519, 56.717924281687893 ], [ -111.403553580969131, 56.718103955166335 ], [ -111.402900071224138, 56.718106069357511 ], [ -111.402577155007776, 56.718466472152429 ], [ -111.401923638898154, 56.718468581232727 ], [ -111.401925555160744, 56.718648254731299 ], [ -111.401598795514801, 56.718649307993701 ], [ -111.40160071024178, 56.718828981494148 ], [ -111.401273949015845, 56.718830033907089 ], [ -111.400951011056947, 56.719190432477184 ], [ -111.39997071783263, 56.719193582049321 ], [ -111.399972624836877, 56.719373255569707 ], [ -111.399320996704958, 56.719555024544952 ], [ -111.399328612568127, 56.720273718609882 ], [ -111.399001838724132, 56.720274765083431 ], [ -111.399007546179305, 56.720813785598274 ], [ -111.398680767639291, 56.720814831236488 ], [ -111.39870738324116, 56.723330259779722 ], [ -111.398380582865045, 56.72333130466069 ], [ -111.398399581070976, 56.72512803877467 ], [ -111.398072765089182, 56.725129082869842 ], [ -111.398087952771917, 56.726566469839369 ], [ -111.39776112429989, 56.726567513134455 ], [ -111.397764918323475, 56.726926859838443 ], [ -111.397438086712228, 56.726927902290846 ], [ -111.397441877706513, 56.727287248987992 ], [ -111.397768712435067, 56.727286206521427 ], [ -111.397778198099033, 56.7281845731369 ], [ -111.397451355576877, 56.728185615638886 ], [ -111.397132089489517, 56.728905350538426 ], [ -111.396480282916386, 56.729087104629016 ], [ -111.396484065085019, 56.729446451242488 ], [ -111.396157211563249, 56.729447490366255 ], [ -111.396159101121555, 56.72962716367217 ], [ -111.39550727735687, 56.729808912677711 ], [ -111.395512936875306, 56.730347932590483 ], [ -111.395839798235571, 56.730346895145374 ], [ -111.395841686344454, 56.730526568432062 ], [ -111.396822274970773, 56.730523450933603 ], [ -111.39682416777859, 56.730703124193845 ], [ -111.39845848951154, 56.730697911187725 ], [ -111.398460390136421, 56.730877584407281 ], [ -111.399767853362249, 56.730873398547921 ], [ -111.399769760245334, 56.731053071733761 ], [ -111.400423494843707, 56.731050973647775 ] ], [ [ -111.487537145397184, 56.693187459824095 ], [ -111.48557793331446, 56.693195110968496 ], [ -111.485575620467884, 56.693015438763936 ], [ -111.48524908658203, 56.693016710950857 ], [ -111.485244464079557, 56.692657366508627 ], [ -111.485570994855124, 56.692656094338986 ], [ -111.485568682088953, 56.692476422118595 ], [ -111.485895211282624, 56.69247514910186 ], [ -111.485892896988133, 56.69229547688483 ], [ -111.486219424599895, 56.692294203021021 ], [ -111.486217108777154, 56.692114530807359 ], [ -111.48654363480702, 56.692113256096484 ], [ -111.486865523024846, 56.6917526361214 ], [ -111.487518568730053, 56.691750082455705 ], [ -111.48751624676774, 56.691570410260894 ], [ -111.487842768024976, 56.69156913215317 ], [ -111.488164639191382, 56.691208508819031 ], [ -111.4891441933907, 56.691204666846694 ], [ -111.48946604900739, 56.690844040155667 ], [ -111.490119078731496, 56.690841472885808 ], [ -111.490121413025776, 56.691021145032103 ], [ -111.490776783182838, 56.691198246445602 ], [ -111.490459609054284, 56.691918220713546 ], [ -111.490133084902865, 56.691919505684375 ], [ -111.490135419359419, 56.692099177798987 ], [ -111.489808893625892, 56.692100461922834 ], [ -111.489811226554423, 56.692280134040885 ], [ -111.489484699238801, 56.69228141731773 ], [ -111.489162831613939, 56.692642043993978 ], [ -111.488509770627317, 56.692644606303837 ], [ -111.488187890588492, 56.693005230461367 ], [ -111.487534823219633, 56.693007787671526 ], [ -111.487537145397184, 56.693187459824095 ] ], [ [ -111.493013098831653, 56.687416107529046 ], [ -111.492360128676339, 56.687418689867812 ], [ -111.492357784040806, 56.687239017677122 ], [ -111.492031300476981, 56.687240307554383 ], [ -111.492026614396465, 56.686880963139664 ], [ -111.492353094851197, 56.686879673279925 ], [ -111.492346061270482, 56.686340656644511 ], [ -111.492672537034522, 56.686339365955533 ], [ -111.492670191007477, 56.686159693741935 ], [ -111.493320790236268, 56.685977437613616 ], [ -111.493316092100329, 56.685618093195117 ], [ -111.493642561565011, 56.685616799974667 ], [ -111.493640210983472, 56.685437127766299 ], [ -111.493966678866514, 56.685435833699138 ], [ -111.494288439423428, 56.685075194379031 ], [ -111.49494136883574, 56.685072602002407 ], [ -111.494943725580271, 56.685252274186148 ], [ -111.495270191799833, 56.685250976705774 ], [ -111.495274908479587, 56.685610321039789 ], [ -111.494624325067605, 56.685792587356993 ], [ -111.494629035693507, 56.68615193169456 ], [ -111.493978439818704, 56.68633419464426 ], [ -111.493983144390342, 56.686693538985345 ], [ -111.493332536052321, 56.686875798567414 ], [ -111.493337234569239, 56.687235142911945 ], [ -111.493010751086956, 56.687236435355913 ], [ -111.493013098831653, 56.687416107529046 ] ] ] } },
{ "type": "Feature", "properties": { "area_km2": 0.0444 }, "geometry": { "type": "Polygon", "coordinates": [ [ [ -111.105096163321178, 56.674511987958475 ], [ -111.105095663089045, 56.674332309057192 ], [ -111.106074813337997, 56.674331479057891 ], [ -111.106074308451198, 56.674151800157048 ], [ -111.106727072147649, 56.674151242551844 ], [ -111.106726564159743, 56.673971563649559 ], [ -111.108032085268022, 56.673970438184149 ], [ -111.108031571072203, 56.673790759284273 ], [ -111.110316221907595, 56.673788756807724 ], [ -111.110315696843699, 56.673609077916247 ], [ -111.110968451063911, 56.673608498087155 ], [ -111.110967922899263, 56.673428819194392 ], [ -111.111294298446794, 56.673428527999029 ], [ -111.111292179635896, 56.672709812383637 ], [ -111.111618548963804, 56.672709520341009 ], [ -111.111618017723103, 56.672529841426098 ], [ -111.110964754039841, 56.672350745728096 ], [ -111.110965282167783, 56.672530424652209 ], [ -111.110312546588005, 56.67253100445766 ], [ -111.110313071615423, 56.67271068338048 ], [ -111.109007594169739, 56.6727118327372 ], [ -111.109008112989855, 56.672891511662584 ], [ -111.108029000182427, 56.672892364706613 ], [ -111.108029514348459, 56.673072043632601 ], [ -111.10737676934032, 56.67307260805655 ], [ -111.107051415856986, 56.673432246833535 ], [ -111.105419537670116, 56.67343363867068 ], [ -111.105420039426718, 56.673613317596192 ], [ -111.104440907784479, 56.673614142441728 ], [ -111.104441404886572, 56.67379382136761 ], [ -111.104115026107536, 56.673794094607587 ], [ -111.103789635330358, 56.674153724835868 ], [ -111.104116017222069, 56.674153452447406 ], [ -111.10444339335254, 56.674512537018948 ], [ -111.105096163321178, 56.674511987958475 ] ] ] } },
{ "type": "Feature", "properties": { "area_km2": 0.0212 }, "geometry": { "type": "Polygon", "coordinates": [ [ [ -111.083552356847122, 56.673450226554159 ], [ -111.083877934397734, 56.673090649106278 ], [ -111.083551561505899, 56.673090868462133 ], [ -111.083551163842202, 56.672911189408289 ], [ -111.082898421151469, 56.672911625551478 ], [ -111.082898026599068, 56.672731946489449 ], [ -111.082245286996766, 56.672732379208988 ], [ -111.08224489555559, 56.672552700138809 ], [ -111.081918527300971, 56.672552915214347 ], [ -111.081591382386307, 56.672193771272838 ], [ -111.080612286901797, 56.67219440879429 ], [ -111.080286685960459, 56.672553977764515 ], [ -111.07996031767901, 56.672554187709054 ], [ -111.079959937115561, 56.672374508623534 ], [ -111.07898083690479, 56.67237513332185 ], [ -111.078981212808287, 56.672554812411619 ], [ -111.078654844509316, 56.672555018935462 ], [ -111.078981964628326, 56.672914170575467 ], [ -111.07996107881911, 56.672913545864404 ], [ -111.07996069824685, 56.672733866789336 ], [ -111.080287068081631, 56.672733656843391 ], [ -111.080287450207237, 56.672913335917023 ], [ -111.081593324058829, 56.673092166638369 ], [ -111.081920476785314, 56.673451310520377 ], [ -111.083552356847122, 56.673450226554159 ] ] ] } },
{ "type": "Feature", "properties": { "area_km2": 0.0564 }, "geometry": { "type": "Polygon", "coordinates": [ [ [ -111.143273614190235, 56.671958412767481 ], [ -111.14359860975587, 56.671598679496682 ], [ -111.143272250435999, 56.671599055330688 ], [ -111.143270886713339, 56.67123969787297 ], [ -111.14294453049196, 56.67124007284675 ], [ -111.14294385019565, 56.671060394107506 ], [ -111.141638431444221, 56.671061885441269 ], [ -111.141637757368386, 56.67088220668667 ], [ -111.140005991519345, 56.670884051601234 ], [ -111.140005325217004, 56.670704372828894 ], [ -111.139026270274243, 56.670705469508839 ], [ -111.13902560863896, 56.670525790723815 ], [ -111.138699258529158, 56.670526154571121 ], [ -111.138371591376483, 56.670167159967733 ], [ -111.135760815013228, 56.670170033082762 ], [ -111.135761461102362, 56.670349711902674 ], [ -111.134456066528273, 56.670351127947683 ], [ -111.134456706412493, 56.670530806772 ], [ -111.134130356197289, 56.670531158647911 ], [ -111.134457986203159, 56.670890164404966 ], [ -111.135110692823815, 56.670889458078257 ], [ -111.135111335836569, 56.671069136882096 ], [ -111.136090400371117, 56.671068070971458 ], [ -111.136091048050844, 56.671247749762841 ], [ -111.137722829890706, 56.671245956130576 ], [ -111.137723485343884, 56.671425634904551 ], [ -111.139028916892002, 56.671424184596674 ], [ -111.139029578565584, 56.671603863355578 ], [ -111.139682297400157, 56.671603133065922 ], [ -111.139682962187862, 56.671782811814637 ], [ -111.140988405977382, 56.671781340963697 ], [ -111.140989076985761, 56.671961019697193 ], [ -111.142294526863907, 56.671959535153952 ], [ -111.14229384964257, 56.671779856430533 ], [ -111.142946571428183, 56.671779109033118 ], [ -111.142947251755999, 56.671958787751457 ], [ -111.143273614190235, 56.671958412767481 ] ] ] } },
{ "type": "Feature", "properties": { "area_km2": 0.0044 }, "geometry": { "type": "Polygon", "coordinates": [ [ [ -111.308314766325907, 56.659800309513599 ], [ -111.308313299648319, 56.659620632485506 ], [ -111.308965803836685, 56.659619015296862 ], [ -111.308964334072201, 56.659439338274503 ], [ -111.309290584588936, 56.659438528403605 ], [ -111.308961394594263, 56.659079984214053 ], [ -111.308308899717403, 56.659081601369763 ], [ -111.308310366344074, 56.659261278413581 ], [ -111.307659331835268, 56.65944256921096 ], [ -111.30766079539201, 56.659622246255267 ], [ -111.308314766325907, 56.659800309513599 ] ] ] } },
{ "type": "Feature", "properties": { "area_km2": 0.012 }, "geometry": { "type": "Polygon", "coordinates": [ [ [ -111.223789000364533, 56.6556685677199 ], [ -111.223787935947172, 56.655488889340155 ], [ -111.2244393057411, 56.655308036717209 ], [ -111.224438238245284, 56.655128358334963 ], [ -111.224112022703508, 56.655128945877259 ], [ -111.223783678400935, 56.654770175768832 ], [ -111.222152615961178, 56.654773096348791 ], [ -111.222153672571707, 56.654952774769313 ], [ -111.221827458495468, 56.654953356325507 ], [ -111.221829568650108, 56.655312713158736 ], [ -111.222155785829415, 56.655312131594634 ], [ -111.222484119406289, 56.655670905972414 ], [ -111.223789000364533, 56.6556685677199 ] ] ] } },
{ "type": "Feature", "properties": { "area_km2": 0.0056 }, "geometry": { "type": "Polygon", "coordinates": [ [ [ -111.208129426241385, 56.655516045717853 ], [ -111.208128436311725, 56.655336367148458 ], [ -111.208454653988554, 56.655335821477529 ], [ -111.208452671060527, 56.654976464330453 ], [ -111.208126456486795, 56.654977009993985 ], [ -111.208125466591511, 56.654797331408894 ], [ -111.207146827456214, 56.654798963260873 ], [ -111.206822581778056, 56.655158862696837 ], [ -111.20714879794906, 56.655158320447981 ], [ -111.20747698775024, 56.655517134503327 ], [ -111.208129426241385, 56.655516045717853 ] ] ] } },
{ "type": "Feature", "properties": { "area_km2": 0.0064 }, "geometry": { "type": "Polygon", "coordinates": [ [ [ -111.235845678679354, 56.653490151576733 ], [ -111.235844557009344, 56.653310473285451 ], [ -111.236170756580506, 56.653309855019899 ], [ -111.236168510176782, 56.652950498430009 ], [ -111.235842313708289, 56.652951116687156 ], [ -111.235841192077231, 56.652771438380157 ], [ -111.234862607247805, 56.652773288011922 ], [ -111.234863724224937, 56.65295296633149 ], [ -111.234537527704603, 56.652953581170564 ], [ -111.234539758595005, 56.653312937802319 ], [ -111.234865958217995, 56.653312322954903 ], [ -111.234867075233922, 56.653492001258762 ], [ -111.235845678679354, 56.653490151576733 ] ] ] } },
{ "type": "Feature", "properties": { "area_km2": 0.006 }, "geometry": { "type": "Polygon", "coordinates": [ [ [ -111.232583666742855, 56.65349628727467 ], [ -111.232582560586479, 56.653316608941708 ], [ -111.233234959974055, 56.653315388646703 ], [ -111.233233850727785, 56.653135710316803 ], [ -111.233560048850975, 56.653135098891646 ], [ -111.233231632273757, 56.652776353641286 ], [ -111.232253047135117, 56.652778182764735 ], [ -111.232254151701781, 56.652957861117535 ], [ -111.231602859919562, 56.653138754624656 ], [ -111.231931264201336, 56.653497504159809 ], [ -111.232583666742855, 56.65349628727467 ] ] ] } },
{ "type": "Feature", "properties": { "area_km2": 0.0092 }, "geometry": { "type": "Polygon", "coordinates": [ [ [ -111.222797623322592, 56.653514181645818 ], [ -111.222796563707178, 56.653334503191338 ], [ -111.223775163899873, 56.653332748374957 ], [ -111.223774099642668, 56.653153069927164 ], [ -111.224100298130921, 56.653152483283293 ], [ -111.224424361924122, 56.652792538889564 ], [ -111.224098166550846, 56.65279312637999 ], [ -111.224097100779318, 56.65261344792048 ], [ -111.22344471309836, 56.652614620329828 ], [ -111.223120641486986, 56.652974562190387 ], [ -111.221815853518152, 56.652976893368567 ], [ -111.221816908455025, 56.653156571845365 ], [ -111.221490709880896, 56.653157152507539 ], [ -111.221819018365423, 56.653515928783271 ], [ -111.222797623322592, 56.653514181645818 ] ] ] } },
{ "type": "Feature", "properties": { "area_km2": 0.004 }, "geometry": { "type": "Polygon", "coordinates": [ [ [ -111.330109340676145, 56.652377525309547 ], [ -111.330107770763505, 56.652197848446811 ], [ -111.330433958073726, 56.652196983254655 ], [ -111.330430815200643, 56.651837629525183 ], [ -111.329776878459754, 56.651659682147141 ], [ -111.329778446766724, 56.651839359031513 ], [ -111.329452262522523, 56.651840222502976 ], [ -111.329129208723899, 56.652200438896394 ], [ -111.329455396088576, 56.652199576267677 ], [ -111.329456962898803, 56.652379253142151 ], [ -111.330109340676145, 56.652377525309547 ] ] ] } },
{ "type": "Feature", "properties": { "area_km2": 0.0372 }, "geometry": { "type": "Polygon", "coordinates": [ [ [ -111.227678735387173, 56.651528867969908 ], [ -111.22767765263913, 56.651349189517958 ], [ -111.228003835465671, 56.651348592660277 ], [ -111.228002751178991, 56.651168914207155 ], [ -111.228654026315724, 56.650988039486286 ], [ -111.228649676936072, 56.650269325633005 ], [ -111.227996245722551, 56.650090843378479 ], [ -111.227988656594349, 56.648833093840196 ], [ -111.227662495482278, 56.648833690641133 ], [ -111.227661412922188, 56.648654012110669 ], [ -111.227008014316496, 56.648475524597522 ], [ -111.227009093762291, 56.648655203141281 ], [ -111.226682934163577, 56.648655797375042 ], [ -111.226358927277815, 56.649015747842384 ], [ -111.225054276301421, 56.649018112848111 ], [ -111.225055346479081, 56.649197791400312 ], [ -111.224729182153041, 56.649198380519749 ], [ -111.224732388107398, 56.64973741615696 ], [ -111.225058557086371, 56.649736827025521 ], [ -111.225386869621772, 56.650095594088924 ], [ -111.226039213721748, 56.650094411537886 ], [ -111.226038138829082, 56.649914733023898 ], [ -111.227016650232628, 56.649912952801209 ], [ -111.227017729778368, 56.650092631303124 ], [ -111.227343901772286, 56.650092036182663 ], [ -111.227348226284491, 56.650810750121792 ], [ -111.226696947932723, 56.650991618020321 ], [ -111.226699104084375, 56.651350974964167 ], [ -111.227025286948461, 56.651350380669889 ], [ -111.227026366594174, 56.651530059129939 ], [ -111.227678735387173, 56.651528867969908 ] ] ] } },
{ "type": "Feature", "properties": { "area_km2": 0.032 }, "geometry": { "type": "Polygon", "coordinates": [ [ [ -111.373100457337756, 56.645607914480138 ], [ -111.373098683429291, 56.645428238248527 ], [ -111.373424810803002, 56.645427260512022 ], [ -111.3734177091726, 56.644708555559589 ], [ -111.373091588000676, 56.644709533269534 ], [ -111.373089814194842, 56.644529857011634 ], [ -111.372111455207204, 56.644532784996244 ], [ -111.37210968607306, 56.644353108713226 ], [ -111.371457449746345, 56.64435505641864 ], [ -111.371134860538689, 56.644715381590494 ], [ -111.369830375155374, 56.644719263386612 ], [ -111.369832133477487, 56.644898939705314 ], [ -111.368527641566914, 56.644902807860092 ], [ -111.36852939370759, 56.645082484199804 ], [ -111.368203269128756, 56.645083449109464 ], [ -111.368206770370023, 56.64544280178621 ], [ -111.368532898049793, 56.645441836863441 ], [ -111.36853465025132, 56.645621513187372 ], [ -111.373100457337756, 56.645607914480138 ] ] ] } },
{ "type": "Feature", "properties": { "area_km2": 0.0076 }, "geometry": { "type": "Polygon", "coordinates": [ [ [ -111.364907324328513, 56.641499521995343 ], [ -111.36490558964428, 56.641319845478776 ], [ -111.365231681869247, 56.641318889247842 ], [ -111.365228209460881, 56.640959536211909 ], [ -111.364902120336026, 56.640960492429862 ], [ -111.364900385712019, 56.640780815897521 ], [ -111.364574298117134, 56.640781771254879 ], [ -111.364572565063213, 56.640602094710793 ], [ -111.363918662979472, 56.640424326287956 ], [ -111.363920392913343, 56.64060400285026 ], [ -111.363594306808366, 56.640604955638842 ], [ -111.36359949207997, 56.641143985313583 ], [ -111.363925582835066, 56.641143032505596 ], [ -111.364255136718185, 56.64150143190782 ], [ -111.364907324328513, 56.641499521995343 ] ] ] } },
{ "type": "Feature", "properties": { "area_km2": 0.0084 }, "geometry": { "type": "Polygon", "coordinates": [ [ [ -111.249129871989354, 56.639808550177136 ], [ -111.249128687755814, 56.639628871664691 ], [ -111.249454768928956, 56.63962821870048 ], [ -111.249451211660741, 56.639089183145003 ], [ -111.249125135137461, 56.639089836095927 ], [ -111.249123950958733, 56.638910157562513 ], [ -111.248145725956476, 56.638912111277577 ], [ -111.248146905485441, 56.639091789824249 ], [ -111.24782082890745, 56.639092439358883 ], [ -111.247824362926394, 56.639631474980696 ], [ -111.248150444154234, 56.639630825432818 ], [ -111.248151623737797, 56.639810503958522 ], [ -111.249129871989354, 56.639808550177136 ] ] ] } },
{ "type": "Feature", "properties": { "area_km2": 0.0176 }, "geometry": { "type": "Polygon", "coordinates": [ [ [ -111.192054245333196, 56.637753515866372 ], [ -111.192053332477457, 56.637573836604652 ], [ -111.192379397176765, 56.637573333147735 ], [ -111.19237482530778, 56.636674936777773 ], [ -111.192048768357225, 56.636675440217594 ], [ -111.192047855564866, 56.636495760924497 ], [ -111.190417578402602, 56.636498265296638 ], [ -111.190418483446479, 56.636677944606745 ], [ -111.190092426432827, 56.636678442922573 ], [ -111.190094233452513, 56.637037801533864 ], [ -111.189768173328972, 56.637038299002448 ], [ -111.18976997729095, 56.637397657599571 ], [ -111.190096040514021, 56.63739716012423 ], [ -111.190096944060457, 56.637576839411565 ], [ -111.191401203047192, 56.637574840956411 ], [ -111.191402112803303, 56.637754520224938 ], [ -111.192054245333196, 56.637753515866372 ] ] ] } },
{ "type": "Feature", "properties": { "area_km2": 0.0112 }, "geometry": { "type": "Polygon", "coordinates": [ [ [ -111.370727664497281, 56.636451237886419 ], [ -111.370725902482448, 56.636271561340379 ], [ -111.371376234299504, 56.636089941107606 ], [ -111.371046660377175, 56.635731560270145 ], [ -111.369416441089129, 56.635736408733635 ], [ -111.369418196844677, 56.635916085321767 ], [ -111.368440060379342, 56.635918984172314 ], [ -111.368441811506557, 56.63609866077487 ], [ -111.368115764428012, 56.636099625357041 ], [ -111.36844531382178, 56.636458013964209 ], [ -111.369097414116354, 56.63645608221178 ], [ -111.369095659849449, 56.636276405632842 ], [ -111.369747756963662, 56.636274470477716 ], [ -111.36974951432974, 56.636454147043516 ], [ -111.370727664497281, 56.636451237886419 ] ] ] } },
{ "type": "Feature", "properties": { "area_km2": 3.472 }, "geometry": { "type": "Polygon", "coordinates": [ [ [ -111.546091969096139, 56.677671589205623 ], [ -111.546089369557393, 56.677491918259783 ], [ -111.547068558803218, 56.677487621544024 ], [ -111.547065954633993, 56.677307950622072 ], [ -111.548045138947771, 56.677303646238492 ], [ -111.548042530148166, 56.677123975340479 ], [ -111.54934810259607, 56.677118224228309 ], [ -111.549345487612698, 56.676938553364067 ], [ -111.549671879095527, 56.676937113457768 ], [ -111.549993034458282, 56.676576330991011 ], [ -111.550645811058473, 56.676573446941525 ], [ -111.55096695402402, 56.676212661966346 ], [ -111.551946109284842, 56.676208326971434 ], [ -111.552267236716304, 56.675847538652455 ], [ -111.553246382291576, 56.675843193454341 ], [ -111.553243748879837, 56.675663522670774 ], [ -111.553570129123912, 56.67566207257088 ], [ -111.553567494189352, 56.675482401791868 ], [ -111.553893872849571, 56.675480950846683 ], [ -111.553891236392175, 56.675301280072212 ], [ -111.554217613468552, 56.675299828281723 ], [ -111.554214975488392, 56.67512015751182 ], [ -111.554541350980912, 56.675118704876041 ], [ -111.554538711478003, 56.6749390341107 ], [ -111.55486508538668, 56.674937580629646 ], [ -111.554862444361078, 56.674757909868887 ], [ -111.555188816685884, 56.674756455542557 ], [ -111.555186174137631, 56.674576784786382 ], [ -111.555512544878596, 56.674575329614804 ], [ -111.555509900807692, 56.674395658863205 ], [ -111.5558362699648, 56.674394202846393 ], [ -111.555833624371317, 56.674214532099384 ], [ -111.556483710817943, 56.674031946787657 ], [ -111.556478413571512, 56.673672605306734 ], [ -111.556804776423903, 56.673671146764178 ], [ -111.556802126293562, 56.673491476025667 ], [ -111.557128487562125, 56.673490016637906 ], [ -111.557125835909346, 56.673310345904028 ], [ -111.557452195594081, 56.673308885671084 ], [ -111.557449542418922, 56.67312921494181 ], [ -111.557775900519829, 56.67312775386371 ], [ -111.55777324582229, 56.672948083139069 ], [ -111.558423301052784, 56.672765487727403 ], [ -111.558417985599291, 56.67240614629133 ], [ -111.558744337395694, 56.672404682687734 ], [ -111.558741678162093, 56.672225011971719 ], [ -111.559068028374696, 56.672223547523004 ], [ -111.559065367618899, 56.672043876811607 ], [ -111.559715401014742, 56.671861274672153 ], [ -111.55971007344543, 56.671501933262689 ], [ -111.560036417353686, 56.671500466288684 ], [ -111.560033752062381, 56.671320795585956 ], [ -111.560360094386866, 56.671319327766874 ], [ -111.560357427573521, 56.671139657068821 ], [ -111.561007439135778, 56.670957048202162 ], [ -111.561002099452097, 56.670597706819464 ], [ -111.561328435472376, 56.670596236475262 ], [ -111.561325764124078, 56.670416565785949 ], [ -111.561975758543213, 56.670233951877897 ], [ -111.561970409790163, 56.66987461051275 ], [ -111.562296739506394, 56.669873137643556 ], [ -111.562294063623568, 56.669693466963032 ], [ -111.56262039175607, 56.669691993248868 ], [ -111.562617714351489, 56.669512322573055 ], [ -111.562944040900263, 56.669510848013935 ], [ -111.562941361973955, 56.669331177342841 ], [ -111.563267686939, 56.669329701938764 ], [ -111.563265006491022, 56.669150031272395 ], [ -111.563591329872324, 56.669148555023391 ], [ -111.563588647902705, 56.668968884361739 ], [ -111.563914969700278, 56.668967407267822 ], [ -111.563912286209046, 56.668787736610881 ], [ -111.564238606422876, 56.668786258672043 ], [ -111.564235921410088, 56.668606588019863 ], [ -111.564562240040175, 56.66860510923614 ], [ -111.564559553505873, 56.668425438588677 ], [ -111.564885870552231, 56.668423958960069 ], [ -111.564883182496416, 56.668244288317368 ], [ -111.565209497959032, 56.668242807843868 ], [ -111.56520680838176, 56.668063137205927 ], [ -111.565533122260661, 56.668061655887584 ], [ -111.565530431161946, 56.667881985254375 ], [ -111.565856743457132, 56.667880503091169 ], [ -111.565854050837032, 56.667700832462749 ], [ -111.566180361548476, 56.667699349454708 ], [ -111.566501280871989, 56.667338524359302 ], [ -111.56715389592874, 56.667335554109016 ], [ -111.567474802863444, 56.666974726508407 ], [ -111.56812741152271, 56.666971751169179 ], [ -111.568124708191291, 56.666792080584862 ], [ -111.568777313620444, 56.666789101846341 ], [ -111.56877460721546, 56.666609431276946 ], [ -111.569753510466811, 56.666604956787992 ], [ -111.569750799435894, 56.666425286243694 ], [ -111.570729697747481, 56.666420804091366 ], [ -111.570726982090761, 56.666241133572193 ], [ -111.571705875462143, 56.666236643756577 ], [ -111.571703155179733, 56.666056973262599 ], [ -111.573334635739982, 56.666049473190384 ], [ -111.573331907727265, 56.66586980274203 ], [ -111.577247439217473, 56.665851715496892 ], [ -111.577244692608289, 56.665672045166083 ], [ -111.577570985140525, 56.665670532349452 ], [ -111.577891778308754, 56.665309678041545 ], [ -111.578870646305063, 56.665305131959869 ], [ -111.578867892029891, 56.665125461664566 ], [ -111.581151905371698, 56.665114824294086 ], [ -111.581154670512817, 56.665294494517155 ], [ -111.582133537550533, 56.665289922790784 ], [ -111.582130767752602, 56.665110252598772 ], [ -111.582783342512883, 56.665107200527814 ], [ -111.582780569642509, 56.664927530351221 ], [ -111.584085712568665, 56.664921415993035 ], [ -111.584082933521458, 56.664741745852659 ], [ -111.585061785721592, 56.664737151139718 ], [ -111.585059002049917, 56.664557481025255 ], [ -111.585385284499964, 56.664555947755076 ], [ -111.585382499308338, 56.664376277645701 ], [ -111.586035061007294, 56.664373208561813 ], [ -111.586355762208811, 56.664012332565548 ], [ -111.587660872672572, 56.664006180804677 ], [ -111.587981555215976, 56.663645300638613 ], [ -111.58928384895944, 56.663459461855439 ], [ -111.58928104533625, 56.663279791839599 ], [ -111.589607316500746, 56.663278247530506 ], [ -111.589927974275554, 56.662917362361028 ], [ -111.590906778164211, 56.66291272180397 ], [ -111.591548056562829, 56.662190943960788 ], [ -111.591874318187507, 56.66218939373158 ], [ -111.591877134031733, 56.662369063695216 ], [ -111.59220339717578, 56.66236751260076 ], [ -111.592206214604573, 56.66254718254855 ], [ -111.592861564464201, 56.662723747695743 ], [ -111.592858743898773, 56.662544077774363 ], [ -111.593185008496889, 56.662542524105184 ], [ -111.593182186412136, 56.662362854189034 ], [ -111.593834712406391, 56.662359744307601 ], [ -111.594155321971201, 56.661998848299952 ], [ -111.595134101307238, 56.661994174566701 ], [ -111.59513127000892, 56.661814504698029 ], [ -111.59545752817013, 56.66181294508813 ], [ -111.595454695352686, 56.661633275224744 ], [ -111.595780951929186, 56.661631714770735 ], [ -111.59577811759263, 56.661452044912643 ], [ -111.596104372584435, 56.661450483614523 ], [ -111.596101536728824, 56.661270813761718 ], [ -111.59642779013592, 56.661269251619515 ], [ -111.596424952761282, 56.661089581772018 ], [ -111.596751204583683, 56.661088018785748 ], [ -111.596748365690061, 56.660908348943543 ], [ -111.597074615927752, 56.660906785113212 ], [ -111.597071775515175, 56.660727115276316 ], [ -111.597721429304968, 56.66054431525194 ], [ -111.597715742437131, 56.660184975594099 ], [ -111.598041986368969, 56.660183409242286 ], [ -111.598039141432679, 56.660003739416041 ], [ -111.598688778087222, 56.659820934359495 ], [ -111.598683082172542, 56.659461594722998 ], [ -111.59900931979864, 56.65946002584986 ], [ -111.599006470339077, 56.659280356034287 ], [ -111.599656089859081, 56.659097545945912 ], [ -111.599650384898396, 56.658738206330881 ], [ -111.599976616218925, 56.658736634936538 ], [ -111.599973762236502, 56.658556965131716 ], [ -111.600623364622678, 56.658374150011831 ], [ -111.600609079856113, 56.657475800988266 ], [ -111.600935300216662, 56.657474227104927 ], [ -111.600932441811096, 56.657294557294954 ], [ -111.601582017854597, 56.65711173719211 ], [ -111.601576295003198, 56.656752397588399 ], [ -111.601902509058661, 56.656750821184197 ], [ -111.601896783236981, 56.656391481580641 ], [ -111.60222299415652, 56.656389904343314 ], [ -111.602217265364715, 56.656030564739922 ], [ -111.602543473148401, 56.656028986669497 ], [ -111.60285821130276, 56.655308728559731 ], [ -111.603507743875255, 56.655125898444155 ], [ -111.603499132818939, 56.654586889048161 ], [ -111.604148649879278, 56.65440405560075 ], [ -111.604142903203041, 56.654044716009182 ], [ -111.604469093723864, 56.654043132929942 ], [ -111.604463344078411, 56.653683793338608 ], [ -111.604789531463737, 56.653682209426428 ], [ -111.604780902591926, 56.65314320003182 ], [ -111.60510708529074, 56.653141615297486 ], [ -111.605101329773959, 56.652782275696019 ], [ -111.605427509337417, 56.652780690128793 ], [ -111.60574216582593, 56.65206042452661 ], [ -111.606068339118835, 56.652058837293673 ], [ -111.60606545689086, 56.65187916749602 ], [ -111.606391628599496, 56.651877579419491 ], [ -111.606388744853973, 56.651697909627302 ], [ -111.607038198255353, 56.651515061156758 ], [ -111.607032424727777, 56.651155721588971 ], [ -111.607358590132705, 56.651154130992502 ], [ -111.607673196443542, 56.650433860428741 ], [ -111.60832262189669, 56.650251005280651 ], [ -111.608316836431001, 56.649891665724901 ], [ -111.608966249444819, 56.64970880723012 ], [ -111.60896045797729, 56.649349467685774 ], [ -111.609286607673909, 56.649347872071516 ], [ -111.609283710439769, 56.649168202302199 ], [ -111.609609858552204, 56.649166605844485 ], [ -111.609606959800956, 56.648986936080703 ], [ -111.609933106329208, 56.648985338779532 ], [ -111.609930206060909, 56.648805669021264 ], [ -111.610256351004963, 56.648804070876672 ], [ -111.610253449219641, 56.648624401123946 ], [ -111.610902831052925, 56.648441532557314 ], [ -111.610897021448011, 56.64808219306871 ], [ -111.611223160088997, 56.648080592404746 ], [ -111.611217347517524, 56.647721252916604 ], [ -111.611543483023866, 56.647719651420147 ], [ -111.611534759767508, 56.647180642180658 ], [ -111.611860890588801, 56.647179039862586 ], [ -111.611857981353566, 56.646999370116333 ], [ -111.612184110590761, 56.646997766954932 ], [ -111.612178289120465, 56.64663842746824 ], [ -111.612504415223171, 56.646636823474388 ], [ -111.612501502988195, 56.646457153733948 ], [ -111.612827627506817, 56.646455548896789 ], [ -111.612824713755174, 56.646275879161948 ], [ -111.613474042771941, 56.646092997228472 ], [ -111.613468209236018, 56.645733657775793 ], [ -111.613794327452126, 56.645732050419682 ], [ -111.613791409184515, 56.645552380696266 ], [ -111.614117525816567, 56.64555077249689 ], [ -111.614114606032459, 56.645371102779094 ], [ -111.614440721080456, 56.645369493736482 ], [ -111.614437799779878, 56.645189824024271 ], [ -111.614763913243834, 56.645188214138436 ], [ -111.614760990426845, 56.645008544431839 ], [ -111.615410288269217, 56.644825652429496 ], [ -111.615404436603626, 56.644466313033462 ], [ -111.615730543765252, 56.644464700628923 ], [ -111.615724689134822, 56.644105361233521 ], [ -111.616050793162287, 56.644103747996745 ], [ -111.616047864347749, 56.643924078302021 ], [ -111.616697137319903, 56.643741179609904 ], [ -111.616691273660052, 56.64338184023768 ], [ -111.617017371385401, 56.643380224482428 ], [ -111.61701443805633, 56.643200554799286 ], [ -111.617666630305123, 56.643197320748421 ], [ -111.617986850522115, 56.642836363125539 ], [ -111.620269500383046, 56.64282501121901 ], [ -111.620272449144295, 56.643004680802747 ], [ -111.620598543395218, 56.643003055674455 ], [ -111.620595593083962, 56.642823386101746 ], [ -111.62157387098182, 56.642818505625492 ], [ -111.621570916054765, 56.642638836080579 ], [ -111.622223098049105, 56.642635578181462 ], [ -111.622220140056299, 56.642455908653346 ], [ -111.623198408141164, 56.642451015432329 ], [ -111.623195445532758, 56.642271345932123 ], [ -111.624499796299418, 56.64226480972485 ], [ -111.62449682752559, 56.642085140263688 ], [ -111.625148999603027, 56.642081867057918 ], [ -111.625146027763748, 56.641902197613661 ], [ -111.626124280972206, 56.641897281432954 ], [ -111.626121304517667, 56.641717612016748 ], [ -111.626773470051361, 56.641714330314976 ], [ -111.626770490531527, 56.641534660915731 ], [ -111.627096571696782, 56.641533018794938 ], [ -111.627093590661588, 56.641353349401513 ], [ -111.627745749788929, 56.64135006262012 ], [ -111.628065858034958, 56.640989079212517 ], [ -111.629044087064344, 56.640984140140162 ], [ -111.629041096833873, 56.640804470797789 ], [ -111.62969324624757, 56.640801173835179 ], [ -111.629690252952145, 56.640621504509852 ], [ -111.630016326057273, 56.640619854758725 ], [ -111.630013331246744, 56.640440185439282 ], [ -111.630339402767461, 56.640438534845359 ], [ -111.630336406441842, 56.640258865531784 ], [ -111.630662476378177, 56.64025721409508 ], [ -111.63065947853751, 56.640077544787403 ], [ -111.63098554688942, 56.640075892507909 ], [ -111.630982547533733, 56.639896223206122 ], [ -111.631308614301261, 56.639894570083868 ], [ -111.631628676228146, 56.639533577532987 ], [ -111.632280803390799, 56.639530267063527 ], [ -111.63227779794066, 56.639350597790681 ], [ -111.633255983774873, 56.639345625715464 ], [ -111.63325297371064, 56.639165956471054 ], [ -111.633579034036131, 56.639164297415988 ], [ -111.633576022457135, 56.638984628177504 ], [ -111.633902081198144, 56.638982968279741 ], [ -111.633899068104412, 56.638803299047218 ], [ -111.634225125260997, 56.638801638306788 ], [ -111.634222110652559, 56.638621969080205 ], [ -111.63454816622469, 56.638620307497099 ], [ -111.634868186451527, 56.638259306636051 ], [ -111.635520291223074, 56.638255979245322 ], [ -111.63551727052122, 56.638076310047914 ], [ -111.635843321305074, 56.638074645082966 ], [ -111.635511229222388, 56.637716971637126 ], [ -111.634859133747796, 56.637720298960076 ], [ -111.634856116249708, 56.6375406297241 ], [ -111.634530070009504, 56.637542292093428 ], [ -111.634527054095784, 56.637362622840847 ], [ -111.63485309878655, 56.637360960482802 ], [ -111.634850081358294, 56.637181291236175 ], [ -111.635176124464735, 56.637179628035526 ], [ -111.635496126586901, 56.636818625516916 ], [ -111.636148206427478, 56.63681529489137 ], [ -111.636151229983454, 56.636994964103451 ], [ -111.636477271400665, 56.636993297498549 ], [ -111.636480296541009, 56.637172966694003 ], [ -111.635831232649323, 56.637355968285284 ], [ -111.635834254760809, 56.637535637492697 ], [ -111.636489372172093, 56.637711974248369 ], [ -111.636486346926731, 56.637532305068902 ], [ -111.636812392957211, 56.637530637576148 ], [ -111.636809366197411, 56.637350968402679 ], [ -111.63713541064341, 56.637349300067356 ], [ -111.637132382369217, 56.637169630899884 ], [ -111.637458425230776, 56.637167961721978 ], [ -111.637455395442203, 56.636988292560517 ], [ -111.637781436719308, 56.636986622540064 ], [ -111.637778405416427, 56.636806953384614 ], [ -111.638104445109079, 56.636805282521621 ], [ -111.638101412291888, 56.636625613372168 ], [ -111.638427450400087, 56.636623941666649 ], [ -111.638424416068673, 56.636444272523228 ], [ -111.638750452592404, 56.63644259997519 ], [ -111.638747416746753, 56.636262930837788 ], [ -111.639073451686045, 56.636261257447252 ], [ -111.639070414326213, 56.636081588315882 ], [ -111.639396447681051, 56.636079914082835 ], [ -111.639393408807081, 56.635900244957519 ], [ -111.639719440577466, 56.635898569881981 ], [ -111.639716400189371, 56.63571890076269 ], [ -111.640042430375317, 56.63571722484469 ], [ -111.640039388473156, 56.635537555731446 ], [ -111.640365417074648, 56.635535878970991 ], [ -111.640362373658462, 56.635356209863808 ], [ -111.640688400675501, 56.635354532260912 ], [ -111.640685355745291, 56.635174863159783 ], [ -111.641011381177904, 56.635173184714425 ], [ -111.641008334733726, 56.634993515619371 ], [ -111.641334358581901, 56.634991836331601 ], [ -111.641331310623798, 56.634812167242622 ], [ -111.641657332887519, 56.634810487112432 ], [ -111.641654283415519, 56.634630818029507 ], [ -111.64230327220379, 56.634447786165119 ], [ -111.642297167239718, 56.634088448018296 ], [ -111.642946143599758, 56.633905412814102 ], [ -111.643259929989725, 56.633185052230253 ], [ -111.643585938099719, 56.633183367080143 ], [ -111.643582879651262, 56.633003698017816 ], [ -111.644231831156063, 56.632820656134449 ], [ -111.644545584176186, 56.632100292259466 ], [ -111.644871582850854, 56.63209860376309 ], [ -111.644868518419131, 56.631918934714605 ], [ -111.645517445070325, 56.631735886152725 ], [ -111.64551131018878, 56.631376548074982 ], [ -111.646160224413777, 56.631193496174085 ], [ -111.646151013171391, 56.630654489070388 ], [ -111.646799911908644, 56.630471433848307 ], [ -111.646790691800248, 56.629932426749583 ], [ -111.64743957505047, 56.629749368206511 ], [ -111.647421117423676, 56.628671353971193 ], [ -111.647747086352993, 56.628669658010026 ], [ -111.647740930998339, 56.628310319911975 ], [ -111.648389781835078, 56.628127256440912 ], [ -111.648300456427862, 56.622916852135994 ], [ -111.647974537114138, 56.622918549435695 ], [ -111.647977615253836, 56.62309821863581 ], [ -111.64765169435654, 56.623099915093604 ], [ -111.647654770983848, 56.623279584299915 ], [ -111.647328848502951, 56.623281279915766 ], [ -111.647331923617827, 56.623460949128251 ], [ -111.646683147507659, 56.62364400705281 ], [ -111.646689291722993, 56.624003345497123 ], [ -111.646040503192779, 56.624186400083822 ], [ -111.646046641428825, 56.624545738542096 ], [ -111.645720707933719, 56.624547429971116 ], [ -111.645726843215456, 56.624906768431032 ], [ -111.645400906588563, 56.62490845902952 ], [ -111.645407038915849, 56.62526779749107 ], [ -111.64508109915711, 56.625269487258997 ], [ -111.644767412057078, 56.625989853124281 ], [ -111.644441466034451, 56.625991541231031 ], [ -111.644444527748291, 56.626171210466879 ], [ -111.644118580141935, 56.626172897731557 ], [ -111.644121640342874, 56.626352566973523 ], [ -111.643472799067084, 56.6265356082247 ], [ -111.643481970698261, 56.627074615971289 ], [ -111.643156015244031, 56.62707630073254 ], [ -111.643168238386991, 56.627794977699097 ], [ -111.642842276703689, 56.627796661652511 ], [ -111.642845331029335, 56.62797633089226 ], [ -111.642196455723791, 56.628159365518414 ], [ -111.642202558357639, 56.628518704016955 ], [ -111.64187659037438, 56.628520385455261 ], [ -111.641562815658503, 56.629240743064329 ], [ -111.64123684141039, 56.62924242284101 ], [ -111.641239888275592, 56.62942209209519 ], [ -111.640590980379571, 56.629605118382074 ], [ -111.640923048604733, 56.629962778794386 ], [ -111.641571961005766, 56.629779750776677 ], [ -111.641575009525369, 56.629959420003466 ], [ -111.641900989932822, 56.629957739327523 ], [ -111.641904040036394, 56.630137408537564 ], [ -111.642230021957246, 56.630135726996549 ], [ -111.642233073644817, 56.63031539618985 ], [ -111.642559057079069, 56.630313713783764 ], [ -111.642562110350667, 56.630493382960317 ], [ -111.642888095298332, 56.630491699689117 ], [ -111.64322019305483, 56.63084935385568 ], [ -111.6438721689684, 56.630845982999155 ], [ -111.643875228541091, 56.631025652113976 ], [ -111.644201217993555, 56.631023965393744 ], [ -111.644213462833591, 56.631742641753988 ], [ -111.64388746718582, 56.631744328520014 ], [ -111.643567587939629, 56.632105352626262 ], [ -111.643241589123321, 56.632107037707748 ], [ -111.64323853243603, 56.631927368602007 ], [ -111.642912535133249, 56.631929052818336 ], [ -111.642580430722063, 56.631571397907756 ], [ -111.64192844213531, 56.631574762026133 ], [ -111.641925391749439, 56.63139509285871 ], [ -111.641599398951954, 56.63139677362593 ], [ -111.641596350150195, 56.631217104441781 ], [ -111.640941321878174, 56.631040794180009 ], [ -111.640935230646093, 56.630681455739449 ], [ -111.64060924393803, 56.630683133899993 ], [ -111.640606199923582, 56.630503464660329 ], [ -111.639954229499324, 56.630506818397606 ], [ -111.639957270416261, 56.630686487660036 ], [ -111.639631283602597, 56.630688163259535 ], [ -111.639637362444461, 56.631047501791137 ], [ -111.639311372498085, 56.631049176559699 ], [ -111.639314410422955, 56.631228845828893 ], [ -111.638988418892637, 56.631230519755107 ], [ -111.638991455303824, 56.631410189030326 ], [ -111.638665462189564, 56.631411862114206 ], [ -111.638668497087039, 56.631591531395458 ], [ -111.638342502388809, 56.631593203636974 ], [ -111.638345535772544, 56.631772872924245 ], [ -111.638019539490358, 56.631774544323413 ], [ -111.63802257136031, 56.631954213616702 ], [ -111.637696573494168, 56.631955884173486 ], [ -111.637699603850294, 56.632135553472779 ], [ -111.637373604400196, 56.632137223187172 ], [ -111.637376633242468, 56.632316892492476 ], [ -111.636727656918779, 56.632499898705355 ], [ -111.636733708582668, 56.632859237334628 ], [ -111.636407702831747, 56.632860904533104 ], [ -111.636410727167203, 56.633040573851076 ], [ -111.636084719832297, 56.633042240207104 ], [ -111.636087742653743, 56.633221909531052 ], [ -111.635761733734853, 56.633223575044632 ], [ -111.635441764332683, 56.633584578381566 ], [ -111.634789740124063, 56.633587905185067 ], [ -111.634792756854182, 56.633767574538219 ], [ -111.634466743148437, 56.633769236670588 ], [ -111.634472773615201, 56.634128575383492 ], [ -111.634146756776389, 56.634130236684619 ], [ -111.634149770512977, 56.634309906044365 ], [ -111.63382375209018, 56.634311566502973 ], [ -111.633503755013749, 56.634672564856366 ], [ -111.6328517117974, 56.634675881549619 ], [ -111.632854719441909, 56.634855550938433 ], [ -111.632528696232356, 56.634857208015582 ], [ -111.632531702362442, 56.635036877410315 ], [ -111.63187965274065, 56.635040189025645 ], [ -111.631882655807104, 56.635219858437537 ], [ -111.630904576466222, 56.635224819490517 ], [ -111.630907574919732, 56.635404488930774 ], [ -111.630581546854131, 56.635406140918654 ], [ -111.63026150956793, 56.635767130962044 ], [ -111.6296094470664, 56.635770430713414 ], [ -111.629612439426836, 56.635950100182519 ], [ -111.628311294009137, 56.636136358992289 ], [ -111.628314280241526, 56.636316028495465 ], [ -111.62798824415259, 56.636317673708483 ], [ -111.627991228870187, 56.636497343217492 ], [ -111.627665191197366, 56.6364989875878 ], [ -111.62734511683135, 56.636859970150944 ], [ -111.626366994206208, 56.636864895643889 ], [ -111.626369971280411, 56.637044565192674 ], [ -111.625717886259267, 56.637047844607473 ], [ -111.625397788652236, 56.637408822182437 ], [ -111.624093605664243, 56.637415367438599 ], [ -111.623773489429496, 56.637776340856043 ], [ -111.622469293359501, 56.637782869122752 ], [ -111.62214915849664, 56.638143838382256 ], [ -111.620844949346122, 56.638150349659021 ], [ -111.620524795854763, 56.638511314760208 ], [ -111.619872684808144, 56.638514563611253 ], [ -111.61987563120104, 56.638694233333737 ], [ -111.618897459726753, 56.638699100238796 ], [ -111.618577282991808, 56.639060060349657 ], [ -111.617599101811564, 56.63906491707327 ], [ -111.617602037459321, 56.639244586856812 ], [ -111.617275975448308, 56.639246204067732 ], [ -111.616955778602161, 56.639607160019693 ], [ -111.615002310376724, 56.639796510214801 ], [ -111.615005233762744, 56.639976180064728 ], [ -111.614679165281913, 56.639977790487634 ], [ -111.61435893744185, 56.64033873978417 ], [ -111.613380722396855, 56.640343563432488 ], [ -111.613060479059243, 56.640704509400884 ], [ -111.611759087384527, 56.640890595579414 ], [ -111.611761995475348, 56.641070265506485 ], [ -111.611435917358591, 56.641071867454734 ], [ -111.611438823933213, 56.641251537387355 ], [ -111.611112744232969, 56.641253138492445 ], [ -111.611115649291378, 56.641432808430629 ], [ -111.610789568007689, 56.64143440869254 ], [ -111.610792471549829, 56.641614078636273 ], [ -111.610466388682653, 56.641615678055011 ], [ -111.610469290708494, 56.641795348004273 ], [ -111.609820020733238, 56.641978214266949 ], [ -111.609825818753109, 56.642337554182305 ], [ -111.609499729585551, 56.642339151082254 ], [ -111.609502627095821, 56.642518821042792 ], [ -111.609176536344791, 56.642520417099526 ], [ -111.609179432338607, 56.642700087065585 ], [ -111.60885334000406, 56.642701682279068 ], [ -111.608856234481408, 56.64288135225064 ], [ -111.60853014056336, 56.642882946620858 ], [ -111.608209829466873, 56.643243880107462 ], [ -111.607557635263362, 56.643247064620709 ], [ -111.607560523640942, 56.643426734619581 ], [ -111.607234424938966, 56.643428325605854 ], [ -111.607240198694257, 56.643787665609281 ], [ -111.606914096858702, 56.643789255763032 ], [ -111.606919867647377, 56.644148595766765 ], [ -111.606593762678187, 56.64415018508798 ], [ -111.606605298455506, 56.644868865074834 ], [ -111.606279187252227, 56.644870453585064 ], [ -111.606284952240685, 56.645229793568156 ], [ -111.605635602976889, 56.645412638074376 ], [ -111.605641361964345, 56.645771978068666 ], [ -111.605315242909754, 56.645773564070275 ], [ -111.605320998929855, 56.646132904064835 ], [ -111.604994876741316, 56.646134489233795 ], [ -111.605000629793921, 56.646493829228611 ], [ -111.604674504471376, 56.646495413564878 ], [ -111.604680254556371, 56.646854753559964 ], [ -111.60435412609975, 56.646856337063532 ], [ -111.604371367850476, 56.647934356985665 ], [ -111.604045230057778, 56.647935939699494 ], [ -111.604048102248768, 56.648115609678676 ], [ -111.603721962872314, 56.648117191548977 ], [ -111.603727704252904, 56.648476531512856 ], [ -111.603401561742103, 56.648478112550372 ], [ -111.603404430931647, 56.648657782535061 ], [ -111.602755008830812, 56.648840612069577 ], [ -111.602763607394479, 56.649379622040179 ], [ -111.602437457031002, 56.649381200568484 ], [ -111.602440321734548, 56.649560870558766 ], [ -111.602114169787242, 56.649562448243486 ], [ -111.602119896192391, 56.649921788229534 ], [ -111.601793741110527, 56.649923365081357 ], [ -111.601802326314569, 56.650462375052697 ], [ -111.602128486048684, 56.650460798168766 ], [ -111.602131349400409, 56.65064046813788 ], [ -111.601805188115506, 56.650642045032512 ], [ -111.601810911816713, 56.651001384976205 ], [ -111.601484747397066, 56.651002961037911 ], [ -111.60148760774652, 56.651182631012496 ], [ -111.601161441742917, 56.651184206230546 ], [ -111.601167159439413, 56.651543546185145 ], [ -111.600840990300981, 56.651545120570212 ], [ -111.600843847647965, 56.651724790550233 ], [ -111.600194360448356, 56.651907606774685 ], [ -111.600200069103934, 56.652266946750871 ], [ -111.599550569463744, 56.652449759627245 ], [ -111.59955627211356, 56.652809099614231 ], [ -111.599230091953288, 56.652810669802065 ], [ -111.599232941776677, 56.652990339798251 ], [ -111.598906760032406, 56.652991909142344 ], [ -111.598909608337721, 56.653171579143873 ], [ -111.598583425009437, 56.653173147644196 ], [ -111.598586271796677, 56.653352817651054 ], [ -111.598260086884366, 56.653354385307587 ], [ -111.598262932153489, 56.653534055319795 ], [ -111.597613401327777, 56.653716858119012 ], [ -111.597621928124738, 56.654255868171596 ], [ -111.597295735358102, 56.654257433317973 ], [ -111.597298576138385, 56.654437103335496 ], [ -111.596972381787694, 56.654438667638054 ], [ -111.596975221049661, 56.654618337660899 ], [ -111.596649025114914, 56.654619901119609 ], [ -111.59665186285855, 56.654799571147727 ], [ -111.596325665339748, 56.654801133762575 ], [ -111.596328501564997, 56.654980803796015 ], [ -111.595678936482074, 56.655163596532795 ], [ -111.595364062507542, 56.655883836791958 ], [ -111.595037855549876, 56.655885396052412 ], [ -111.59504068576679, 56.656065066096367 ], [ -111.594714477225054, 56.656066624512889 ], [ -111.594717305923368, 56.656246294562116 ], [ -111.594067711267243, 56.65642907891781 ], [ -111.594073362621998, 56.65678841903199 ], [ -111.59374714777654, 56.6567899749272 ], [ -111.593749971951553, 56.656969644986894 ], [ -111.593100360164541, 56.657152424310318 ], [ -111.593106002472126, 56.65751176444536 ], [ -111.592779781322832, 56.657513317819145 ], [ -111.592782600974104, 56.657692987889256 ], [ -111.592456378240655, 56.657694540419016 ], [ -111.592459196373071, 56.657874210494356 ], [ -111.592132972055467, 56.657875762180076 ], [ -111.592135788668969, 56.658055432260646 ], [ -111.591809562767224, 56.658056983102327 ], [ -111.591812377861771, 56.658236653188105 ], [ -111.591486150375886, 56.658238203185718 ], [ -111.591488963951448, 56.658417873276719 ], [ -111.590839316283777, 56.658600640835942 ], [ -111.590850558628887, 56.659319321209708 ], [ -111.591176795489631, 56.659317772858167 ], [ -111.591179607708924, 56.65949744292783 ], [ -111.591834899791323, 56.659674013683151 ], [ -111.59184053059964, 56.660033353753803 ], [ -111.591514287597207, 56.660034903856683 ], [ -111.591519915432357, 56.660394243927129 ], [ -111.590870233985569, 56.660577011659328 ], [ -111.591207731692663, 56.661294143332228 ], [ -111.590881477762437, 56.661295691799417 ], [ -111.590884288788004, 56.661475361821168 ], [ -111.590558033273339, 56.66147690944419 ], [ -111.590237393667294, 56.661837796282086 ], [ -111.589582071384768, 56.661661217243491 ], [ -111.589573656930654, 56.661122207052237 ], [ -111.589247404389738, 56.6611237512355 ], [ -111.589227782662462, 56.659866060529964 ], [ -111.588572499337786, 56.659689476042765 ], [ -111.588575299208429, 56.659869146185748 ], [ -111.587922815624751, 56.659872228422934 ], [ -111.587925612424328, 56.66005189858155 ], [ -111.587273125607624, 56.660054977421076 ], [ -111.587275919336051, 56.660234647595281 ], [ -111.586297184213223, 56.660239259476 ], [ -111.586299973318646, 56.660418929676204 ], [ -111.585321233249857, 56.660423533896285 ], [ -111.585324017732191, 56.660603204122474 ], [ -111.584019024315381, 56.660609331158888 ], [ -111.584021802622658, 56.660789001421357 ], [ -111.582716802483944, 56.660795114824573 ], [ -111.582719574616021, 56.660974785123244 ], [ -111.58239332294923, 56.660976311347724 ], [ -111.582396093561556, 56.661155981651461 ], [ -111.582069840310822, 56.661157507031611 ], [ -111.58174912214136, 56.661518372190045 ], [ -111.581096609272123, 56.66152141871828 ], [ -111.58109384480322, 56.661341748383762 ], [ -111.579462569829843, 56.661349349695485 ], [ -111.57946532653925, 56.661529020081623 ], [ -111.577834043008494, 56.661536600077426 ], [ -111.577836791990222, 56.661716270509736 ], [ -111.576531758384959, 56.661722319162799 ], [ -111.57652901561093, 56.661542648689419 ], [ -111.5752239877053, 56.661548683626165 ], [ -111.575226724271644, 56.661728354140529 ], [ -111.572290395665007, 56.661741882839898 ], [ -111.572293118295534, 56.66192155344082 ], [ -111.571314336869463, 56.661926047653012 ], [ -111.571317054875607, 56.662105718279157 ], [ -111.570664530663606, 56.662108710167338 ], [ -111.570667245597235, 56.662288380808505 ], [ -111.568709662895486, 56.662297336020487 ], [ -111.568712368548546, 56.662477006717175 ], [ -111.568059837626492, 56.662479984970211 ], [ -111.568062540206824, 56.662659655681821 ], [ -111.567083738933036, 56.66266411668115 ], [ -111.567086436888516, 56.662843787417742 ], [ -111.566433899445713, 56.662846757163749 ], [ -111.566436594328309, 56.663026427915213 ], [ -111.565131512860148, 56.663032357190509 ], [ -111.565134201565613, 56.663212027976932 ], [ -111.56480792956863, 56.663213508168923 ], [ -111.564487028836396, 56.663574329103277 ], [ -111.563834478478483, 56.663577285253595 ], [ -111.56351356536031, 56.663938103682732 ], [ -111.562861008607499, 56.663941054744484 ], [ -111.562540083103002, 56.664301870668211 ], [ -111.561887519955462, 56.664304816641256 ], [ -111.561566582064302, 56.664665630059424 ], [ -111.56091401252219, 56.66466857094364 ], [ -111.560916681328621, 56.664848241812571 ], [ -111.560590394958965, 56.664849710982438 ], [ -111.56059306224401, 56.665029381856051 ], [ -111.560266774291208, 56.665030850181076 ], [ -111.560269440054839, 56.665210521059365 ], [ -111.559943150518876, 56.665211988539525 ], [ -111.559945814761079, 56.665391659422468 ], [ -111.55961952364197, 56.665393126057772 ], [ -111.559622186362688, 56.665572796945384 ], [ -111.559295893660433, 56.665574262735802 ], [ -111.559298554859637, 56.665753933628068 ], [ -111.558972260574208, 56.665755398573587 ], [ -111.55897492025187, 56.6659350694705 ], [ -111.558648624383281, 56.665936533571134 ], [ -111.558651282539358, 56.666116204472686 ], [ -111.558324985087609, 56.666117667728408 ], [ -111.558327641722059, 56.666297338634585 ], [ -111.558001342687163, 56.666298801045372 ], [ -111.558003997799958, 56.666478471956196 ], [ -111.557354048571781, 56.666661065158387 ], [ -111.55735935274123, 56.667020406993224 ], [ -111.557033047404374, 56.667021866879075 ], [ -111.557038348591675, 56.667381208712541 ], [ -111.556388379150519, 56.667563796887805 ], [ -111.556393674311749, 56.667923138729101 ], [ -111.556067361120228, 56.66792459609978 ], [ -111.555751626167535, 56.668644736313688 ], [ -111.555425306704322, 56.66864619201408 ], [ -111.555427949795572, 56.66882586293525 ], [ -111.5551016287491, 56.668827317790587 ], [ -111.555104270318296, 56.66900698871634 ], [ -111.554454263522643, 56.669189566822112 ], [ -111.55446481780578, 56.669908250529929 ], [ -111.554138487351281, 56.6699097028796 ], [ -111.554141124445678, 56.670089373803172 ], [ -111.553814792407834, 56.670090825307732 ], [ -111.553817427979951, 56.670270496235851 ], [ -111.553491094358805, 56.670271946895262 ], [ -111.553493728408625, 56.670451617827965 ], [ -111.552843688943838, 56.670634187548565 ], [ -111.55284895098454, 56.670993529426823 ], [ -111.552198899066354, 56.671176095790187 ], [ -111.552204155078186, 56.671535437675992 ], [ -111.551877810434561, 56.671536884129203 ], [ -111.551880436933175, 56.671716555073971 ], [ -111.551554090706205, 56.671718000681963 ], [ -111.551556715682253, 56.671897671631264 ], [ -111.551230367871923, 56.67189911639403 ], [ -111.551232991325392, 56.672078787347843 ], [ -111.550906641931689, 56.672080231265383 ], [ -111.55090926386255, 56.672259902223686 ], [ -111.55058291288546, 56.672261345295951 ], [ -111.550585533293656, 56.67244101625878 ], [ -111.550259180733221, 56.672442458485797 ], [ -111.549938062837668, 56.672803241806669 ], [ -111.549285351353006, 56.672806122024483 ], [ -111.549287965639934, 56.672985793010568 ], [ -111.548961608299109, 56.672987231846626 ], [ -111.548964221063201, 56.673166902837174 ], [ -111.548637862139032, 56.673168340827928 ], [ -111.548640473380274, 56.673348011822959 ], [ -111.548314112872731, 56.673349448968374 ], [ -111.547992968695624, 56.673710227271897 ], [ -111.547340241316931, 56.673713097326257 ], [ -111.547342846436209, 56.673892768344388 ], [ -111.547016481148432, 56.673894202098658 ], [ -111.547019084744704, 56.674073873121237 ], [ -111.546692717873583, 56.674075306030105 ], [ -111.546695319946792, 56.674254977057132 ], [ -111.546045182004647, 56.674437511370144 ], [ -111.546063375825696, 56.675695208510056 ], [ -111.545736994884706, 56.675696638941027 ], [ -111.545739592569049, 56.675876309949537 ], [ -111.545089422097703, 56.676058839288004 ], [ -111.54509461140313, 56.676418181317395 ], [ -111.544444428474407, 56.676600707296807 ], [ -111.544449611746245, 56.676960049333225 ], [ -111.544123219781, 56.676961475556119 ], [ -111.544125809908451, 56.677141146576055 ], [ -111.543475609831404, 56.677323667509597 ], [ -111.543807182261432, 56.677681585010539 ], [ -111.546091969096139, 56.677671589205623 ] ], [ [ -111.589598901169808, 56.662739237482626 ], [ -111.58894356617931, 56.662562655135616 ], [ -111.589264224278779, 56.662201771633129 ], [ -111.589919554483444, 56.662378352312771 ], [ -111.589598901169808, 56.662739237482626 ] ], [ [ -111.621230058633515, 56.641742115889443 ], [ -111.620574941861094, 56.641565698943751 ], [ -111.620895120536517, 56.641204733835863 ], [ -111.621550232522722, 56.641381149117265 ], [ -111.621230058633515, 56.641742115889443 ] ], [ [ -111.631948732060621, 56.639172584151758 ], [ -111.631293610295245, 56.638996223551146 ], [ -111.631613664821302, 56.638635231003164 ], [ -111.632268781798928, 56.638811589940211 ], [ -111.631948732060621, 56.639172584151758 ] ] ] } },
{ "type": "Feature", "properties": { "area_km2": 0.0048 }, "geometry": { "type": "Polygon", "coordinates": [ [ [ -111.64632651835889, 56.621849007474992 ], [ -111.646323448207681, 56.621669338180048 ], [ -111.646972192273083, 56.621486282145099 ], [ -111.646640141979788, 56.621128637345535 ], [ -111.645988333918936, 56.62113202232748 ], [ -111.645991402415802, 56.621311691649908 ], [ -111.645342656554078, 56.62149474258139 ], [ -111.645674697844356, 56.621852390842058 ], [ -111.64632651835889, 56.621849007474992 ] ] ] } },
{ "type": "Feature", "properties": { "area_km2": 0.0164 }, "geometry": { "type": "Polygon", "coordinates": [ [ [ -111.332342774269804, 56.609607349606478 ], [ -111.332665435287709, 56.609247122856118 ], [ -111.332339618345273, 56.609247993470476 ], [ -111.332334884595298, 56.608708959227087 ], [ -111.332009072275241, 56.608709828970653 ], [ -111.331676960900282, 56.607991985415879 ], [ -111.331351154731067, 56.607992853429735 ], [ -111.331022205321617, 56.607634364312851 ], [ -111.330044795931002, 56.607636960641727 ], [ -111.32972212361247, 56.607997180703265 ], [ -111.330375304659029, 56.608175130495731 ], [ -111.330378441802821, 56.6085344867654 ], [ -111.331031635205804, 56.608712433082907 ], [ -111.3310347786459, 56.609071789297573 ], [ -111.331360594114329, 56.609070922101445 ], [ -111.331362167408528, 56.609250600195026 ], [ -111.331687984405661, 56.609249732139936 ], [ -111.331689559264987, 56.609429410222369 ], [ -111.332342774269804, 56.609607349606478 ] ] ] } },
{ "type": "Feature", "properties": { "area_km2": 0.0268 }, "geometry": { "type": "Polygon", "coordinates": [ [ [ -111.322156690504045, 56.599571926035082 ], [ -111.322155161477966, 56.599392247495345 ], [ -111.322480893924492, 56.599391403641832 ], [ -111.322479363370164, 56.599211725102563 ], [ -111.32280509425307, 56.599210880402005 ], [ -111.322803562170549, 56.59903120186322 ], [ -111.323129291489835, 56.599030356315623 ], [ -111.323127757879135, 56.598850677777335 ], [ -111.323777676688024, 56.598669305603288 ], [ -111.323774603371888, 56.598309948523408 ], [ -111.323448880271499, 56.598310795753541 ], [ -111.323445810118031, 56.597951438641154 ], [ -111.323120090091507, 56.597952285007047 ], [ -111.322791306147849, 56.597593773363862 ], [ -111.322139872189311, 56.597595461809107 ], [ -111.322141401038635, 56.597775140401367 ], [ -111.321164245331047, 56.597777666690988 ], [ -111.321165769560722, 56.597957345295129 ], [ -111.320840049410492, 56.59795818569193 ], [ -111.320847663093957, 56.598856578662392 ], [ -111.321173390973371, 56.598855738237084 ], [ -111.321177964032401, 56.599394773939231 ], [ -111.321503696531906, 56.599393932644041 ], [ -111.321505222466101, 56.599573611195218 ], [ -111.322156690504045, 56.599571926035082 ] ] ] } },
{ "type": "Feature", "properties": { "area_km2": 0.0112 }, "geometry": { "type": "Polygon", "coordinates": [ [ [ -111.30227397230216, 56.598004678743806 ], [ -111.302272537728172, 56.597824999818528 ], [ -111.302922539221086, 56.597643736474659 ], [ -111.302919663973029, 56.597284378619335 ], [ -111.302593949047662, 56.597285171241595 ], [ -111.302592512994295, 56.597105492300678 ], [ -111.302266799598044, 56.597106284064857 ], [ -111.302265365106976, 56.596926605113325 ], [ -111.30193965323987, 56.596927396019439 ], [ -111.301938220311072, 56.596747717057276 ], [ -111.301285369797654, 56.596569617322572 ], [ -111.301286799618538, 56.596749296300679 ], [ -111.300961089247494, 56.596750084643332 ], [ -111.300963945847471, 56.597109442594522 ], [ -111.301289659309916, 56.597108654241168 ], [ -111.301295378891041, 56.59782737005915 ], [ -111.301621098519973, 56.597826580831672 ], [ -111.301622530002362, 56.598006259767686 ], [ -111.30227397230216, 56.598004678743806 ] ] ] } },
{ "type": "Feature", "properties": { "area_km2": 0.0112 }, "geometry": { "type": "Polygon", "coordinates": [ [ [ -111.312587267389787, 56.584682676753722 ], [ -111.312585784619216, 56.584502997614635 ], [ -111.312911389319709, 56.584502178952775 ], [ -111.312906936477518, 56.583963141520648 ], [ -111.312581336410318, 56.58396396016586 ], [ -111.312579853708286, 56.583784281005755 ], [ -111.312254255168341, 56.583785098793143 ], [ -111.311925697436095, 56.583426557370132 ], [ -111.311274506448171, 56.583428188661379 ], [ -111.311275982938511, 56.583607867854148 ], [ -111.310950385874577, 56.583608682226902 ], [ -111.310954810814764, 56.584147719790217 ], [ -111.311280412511863, 56.584146905400885 ], [ -111.311281889070443, 56.584326584572644 ], [ -111.311607492294925, 56.584325769325496 ], [ -111.311936054848488, 56.58468431153166 ], [ -111.312587267389787, 56.584682676753722 ] ] ] } },
{ "type": "Feature", "properties": { "area_km2": 0.0056 }, "geometry": { "type": "Polygon", "coordinates": [ [ [ -111.266559041308057, 56.568079326587394 ], [ -111.266557777668197, 56.56789964623534 ], [ -111.266883241047935, 56.567898948188919 ], [ -111.266880710726355, 56.567539587478542 ], [ -111.266555250432262, 56.567540285515513 ], [ -111.266553986836186, 56.567360605147719 ], [ -111.265901808793842, 56.567182318274448 ], [ -111.265903069289777, 56.567361998656921 ], [ -111.265577610494731, 56.567362694133891 ], [ -111.265581387441472, 56.567901735264023 ], [ -111.265906850864965, 56.567901039772906 ], [ -111.265908111419137, 56.568080720134404 ], [ -111.266559041308057, 56.568079326587394 ] ] ] } },
{ "type": "Feature", "properties": { "area_km2": 0.0284 }, "geometry": { "type": "Polygon", "coordinates": [ [ [ -111.310473117817722, 56.565102510168828 ], [ -111.310471646168381, 56.564922830424081 ], [ -111.310797082731455, 56.564922017477215 ], [ -111.310783824770297, 56.563304899587671 ], [ -111.310458402089139, 56.563305712484919 ], [ -111.31045693060976, 56.563126032687641 ], [ -111.309155245884696, 56.56312927573844 ], [ -111.309156711194689, 56.563308955557716 ], [ -111.308831288428721, 56.563309764196873 ], [ -111.30883860752057, 56.564208163241865 ], [ -111.308189207298128, 56.564389457824269 ], [ -111.308193589751909, 56.564928497205322 ], [ -111.308519026433601, 56.564927690220166 ], [ -111.30852048882781, 56.565107369997875 ], [ -111.310473117817722, 56.565102510168828 ] ] ] } },
{ "type": "Feature", "properties": { "area_km2": 0.0556 }, "geometry": { "type": "Polygon", "coordinates": [ [ [ -111.463042159843283, 56.559776501363501 ], [ -111.463039965469505, 56.559596824695475 ], [ -111.463690735424777, 56.559594399552665 ], [ -111.463688537992596, 56.559414722895795 ], [ -111.464990071430989, 56.559409862425618 ], [ -111.464987867856806, 56.55923018579643 ], [ -111.465313249610972, 56.559228968558514 ], [ -111.465308839455304, 56.558869615300786 ], [ -111.464983460784765, 56.558870832522203 ], [ -111.464970240179383, 56.557792772572704 ], [ -111.464644870733878, 56.557793988893188 ], [ -111.464315100764765, 56.557435850970535 ], [ -111.463013634960603, 56.557440704267087 ], [ -111.462692653527569, 56.55780126893675 ], [ -111.462041914256048, 56.557803688806722 ], [ -111.46204410375131, 56.557983365552204 ], [ -111.461067990029306, 56.557986988996234 ], [ -111.461070174924672, 56.558166665761 ], [ -111.460421611070814, 56.558348753925493 ], [ -111.460425974820637, 56.558708107461314 ], [ -111.460751352304015, 56.558706902168176 ], [ -111.460760086273339, 56.55942560914373 ], [ -111.461085469898805, 56.559424402966428 ], [ -111.461415226802501, 56.559782549361039 ], [ -111.463042159843283, 56.559776501363501 ] ] ] } },
{ "type": "Feature", "properties": { "area_km2": 0.0044 }, "geometry": { "type": "Polygon", "coordinates": [ [ [ -111.312680046052662, 56.55647216980136 ], [ -111.312678564427245, 56.556292489843159 ], [ -111.313003926850755, 56.55629167120113 ], [ -111.31300096056799, 56.555932311280046 ], [ -111.31332631989109, 56.555931491797729 ], [ -111.312997994353708, 56.555572951337972 ], [ -111.312672638096686, 56.555573769957803 ], [ -111.312674119653664, 56.555753449937022 ], [ -111.312024882495976, 56.555934764618719 ], [ -111.312027839528923, 56.556294124573064 ], [ -111.312680046052662, 56.55647216980136 ] ] ] } }
]
}
