{
"type": "FeatureCollection",
"name": "river_ice",
"crs": { "type": "name", "properties": { "name": "urn:ogc:def:crs:OGC:1.3:CRS84" } },
"features": [
{ "type": "Feature", "properties": { }, "geometry": { "type": "Polygon", "coordinates": [ [ [ -81.611364642396708, 52.28847484850057 ], [ -81.611357217204102, 52.287935448240518 ], [ -81.611064018402757, 52.287936965651468 ], [ -81.611071440034863, 52.288476365940852 ], [ -81.611364642396708, 52.28847484850057 ] ] ] } },
{ "type": "Feature", "properties": { }, "geometry": { "type": "Polygon", "coordinates": [ [ [ -81.572072982774742, 52.28849189812599 ], [ -81.572070666748658, 52.288312096770802 ], [ -81.57265707340602, 52.288309254812447 ], [ -81.572945637597911, 52.287948230069276 ], [ -81.573532039361453, 52.287945383780389 ], [ -81.573529717474287, 52.287765582454277 ], [ -81.574113792530042, 52.287582931958958 ], [ -81.574102171715055, 52.286683925308573 ], [ -81.574686230204719, 52.286501271997018 ], [ -81.574681577351939, 52.286141669323392 ], [ -81.574388388447957, 52.286143095651283 ], [ -81.574376762677772, 52.285244088823639 ], [ -81.57466994564831, 52.285242662541705 ], [ -81.574667619381017, 52.285062861168619 ], [ -81.57525165425929, 52.284880205079517 ], [ -81.575246997100635, 52.284520602342241 ], [ -81.575540175251177, 52.284519173913758 ], [ -81.575537845522021, 52.284339372545951 ], [ -81.574951491569593, 52.284342228656762 ], [ -81.574953818925579, 52.284522030042972 ], [ -81.574660640726023, 52.284523457015915 ], [ -81.574372112540956, 52.284884486053528 ], [ -81.573785751273064, 52.284887336397297 ], [ -81.573788073955967, 52.285067137803509 ], [ -81.573494892098722, 52.285068561892899 ], [ -81.573497213619419, 52.285248363302728 ], [ -81.573204030551096, 52.285249786673511 ], [ -81.573206350909558, 52.28542958808692 ], [ -81.572913166630158, 52.285431010739082 ], [ -81.572915485826357, 52.285610812156065 ], [ -81.57262230033588, 52.285612234089591 ], [ -81.572624618369801, 52.285792035510184 ], [ -81.572040560627215, 52.285974678645452 ], [ -81.572047507828159, 52.286514082911914 ], [ -81.571754316330981, 52.286515502707786 ], [ -81.57177977822262, 52.288493318022503 ], [ -81.572072982774742, 52.28849189812599 ] ] ] } },
{ "type": "Feature", "properties": { }, "geometry": { "type": "Polygon", "coordinates": [ [ [ -81.576994387571034, 52.283613014190422 ], [ -81.576989716517076, 52.283253411485639 ], [ -81.57669654679512, 52.283254843488379 ], [ -81.576701215476021, 52.283614446211629 ], [ -81.576994387571034, 52.283613014190422 ] ] ] } },
{ "type": "Feature", "properties": { }, "geometry": { "type": "Polygon", "coordinates": [ [ [ -81.650688588364488, 52.270643011387428 ], [ -81.650685955770015, 52.270463212120625 ], [ -81.650979037043413, 52.270461596723514 ], [ -81.650976403291082, 52.270281797461514 ], [ -81.650390243087685, 52.270285027507555 ], [ -81.650392874468906, 52.270464826790352 ], [ -81.650099793140129, 52.270466440732712 ], [ -81.650102423363464, 52.270646240020326 ], [ -81.650688588364488, 52.270643011387428 ] ] ] } },
{ "type": "Feature", "properties": { }, "geometry": { "type": "Polygon", "coordinates": [ [ [ -81.613156444013711, 52.269585174202824 ], [ -81.613153963357547, 52.269405373603341 ], [ -81.61256781044365, 52.26940841586746 ], [ -81.612570288728762, 52.26958821648654 ], [ -81.613156444013711, 52.269585174202824 ] ] ] } },
{ "type": "Feature", "properties": { }, "geometry": { "type": "Polygon", "coordinates": [ [ [ -81.615203008804826, 52.269214902230672 ], [ -81.615200519902331, 52.269035101688765 ], [ -81.613735150190948, 52.269042727253265 ], [ -81.61373763316594, 52.269222527844306 ], [ -81.615203008804826, 52.269214902230672 ] ] ] } },
{ "type": "Feature", "properties": { }, "geometry": { "type": "Polygon", "coordinates": [ [ [ -81.621943728289295, 52.269179590199364 ], [ -81.621941212120404, 52.268999789884973 ], [ -81.623113504994208, 52.268993609424825 ], [ -81.623110984109871, 52.268813809144639 ], [ -81.625455559100018, 52.268801413391508 ], [ -81.6254530287585, 52.268621613185609 ], [ -81.626039169869188, 52.268618506993924 ], [ -81.626036637183375, 52.268438706802442 ], [ -81.627501983566418, 52.268430928644925 ], [ -81.627499444980074, 52.268251128497958 ], [ -81.628671716864204, 52.268244892920151 ], [ -81.628674260192284, 52.268424693026937 ], [ -81.629260398344741, 52.26842157085396 ], [ -81.629257852645793, 52.268241770767276 ], [ -81.629550920496428, 52.268240208599863 ], [ -81.629838892261063, 52.267879045555254 ], [ -81.631304219123876, 52.267871220272468 ], [ -81.631301665207502, 52.267691420239565 ], [ -81.631887793393886, 52.267688285055428 ], [ -81.632175742582362, 52.267327116350415 ], [ -81.634227173603264, 52.267316115346283 ], [ -81.63422460791395, 52.267136315397785 ], [ -81.634810728449381, 52.267133165728332 ], [ -81.634808160416384, 52.266953365794528 ], [ -81.632756746367704, 52.266964376838978 ], [ -81.632759306103324, 52.267144176843722 ], [ -81.631587064170091, 52.267150452909142 ], [ -81.631589619191232, 52.267330252948753 ], [ -81.628659000625063, 52.267345892302281 ], [ -81.628661543819391, 52.267525692437047 ], [ -81.627196227605509, 52.267533484890158 ], [ -81.62719876489966, 52.26771328506954 ], [ -81.626612635856432, 52.267716396979665 ], [ -81.626324638850761, 52.268077552245877 ], [ -81.625445437893589, 52.268082212534345 ], [ -81.625447968155285, 52.268262012757027 ], [ -81.623689558410135, 52.268271313756145 ], [ -81.623401534033292, 52.268632461945394 ], [ -81.621936179862018, 52.268640189239377 ], [ -81.621933663772523, 52.268460388908203 ], [ -81.62164059404428, 52.268461932175043 ], [ -81.621643108948319, 52.268641732516151 ], [ -81.62105696704154, 52.268644816887694 ], [ -81.621059479601115, 52.268824617243105 ], [ -81.618714901434132, 52.268836925714957 ], [ -81.61871740453627, 52.269016726144073 ], [ -81.618131257360005, 52.269019796008365 ], [ -81.617833184667319, 52.26866172892634 ], [ -81.617540113384393, 52.268663262020347 ], [ -81.617252036398341, 52.269024395349682 ], [ -81.616958962691896, 52.269025927008748 ], [ -81.616956466702675, 52.268846126520337 ], [ -81.61519803102604, 52.268855301141251 ], [ -81.615200519902331, 52.269035101688765 ], [ -81.615786667603729, 52.269032046371493 ], [ -81.615789158877206, 52.269211846893718 ], [ -81.620478355674152, 52.269187299458871 ], [ -81.620475845432722, 52.269007499094798 ], [ -81.621355065524639, 52.269002875750949 ], [ -81.621357579322563, 52.269182676085222 ], [ -81.621943728289295, 52.269179590199364 ] ] ] } },
{ "type": "Feature", "properties": { }, "geometry": { "type": "Polygon", "coordinates": [ [ [ -81.68425447552724, 52.261462562753636 ], [ -81.684251708051065, 52.261282764433929 ], [ -81.682786613887671, 52.261291246012128 ], [ -81.682789375439356, 52.261471044386482 ], [ -81.68425447552724, 52.261462562753636 ] ] ] } },
{ "type": "Feature", "properties": { }, "geometry": { "type": "Polygon", "coordinates": [ [ [ -81.81061657063168, 52.248614962999262 ], [ -81.810613293629714, 52.24843516946396 ], [ -81.809734516445019, 52.248441200290998 ], [ -81.809737789895365, 52.248620993865146 ], [ -81.81061657063168, 52.248614962999262 ] ] ] } },
{ "type": "Feature", "properties": { }, "geometry": { "type": "Polygon", "coordinates": [ [ [ -81.76013124739103, 52.243016909208393 ], [ -81.760128175088084, 52.242837113327838 ], [ -81.759542390312575, 52.242840883803183 ], [ -81.759545460248432, 52.243020679708025 ], [ -81.76013124739103, 52.243016909208393 ] ] ] } },
{ "type": "Feature", "properties": { }, "geometry": { "type": "Polygon", "coordinates": [ [ [ -81.794361039989752, 52.240633743208157 ], [ -81.794357829620665, 52.240453948713181 ], [ -81.794064955313488, 52.240455919173854 ], [ -81.794351408983772, 52.240094359706276 ], [ -81.793179921019231, 52.240102237088315 ], [ -81.793186332189578, 52.240461826196686 ], [ -81.793479206597937, 52.240459857915603 ], [ -81.793482413416996, 52.24063965244865 ], [ -81.794361039989752, 52.240633743208157 ] ] ] } },
{ "type": "Feature", "properties": { }, "geometry": { "type": "Polygon", "coordinates": [ [ [ -81.759024099371999, 52.246800160510595 ], [ -81.758999554306001, 52.245361793866735 ], [ -81.758706645234568, 52.245363676731067 ], [ -81.758700511658049, 52.245004084989496 ], [ -81.758993418362081, 52.245002202149422 ], [ -81.758984214688127, 52.244462814531175 ], [ -81.758691311535088, 52.244464697334855 ], [ -81.758679045155873, 52.243745513716448 ], [ -81.758386146705092, 52.24374739574499 ], [ -81.758376950809946, 52.243208007935635 ], [ -81.758669845709974, 52.243206125943466 ], [ -81.758666779292497, 52.243026330007851 ], [ -81.758959672976729, 52.243024447301195 ], [ -81.759246429156306, 52.242662972028334 ], [ -81.758660646554233, 52.242666738119759 ], [ -81.758657580233461, 52.24248694216724 ], [ -81.75836469006758, 52.242488824110929 ], [ -81.758361624962561, 52.242309028140674 ], [ -81.758068735947944, 52.242310909345633 ], [ -81.758065672058649, 52.242131113357615 ], [ -81.757772784195325, 52.242132993823866 ], [ -81.757769721521711, 52.241953197818098 ], [ -81.75747683480968, 52.241955077545654 ], [ -81.757473773351734, 52.241775281522152 ], [ -81.75718088779098, 52.241777160511013 ], [ -81.757177827548674, 52.241597364469762 ], [ -81.756884943139212, 52.241599242719957 ], [ -81.756881884112531, 52.241419446660963 ], [ -81.756589000854348, 52.241421324172478 ], [ -81.756585943043262, 52.241241528095777 ], [ -81.756293060936372, 52.241243404868626 ], [ -81.756290004340855, 52.241063608774191 ], [ -81.755997123385242, 52.241065484808381 ], [ -81.755994068005279, 52.240885688696238 ], [ -81.755701188200959, 52.240887563991777 ], [ -81.755698134036507, 52.24070776786192 ], [ -81.755405255383479, 52.240709642418835 ], [ -81.755402202434524, 52.240529846271258 ], [ -81.755109324932789, 52.24053172008955 ], [ -81.755106273199289, 52.24035192392428 ], [ -81.754813396848846, 52.240353797003955 ], [ -81.7548103463308, 52.240174000820964 ], [ -81.754517471131663, 52.240175873162038 ], [ -81.754514421829029, 52.239996076961368 ], [ -81.754221547781171, 52.239997948563833 ], [ -81.754218499693948, 52.239818152345471 ], [ -81.753925626797383, 52.239820023209347 ], [ -81.753626662523743, 52.239462300844885 ], [ -81.753040921303793, 52.23946603889182 ], [ -81.753037878045902, 52.239286242608372 ], [ -81.752745008571225, 52.239288110530026 ], [ -81.753050051269426, 52.240005427708333 ], [ -81.753638845341911, 52.240181485825993 ], [ -81.753651028672408, 52.24090067071694 ], [ -81.754239836977504, 52.241076725755683 ], [ -81.754248982008306, 52.241616114275544 ], [ -81.754541866706759, 52.24161424256458 ], [ -81.754544916297917, 52.241794038714552 ], [ -81.754837802147776, 52.241792166264943 ], [ -81.754840852954473, 52.241971962397201 ], [ -81.755133739955738, 52.241970089208941 ], [ -81.755136791977989, 52.242149885323506 ], [ -81.755429680130646, 52.242148011396587 ], [ -81.755432733368494, 52.242327807493453 ], [ -81.755725622672557, 52.242325932827846 ], [ -81.755728677126001, 52.242505728907012 ], [ -81.756317514857415, 52.242681773421232 ], [ -81.756323628659047, 52.243041365503018 ], [ -81.756912475826638, 52.243217406997189 ], [ -81.75692165396805, 52.243756794988172 ], [ -81.757214552579825, 52.243754916592806 ], [ -81.757220673868829, 52.244114508534409 ], [ -81.757513574815675, 52.244112629388205 ], [ -81.757522760541448, 52.244652017222045 ], [ -81.757815665007044, 52.24465013731286 ], [ -81.757821791352541, 52.245009729149693 ], [ -81.758114698153264, 52.245007848489621 ], [ -81.75812389146418, 52.245547236166267 ], [ -81.75841680178381, 52.245545354743172 ], [ -81.758432130531858, 52.24644433403094 ], [ -81.758725046738022, 52.246442451820556 ], [ -81.75873118083048, 52.246802043471952 ], [ -81.759024099371999, 52.246800160510595 ] ] ] } },
{ "type": "Feature", "properties": { }, "geometry": { "type": "Polygon", "coordinates": [ [ [ -81.752153190205874, 52.23893225153784 ], [ -81.752150150593764, 52.238752455201421 ], [ -81.751857284573035, 52.238754320907461 ], [ -81.751848169478137, 52.238214931828345 ], [ -81.752141031949151, 52.238213066158352 ], [ -81.75242781308512, 52.237851607062375 ], [ -81.751549232771396, 52.237857204000235 ], [ -81.751262444440329, 52.238218660988842 ], [ -81.750676719274836, 52.238222387243368 ], [ -81.750679752874944, 52.238402183656724 ], [ -81.750972616656867, 52.238400320880707 ], [ -81.750975651472089, 52.238580117276435 ], [ -81.751268516405361, 52.238578253761922 ], [ -81.751567455765937, 52.238935982247455 ], [ -81.752153190205874, 52.23893225153784 ] ] ] } },
{ "type": "Feature", "properties": { }, "geometry": { "type": "Polygon", "coordinates": [ [ [ -81.789019124236191, 52.236713615364494 ], [ -81.789012747606805, 52.236354025664973 ], [ -81.78871989990779, 52.236355982758106 ], [ -81.78872627417104, 52.236715572482836 ], [ -81.789019124236191, 52.236713615364494 ] ] ] } },
{ "type": "Feature", "properties": { }, "geometry": { "type": "Polygon", "coordinates": [ [ [ -81.792307708762365, 52.240467726680727 ], [ -81.792594176834726, 52.240106171420187 ], [ -81.79171556030542, 52.240112067469077 ], [ -81.79141629122573, 52.239754442082756 ], [ -81.790830551370604, 52.239758367645777 ], [ -81.790827355369629, 52.239578572970579 ], [ -81.790238424145826, 52.239402700896164 ], [ -81.790232037044831, 52.239043111466984 ], [ -81.789939171732769, 52.239045071655198 ], [ -81.789929594882736, 52.238505687431193 ], [ -81.790512123791345, 52.238321971676676 ], [ -81.790505734726864, 52.237962382204991 ], [ -81.790798592872562, 52.237960420639602 ], [ -81.791078663793584, 52.237239279437709 ], [ -81.791371517139524, 52.237237316469944 ], [ -81.791368319242665, 52.237057521740965 ], [ -81.791661171371885, 52.237055558059417 ], [ -81.791657972325552, 52.236875763337437 ], [ -81.791950823238054, 52.236873798942085 ], [ -81.791947623042276, 52.236694004227111 ], [ -81.792240472738044, 52.236692039117969 ], [ -81.792237271392835, 52.236512244410008 ], [ -81.792530119871898, 52.236510278587112 ], [ -81.792526917377273, 52.236330483886157 ], [ -81.792819764639617, 52.236328517349484 ], [ -81.792816560995618, 52.236148722655564 ], [ -81.793109407041243, 52.236146755405137 ], [ -81.793106202247884, 52.23596696071823 ], [ -81.79339904707679, 52.23596499275407 ], [ -81.793395841134114, 52.235785198074169 ], [ -81.793688684746314, 52.235783229396276 ], [ -81.793975111808535, 52.235421670665993 ], [ -81.794560794132337, 52.235417729728916 ], [ -81.794557583558841, 52.235237935082829 ], [ -81.794850423487148, 52.235235963537392 ], [ -81.794844000075486, 52.23487637425368 ], [ -81.794551162513102, 52.23487834577373 ], [ -81.794554373019096, 52.235058140431093 ], [ -81.793968695427196, 52.235062081317423 ], [ -81.793971903601005, 52.235241875994525 ], [ -81.793679063571503, 52.235243845360777 ], [ -81.793392635225132, 52.235605403388647 ], [ -81.7925141077354, 52.23561130502587 ], [ -81.792517310095391, 52.235791099749406 ], [ -81.792224466348458, 52.235793065521662 ], [ -81.792227667559075, 52.235972860252225 ], [ -81.791641977598246, 52.235976789642827 ], [ -81.791355527991357, 52.236338342768569 ], [ -81.790187331097783, 52.236525984830294 ], [ -81.790190524161517, 52.236705779626753 ], [ -81.789897674230502, 52.236707739650846 ], [ -81.789910442088726, 52.237426918830742 ], [ -81.789617587391746, 52.237428878178875 ], [ -81.789620778257046, 52.237608672972357 ], [ -81.789327922343404, 52.237610631606643 ], [ -81.789334301808339, 52.237970221201891 ], [ -81.788751772564268, 52.238153931155892 ], [ -81.788761335014598, 52.23869331556515 ], [ -81.789054198094377, 52.238691358308131 ], [ -81.789060575595258, 52.239050947860846 ], [ -81.789353441007961, 52.239048989852122 ], [ -81.789356630991932, 52.239228784607405 ], [ -81.789649497554365, 52.239226825859575 ], [ -81.789652688755126, 52.239406620596576 ], [ -81.789945556467245, 52.239404661109624 ], [ -81.789948748884825, 52.239584455828371 ], [ -81.790241617746688, 52.239582495602278 ], [ -81.7902448113811, 52.239762290302757 ], [ -81.790537681392649, 52.239760329337528 ], [ -81.790540876243952, 52.239940124019725 ], [ -81.791129815784345, 52.240115994535735 ], [ -81.791136210388188, 52.240475583821329 ], [ -81.792307708762365, 52.240467726680727 ] ] ] } },
{ "type": "Feature", "properties": { }, "geometry": { "type": "Polygon", "coordinates": [ [ [ -81.75474934270396, 52.23657807597813 ], [ -81.754740193266116, 52.236038687057302 ], [ -81.755322837025773, 52.235855144456501 ], [ -81.755603470861956, 52.235134085041153 ], [ -81.756186099210126, 52.234950538210583 ], [ -81.756179988300062, 52.234590945621612 ], [ -81.75647282662861, 52.234589069295978 ], [ -81.756466713481103, 52.234229476708641 ], [ -81.756759549411626, 52.234227599680793 ], [ -81.756753434026791, 52.233868007095104 ], [ -81.757046267559289, 52.233866129365047 ], [ -81.757332981071741, 52.233504658348764 ], [ -81.756747318770493, 52.233508414486863 ], [ -81.75675037638257, 52.233688210793794 ], [ -81.755871879140983, 52.233693839589428 ], [ -81.755884095715501, 52.234413024905848 ], [ -81.755591258505689, 52.234414899766612 ], [ -81.75560041772475, 52.234954288730975 ], [ -81.755307576933916, 52.234956162901575 ], [ -81.755310628888125, 52.235135959223811 ], [ -81.755017786882206, 52.235137832680067 ], [ -81.755023888520824, 52.235497425331808 ], [ -81.754731044116809, 52.235499298085763 ], [ -81.754734093801176, 52.235679094415246 ], [ -81.754441248182061, 52.235680966454844 ], [ -81.754444296715434, 52.235860762790757 ], [ -81.754151449881221, 52.235862634115982 ], [ -81.754154497263585, 52.236042430458291 ], [ -81.753571846181174, 52.236225967314333 ], [ -81.753574891261422, 52.236405763669474 ], [ -81.754453442507881, 52.236400151764656 ], [ -81.754456491169449, 52.23657994807801 ], [ -81.75474934270396, 52.23657807597813 ] ] ] } },
{ "type": "Feature", "properties": { }, "geometry": { "type": "Polygon", "coordinates": [ [ [ -81.757918643244324, 52.233500899305199 ], [ -81.75791558093286, 52.233321103041028 ], [ -81.757329921126043, 52.233324862060378 ], [ -81.757332981071741, 52.233504658348764 ], [ -81.757918643244324, 52.233500899305199 ] ] ] } },
{ "type": "Feature", "properties": { }, "geometry": { "type": "Polygon", "coordinates": [ [ [ -81.636380846574426, 52.233499447310471 ], [ -81.636668540293442, 52.233138266392942 ], [ -81.636082867804987, 52.233141423852523 ], [ -81.636085437864324, 52.233321224777747 ], [ -81.634914087831305, 52.233327531020599 ], [ -81.634916653185641, 52.233507331980853 ], [ -81.636380846574426, 52.233499447310471 ] ] ] } },
{ "type": "Feature", "properties": { }, "geometry": { "type": "Polygon", "coordinates": [ [ [ -81.657404064510601, 52.229248489216488 ], [ -81.657401408707869, 52.229068688922368 ], [ -81.656815792164352, 52.229071949069279 ], [ -81.656818445601701, 52.229251749384389 ], [ -81.657404064510601, 52.229248489216488 ] ] ] } },
{ "type": "Feature", "properties": { }, "geometry": { "type": "Polygon", "coordinates": [ [ [ -81.671960350907653, 52.223592245567914 ], [ -81.671954922831205, 52.22323264568832 ], [ -81.671662153823377, 52.223234312096004 ], [ -81.671667579535267, 52.223593911997071 ], [ -81.671960350907653, 52.223592245567914 ] ] ] } },
{ "type": "Feature", "properties": { }, "geometry": { "type": "Polygon", "coordinates": [ [ [ -81.653518338851768, 52.223875613031531 ], [ -81.653515699256516, 52.223695812433149 ], [ -81.653808472373143, 52.223694191025402 ], [ -81.653805831623316, 52.223514390431852 ], [ -81.654388732322005, 52.223331344880549 ], [ -81.654383446231989, 52.222971743707213 ], [ -81.653505141152891, 52.22297660998354 ], [ -81.653502501696337, 52.222796809357135 ], [ -81.652916967202742, 52.222800049889798 ], [ -81.652914330138429, 52.222620249236904 ], [ -81.651743265547779, 52.222626721546931 ], [ -81.651745897883075, 52.222806522241491 ], [ -81.652334067325782, 52.222983088186041 ], [ -81.652339336863847, 52.223342689505493 ], [ -81.65263210772676, 52.223341071023228 ], [ -81.652634743719631, 52.223520871664128 ], [ -81.652927515737133, 52.223519252445286 ], [ -81.65293015294003, 52.223699053070163 ], [ -81.653518338851768, 52.223875613031531 ] ] ] } },
{ "type": "Feature", "properties": { }, "geometry": { "type": "Polygon", "coordinates": [ [ [ -81.672247691810512, 52.223230978554497 ], [ -81.672244976632811, 52.22305117861702 ], [ -81.672537744401325, 52.223049510767801 ], [ -81.672529595492705, 52.222510110953934 ], [ -81.672236831270908, 52.222511778770929 ], [ -81.672242261483646, 52.222871378673929 ], [ -81.671949494868841, 52.222873045786287 ], [ -81.671954922831205, 52.22323264568832 ], [ -81.672247691810512, 52.223230978554497 ] ] ] } },
{ "type": "Feature", "properties": { }, "geometry": { "type": "Polygon", "coordinates": [ [ [ -81.651743265547779, 52.222626721546931 ], [ -81.651740633240138, 52.222446920846757 ], [ -81.651155103143267, 52.222450152624184 ], [ -81.651157733086407, 52.222629953345162 ], [ -81.651743265547779, 52.222626721546931 ] ] ] } },
{ "type": "Feature", "properties": { }, "geometry": { "type": "Polygon", "coordinates": [ [ [ -81.673109686658805, 52.222147173280618 ], [ -81.673397008988587, 52.221785903444875 ], [ -81.673982527717513, 52.221782561361927 ], [ -81.673985249788529, 52.221962361274159 ], [ -81.67457077076736, 52.221959016265266 ], [ -81.674568046331999, 52.221779216374571 ], [ -81.674275287039066, 52.221780889231304 ], [ -81.674272563814498, 52.221601089324231 ], [ -81.673101531085322, 52.221607773447097 ], [ -81.673104249581243, 52.221787573397215 ], [ -81.672811490145335, 52.221789242623444 ], [ -81.672816924858537, 52.222148842528355 ], [ -81.673109686658805, 52.222147173280618 ] ] ] } },
{ "type": "Feature", "properties": { }, "geometry": { "type": "Polygon", "coordinates": [ [ [ -81.750383856644248, 52.238224249280883 ], [ -81.750380824259281, 52.238044452849905 ], [ -81.749502239725956, 52.238050034567557 ], [ -81.74949921092248, 52.237870238094985 ], [ -81.748910463702217, 52.237694159081556 ], [ -81.748898358399344, 52.236974973016629 ], [ -81.748605503859977, 52.236976830611439 ], [ -81.74860247879694, 52.23679703406917 ], [ -81.748309625408908, 52.236798890925549 ], [ -81.748306601560785, 52.236619094365665 ], [ -81.748013749324087, 52.236620950483633 ], [ -81.74801072669085, 52.236441153906178 ], [ -81.747717875605488, 52.236443009285743 ], [ -81.747714854187137, 52.236263212690709 ], [ -81.747422004253124, 52.236265067331885 ], [ -81.747418984049617, 52.236085270719258 ], [ -81.746830268646917, 52.235909181156259 ], [ -81.74682423313088, 52.235549587855111 ], [ -81.746531387833926, 52.235551440269226 ], [ -81.746528371306525, 52.23537164359827 ], [ -81.746235527160906, 52.23537349527404 ], [ -81.746232511848248, 52.235193698585526 ], [ -81.745643812913045, 52.235017603015969 ], [ -81.745616698103831, 52.233399432300679 ], [ -81.745028025383633, 52.233223333507119 ], [ -81.745022005013652, 52.232863739893986 ], [ -81.744729177270955, 52.232865587771002 ], [ -81.744726168316276, 52.232685790944089 ], [ -81.7444333417248, 52.232687638082858 ], [ -81.744427326276011, 52.232328044388332 ], [ -81.743838672418235, 52.23215193955977 ], [ -81.743826651488803, 52.231432751985508 ], [ -81.743533833082154, 52.231434596862044 ], [ -81.743530829111535, 52.231254799942512 ], [ -81.74294519456906, 52.231258487492859 ], [ -81.742942192995486, 52.23107869054396 ], [ -81.742356560692315, 52.231082375165315 ], [ -81.742353561515756, 52.230902578187042 ], [ -81.742060746499618, 52.230904419396403 ], [ -81.742057748537306, 52.230724622400643 ], [ -81.741764934672375, 52.230726462871836 ], [ -81.741761937924281, 52.230546665858583 ], [ -81.741469125210557, 52.230548505591635 ], [ -81.741466129676681, 52.23036870856091 ], [ -81.741173318114164, 52.230370547555808 ], [ -81.741170323794464, 52.230190750507617 ], [ -81.740581711017512, 52.230014629217365 ], [ -81.740578719126091, 52.22983483213423 ], [ -81.74087152720351, 52.229832994627415 ], [ -81.74115834683036, 52.22947156225851 ], [ -81.742329569238237, 52.229464202158169 ], [ -81.742326570345398, 52.229284405129228 ], [ -81.744083395915609, 52.229273343261887 ], [ -81.744086401904184, 52.229453140219597 ], [ -81.744964817810768, 52.22944759944567 ], [ -81.744967827378829, 52.229627396362062 ], [ -81.746142067205497, 52.229799795311223 ], [ -81.745843233432666, 52.229442052135347 ], [ -81.746136038576651, 52.229440201579379 ], [ -81.746422812821606, 52.229078756566594 ], [ -81.745544404485358, 52.229084308163017 ], [ -81.745541392646999, 52.228904511253553 ], [ -81.743784582215667, 52.228915594766029 ], [ -81.743781577504464, 52.228735797779535 ], [ -81.741146370369805, 52.22875237391932 ], [ -81.741149364437732, 52.228932171012566 ], [ -81.740566751874795, 52.229115643745388 ], [ -81.740267967424671, 52.228757886226731 ], [ -81.737339955566412, 52.228776213378374 ], [ -81.737336976903464, 52.228596416125967 ], [ -81.735872975712397, 52.228605552408446 ], [ -81.735870002993593, 52.228425755091557 ], [ -81.734698806208556, 52.228433050998063 ], [ -81.734695838251241, 52.228253253628566 ], [ -81.733524645697301, 52.228260537868209 ], [ -81.733527608924376, 52.228440335284624 ], [ -81.732649210634179, 52.228445790873963 ], [ -81.732652170344693, 52.228625588319886 ], [ -81.731480967458666, 52.228632852318327 ], [ -81.731478012478462, 52.228453054825614 ], [ -81.730892413214193, 52.228456682443955 ], [ -81.730889460630195, 52.228276884922259 ], [ -81.72883987050632, 52.228289558628006 ], [ -81.728836926231239, 52.228109761019056 ], [ -81.728251331139404, 52.228113375518362 ], [ -81.728254273049387, 52.22829317315059 ], [ -81.727375876632067, 52.228298589487615 ], [ -81.727372938269767, 52.228118791820506 ], [ -81.726494545122179, 52.228124201586496 ], [ -81.726491610338385, 52.227944403878901 ], [ -81.725613220460829, 52.227949807073912 ], [ -81.725616151696983, 52.228129604816303 ], [ -81.72385936401507, 52.228140391667388 ], [ -81.723856439874226, 52.227960593855542 ], [ -81.716829306490297, 52.228003479535793 ], [ -81.716826410761229, 52.227823681442132 ], [ -81.715948021399711, 52.227829012705044 ], [ -81.715945129248695, 52.227649214571407 ], [ -81.712724378926282, 52.227668706489524 ], [ -81.712721499813455, 52.227488908224728 ], [ -81.71067193779669, 52.227501266340205 ], [ -81.710669066991755, 52.227321467990194 ], [ -81.709790686364997, 52.227326753397875 ], [ -81.709787819137759, 52.227146955008195 ], [ -81.708616649276948, 52.227153992005931 ], [ -81.708613786809849, 52.226974193565326 ], [ -81.708028204063865, 52.226977707684206 ], [ -81.707729694896699, 52.22661986668836 ], [ -81.706851327557089, 52.226625130173588 ], [ -81.706848472275013, 52.226445331648279 ], [ -81.706262896263468, 52.226448836984801 ], [ -81.706260043376304, 52.226269038431276 ], [ -81.705086047595884, 52.226096241740521 ], [ -81.704787567990024, 52.22573839314429 ], [ -81.704202001018615, 52.225741888223865 ], [ -81.704199156528205, 52.225562089569024 ], [ -81.703613591802025, 52.225565581721348 ], [ -81.7036107497063, 52.225385783038391 ], [ -81.702439624625143, 52.225392758583915 ], [ -81.702141171002211, 52.225034903159774 ], [ -81.701262833883078, 52.225040124948222 ], [ -81.701260001335825, 52.22486032615862 ], [ -81.700674445472245, 52.224863803697659 ], [ -81.700671615319479, 52.224684004880054 ], [ -81.699793284848084, 52.224689215708786 ], [ -81.699790458272062, 52.224509416852008 ], [ -81.69861935529039, 52.224516354412685 ], [ -81.69861653347337, 52.224336555505595 ], [ -81.698030984169208, 52.224340019906663 ], [ -81.698028164746475, 52.224160220971655 ], [ -81.697149844114946, 52.224165412093662 ], [ -81.697147028268759, 52.223985613119595 ], [ -81.694804848075236, 52.223999424072012 ], [ -81.694802041716983, 52.223819625003387 ], [ -81.694216498738001, 52.223823070457826 ], [ -81.694213694773794, 52.223643271361404 ], [ -81.693042613191423, 52.223650153512224 ], [ -81.6930454124265, 52.223829952652977 ], [ -81.692459869094179, 52.223833389393697 ], [ -81.692462665994057, 52.22401318855097 ], [ -81.69070602819825, 52.224023481411926 ], [ -81.69070323839216, 52.22384368218836 ], [ -81.689824922645158, 52.223848818782734 ], [ -81.689822136415245, 52.223669019520479 ], [ -81.689233810965973, 52.223492640974058 ], [ -81.689231027159153, 52.223312841678542 ], [ -81.689523795615841, 52.223311131691894 ], [ -81.689518225725493, 52.222951533106041 ], [ -81.689225459633292, 52.222953243070663 ], [ -81.689228243381606, 52.22313304237742 ], [ -81.68834994138281, 52.223138167947553 ], [ -81.688347161181227, 52.222958368607799 ], [ -81.687176096169452, 52.222965192491571 ], [ -81.687178871642061, 52.223144991875273 ], [ -81.686886104133933, 52.223146696041887 ], [ -81.686888878453459, 52.223326495430946 ], [ -81.686306112969348, 52.2235097010131 ], [ -81.686314429096612, 52.224049099195582 ], [ -81.686021655589613, 52.224050801238604 ], [ -81.685734421554727, 52.224412101359576 ], [ -81.684856093677851, 52.224417201018973 ], [ -81.684858859925086, 52.224597000445449 ], [ -81.68456608272561, 52.224598698890524 ], [ -81.684563317660732, 52.224418899453113 ], [ -81.683684989435065, 52.224423990398556 ], [ -81.683687750952913, 52.224603789868759 ], [ -81.682809418918978, 52.224608874311464 ], [ -81.682806660948174, 52.224429074808533 ], [ -81.680171673923638, 52.224444288825566 ], [ -81.680174421253298, 52.224624088426488 ], [ -81.67841775484294, 52.224634198492183 ], [ -81.678420495107261, 52.224813998152612 ], [ -81.676956599728001, 52.224822403291782 ], [ -81.676959334109242, 52.225002203000727 ], [ -81.676080992989569, 52.225007237402529 ], [ -81.675793671948412, 52.22536851357161 ], [ -81.673451408553092, 52.225381901054064 ], [ -81.67345412883148, 52.22556170087563 ], [ -81.672282991717566, 52.225568377231241 ], [ -81.672280276168863, 52.225388577366679 ], [ -81.671691996650125, 52.225212111274203 ], [ -81.671667579535267, 52.223593911997071 ], [ -81.671374808134345, 52.223595577700067 ], [ -81.671377519850751, 52.22377537765292 ], [ -81.67108474723905, 52.223777042640492 ], [ -81.671090168392737, 52.224136642550803 ], [ -81.670797393387886, 52.224138306833659 ], [ -81.670805521785013, 52.224677706689221 ], [ -81.67051274320464, 52.224679370278061 ], [ -81.670515451544929, 52.224859170229415 ], [ -81.670222671753706, 52.224860833102788 ], [ -81.67022537894006, 52.225040633059237 ], [ -81.669932597938001, 52.225042295217136 ], [ -81.669645226635936, 52.225403556587729 ], [ -81.669059659760023, 52.225406877315386 ], [ -81.668772279026996, 52.225768136570508 ], [ -81.664087701647091, 52.225794586541078 ], [ -81.664090384144117, 52.225974386693309 ], [ -81.663504809098185, 52.225977679889141 ], [ -81.663507489258464, 52.226157480056969 ], [ -81.662629122930895, 52.226162414435876 ], [ -81.662631799571884, 52.226342214629881 ], [ -81.66146063934471, 52.226348783677025 ], [ -81.661463311283825, 52.226528583907744 ], [ -81.659999354455579, 52.226536778929443 ], [ -81.659996688428961, 52.226356978645946 ], [ -81.659703898161709, 52.226358615461066 ], [ -81.659405780627253, 52.226000650924007 ], [ -81.659112992668952, 52.226002286265611 ], [ -81.65911565509208, 52.226182086591926 ], [ -81.658237287501919, 52.226186988291012 ], [ -81.658234628626218, 52.226007187933128 ], [ -81.656770687996271, 52.226015342854687 ], [ -81.656472596308632, 52.225657370801763 ], [ -81.655301452651017, 52.225663878678432 ], [ -81.655298805683628, 52.225484078198811 ], [ -81.653834881397984, 52.225492196652702 ], [ -81.653832240370591, 52.225312396115186 ], [ -81.652953889013332, 52.225317258441777 ], [ -81.652951251560978, 52.225137457867341 ], [ -81.651191924862758, 52.224967362208069 ], [ -81.651189294560254, 52.224787561559936 ], [ -81.650896514100225, 52.22478917649466 ], [ -81.650598477820054, 52.224431189348515 ], [ -81.650012921491438, 52.224434415545481 ], [ -81.649725391983935, 52.224795628971705 ], [ -81.649139830760248, 52.224798850853112 ], [ -81.649137208762156, 52.224619050126648 ], [ -81.648258870267142, 52.224623877471252 ], [ -81.648256251843733, 52.22444407670811 ], [ -81.647963473472728, 52.224445684360255 ], [ -81.647960856259203, 52.224265883581161 ], [ -81.647668079043072, 52.224267490496779 ], [ -81.647665463039417, 52.224087689701733 ], [ -81.64737268697813, 52.22408929588083 ], [ -81.647370072184316, 52.223909495069833 ], [ -81.647077297277917, 52.223911100512424 ], [ -81.647074683693916, 52.22373129968549 ], [ -81.646486524971479, 52.223554707518304 ], [ -81.646483913807046, 52.223374906659508 ], [ -81.646776685221411, 52.223373302700232 ], [ -81.647064229632605, 52.223012096321703 ], [ -81.647356998627487, 52.223010490930804 ], [ -81.647359613283896, 52.223190291769818 ], [ -81.648237923650413, 52.223185471209227 ], [ -81.648235305447159, 52.223005670401264 ], [ -81.648528074332035, 52.223004062105801 ], [ -81.648530693717575, 52.223183862903404 ], [ -81.649116233769291, 52.223180644113334 ], [ -81.649118855546959, 52.223360444884612 ], [ -81.650289940048822, 52.223353998549207 ], [ -81.65028731354198, 52.223174197819439 ], [ -81.64999454364019, 52.223175810482132 ], [ -81.649989293073872, 52.222816208985044 ], [ -81.650572200514489, 52.22263318223888 ], [ -81.65027418142185, 52.222275194086613 ], [ -81.64939588936754, 52.222280029740524 ], [ -81.649393266572972, 52.222100228945997 ], [ -81.64880774076336, 52.222103449063937 ], [ -81.648805120360763, 52.221923648243063 ], [ -81.647048549364641, 52.221933291107945 ], [ -81.647045936082776, 52.221753490219385 ], [ -81.646460414561957, 52.221756698678114 ], [ -81.646457803671922, 52.221576897763278 ], [ -81.644701245544411, 52.221586505650947 ], [ -81.644706453165583, 52.221946107598754 ], [ -81.644413691017448, 52.221947706392598 ], [ -81.644416293686859, 52.222127507368405 ], [ -81.643830766944092, 52.22213070279831 ], [ -81.643828166639082, 52.221950901801925 ], [ -81.643240044238155, 52.221774293284263 ], [ -81.643237446352202, 52.221594492256109 ], [ -81.643530206245288, 52.221592896387293 ], [ -81.643817765692376, 52.221231697760388 ], [ -81.642353977912151, 52.22123967337123 ], [ -81.642351383654557, 52.221059872295477 ], [ -81.640009331246361, 52.221072595433824 ], [ -81.640006746473176, 52.220892794270533 ], [ -81.63795745746468, 52.220903888825205 ], [ -81.63795488099359, 52.220724087584856 ], [ -81.637369371968703, 52.220727250902435 ], [ -81.63736679788893, 52.220547449636115 ], [ -81.634146509323855, 52.220564795855921 ], [ -81.634143948274385, 52.220384994472312 ], [ -81.633265690737076, 52.220389709981418 ], [ -81.633263133260826, 52.220209908561827 ], [ -81.632675075380575, 52.220033247138538 ], [ -81.632667410286118, 52.219493842768706 ], [ -81.632081916840235, 52.219496979805719 ], [ -81.632084469480759, 52.219676781288136 ], [ -81.631206225564597, 52.219681481428516 ], [ -81.631203676470236, 52.219501679915837 ], [ -81.630910929626651, 52.219503245167097 ], [ -81.630908381741122, 52.219323443638729 ], [ -81.631201127402676, 52.219321878397551 ], [ -81.631196029347919, 52.218962275344204 ], [ -81.630903286050412, 52.218963840565216 ], [ -81.630615636052809, 52.219325008153866 ], [ -81.630030144595892, 52.219328135005959 ], [ -81.630032688935273, 52.219507936564533 ], [ -81.628276206830904, 52.21951729975585 ], [ -81.628278744104676, 52.219697101369128 ], [ -81.62711028334553, 52.219883130663412 ], [ -81.62711534856966, 52.2202427339422 ], [ -81.627408100488694, 52.220241178089609 ], [ -81.627410634322786, 52.220420979710582 ], [ -81.627998676670146, 52.220597667402437 ], [ -81.62771099260577, 52.220958827921159 ], [ -81.627125479337295, 52.220961940432595 ], [ -81.627122946605454, 52.220782138818393 ], [ -81.626830191113442, 52.220783693974944 ], [ -81.626827659590361, 52.220603892345132 ], [ -81.626534905253877, 52.220605446765582 ], [ -81.626532374939529, 52.220425645120159 ], [ -81.625944340627498, 52.220248950091786 ], [ -81.62594686855104, 52.22042875176281 ], [ -81.623607360428494, 52.220620951035343 ], [ -81.623609878948045, 52.220800752775034 ], [ -81.623024367300687, 52.220803844935837 ], [ -81.623026883482396, 52.220983646689831 ], [ -81.621855855141817, 52.220989822338105 ], [ -81.621858366621311, 52.221169624126276 ], [ -81.620980091542194, 52.22117424826822 ], [ -81.620982599501531, 52.221354050080585 ], [ -81.620397080285954, 52.221357129231201 ], [ -81.620399585907265, 52.221536931057798 ], [ -81.619521303339837, 52.221541544367604 ], [ -81.619233544295341, 52.221902684400938 ], [ -81.618355254319155, 52.221907289056695 ], [ -81.618067483452364, 52.222268426261998 ], [ -81.617481951888905, 52.222271490989101 ], [ -81.617484445819287, 52.222451292886596 ], [ -81.616315866876405, 52.222637215597963 ], [ -81.616028074755008, 52.222998347853007 ], [ -81.615442533366803, 52.223001402492933 ], [ -81.615445019125843, 52.22318120443699 ], [ -81.614859475268503, 52.223184256191956 ], [ -81.614571667803176, 52.223545384910501 ], [ -81.613986119059931, 52.223548432347762 ], [ -81.613988598985614, 52.223728234324142 ], [ -81.613695823392533, 52.223729756963323 ], [ -81.613698302161907, 52.223909558943916 ], [ -81.61340552536042, 52.223911080866735 ], [ -81.613408002973472, 52.224090882851534 ], [ -81.613115224963579, 52.224092404057963 ], [ -81.613117701420265, 52.224272206046976 ], [ -81.612824922201938, 52.224273726537014 ], [ -81.612827397502272, 52.224453528530226 ], [ -81.612244309584298, 52.224636369358514 ], [ -81.612249255585283, 52.224995973356101 ], [ -81.611956471559267, 52.224997491706702 ], [ -81.611958943416298, 52.225177293706878 ], [ -81.611666158181848, 52.225178811341053 ], [ -81.611668628882398, 52.225358613345414 ], [ -81.6113758424395, 52.225360130263141 ], [ -81.611378311983543, 52.225539932271687 ], [ -81.611085524332196, 52.225541448472946 ], [ -81.611087992719703, 52.225721250485677 ], [ -81.610795203859936, 52.225722765970481 ], [ -81.610797671090879, 52.225902567987383 ], [ -81.610504881022692, 52.225904082755726 ], [ -81.610507347097027, 52.226083884776756 ], [ -81.610214555820392, 52.226085398828623 ], [ -81.610217020738133, 52.226265200853831 ], [ -81.609924228253078, 52.226266714189201 ], [ -81.60992669201417, 52.226446516218573 ], [ -81.609633898320666, 52.226448028837446 ], [ -81.609636360925109, 52.226627830870953 ], [ -81.609343566023156, 52.226629342773329 ], [ -81.60934602747092, 52.226809144810986 ], [ -81.608762894332742, 52.22699196850796 ], [ -81.608767812627221, 52.227351572594237 ], [ -81.609060612311254, 52.227350062105472 ], [ -81.608772731025098, 52.227711176658154 ], [ -81.608479928949961, 52.227712686440114 ], [ -81.608477470920732, 52.227532884401228 ], [ -81.607891869058236, 52.227535901766878 ], [ -81.60789432472221, 52.227715703825197 ], [ -81.60760152256961, 52.22771721142832 ], [ -81.607603977076735, 52.227897013490761 ], [ -81.607018370328859, 52.227900026537576 ], [ -81.606730468911906, 52.22826113613786 ], [ -81.606144857278764, 52.228264144865733 ], [ -81.606147305949861, 52.228443946959878 ], [ -81.604976077644096, 52.228449955738789 ], [ -81.604688156095776, 52.228811060386022 ], [ -81.603516917814702, 52.22881705471616 ], [ -81.603519355918507, 52.228996856880499 ], [ -81.602348112496514, 52.229002839628237 ], [ -81.602350545894993, 52.229182641825524 ], [ -81.601179297332791, 52.229188612990683 ], [ -81.601181726025843, 52.229368415220847 ], [ -81.599717658835047, 52.22937586288306 ], [ -81.599715236055758, 52.229196060604934 ], [ -81.599129611366592, 52.229199034566406 ], [ -81.599132031780371, 52.229378836863681 ], [ -81.598253591007577, 52.229383292387162 ], [ -81.598251174142078, 52.229203490061188 ], [ -81.597665549198695, 52.229206456759449 ], [ -81.597667963698683, 52.229386259104523 ], [ -81.596789522545023, 52.229390703733124 ], [ -81.596787111593301, 52.229210901359416 ], [ -81.594151797410049, 52.229224195937924 ], [ -81.594154197716918, 52.22940399839726 ], [ -81.593568569699485, 52.22940694477748 ], [ -81.593566171758141, 52.229227142299159 ], [ -81.592687733091282, 52.229231556393579 ], [ -81.592690127484346, 52.229411358900315 ], [ -81.589761985133165, 52.229426025431785 ], [ -81.589759602567739, 52.229246222830582 ], [ -81.589173976162115, 52.229249147402086 ], [ -81.589176356361989, 52.229428950022125 ], [ -81.588297913017641, 52.229433331460157 ], [ -81.588295536366076, 52.229253528811896 ], [ -81.583903334020107, 52.229275337806882 ], [ -81.583905692930131, 52.229455140595618 ], [ -81.580391912841321, 52.229472470238086 ], [ -81.580389568124616, 52.229292667337745 ], [ -81.576875798680163, 52.229309892277122 ], [ -81.576873468181319, 52.229130089260252 ], [ -81.572481269159354, 52.229151473214614 ], [ -81.57247895642638, 52.228971670054428 ], [ -81.57101489478201, 52.228978761677119 ], [ -81.571065650404947, 52.232934430916607 ], [ -81.571651327182863, 52.232931596044835 ], [ -81.571649017488397, 52.232751792974447 ], [ -81.572527528924084, 52.232747535246006 ], [ -81.572525215704857, 52.232567732197474 ], [ -81.573989395029457, 52.23256062150076 ], [ -81.573987075919575, 52.23238081849243 ], [ -81.57457274511286, 52.232377969147187 ], [ -81.574575066588736, 52.232557772137163 ], [ -81.575160738050414, 52.232554919867887 ], [ -81.575158414208531, 52.232375116896286 ], [ -81.576622586520017, 52.232367973556826 ], [ -81.57662491627687, 52.232547776482427 ], [ -81.578381929340324, 52.232539180448143 ], [ -81.578384266219686, 52.232718983312786 ], [ -81.580434121956841, 52.232708921489447 ], [ -81.58043646714188, 52.23288872428369 ], [ -81.583367199254269, 52.233054091107491 ], [ -81.583369556318971, 52.233233893797589 ], [ -81.583955235768656, 52.233230997868837 ], [ -81.583957595224263, 52.233410800534713 ], [ -81.584545638787318, 52.233587704323156 ], [ -81.584550362554822, 52.233947309589631 ], [ -81.584843206925086, 52.233945859045377 ], [ -81.584847933158102, 52.234305464270811 ], [ -81.584555086421631, 52.234306914833752 ], [ -81.584559810387759, 52.234666520055534 ], [ -81.584266961260212, 52.234667969910689 ], [ -81.583978831440689, 52.235029024276173 ], [ -81.583393128328936, 52.235031920391457 ], [ -81.58339548566623, 52.235211723020129 ], [ -81.582809780088994, 52.235214616248129 ], [ -81.582812135084694, 52.235394418889861 ], [ -81.582226427042087, 52.235397309230557 ], [ -81.582228779696138, 52.235577111885291 ], [ -81.580764503241014, 52.235584325069951 ], [ -81.580766850003741, 52.235764127765584 ], [ -81.579888280284891, 52.235768446986278 ], [ -81.579885937071793, 52.235588644262819 ], [ -81.579007370680898, 52.235592956917245 ], [ -81.579009710344337, 52.235772759668485 ], [ -81.578131140182435, 52.235777065812201 ], [ -81.578128804068612, 52.23559726303322 ], [ -81.57578828533768, 52.235788516896136 ], [ -81.575785958689593, 52.235608714043401 ], [ -81.574907391268567, 52.235612996185026 ], [ -81.574905068194568, 52.235433193299151 ], [ -81.571683665454856, 52.235448838444157 ], [ -81.571681355420438, 52.2352690354519 ], [ -81.571095647881634, 52.235271870561064 ], [ -81.571127957441448, 52.237789112200218 ], [ -81.571420827788913, 52.237787694881071 ], [ -81.571423136979959, 52.237967497804306 ], [ -81.572887494269736, 52.237960400264605 ], [ -81.572889809401971, 52.238140203136552 ], [ -81.575525661639645, 52.238127381709369 ], [ -81.575527987446776, 52.238307184493131 ], [ -81.578163848354436, 52.238294304131507 ], [ -81.578166184836647, 52.238474106826722 ], [ -81.580216305784688, 52.23846404801526 ], [ -81.580213961018657, 52.238284245384833 ], [ -81.581973551350359, 52.238455397840696 ], [ -81.581971199483945, 52.238275595265982 ], [ -81.583142691299798, 52.238269813988815 ], [ -81.583140334724561, 52.238090011445763 ], [ -81.58753340774642, 52.238068228261646 ], [ -81.587535782072365, 52.238248030664387 ], [ -81.588414399554267, 52.238243654382366 ], [ -81.588412021678181, 52.238063852007805 ], [ -81.589876377731017, 52.238056543720297 ], [ -81.589873993963096, 52.237876741387225 ], [ -81.591045473620895, 52.237870881716987 ], [ -81.591047862122252, 52.238050684012315 ], [ -81.591633604167257, 52.238047749799001 ], [ -81.591631213299181, 52.237867947522581 ], [ -81.593974171005954, 52.237856181682965 ], [ -81.593971770696228, 52.237676379476738 ], [ -81.594850375870195, 52.237671955327343 ], [ -81.594847972035708, 52.237492153144018 ], [ -81.596019440513828, 52.23748624414462 ], [ -81.596017031971328, 52.23730644199378 ], [ -81.597771811211729, 52.237117754656587 ], [ -81.597769395620105, 52.236937952551806 ], [ -81.598355122303033, 52.236934985031773 ], [ -81.598352704370257, 52.236755182940534 ], [ -81.599817014716123, 52.236747751474198 ], [ -81.600105026720485, 52.236386658916985 ], [ -81.600983605446274, 52.236382189197023 ], [ -81.600981176940593, 52.23620238717524 ], [ -81.602445468389959, 52.236194923159914 ], [ -81.60244303399368, 52.236015121180607 ], [ -81.603614461959708, 52.236009136929844 ], [ -81.603902438339304, 52.235648035171948 ], [ -81.604781001868417, 52.235643537234139 ], [ -81.604778558083439, 52.235463735315221 ], [ -81.60448570478259, 52.235465235344662 ], [ -81.604480819656018, 52.235105631470759 ], [ -81.604773670590532, 52.235104131460652 ], [ -81.604771226882619, 52.234924329524979 ], [ -81.605649775982542, 52.234919825164837 ], [ -81.605947522537818, 52.235277926046891 ], [ -81.606826078427886, 52.235273412911013 ], [ -81.606823626412165, 52.23509361104869 ], [ -81.607995029172002, 52.235087583402333 ], [ -81.607992572449504, 52.234907781573249 ], [ -81.610921065708183, 52.234892661701835 ], [ -81.610918597180216, 52.234712859964553 ], [ -81.612968532636131, 52.234702232898371 ], [ -81.612966055852326, 52.234522431223937 ], [ -81.614430288767295, 52.234514818717642 ], [ -81.614432771466653, 52.234694620343049 ], [ -81.615604162061373, 52.234688517222551 ], [ -81.615601674629573, 52.234508715636444 ], [ -81.617361247168745, 52.234679340748066 ], [ -81.61735875263831, 52.234499539221083 ], [ -81.617944445098246, 52.234496474604342 ], [ -81.617946941994887, 52.234676276111585 ], [ -81.621461108743446, 52.234657827270439 ], [ -81.621463619863718, 52.234837628653253 ], [ -81.622635012668709, 52.234831455753223 ], [ -81.622632496815967, 52.234651654410179 ], [ -81.625268118430824, 52.234637722977034 ], [ -81.625270644931547, 52.234817524230358 ], [ -81.625856340698135, 52.234814420345359 ], [ -81.625853811831206, 52.234634619112022 ], [ -81.629075123629804, 52.234617495913163 ], [ -81.629072581775446, 52.234437694784511 ], [ -81.629658272116657, 52.234434572051882 ], [ -81.629655727922852, 52.23425477093776 ], [ -81.631119947392293, 52.234246951443744 ], [ -81.631117397309907, 52.234067150374386 ], [ -81.632288767670758, 52.234060881743638 ], [ -81.63228621288296, 52.233881080709061 ], [ -81.633164736822522, 52.233876371638758 ], [ -81.633162178512464, 52.233696570628915 ], [ -81.634919218566907, 52.233687132935515 ], [ -81.634916653185641, 52.233507331980853 ], [ -81.634330975641262, 52.233510480764075 ], [ -81.634328412652962, 52.233330679783528 ], [ -81.633740176771497, 52.233154024634416 ], [ -81.633735055661504, 52.232794422604819 ], [ -81.634027889769072, 52.232792850069778 ], [ -81.634310472489219, 52.23207207276301 ], [ -81.634603301811154, 52.232070498815723 ], [ -81.634891000855887, 52.231709322126356 ], [ -81.635476654633337, 52.231706170640457 ], [ -81.635474087182899, 52.231526369644506 ], [ -81.635766912848268, 52.231524792822157 ], [ -81.635759207110283, 52.230985389831204 ], [ -81.636052029200087, 52.230983812312971 ], [ -81.636046889810771, 52.230624210311326 ], [ -81.636339709507894, 52.230622632087055 ], [ -81.636337138670939, 52.230442831088013 ], [ -81.636629957158235, 52.230441252147564 ], [ -81.636627385165525, 52.230261451153083 ], [ -81.637210445362143, 52.230078490133828 ], [ -81.63720529678082, 52.229718888157564 ], [ -81.636912483078717, 52.229720468509967 ], [ -81.636899618012521, 52.228821463420445 ], [ -81.637192425801018, 52.228819883118938 ], [ -81.637189851686244, 52.228640082094422 ], [ -81.636604238447546, 52.228643241950778 ], [ -81.636606810196966, 52.22882304299565 ], [ -81.636314002354396, 52.228824621844574 ], [ -81.636324284891543, 52.229543826008751 ], [ -81.635741227999958, 52.229726782656364 ], [ -81.635746364753643, 52.230086384734314 ], [ -81.635453548550899, 52.230087961475427 ], [ -81.635170996690078, 52.230808741660141 ], [ -81.634878175702156, 52.230810316989164 ], [ -81.63488074067898, 52.230990118027805 ], [ -81.634587918481273, 52.230991692640643 ], [ -81.634590482302201, 52.231171493683817 ], [ -81.63429765889471, 52.231173067580421 ], [ -81.634300221559727, 52.231352868628136 ], [ -81.634007396942422, 52.231354441808513 ], [ -81.63371969297755, 52.231715616381699 ], [ -81.633134038876833, 52.231718759151143 ], [ -81.633136596891077, 52.231898560222561 ], [ -81.632843768617491, 52.231900130527819 ], [ -81.632556051694507, 52.23226130227323 ], [ -81.63197039028131, 52.23226443929228 ], [ -81.631682663921723, 52.232625608916941 ], [ -81.630804164422557, 52.23263030687896 ], [ -81.630806713107546, 52.232810108003179 ], [ -81.630513878704591, 52.232811672547804 ], [ -81.630516426233399, 52.232991473676492 ], [ -81.630223590620687, 52.232993037504784 ], [ -81.629935845387166, 52.233354202887561 ], [ -81.629057331210277, 52.233358887895122 ], [ -81.62905987290435, 52.233538689057347 ], [ -81.628474194286767, 52.23354180878372 ], [ -81.628476733641492, 52.233721609960455 ], [ -81.625841167895274, 52.233735612861402 ], [ -81.625838639187833, 52.233555811594478 ], [ -81.625252959984238, 52.233558915339543 ], [ -81.625255486325614, 52.233738716626448 ], [ -81.622034235796349, 52.233755735394539 ], [ -81.622031722468378, 52.233575933998011 ], [ -81.621446042576096, 52.233579018856027 ], [ -81.62144353164058, 52.233399217434034 ], [ -81.620855345465699, 52.233222497919073 ], [ -81.621143163738722, 52.232861354434171 ], [ -81.616750631774352, 52.23288438675997 ], [ -81.616748139872101, 52.232704585157336 ], [ -81.615869636319587, 52.232709171979899 ], [ -81.61587212467289, 52.232888973612084 ], [ -81.612065257850489, 52.232908774424466 ], [ -81.612062784876002, 52.232728972664745 ], [ -81.611769949967254, 52.2327304907095 ], [ -81.611472173893404, 52.232372404452541 ], [ -81.61088897686858, 52.232555238680938 ], [ -81.610886508677936, 52.23237543687096 ], [ -81.610593676031272, 52.23237695199056 ], [ -81.610591209049517, 52.232197150165213 ], [ -81.610003081454394, 52.232020376355294 ], [ -81.61000061689036, 52.231840574499273 ], [ -81.610293446040046, 52.231839060861716 ], [ -81.610290980319007, 52.231659259009852 ], [ -81.610583808259861, 52.231657744655671 ], [ -81.61087170007886, 52.231296625893627 ], [ -81.611457351099276, 52.231293593592412 ], [ -81.61145488072448, 52.231113791762809 ], [ -81.611747705012874, 52.231112274532414 ], [ -81.611750176570538, 52.23129207635224 ], [ -81.612335827435118, 52.231289039692804 ], [ -81.612333353511687, 52.231109237892532 ], [ -81.612626177722092, 52.231107718483045 ], [ -81.612914049406228, 52.230746594769045 ], [ -81.613792514706034, 52.230742030062075 ], [ -81.613790034946433, 52.230562228294012 ], [ -81.614082855478088, 52.23056070528213 ], [ -81.614065489611164, 52.229302092817747 ], [ -81.613772677359009, 52.229303615760976 ], [ -81.613775156936171, 52.229483417568176 ], [ -81.61318952998819, 52.229486461295281 ], [ -81.613187052776539, 52.229306659468463 ], [ -81.612598953269767, 52.229129898418691 ], [ -81.612594003707528, 52.228770294697924 ], [ -81.612886812515669, 52.228768774689343 ], [ -81.612884336590866, 52.228588972830359 ], [ -81.613177144190288, 52.228587452105273 ], [ -81.613174667108822, 52.228407650250496 ], [ -81.613467473499512, 52.228406128808906 ], [ -81.61346499526141, 52.228226326958328 ], [ -81.613757800443366, 52.228224804800249 ], [ -81.614045644470593, 52.227863678237171 ], [ -81.614631249973556, 52.22786063032882 ], [ -81.614633732890169, 52.228040432151332 ], [ -81.614926536785163, 52.228038907097911 ], [ -81.614931505062017, 52.228398510706526 ], [ -81.614638698801684, 52.228400035779586 ], [ -81.614643664817606, 52.22875963938548 ], [ -81.614936473443308, 52.228758114292766 ], [ -81.614933989239603, 52.228578312502435 ], [ -81.615226796656515, 52.228576786693253 ], [ -81.61521934065405, 52.228037381318217 ], [ -81.615802460666231, 52.227854525796758 ], [ -81.615797485450244, 52.227494922213573 ], [ -81.61609028569282, 52.227493394284544 ], [ -81.616087796941443, 52.227313592494411 ], [ -81.616380595975244, 52.227312063848949 ], [ -81.61637810606743, 52.227132262063066 ], [ -81.616670903892469, 52.227130732701184 ], [ -81.616668412828247, 52.226950930919564 ], [ -81.616961209444511, 52.226949400841285 ], [ -81.616958717223895, 52.226769599063914 ], [ -81.617251512631398, 52.226768068269237 ], [ -81.61753931891981, 52.226406933216239 ], [ -81.618707991485024, 52.226220998214103 ], [ -81.61870549227406, 52.226041196473574 ], [ -81.618998282793982, 52.226039661360957 ], [ -81.619286070214471, 52.225678522063816 ], [ -81.619871646392866, 52.225675448247003 ], [ -81.620159424379779, 52.225314306828011 ], [ -81.620744995670336, 52.225311228693521 ], [ -81.620742488313496, 52.225131426994331 ], [ -81.618985781220715, 52.225140652623857 ], [ -81.618988281482814, 52.225320454382469 ], [ -81.618402709876605, 52.225323523802416 ], [ -81.618400211979434, 52.225143722024043 ], [ -81.617229073181917, 52.225149852109915 ], [ -81.617226580040779, 52.224970050286473 ], [ -81.616933796458298, 52.224971580982562 ], [ -81.616636031375691, 52.22461350724933 ], [ -81.616928812619491, 52.224611977299155 ], [ -81.616926320739367, 52.224432175449074 ], [ -81.617219100774577, 52.224430644782551 ], [ -81.617506892372333, 52.224069509712329 ], [ -81.618385225147662, 52.224064911236312 ], [ -81.618382727434238, 52.223885109418788 ], [ -81.61896828012182, 52.223882040156973 ], [ -81.618965780069942, 52.223702238353617 ], [ -81.619551330287692, 52.223699166206899 ], [ -81.619548827897404, 52.223519364417726 ], [ -81.620719923287822, 52.223513211449877 ], [ -81.620717416194509, 52.223333409694732 ], [ -81.622181278927954, 52.223325702195844 ], [ -81.622178765949386, 52.223145900484752 ], [ -81.623349850931547, 52.223139721454565 ], [ -81.623347333250194, 52.222959919777672 ], [ -81.623640103247311, 52.222958373214709 ], [ -81.623927833205457, 52.222597222594864 ], [ -81.625101428086907, 52.222770827884965 ], [ -81.625098903364815, 52.222591026256708 ], [ -81.628319344111588, 52.222573926420338 ], [ -81.628316806411135, 52.222394124896617 ], [ -81.628902338381621, 52.222391006415748 ], [ -81.62890487844659, 52.222570807919382 ], [ -81.631539781631233, 52.222556738721352 ], [ -81.631537230925943, 52.222376937308312 ], [ -81.632415527958642, 52.222372234535484 ], [ -81.632418082210691, 52.22255203591822 ], [ -81.633003615796127, 52.222548897085446 ], [ -81.633001059179577, 52.222369095722925 ], [ -81.633586590293035, 52.222365954005859 ], [ -81.633589149274101, 52.222545755348143 ], [ -81.634177244016954, 52.222722412022755 ], [ -81.634182366842666, 52.223082014638841 ], [ -81.635356013630059, 52.223255517778952 ], [ -81.635653919706613, 52.223613543904754 ], [ -81.63653224043702, 52.223608810421069 ], [ -81.636534811429712, 52.223788611622723 ], [ -81.637120360812901, 52.223785452315781 ], [ -81.637122934197293, 52.223965253491485 ], [ -81.63741571003068, 52.223963672738591 ], [ -81.637713637416411, 52.224321693553385 ], [ -81.638591971767084, 52.224316944697996 ], [ -81.63859455114455, 52.224496745805951 ], [ -81.638887330389622, 52.224495161391587 ], [ -81.638889910976587, 52.224674962483746 ], [ -81.63947805472904, 52.224851592522185 ], [ -81.639483220768312, 52.225211194637637 ], [ -81.64007137395302, 52.225387821672754 ], [ -81.640076544885019, 52.22574742371372 ], [ -81.639783757471477, 52.225749011104377 ], [ -81.639788926147205, 52.226108613143388 ], [ -81.639496136341535, 52.226110199828277 ], [ -81.639498719537642, 52.226290000849609 ], [ -81.63920592852233, 52.226291586818476 ], [ -81.639208510563051, 52.226471387844413 ], [ -81.638915718338083, 52.226472973097259 ], [ -81.63891829922342, 52.226652774127814 ], [ -81.638625505788795, 52.226654358664625 ], [ -81.638628085518704, 52.226834159699784 ], [ -81.638335290874409, 52.226835743520567 ], [ -81.63833786944889, 52.227015544560317 ], [ -81.637754853950355, 52.227198511098088 ], [ -81.637760006504465, 52.227558113190369 ], [ -81.637467207048601, 52.227559694873158 ], [ -81.637184703537827, 52.228280480028566 ], [ -81.637770311937629, 52.228277317307771 ], [ -81.637767735538731, 52.22809751628683 ], [ -81.638060538515361, 52.228095933847193 ], [ -81.638055383433525, 52.227736331808877 ], [ -81.638348184017829, 52.227734748663366 ], [ -81.638635824871159, 52.22737356277166 ], [ -81.639221421173787, 52.227370392890116 ], [ -81.639218838997365, 52.227190591892182 ], [ -81.639511635925388, 52.227189005872248 ], [ -81.6397992638246, 52.226827817154238 ], [ -81.640384852814591, 52.226824641523997 ], [ -81.640672471280595, 52.226463450686666 ], [ -81.643307598857461, 52.226449118049999 ], [ -81.64331019748073, 52.226628918926913 ], [ -81.645359747900272, 52.226617730579534 ], [ -81.645362354828606, 52.226797531378786 ], [ -81.647121732408877, 52.226967713713293 ], [ -81.64712434648736, 52.227147514439395 ], [ -81.647709938840975, 52.227144302455713 ], [ -81.647712555312083, 52.227324103155517 ], [ -81.648005352630221, 52.227322496063955 ], [ -81.648002734976544, 52.227142695374489 ], [ -81.648588327165129, 52.227139479033312 ], [ -81.648590947183934, 52.227319279702051 ], [ -81.649176541627511, 52.227316060435143 ], [ -81.649179164039012, 52.22749586107755 ], [ -81.650057559045337, 52.227491026699155 ], [ -81.650060185032203, 52.227670827304834 ], [ -81.650645783930287, 52.227667600733845 ], [ -81.650648412309948, 52.22784740131312 ], [ -81.651234013462727, 52.22784417181628 ], [ -81.651236644235254, 52.228023972369186 ], [ -81.652115049304868, 52.228019122645684 ], [ -81.652117683652918, 52.228198923161749 ], [ -81.652703289259492, 52.22819568636055 ], [ -81.652705926000493, 52.22837548685014 ], [ -81.653584337750388, 52.228370626169998 ], [ -81.653586978067054, 52.228550426622689 ], [ -81.654758198075569, 52.228543935506131 ], [ -81.65476084315064, 52.228723735911409 ], [ -81.655346455353467, 52.228720485974513 ], [ -81.655349102821688, 52.228900286353252 ], [ -81.656227524465194, 52.228895405969304 ], [ -81.656230175509293, 52.229075206311009 ], [ -81.656815792164352, 52.229071949069279 ], [ -81.656813138754899, 52.228892148748557 ], [ -81.65652033162398, 52.228893777722078 ], [ -81.656515027254073, 52.228534177042832 ], [ -81.656807832019652, 52.228532548090293 ], [ -81.656805178693858, 52.228352747752744 ], [ -81.658269196189991, 52.228344592148368 ], [ -81.658271855429007, 52.228524392433378 ], [ -81.659150269139289, 52.228519490323876 ], [ -81.65915293195421, 52.228699290571704 ], [ -81.659445737651012, 52.228697655072111 ], [ -81.659451065730167, 52.229057255529895 ], [ -81.659158257668039, 52.229058891050563 ], [ -81.659160920566919, 52.229238691281573 ], [ -81.658575301993309, 52.229241960165083 ], [ -81.658577962554787, 52.229421760411554 ], [ -81.65769953093654, 52.229426658321103 ], [ -81.657702187977819, 52.229606458593508 ], [ -81.65799499972789, 52.229604826672791 ], [ -81.657997657979834, 52.229784626929074 ], [ -81.658583283761629, 52.229781360887671 ], [ -81.65858594440698, 52.229961161117323 ], [ -81.658878758438675, 52.229959526996609 ], [ -81.658881420294762, 52.230139327210139 ], [ -81.659469714889298, 52.230315856955578 ], [ -81.659475043472511, 52.230675457312458 ], [ -81.659767862151313, 52.230673820970644 ], [ -81.659770527667732, 52.230853621130152 ], [ -81.660356167306858, 52.230850346246434 ], [ -81.660358835216925, 52.231030146379226 ], [ -81.660947147413282, 52.231206668675128 ], [ -81.660952488105011, 52.231566268870473 ], [ -81.661245312557725, 52.231564628844176 ], [ -81.661234626555213, 52.230845428473309 ], [ -81.660941806833833, 52.230847068457358 ], [ -81.66093646636665, 52.230487468217163 ], [ -81.660643648982784, 52.230489107453764 ], [ -81.660635642040816, 52.229949707019756 ], [ -81.660928455876387, 52.229948067814846 ], [ -81.660925785769095, 52.229768267669513 ], [ -81.661218598393859, 52.229766627748852 ], [ -81.661215927131906, 52.229586827608479 ], [ -81.661508738545876, 52.229585186972059 ], [ -81.661506066129306, 52.229405386836653 ], [ -81.661798876332469, 52.229403745484504 ], [ -81.662086337027844, 52.22904250316072 ], [ -81.663550375654253, 52.229034281979807 ], [ -81.663547695043221, 52.228854481901685 ], [ -81.662669275499809, 52.228859416757317 ], [ -81.662666598464938, 52.228679616641799 ], [ -81.662078313019165, 52.228503102750665 ], [ -81.66207296382062, 52.228143502449264 ], [ -81.662365765688932, 52.228141859718569 ], [ -81.662653213712588, 52.227780615980109 ], [ -81.664117210665182, 52.227772387907265 ], [ -81.664114527886198, 52.227592587811095 ], [ -81.664992922171734, 52.227587642284135 ], [ -81.664995608498472, 52.22776744234843 ], [ -81.665581206912833, 52.227764141677923 ], [ -81.665578518220926, 52.227584341634888 ], [ -81.666164114157084, 52.227581038080629 ], [ -81.666166805214161, 52.227760838102398 ], [ -81.669094795021721, 52.227744276649304 ], [ -81.669092092138825, 52.227564476734194 ], [ -81.670848877565064, 52.227554505066266 ], [ -81.670846167615196, 52.227374705209762 ], [ -81.671138963904042, 52.227373040733951 ], [ -81.671136252800125, 52.227193240882571 ], [ -81.671429047877936, 52.227191575691229 ], [ -81.67171641607473, 52.226830310096965 ], [ -81.672302001357636, 52.226826976126048 ], [ -81.672299285609142, 52.226647176300766 ], [ -81.673177659771866, 52.226642169929896 ], [ -81.67317494050441, 52.226462370131244 ], [ -81.673467730652348, 52.226460699899256 ], [ -81.673755077592602, 52.22609942936996 ], [ -81.674340653015534, 52.226096085317955 ], [ -81.674337929103984, 52.22591628554553 ], [ -81.674923502047491, 52.22591293861025 ], [ -81.674920775799663, 52.225733138853762 ], [ -81.676384701744524, 52.225724758860927 ], [ -81.676381969613203, 52.22554495915282 ], [ -81.677845888928019, 52.225536561059059 ], [ -81.677843150913318, 52.225356761399411 ], [ -81.679307063596639, 52.225348345204978 ], [ -81.679304319698687, 52.225168545593931 ], [ -81.681353787966927, 52.225156732497879 ], [ -81.681351035821109, 52.224976932957283 ], [ -81.681936595558554, 52.224973551273109 ], [ -81.681933841076884, 52.224793751748692 ], [ -81.689838854233969, 52.224747815009799 ], [ -81.689841640639571, 52.224927614238368 ], [ -81.690427198688198, 52.224924190435964 ], [ -81.69042998748786, 52.225103989636871 ], [ -81.691893888008124, 52.225095417367619 ], [ -81.691896682749018, 52.225275216507697 ], [ -81.693946150520091, 52.225263184753807 ], [ -81.69394895356713, 52.225442983810787 ], [ -81.695998428171421, 52.225430916396313 ], [ -81.696001239524776, 52.225610715369946 ], [ -81.69746515498224, 52.22560207394698 ], [ -81.697467972277209, 52.225781872859343 ], [ -81.698639108839942, 52.225774946604979 ], [ -81.698641930894226, 52.225954745467128 ], [ -81.699520286552172, 52.225949543117828 ], [ -81.699523112183428, 52.226129341940833 ], [ -81.700108684838455, 52.226125870054631 ], [ -81.700111512864297, 52.226305668849676 ], [ -81.700697087765334, 52.226302194036286 ], [ -81.700699918185833, 52.226481992803336 ], [ -81.701578283861622, 52.226476775103094 ], [ -81.701581117859277, 52.226656573830915 ], [ -81.70216669719251, 52.226653091710617 ], [ -81.702169533584907, 52.226832890410407 ], [ -81.703047905908576, 52.226827661749681 ], [ -81.703050745878301, 52.227007460410164 ], [ -81.70363632964316, 52.227003970982778 ], [ -81.70363917200774, 52.227183769615188 ], [ -81.704813191033423, 52.22735658058253 ], [ -81.704816038187857, 52.227536379158686 ], [ -81.705108833453409, 52.227534630416983 ], [ -81.705111681820327, 52.227714428976249 ], [ -81.705697274626687, 52.227710929291618 ], [ -81.705700125388631, 52.227890727822732 ], [ -81.706578517921102, 52.227885472815132 ], [ -81.706877026446278, 52.228243316648523 ], [ -81.707755425714069, 52.228238052858195 ], [ -81.707758284844019, 52.228417851293415 ], [ -81.708929488177318, 52.228410822693498 ], [ -81.70893235206772, 52.228590621077835 ], [ -81.709517955918997, 52.228587102397668 ], [ -81.709520822204709, 52.228766900753719 ], [ -81.711863245864635, 52.228752796891833 ], [ -81.711860370118046, 52.228572998626625 ], [ -81.712445973365817, 52.228569465421266 ], [ -81.712448851477589, 52.228749263663715 ], [ -81.713912864980401, 52.228740417883799 ], [ -81.713915749035522, 52.228920216063656 ], [ -81.715379767693548, 52.228911352070092 ], [ -81.715382657692118, 52.229091150187244 ], [ -81.716846681503881, 52.229082267979798 ], [ -81.716843785592189, 52.228902469919845 ], [ -81.717429392538662, 52.228898911975882 ], [ -81.717432290815594, 52.229078710012928 ], [ -81.718310704554668, 52.229073367615591 ], [ -81.718313606409978, 52.22925316561259 ], [ -81.718606412111313, 52.229251383349457 ], [ -81.718609315179762, 52.229431181329339 ], [ -81.718902122033228, 52.229429398328456 ], [ -81.719200739815278, 52.229787210498259 ], [ -81.719786358100194, 52.229783640819107 ], [ -81.71978345024003, 52.229603842896417 ], [ -81.720954681712314, 52.229596694868711 ], [ -81.720957594303144, 52.229776492745366 ], [ -81.722421638867928, 52.229767541311716 ], [ -81.722418720363763, 52.229587743492722 ], [ -81.723004335609701, 52.229584157858341 ], [ -81.723007256479193, 52.229763955654263 ], [ -81.72534972569521, 52.229749583973003 ], [ -81.725352656056785, 52.229929381670715 ], [ -81.726231085052959, 52.229923980271757 ], [ -81.72622815114336, 52.229744182608833 ], [ -81.72681376795461, 52.229740578067975 ], [ -81.726816704229549, 52.229920375707685 ], [ -81.727695132762946, 52.229914963414409 ], [ -81.727692192939998, 52.229735165809551 ], [ -81.728570617647279, 52.229729747014581 ], [ -81.728573561018237, 52.229909544584537 ], [ -81.729744798258778, 52.229902309310042 ], [ -81.729741850157154, 52.22972251178669 ], [ -81.730913082171227, 52.229715264938278 ], [ -81.730910129369974, 52.229535467455975 ], [ -81.731788549506732, 52.229530024728767 ], [ -81.731791505855938, 52.229709822176019 ], [ -81.7338411600321, 52.229697096977617 ], [ -81.733838195404346, 52.229517299612326 ], [ -81.735009420946298, 52.229510012139166 ], [ -81.735012390304647, 52.229689809457525 ], [ -81.736769234776887, 52.229678856389043 ], [ -81.736772211262377, 52.229858653631233 ], [ -81.73852906170427, 52.229847674346054 ], [ -81.738532045317072, 52.230027471511896 ], [ -81.739117664245612, 52.230023805916304 ], [ -81.739120650255117, 52.2302036030529 ], [ -81.740291892466189, 52.230196263099039 ], [ -81.740294883237837, 52.230376060182763 ], [ -81.740880506520185, 52.230372385824431 ], [ -81.740883499688664, 52.230552182878832 ], [ -81.741472120775924, 52.230728302616733 ], [ -81.741478112001118, 52.231087896650017 ], [ -81.741770928263023, 52.231086056881438 ], [ -81.741776921979678, 52.231445650868508 ], [ -81.742069740575573, 52.231443810349894 ], [ -81.742072738663936, 52.231623607323137 ], [ -81.742661378612169, 52.231799721027109 ], [ -81.742667379677656, 52.232159314897977 ], [ -81.742960202910126, 52.232157472152934 ], [ -81.742963204673003, 52.232337269068054 ], [ -81.743256029056766, 52.232335425584793 ], [ -81.743259032034018, 52.232515222482427 ], [ -81.743551857569045, 52.23251337826094 ], [ -81.7435548617607, 52.232693175141051 ], [ -81.74414352169066, 52.232869281345984 ], [ -81.744152541647168, 52.233408671864304 ], [ -81.744445373001767, 52.233406825404323 ], [ -81.744457404784612, 52.234126012635684 ], [ -81.745046087252987, 52.23430211421136 ], [ -81.745363018156027, 52.235738639374432 ], [ -81.74565586476281, 52.235736789854116 ], [ -81.745658877804431, 52.235916586549564 ], [ -81.745951725562591, 52.235914736290894 ], [ -81.745954739818956, 52.236094532968785 ], [ -81.746247588728508, 52.236092681971769 ], [ -81.746250604199659, 52.236272478632124 ], [ -81.746543454260603, 52.236270626896726 ], [ -81.746546470946555, 52.236450423539523 ], [ -81.747135192423386, 52.236626514478822 ], [ -81.747141230686381, 52.236986107688523 ], [ -81.747434085384626, 52.236984253726021 ], [ -81.747437105746869, 52.23716405031049 ], [ -81.747729961596519, 52.237162195609585 ], [ -81.747732983173691, 52.237341992176461 ], [ -81.748025840174734, 52.237340136737139 ], [ -81.748028862966834, 52.237519933286436 ], [ -81.74861760443018, 52.237696016724207 ], [ -81.748623654906098, 52.238055609746809 ], [ -81.749209378151164, 52.238051893687135 ], [ -81.749212405803263, 52.238231690166046 ], [ -81.750383856644248, 52.238224249280883 ] ], [ [ -81.604178203483315, 52.234387922900908 ], [ -81.603299664646329, 52.23439241627721 ], [ -81.603297226956656, 52.234212614270916 ], [ -81.602125846214406, 52.234218595230438 ], [ -81.602123413282698, 52.234038793180019 ], [ -81.601535294584266, 52.233861977206629 ], [ -81.601530433580947, 52.2335023730394 ], [ -81.60182327412376, 52.233500880380554 ], [ -81.601820842477395, 52.233321078298189 ], [ -81.602113681811616, 52.233319584922526 ], [ -81.602401653172123, 52.232958486677383 ], [ -81.603280163846392, 52.232954000070357 ], [ -81.603277726361696, 52.232774198019349 ], [ -81.604449068836615, 52.232768205745415 ], [ -81.604446626645611, 52.232588403727405 ], [ -81.604739461017203, 52.232586903852557 ], [ -81.605027406326244, 52.232225799237177 ], [ -81.607953268401403, 52.232030951547515 ], [ -81.607955724710735, 52.232210753466049 ], [ -81.608543846779284, 52.232387537488599 ], [ -81.60855122303758, 52.232926943135588 ], [ -81.608258386634859, 52.232928452473146 ], [ -81.607970463109041, 52.233289564859902 ], [ -81.607384785442463, 52.233292579941811 ], [ -81.607387239566492, 52.233472381840627 ], [ -81.60680155943065, 52.23347539403624 ], [ -81.606804011214393, 52.23365519594887 ], [ -81.606218328609373, 52.233658205258159 ], [ -81.606220778052773, 52.233838007184588 ], [ -81.60563509297863, 52.233841013607503 ], [ -81.605637540081645, 52.234020815547701 ], [ -81.604759008728351, 52.234025319762772 ], [ -81.604761452307827, 52.234205121726397 ], [ -81.604175762244324, 52.234208120923547 ], [ -81.604178203483315, 52.234387922900908 ] ], [ [ -81.610861828198324, 52.230577418463575 ], [ -81.610273720997398, 52.230400645890263 ], [ -81.610266324534024, 52.229861240183695 ], [ -81.610559140646416, 52.229859725927035 ], [ -81.610556674027677, 52.229679924023422 ], [ -81.611144772793367, 52.22985669523473 ], [ -81.611152179901978, 52.230396100853461 ], [ -81.610859360293063, 52.230397616592079 ], [ -81.610861828198324, 52.230577418463575 ] ], [ [ -81.616373126330302, 52.226772658474516 ], [ -81.615787535332046, 52.2267757149801 ], [ -81.615785047867874, 52.226595913157745 ], [ -81.615492253512073, 52.22659744031133 ], [ -81.615484794823985, 52.226058034781204 ], [ -81.615777585632173, 52.22605650765712 ], [ -81.616065399356117, 52.225695376131448 ], [ -81.616650976111714, 52.225692318291522 ], [ -81.616653466992659, 52.225872120112321 ], [ -81.616946256513685, 52.225870590093152 ], [ -81.616953732861219, 52.226409995492396 ], [ -81.616660939792638, 52.226411525541103 ], [ -81.616373126330302, 52.226772658474516 ] ], [ [ -81.646212022990341, 52.224814916688857 ], [ -81.645626461106758, 52.224818121141745 ], [ -81.645623853297408, 52.224638320291177 ], [ -81.645331073496905, 52.224639921418031 ], [ -81.645033082862028, 52.224281920059525 ], [ -81.644740305371499, 52.22428351971341 ], [ -81.644452733931033, 52.224644720441475 ], [ -81.642403273987085, 52.224655892746348 ], [ -81.642400679211406, 52.224476091777014 ], [ -81.642107900292629, 52.224477684905558 ], [ -81.642105306726592, 52.224297883920364 ], [ -81.641812528962916, 52.224299476312481 ], [ -81.641809936606506, 52.224119675311414 ], [ -81.641517159997974, 52.224121266967103 ], [ -81.641514568851164, 52.223941465950205 ], [ -81.640926429162207, 52.223764846019584 ], [ -81.640916074414704, 52.223045641791614 ], [ -81.641208843983762, 52.223044051649715 ], [ -81.641496431586006, 52.222682858675064 ], [ -81.642960267063785, 52.222674893545317 ], [ -81.643258230204381, 52.223032900324426 ], [ -81.645012240729429, 52.222843512798818 ], [ -81.645014845900164, 52.22302331372601 ], [ -81.645602991809213, 52.223199913285043 ], [ -81.645610814661737, 52.223739315954361 ], [ -81.646489136163353, 52.223734508371514 ], [ -81.646491747382697, 52.223914309219126 ], [ -81.647079910889374, 52.224090901333767 ], [ -81.647082524528315, 52.224270702149504 ], [ -81.646789747229718, 52.224272306886604 ], [ -81.646792359713757, 52.224452107707066 ], [ -81.646499581205333, 52.22445371172833 ], [ -81.646212022990341, 52.224814916688857 ] ] ] } },
{ "type": "Feature", "properties": { }, "geometry": { "type": "Polygon", "coordinates": [ [ [ -81.63325034628275, 52.21931090137987 ], [ -81.63353797476249, 52.218949727438556 ], [ -81.634123460847519, 52.218946583201735 ], [ -81.634120900040259, 52.218766781767705 ], [ -81.634703820509316, 52.21858383322764 ], [ -81.634701257391924, 52.218404031802699 ], [ -81.634408517962669, 52.218405605705804 ], [ -81.634110657080356, 52.21804757597566 ], [ -81.63352518281512, 52.218050720111243 ], [ -81.633237559976536, 52.218411894057972 ], [ -81.632359341204733, 52.218416602698795 ], [ -81.632364448554668, 52.218776205705005 ], [ -81.632657190536094, 52.218774636863877 ], [ -81.63265974543333, 52.21895443834849 ], [ -81.632952488569913, 52.218952868771218 ], [ -81.632957600808979, 52.219312471703411 ], [ -81.63325034628275, 52.21931090137987 ] ] ] } },
{ "type": "Feature", "properties": { }, "geometry": { "type": "Polygon", "coordinates": [ [ [ -81.635574342272321, 52.218039702931399 ], [ -81.635571775689911, 52.217859901520086 ], [ -81.635864511465499, 52.217858324743339 ], [ -81.635859376017763, 52.217498721924237 ], [ -81.635566642606022, 52.217500298680683 ], [ -81.63555894318246, 52.216960894379561 ], [ -81.635266213289412, 52.216962470379556 ], [ -81.635268778555087, 52.21714227182899 ], [ -81.634685879253226, 52.217325223135433 ], [ -81.634691005191712, 52.21768482604692 ], [ -81.634983739866257, 52.217683251458347 ], [ -81.634986304057847, 52.217863052895545 ], [ -81.635574342272321, 52.218039702931399 ] ] ] } },
{ "type": "Feature", "properties": { }, "geometry": { "type": "Polygon", "coordinates": [ [ [ -81.637590029390736, 52.215691232318264 ], [ -81.6375874548865, 52.215511430905345 ], [ -81.638170318463523, 52.215328465328447 ], [ -81.638165164863324, 52.214968862515335 ], [ -81.638457881486332, 52.214967279367634 ], [ -81.638450147743981, 52.214427875136572 ], [ -81.638742860794764, 52.214426291293499 ], [ -81.63874028175313, 52.21424648988215 ], [ -81.639323124032131, 52.214063518642156 ], [ -81.63960550467138, 52.213342727040434 ], [ -81.639898210523768, 52.21334114035502 ], [ -81.639895626918289, 52.213161338950897 ], [ -81.640188331561902, 52.213159751549796 ], [ -81.640185746801976, 52.212979950150299 ], [ -81.640478450236841, 52.212978362033546 ], [ -81.640765979479838, 52.212617170416031 ], [ -81.64164408245027, 52.212612399594256 ], [ -81.641641491864021, 52.212432598229128 ], [ -81.641934191618191, 52.212431006513718 ], [ -81.642221705528115, 52.212069811366391 ], [ -81.643099797456145, 52.212065029748892 ], [ -81.643097201043958, 52.211885228418275 ], [ -81.643389897117231, 52.211883633104328 ], [ -81.643677395694667, 52.211522434427586 ], [ -81.64455547657974, 52.21151764201479 ], [ -81.644552874341983, 52.211337840718784 ], [ -81.645430951436509, 52.211333041804302 ], [ -81.645428345681694, 52.211153240533577 ], [ -81.646599110031843, 52.211146831860475 ], [ -81.646596499578592, 52.21096703062544 ], [ -81.651279533679372, 52.210941279965638 ], [ -81.651276904350553, 52.210761478890795 ], [ -81.653033033229079, 52.210751774551326 ], [ -81.653030396839355, 52.210571973533391 ], [ -81.653908457360558, 52.210567111596376 ], [ -81.654195861997962, 52.210205887529881 ], [ -81.655073915097844, 52.210201016945817 ], [ -81.655063336959387, 52.209481813065658 ], [ -81.654477977704801, 52.209485060763846 ], [ -81.654480619835041, 52.209664861763194 ], [ -81.654187938984748, 52.209666484534068 ], [ -81.654193220965809, 52.210026086536885 ], [ -81.653900537725036, 52.210027708602851 ], [ -81.65361313182305, 52.21038893196517 ], [ -81.653027760477343, 52.210392172509842 ], [ -81.653025124143014, 52.210212371480694 ], [ -81.651854385844857, 52.210218843818588 ], [ -81.651566962083493, 52.210580062245413 ], [ -81.648347403190556, 52.210597793540018 ], [ -81.648350020677512, 52.21077759472422 ], [ -81.644545067792777, 52.21079843679712 ], [ -81.644542465664387, 52.210618635478696 ], [ -81.643664402501173, 52.210623427737183 ], [ -81.643667001085262, 52.210803229086466 ], [ -81.642498838978668, 52.210989410028809 ], [ -81.642211334221074, 52.211350605887127 ], [ -81.641625948918161, 52.211353789920814 ], [ -81.641628539341085, 52.211533591319544 ], [ -81.64133584546731, 52.211535182257869 ], [ -81.641338434735957, 52.211714983661217 ], [ -81.641045739653478, 52.211716573883947 ], [ -81.641048327767834, 52.211896375291964 ], [ -81.640755631476665, 52.211897964799064 ], [ -81.640758218436673, 52.212077766211713 ], [ -81.640465520936786, 52.212079355003198 ], [ -81.64046810674246, 52.212259156420458 ], [ -81.640175408033855, 52.212260744496312 ], [ -81.640177992685153, 52.21244054591822 ], [ -81.639885292767858, 52.212442133278422 ], [ -81.639887876264751, 52.212621934704941 ], [ -81.63930505514648, 52.212804908709529 ], [ -81.639310217549621, 52.213164511575421 ], [ -81.638727386951501, 52.213347482741362 ], [ -81.638732544790841, 52.21370708561448 ], [ -81.638439836466745, 52.213708669416732 ], [ -81.638442414245418, 52.213888470855089 ], [ -81.638149704712575, 52.213890053941647 ], [ -81.638154857987857, 52.214249656821941 ], [ -81.63757200842916, 52.214432622310184 ], [ -81.637579731536093, 52.214972026632964 ], [ -81.63699687016026, 52.215154989296927 ], [ -81.637002014360561, 52.215514592180298 ], [ -81.637590029390736, 52.215691232318264 ] ] ] } },
{ "type": "Feature", "properties": { }, "geometry": { "type": "Polygon", "coordinates": [ [ [ -81.572784621635549, 52.298198320056485 ], [ -81.573073248438078, 52.297837295422887 ], [ -81.574539579139582, 52.297830171717223 ], [ -81.574537252345522, 52.297650370725513 ], [ -81.575123782079743, 52.297647516164822 ], [ -81.575121452935136, 52.297467715185938 ], [ -81.576587770903927, 52.297460566088304 ], [ -81.576585435846368, 52.297280765149893 ], [ -81.577171960486936, 52.297277900432555 ], [ -81.577169623078987, 52.297098099507039 ], [ -81.578342667314914, 52.297092361372108 ], [ -81.578340325181699, 52.296912560477999 ], [ -81.578926844776873, 52.296909687060463 ], [ -81.578924500293382, 52.296729886179293 ], [ -81.579804275938685, 52.296725570620104 ], [ -81.579801927917558, 52.296545769761167 ], [ -81.580974957015499, 52.296540005526182 ], [ -81.580972604269377, 52.296360204698807 ], [ -81.581852372270589, 52.296355873905618 ], [ -81.581850015986987, 52.296176073100582 ], [ -81.582436525488987, 52.296173182283368 ], [ -81.582434166855379, 52.295993381491378 ], [ -81.583313927359981, 52.295989039832996 ], [ -81.583602454120026, 52.295627989631306 ], [ -81.584482207201944, 52.295623639292195 ], [ -81.584479840331269, 52.295443838548813 ], [ -81.585652839342259, 52.295438027941323 ], [ -81.585650467747101, 52.295258227229809 ], [ -81.587703206743456, 52.295248030702446 ], [ -81.587700826861962, 52.295068230051051 ], [ -81.590340050224441, 52.295055067895689 ], [ -81.590342440791915, 52.295234868462259 ], [ -81.593861416351501, 52.295217227075085 ], [ -81.593863821192187, 52.295397027522377 ], [ -81.594450319139725, 52.295394077079564 ], [ -81.594447911924334, 52.295214276651286 ], [ -81.595034407395858, 52.295211323315314 ], [ -81.595036816985896, 52.295391123724563 ], [ -81.598849050508989, 52.295371855932508 ], [ -81.598851475559883, 52.295551656212005 ], [ -81.599437975017509, 52.29554868099644 ], [ -81.599435547591938, 52.295368880736127 ], [ -81.600608541451152, 52.295362921606831 ], [ -81.600610973626104, 52.295542721828745 ], [ -81.60119747277686, 52.295539737876595 ], [ -81.601195038227232, 52.295359937673915 ], [ -81.605887008737838, 52.295335961372366 ], [ -81.605884555216662, 52.295156161318602 ], [ -81.609403514516444, 52.295138056898125 ], [ -81.609401046773385, 52.294958256955447 ], [ -81.610280782452904, 52.294953714498796 ], [ -81.610283253757871, 52.295133514412193 ], [ -81.610869746455464, 52.295130482448073 ], [ -81.610867272775891, 52.294950682554223 ], [ -81.613799722826784, 52.294935479149551 ], [ -81.613797237300361, 52.294755679348086 ], [ -81.617022916274394, 52.294738871624034 ], [ -81.61702041771413, 52.294559071925299 ], [ -81.620539322354645, 52.294540635878143 ], [ -81.620536809573593, 52.294360836292626 ], [ -81.62522865750411, 52.29433609198049 ], [ -81.625226125753699, 52.294156292548841 ], [ -81.626399081923594, 52.294150077390512 ], [ -81.626401618422932, 52.294329876782108 ], [ -81.627281338831807, 52.294325207739242 ], [ -81.627278798770774, 52.294145408377723 ], [ -81.627572037666368, 52.294143850584135 ], [ -81.627860191744517, 52.293782693362907 ], [ -81.629030590350581, 52.29359665275895 ], [ -81.629318729022003, 52.293235491994928 ], [ -81.631075569918679, 52.293046304775565 ], [ -81.631073014611914, 52.292866505505771 ], [ -81.631366244848635, 52.292864938318857 ], [ -81.631654359777087, 52.292503771888022 ], [ -81.632534043122263, 52.292499063836239 ], [ -81.632531481960655, 52.292319264600209 ], [ -81.632824708501388, 52.292317693803824 ], [ -81.633112808024478, 52.291956523831161 ], [ -81.633699256222741, 52.291953378639164 ], [ -81.633696690393734, 52.291773579426845 ], [ -81.634283136109872, 52.291770431343373 ], [ -81.634280567933772, 52.291590632145777 ], [ -81.635450881396224, 52.291404528121618 ], [ -81.635448308526094, 52.291224728953459 ], [ -81.635741527674284, 52.291223150938563 ], [ -81.636029596388354, 52.290861973883324 ], [ -81.636616029801246, 52.290858814254662 ], [ -81.636613452264413, 52.290679015110406 ], [ -81.63690666774319, 52.290677434214395 ], [ -81.63690408904651, 52.290497635074736 ], [ -81.637197303311183, 52.290496053461005 ], [ -81.637194723454684, 52.290316254325944 ], [ -81.637487936505238, 52.290314671994508 ], [ -81.637485355488948, 52.290134872864044 ], [ -81.637778567325398, 52.290133289814918 ], [ -81.637775985149332, 52.289953490689051 ], [ -81.638069195771692, 52.289951906922234 ], [ -81.638066612435878, 52.289772107800985 ], [ -81.638359821844134, 52.289770523316484 ], [ -81.638357237348586, 52.289590724199854 ], [ -81.638650445542737, 52.289589138997684 ], [ -81.638647859887513, 52.289409339885665 ], [ -81.638941066867559, 52.289407753965847 ], [ -81.638938480052659, 52.289227954858454 ], [ -81.639231685818601, 52.28922636822098 ], [ -81.639519713261734, 52.288865182664971 ], [ -81.640106119909959, 52.288862005791607 ], [ -81.64010352842935, 52.288682206708351 ], [ -81.640396730525723, 52.288680617190117 ], [ -81.640394137885565, 52.288500818111515 ], [ -81.640687338767833, 52.288499227875676 ], [ -81.640975349677078, 52.288138038778982 ], [ -81.641561746557855, 52.288134854709099 ], [ -81.641559149252387, 52.28795505565472 ], [ -81.641852346464972, 52.287953462538297 ], [ -81.641849748000055, 52.287773663488572 ], [ -81.64214294399855, 52.287772069654572 ], [ -81.642430938374829, 52.287410877017614 ], [ -81.643017325487946, 52.287407685751603 ], [ -81.643014722358089, 52.2872278867262 ], [ -81.643307914686829, 52.287226290011752 ], [ -81.643305310397665, 52.287046490991038 ], [ -81.643598501512272, 52.28704489355907 ], [ -81.643595896063772, 52.286865094543053 ], [ -81.643889085964261, 52.286863496393572 ], [ -81.643886479356496, 52.286683697382252 ], [ -81.644470247748046, 52.28650069992419 ], [ -81.644451985840703, 52.285242106793341 ], [ -81.644158806674909, 52.285243706305671 ], [ -81.6441666294821, 52.285783103426262 ], [ -81.643873446729032, 52.285784702241727 ], [ -81.643878659697734, 52.286144300314746 ], [ -81.643585474543968, 52.286145898423037 ], [ -81.643588079882804, 52.286325697461443 ], [ -81.643294893514962, 52.286327294852228 ], [ -81.643297497694533, 52.286507093895338 ], [ -81.643004310112616, 52.286508690568624 ], [ -81.643006913132893, 52.286688489616417 ], [ -81.6427137243369, 52.286690085572197 ], [ -81.642716326197885, 52.286869884624679 ], [ -81.642423136187801, 52.286871479862938 ], [ -81.642135145207561, 52.287232672502654 ], [ -81.641548760303763, 52.287235859381212 ], [ -81.641551357499921, 52.287415658457995 ], [ -81.641258163820268, 52.287417250815793 ], [ -81.640970159840592, 52.287778440623583 ], [ -81.640383767597712, 52.287781621741104 ], [ -81.640095754151147, 52.288142809424983 ], [ -81.639216158379796, 52.28814757352044 ], [ -81.639213570568643, 52.2879677743841 ], [ -81.638920373110508, 52.287969360950001 ], [ -81.638917786513346, 52.287789561797844 ], [ -81.638624590214789, 52.287791147625697 ], [ -81.638622004831632, 52.287611348457716 ], [ -81.638033031543955, 52.287434718715495 ], [ -81.638014951427891, 52.286176124200779 ], [ -81.637721765728216, 52.286177707753296 ], [ -81.637714021074643, 52.285638309989558 ], [ -81.6380072032144, 52.285636726467658 ], [ -81.637991707521138, 52.284557930850312 ], [ -81.638284882514199, 52.284556346661894 ], [ -81.638277131474837, 52.284016948808286 ], [ -81.638570302881092, 52.284015363922755 ], [ -81.638565133284445, 52.283655765346126 ], [ -81.638858302290529, 52.283654179753299 ], [ -81.638853130429723, 52.283294581174715 ], [ -81.639146297035637, 52.2832929948746 ], [ -81.639135948894776, 52.28257379769115 ], [ -81.639429110727718, 52.282572210704224 ], [ -81.639423934447805, 52.282212612099379 ], [ -81.639717093880734, 52.282211024405221 ], [ -81.639706736902255, 52.281491827169262 ], [ -81.640290454646291, 52.281308850377286 ], [ -81.64028527162975, 52.28094925175548 ], [ -81.640578422676512, 52.280947661949973 ], [ -81.64057064479735, 52.280408264006013 ], [ -81.641154344747022, 52.280225282968203 ], [ -81.641149154940251, 52.279865684340727 ], [ -81.641732845372758, 52.279682700457649 ], [ -81.641727650985018, 52.279323101837605 ], [ -81.642020791219096, 52.279321508486241 ], [ -81.642015594568306, 52.278961909864357 ], [ -81.642308732402725, 52.278960315805918 ], [ -81.642303533488999, 52.278600717182179 ], [ -81.642596668923773, 52.278599122416701 ], [ -81.642581065722368, 52.277520326472761 ], [ -81.642874194013217, 52.277518731041376 ], [ -81.642868990792863, 52.277159132369185 ], [ -81.643162116684238, 52.277157536230796 ], [ -81.643156911201331, 52.276797937556765 ], [ -81.643450034693302, 52.276796340711414 ], [ -81.643444826947942, 52.27643674203555 ], [ -81.64373794804051, 52.276435144483244 ], [ -81.643730133070036, 52.275895746458367 ], [ -81.64402325057732, 52.27589414820941 ], [ -81.644020644456035, 52.275714348866899 ], [ -81.644604268550736, 52.275531350879518 ], [ -81.644596443318235, 52.274991952863381 ], [ -81.644889554813687, 52.274990352483421 ], [ -81.645177444853729, 52.274629152711817 ], [ -81.645763662963844, 52.27462594835572 ], [ -81.645761049919372, 52.274446149035889 ], [ -81.646054157747344, 52.274444545776944 ], [ -81.64605154354453, 52.274264746461839 ], [ -81.646344650159179, 52.274263142485751 ], [ -81.646342034798039, 52.274083343175377 ], [ -81.646635140199336, 52.274081738482153 ], [ -81.646632523679912, 52.273901939176525 ], [ -81.646925627867887, 52.273900333766171 ], [ -81.646923010190179, 52.273720534465291 ], [ -81.647216113164816, 52.273718928337814 ], [ -81.647213494328881, 52.273539129041673 ], [ -81.647506596090182, 52.273537522197088 ], [ -81.647503976096004, 52.273357722905715 ], [ -81.647797076643982, 52.273356115344043 ], [ -81.648084932515729, 52.27299490849677 ], [ -81.648964226796835, 52.272990079326888 ], [ -81.648961600956696, 52.272810280070537 ], [ -81.64925469780944, 52.272808668902741 ], [ -81.649244189982298, 52.27208947186287 ], [ -81.64895109787237, 52.272091082989142 ], [ -81.648948472170332, 52.271911283704789 ], [ -81.649241563094606, 52.27190967258889 ], [ -81.649236309402127, 52.271550074024155 ], [ -81.649529397927466, 52.271548462201622 ], [ -81.649521514039122, 52.271009064343652 ], [ -81.649228429070646, 52.271010676135042 ], [ -81.649233682597327, 52.271370274733393 ], [ -81.648940595229988, 52.271371885818141 ], [ -81.648943220849148, 52.271551685119299 ], [ -81.648650132268543, 52.271553295487017 ], [ -81.648652756729689, 52.271733094792957 ], [ -81.648069199231841, 52.27191611268799 ], [ -81.648074443549461, 52.27227571131332 ], [ -81.647781350143418, 52.272277319540287 ], [ -81.647783971157921, 52.272457118854902 ], [ -81.647490876538612, 52.272458726364803 ], [ -81.647493496394972, 52.272638525684172 ], [ -81.646909922214761, 52.272821537876858 ], [ -81.646915157322312, 52.273181136529033 ], [ -81.646622057877451, 52.273182741898012 ], [ -81.64633418887972, 52.273543945210669 ], [ -81.645747985109367, 52.27354715235272 ], [ -81.645460106652905, 52.273908353543284 ], [ -81.644287689186299, 52.27391475627055 ], [ -81.644285082180772, 52.273734956876737 ], [ -81.643991978931325, 52.273736555729577 ], [ -81.643989373139021, 52.27355675631987 ], [ -81.643696271047929, 52.273558354434954 ], [ -81.64339796217017, 52.273200352945182 ], [ -81.642811762594135, 52.273203545496912 ], [ -81.642809161627071, 52.273023746029239 ], [ -81.642516062983759, 52.273025341203663 ], [ -81.642217767204002, 52.272667336657385 ], [ -81.641631574523615, 52.272670523327932 ], [ -81.64162897838149, 52.272490723802385 ], [ -81.641335883186045, 52.272492316036228 ], [ -81.641333288256931, 52.272312516494829 ], [ -81.641040194219883, 52.272314107990987 ], [ -81.641037600503779, 52.272134308433728 ], [ -81.640448823401755, 52.271957689639926 ], [ -81.640435867223275, 52.271058691639205 ], [ -81.640728953015284, 52.271057101669612 ], [ -81.641011664843191, 52.270336312553255 ], [ -81.641304745838312, 52.270334721169881 ], [ -81.641302151236758, 52.2701549215613 ], [ -81.641595231019039, 52.270153329460804 ], [ -81.64188311691062, 52.269792137440007 ], [ -81.642762348898373, 52.269787354653836 ], [ -81.642759748451127, 52.26960755507978 ], [ -81.643052824540163, 52.26960595937328 ], [ -81.643050222934761, 52.26942615980392 ], [ -81.643343297810929, 52.269424563380355 ], [ -81.643340695047399, 52.269244763815671 ], [ -81.643633768710714, 52.269243166675039 ], [ -81.643921632159831, 52.268881969702079 ], [ -81.645677447008794, 52.268692567844624 ], [ -81.645965290277829, 52.26833136592203 ], [ -81.647430627448188, 52.26832334047338 ], [ -81.64771845406635, 52.267962134309229 ], [ -81.648893338807696, 52.268135497439729 ], [ -81.649181152303768, 52.267774287741844 ], [ -81.650353406656762, 52.267767836960125 ], [ -81.650350775690697, 52.267588037593306 ], [ -81.650643838024408, 52.267586423090016 ], [ -81.650931633739958, 52.267225209150602 ], [ -81.651517753527528, 52.267221976549166 ], [ -81.651515117903173, 52.267042177207173 ], [ -81.652101235209201, 52.267038941717438 ], [ -81.652103873204226, 52.267218741038576 ], [ -81.652689992769908, 52.267215502618832 ], [ -81.652692633163355, 52.26739530191351 ], [ -81.653864876702713, 52.267388816304745 ], [ -81.653862231567899, 52.267209017051833 ], [ -81.654155291197881, 52.267207393841865 ], [ -81.654443055872619, 52.26684617142385 ], [ -81.655322227399992, 52.266841295311174 ], [ -81.655609980221669, 52.266480070066343 ], [ -81.656196089636879, 52.266476814275549 ], [ -81.656193435158997, 52.266297015078436 ], [ -81.656779542091968, 52.266293756399556 ], [ -81.656776885271498, 52.266113957217847 ], [ -81.658242146188371, 52.266105797846087 ], [ -81.658239483469615, 52.265925998711346 ], [ -81.65941168695808, 52.265919458165413 ], [ -81.659409019526393, 52.265739659067187 ], [ -81.660874267329447, 52.265731467074353 ], [ -81.661161967804034, 52.265370228407491 ], [ -81.662627202911224, 52.26536201470303 ], [ -81.662624522526613, 52.265182215704279 ], [ -81.663503659697142, 52.265177278786553 ], [ -81.663500975785198, 52.264997479813992 ], [ -81.664673153543262, 52.264990887118252 ], [ -81.664670464918899, 52.264811088182554 ], [ -81.665256551257997, 52.264807787492586 ], [ -81.6652538602916, 52.264627988572556 ], [ -81.66613298603248, 52.26462303211536 ], [ -81.666130291538991, 52.264443233221648 ], [ -81.667009413469387, 52.264438270251496 ], [ -81.667006715448878, 52.264258471384153 ], [ -81.669057990663489, 52.264246865742763 ], [ -81.669052578116208, 52.263887268140813 ], [ -81.669345614948625, 52.263885607304623 ], [ -81.669342907532595, 52.263705808505939 ], [ -81.669635943151462, 52.263704146953252 ], [ -81.669923559254954, 52.263342887102006 ], [ -81.671388724928434, 52.263334564901967 ], [ -81.671386009302537, 52.263154766161499 ], [ -81.671679041166556, 52.263153099550678 ], [ -81.671681757977495, 52.263332898280424 ], [ -81.672267823989884, 52.263329562855766 ], [ -81.672270543199488, 52.263509361558413 ], [ -81.673149645558681, 52.263504352935314 ], [ -81.673146922793919, 52.263324554264941 ], [ -81.674319054131658, 52.263317865963302 ], [ -81.674316326655386, 52.263138067330409 ], [ -81.674609358233084, 52.263136393447837 ], [ -81.674601172421362, 52.262596997547867 ], [ -81.674894200415352, 52.262595322970476 ], [ -81.674891470683846, 52.262415524336724 ], [ -81.67518449746413, 52.262413849042971 ], [ -81.675472060098969, 52.262052575780913 ], [ -81.675765084451868, 52.262050899054451 ], [ -81.675767817680807, 52.262230697667036 ], [ -81.67606084318993, 52.262229020202625 ], [ -81.676359339954345, 52.262586939176138 ], [ -81.677238423332554, 52.262581900173622 ], [ -81.6772356841212, 52.262402101626343 ], [ -81.678700816583614, 52.262393688799811 ], [ -81.678698071476219, 52.26221389030114 ], [ -81.679577147052399, 52.262208833911934 ], [ -81.679574398419021, 52.262029035440214 ], [ -81.68016044628871, 52.262025660900079 ], [ -81.68015769531435, 52.261845862444503 ], [ -81.681329785966653, 52.261839104682053 ], [ -81.681327030281508, 52.261659306264384 ], [ -81.682792137020087, 52.261650842755245 ], [ -81.682789375439356, 52.261471044386482 ], [ -81.680152193452415, 52.261486265516488 ], [ -81.679864672578901, 52.261847550067273 ], [ -81.679278627021262, 52.261850923131377 ], [ -81.679275879630609, 52.26167112463758 ], [ -81.678101050286315, 52.261498063453907 ], [ -81.678098307693091, 52.261318264905476 ], [ -81.677509528703922, 52.261141830603179 ], [ -81.677504048401175, 52.260782233434931 ], [ -81.677797064258229, 52.260780551694303 ], [ -81.678084595159589, 52.260419272079218 ], [ -81.67925390154565, 52.260232736485214 ], [ -81.679251154415056, 52.26005293794092 ], [ -81.682181262558288, 52.260036044623163 ], [ -81.68217850360854, 52.25985624618211 ], [ -81.683350541314866, 52.259849468540111 ], [ -81.68335330500382, 52.260029266937501 ], [ -81.68393932605224, 52.260025873732133 ], [ -81.683936559993697, 52.259846075356592 ], [ -81.685108597002156, 52.259839280264544 ], [ -81.685105826233553, 52.259659481927159 ], [ -81.685398834228067, 52.259657781347386 ], [ -81.685686296004619, 52.259296483392781 ], [ -81.68597930157128, 52.259294781380781 ], [ -81.685982075835852, 52.259474579696487 ], [ -81.686568089251153, 52.259471173469336 ], [ -81.686565312617063, 52.259291375175572 ], [ -81.688030339720271, 52.259282846938824 ], [ -81.688033122278128, 52.259462645177649 ], [ -81.688326128795794, 52.259460937338076 ], [ -81.6886247052268, 52.259818825188269 ], [ -81.688041470127345, 52.260002039860474 ], [ -81.6880470355065, 52.260361636287634 ], [ -81.687754023035623, 52.260363343455111 ], [ -81.687466571292333, 52.260724646344187 ], [ -81.68629173586713, 52.260551666657101 ], [ -81.686294511520799, 52.260731464922578 ], [ -81.685415466385578, 52.260736571221742 ], [ -81.685418238513876, 52.26091636951449 ], [ -81.684834975695921, 52.261099568409364 ], [ -81.684837745512752, 52.261279366712799 ], [ -81.685423782857924, 52.261275966083161 ], [ -81.68542101067132, 52.261096167801639 ], [ -81.686300062915734, 52.261091061436673 ], [ -81.686302838656985, 52.261270859685311 ], [ -81.686888875710395, 52.261267451784448 ], [ -81.686886097599384, 52.261087653557787 ], [ -81.687472132166164, 52.26108424277043 ], [ -81.687469351714626, 52.260904444560104 ], [ -81.688641415757715, 52.260897614303985 ], [ -81.688638630596003, 52.260717816132072 ], [ -81.688931645348703, 52.260716106761286 ], [ -81.689219085097236, 52.260354800346761 ], [ -81.690684146425951, 52.260346239060986 ], [ -81.690971569528287, 52.259984928415861 ], [ -81.691850598776014, 52.259979780804279 ], [ -81.691847800728084, 52.259799982725703 ], [ -81.692140809233706, 52.259798265412059 ], [ -81.692428216963208, 52.259436951241568 ], [ -81.694772264755073, 52.259423180918397 ], [ -81.694769454947931, 52.259243382933803 ], [ -81.697406495790119, 52.25922783579955 ], [ -81.697403675349946, 52.259048037909494 ], [ -81.697989681730562, 52.259044575015366 ], [ -81.697986858950614, 52.258864777142016 ], [ -81.700328041578999, 52.258671098783068 ], [ -81.700325209380907, 52.258491300987899 ], [ -81.701494369710019, 52.258304545587627 ], [ -81.701488695985518, 52.25794495005885 ], [ -81.701781691666, 52.257943208863814 ], [ -81.70206900897297, 52.257581871435406 ], [ -81.703533974931744, 52.257573151032013 ], [ -81.70353112988164, 52.257393353326584 ], [ -81.703824121799073, 52.257391607076109 ], [ -81.703826968033781, 52.257571404770275 ], [ -81.704415802781952, 52.257747707731816 ], [ -81.704424348863355, 52.258287100696236 ], [ -81.704131351082637, 52.258288848457042 ], [ -81.704134198651687, 52.258468646111872 ], [ -81.703841199656353, 52.258470393156891 ], [ -81.703844046070671, 52.258650190817356 ], [ -81.703551045860706, 52.258651937146595 ], [ -81.703263733800455, 52.259013278097861 ], [ -81.704728746547531, 52.259004542703913 ], [ -81.704725896519221, 52.258824745088468 ], [ -81.705897901438604, 52.258817743731434 ], [ -81.705895046701485, 52.25863794615546 ], [ -81.707360046251637, 52.25862917815703 ], [ -81.707357185621149, 52.25844938063193 ], [ -81.710580168950401, 52.258430027180239 ], [ -81.710577295318714, 52.258250229774205 ], [ -81.712335277577381, 52.258239636335333 ], [ -81.712332396868021, 52.258059838991919 ], [ -81.713504379696133, 52.258052762204279 ], [ -81.713501494278546, 52.257872964900841 ], [ -81.718189401773756, 52.257844541609352 ], [ -81.718192306145411, 52.258024338729705 ], [ -81.720536266440959, 52.258010057198099 ], [ -81.72053918032023, 52.258189854220802 ], [ -81.722590152262669, 52.258177319631244 ], [ -81.722593074465124, 52.258357116567574 ], [ -81.723472065533656, 52.258351733660554 ], [ -81.723474991320785, 52.258531530556589 ], [ -81.72464698371995, 52.258524343122509 ], [ -81.724649914276512, 52.258704139966625 ], [ -81.725528911806322, 52.258698741722426 ], [ -81.725531845947742, 52.258878538526119 ], [ -81.726703846960774, 52.258871330642251 ], [ -81.726706785871812, 52.259051127393896 ], [ -81.728757794747011, 52.259038485524556 ], [ -81.72876074198183, 52.259218282189131 ], [ -81.729932751110539, 52.259211042222141 ], [ -81.729935703115189, 52.259390838834456 ], [ -81.73872579123308, 52.259336167935544 ], [ -81.738722803687395, 52.259156371675438 ], [ -81.741652814945752, 52.259138002750845 ], [ -81.741649815584694, 52.258958206603445 ], [ -81.744579811841902, 52.258939765093452 ], [ -81.744576800665754, 52.25875996905922 ], [ -81.746334789792854, 52.258748869326993 ], [ -81.746331771540511, 52.258569073358657 ], [ -81.747796755683723, 52.258559803648197 ], [ -81.747793731539957, 52.258380007733933 ], [ -81.748965713543626, 52.258372578926988 ], [ -81.748962684693183, 52.258192783054952 ], [ -81.750720649635127, 52.258181618105901 ], [ -81.750717613708915, 52.258001822300173 ], [ -81.752182577692963, 52.257992498243162 ], [ -81.752179535875769, 52.257812702491854 ], [ -81.753644493137145, 52.257803360319841 ], [ -81.753641445429054, 52.257623564623081 ], [ -81.755106395966294, 52.257614204336328 ], [ -81.755103342367462, 52.257434408694245 ], [ -81.756861274844951, 52.257423152431777 ], [ -81.756858214170947, 52.257243356856556 ], [ -81.757444189037003, 52.257239598977357 ], [ -81.757441126026151, 52.257059803420717 ], [ -81.758027098394294, 52.257056042657787 ], [ -81.75802403304661, 52.256876247119749 ], [ -81.758902987803467, 52.256870600559388 ], [ -81.759189832583289, 52.256509125922676 ], [ -81.760068779845824, 52.256503470711486 ], [ -81.760355612780828, 52.2561419932658 ], [ -81.761234552548601, 52.256136329404001 ], [ -81.761231474333158, 52.25595653397135 ], [ -81.761817431647614, 52.255952754453062 ], [ -81.761814351095651, 52.255772959039128 ], [ -81.762107328519861, 52.255771068201739 ], [ -81.762104246815895, 52.255591272794355 ], [ -81.762397223023271, 52.25558938124221 ], [ -81.762684031149874, 52.255227898180181 ], [ -81.763269978664866, 52.255224111489973 ], [ -81.763556777348796, 52.254862626322186 ], [ -81.764142719931542, 52.254858835319233 ], [ -81.764139630099066, 52.254679039969062 ], [ -81.764722478014463, 52.254495450751492 ], [ -81.764716293774725, 52.254135860071841 ], [ -81.765009260214967, 52.254133962075059 ], [ -81.765006166959566, 52.253954166738993 ], [ -81.764420236415148, 52.253957961981222 ], [ -81.764423327301941, 52.254137757341731 ], [ -81.764130360796656, 52.254139653884714 ], [ -81.763843571392684, 52.254501140453762 ], [ -81.763257633482425, 52.254504929954045 ], [ -81.763260719729359, 52.254684725346486 ], [ -81.76296774954119, 52.254686619018457 ], [ -81.762680947174346, 52.25504810278025 ], [ -81.760340239793607, 52.255243015863805 ], [ -81.760343314326391, 52.255422811355473 ], [ -81.760050339076827, 52.255424697806895 ], [ -81.760053412457538, 52.255604493305079 ], [ -81.75976043599124, 52.255606379041708 ], [ -81.759473601613266, 52.255967855079433 ], [ -81.757129769511991, 52.255982909180915 ], [ -81.757132831145114, 52.25616270478347 ], [ -81.756546870428664, 52.256166461063501 ], [ -81.756549929725068, 52.256346256684623 ], [ -81.756256948134123, 52.256348133746293 ], [ -81.755970080462376, 52.256709601354693 ], [ -81.755384112381748, 52.256713351891563 ], [ -81.755387167036645, 52.256893147544119 ], [ -81.754801196458516, 52.256896895197222 ], [ -81.754804248776509, 52.257076690868281 ], [ -81.753925289115045, 52.2570823069318 ], [ -81.753922240350633, 52.25690251122456 ], [ -81.753336269451708, 52.256906251607894 ], [ -81.753333223088376, 52.256726455870918 ], [ -81.753040238775355, 52.256728324960079 ], [ -81.752741166537746, 52.256370601783267 ], [ -81.752448184529683, 52.256372469394414 ], [ -81.752451227275486, 52.256552265178776 ], [ -81.750986310832999, 52.256561592390106 ], [ -81.750989347688304, 52.256741388228896 ], [ -81.748938455036338, 52.256754415875903 ], [ -81.748935426472556, 52.256574619953184 ], [ -81.748349459225594, 52.256578335571319 ], [ -81.748352485420369, 52.256758131517977 ], [ -81.747766515677114, 52.256761844252146 ], [ -81.747769539534659, 52.256941640217093 ], [ -81.745718636140566, 52.256954611970428 ], [ -81.745715620574643, 52.256774815921915 ], [ -81.745126637094586, 52.256598719492516 ], [ -81.745120610859288, 52.25623912731966 ], [ -81.745413592479082, 52.256237277894613 ], [ -81.74541057822448, 52.256057481811659 ], [ -81.745703558628108, 52.256055631671565 ], [ -81.745990505848113, 52.255694188669395 ], [ -81.746576461758949, 52.255690484802123 ], [ -81.746573442861703, 52.255510688749979 ], [ -81.746866419585075, 52.255508835737857 ], [ -81.747153353839792, 52.255147389925369 ], [ -81.747739302390031, 52.255143680314198 ], [ -81.748026227201336, 52.254782232393964 ], [ -81.749195084919918, 52.254595005663703 ], [ -81.749481994366278, 52.25423355423063 ], [ -81.750360898614304, 52.254227971456864 ], [ -81.750357864574738, 52.254048175515216 ], [ -81.750943798211935, 52.254044450055474 ], [ -81.750940761835636, 52.253864654132187 ], [ -81.751233727422019, 52.253862790323971 ], [ -81.751230689893347, 52.253682994407058 ], [ -81.751523654263508, 52.253681129883951 ], [ -81.751810538903058, 52.253319672831275 ], [ -81.752396462746404, 52.253315940198675 ], [ -81.752683337943779, 52.252954481038984 ], [ -81.753562216267284, 52.252948874530027 ], [ -81.753559169424406, 52.252769078681162 ], [ -81.754145085778092, 52.252765337398245 ], [ -81.754142036598822, 52.252585541567846 ], [ -81.755020907336174, 52.252579924228129 ], [ -81.755023960068115, 52.252759720022325 ], [ -81.755612931233486, 52.252935767235144 ], [ -81.755609876100976, 52.252755971470712 ], [ -81.755902834069232, 52.252754096104603 ], [ -81.75618967709984, 52.252392628514194 ], [ -81.757364561222431, 52.252564912673485 ], [ -81.75736149904894, 52.252385116970345 ], [ -81.757944345320666, 52.25220156115271 ], [ -81.757938216397974, 52.251841969766694 ], [ -81.75823116818782, 52.251840088646219 ], [ -81.75822810259065, 52.251660292956885 ], [ -81.758521053164088, 52.251658411121674 ], [ -81.758807867871113, 52.251296937212551 ], [ -81.75939376412019, 52.251293169956497 ], [ -81.759692855135256, 52.251650876512507 ], [ -81.761157606872445, 52.251641441897149 ], [ -81.761444399974309, 52.25127996166519 ], [ -81.762323243426451, 52.251274290066476 ], [ -81.762326325536904, 52.251454085596961 ], [ -81.762619274473622, 52.251452193598212 ], [ -81.762622357800609, 52.251631989110855 ], [ -81.762915307889031, 52.251630096373077 ], [ -81.762918392432596, 52.2518098918679 ], [ -81.763211343672737, 52.251807998391101 ], [ -81.763214429432892, 52.251987793868103 ], [ -81.763803422345063, 52.252163800156488 ], [ -81.763809598764396, 52.252523391033471 ], [ -81.764102554643856, 52.252521495327287 ], [ -81.764096375856155, 52.25216190447474 ], [ -81.764389329334747, 52.252160008066127 ], [ -81.764676099386421, 52.251798520104458 ], [ -81.764969050431688, 52.251796622266603 ], [ -81.764972143296788, 52.251976417670313 ], [ -81.766140854287372, 52.251789023646815 ], [ -81.766143951889106, 52.251968819001569 ], [ -81.766732955992509, 52.252144810630732 ], [ -81.766742256195997, 52.25268419657074 ], [ -81.767035212934232, 52.252682293583732 ], [ -81.767041415601312, 52.253041884157703 ], [ -81.767334374675386, 52.253039980419295 ], [ -81.767331272141291, 52.252860185147391 ], [ -81.767624229998518, 52.252858280694383 ], [ -81.767621126312832, 52.252678485429101 ], [ -81.767914082953197, 52.252676580261493 ], [ -81.767910978115964, 52.252496785002855 ], [ -81.768203933539468, 52.252494879120668 ], [ -81.76849067461707, 52.252133382026535 ], [ -81.76966248638017, 52.252125748420127 ], [ -81.769949213215043, 52.251764247816737 ], [ -81.770828064490658, 52.251758512873394 ], [ -81.770824947975299, 52.251578717709535 ], [ -81.771703795403567, 52.251572976261635 ], [ -81.771700675368606, 52.251393181129146 ], [ -81.772286571121867, 52.251389349887738 ], [ -81.772283448751509, 52.25120955477427 ], [ -81.7734552351275, 52.251201883618954 ], [ -81.77345210805359, 52.25102208854927 ], [ -81.774916834363196, 52.251012483313538 ], [ -81.774913701401772, 52.250832688300093 ], [ -81.777843139707898, 52.25081342344162 ], [ -81.777839994938788, 52.250633628546616 ], [ -81.779304706932294, 52.250623968924266 ], [ -81.77930155627601, 52.250444174085857 ], [ -81.78018037952252, 52.250438369628199 ], [ -81.780183533730948, 52.250618164429227 ], [ -81.780769418097563, 52.250614291131839 ], [ -81.780766261521066, 52.25043449635578 ], [ -81.782523906719675, 52.250422859095373 ], [ -81.782520743072169, 52.250243064388606 ], [ -81.78310662217099, 52.250239179512455 ], [ -81.78310978818655, 52.25041897419419 ], [ -81.785746253138171, 52.250401456162543 ], [ -81.785743076466389, 52.250221661593649 ], [ -81.78691801447097, 52.250393651474035 ], [ -81.786908470347683, 52.24985426790127 ], [ -81.786615533616654, 52.249856220125864 ], [ -81.786602813323128, 52.249137041899509 ], [ -81.786309881294528, 52.249138993347039 ], [ -81.786306702488687, 52.248959198763771 ], [ -81.786013771610598, 52.24896114947196 ], [ -81.786010594022088, 52.248781354870488 ], [ -81.785717664294523, 52.248783304839371 ], [ -81.785714487923329, 52.248603510219681 ], [ -81.785421559346275, 52.248605459449259 ], [ -81.785122282829235, 52.248247818645567 ], [ -81.784536430243818, 52.2482517134208 ], [ -81.784539601812654, 52.248431508101966 ], [ -81.783367891506202, 52.248439288981693 ], [ -81.783371058372779, 52.248619083707332 ], [ -81.78249227174156, 52.248624911773874 ], [ -81.782495435089686, 52.248804706531402 ], [ -81.781909574801375, 52.248808588300342 ], [ -81.78190641382109, 52.248628793517788 ], [ -81.781027626691127, 52.248634610683069 ], [ -81.781030784119665, 52.248814405503097 ], [ -81.776636826235915, 52.248843393404805 ], [ -81.776633686566228, 52.248663598398061 ], [ -81.776044690051904, 52.248487656034719 ], [ -81.776038415613158, 52.248128065943376 ], [ -81.776331341700669, 52.248126140007031 ], [ -81.776617988712886, 52.247764623279679 ], [ -81.778372383565184, 52.247573253222775 ], [ -81.778659010418906, 52.247211731585729 ], [ -81.779244850127483, 52.247207866029505 ], [ -81.77924170010057, 52.247028071083889 ], [ -81.780410219655977, 52.24684053639934 ], [ -81.780696825234372, 52.246479009854475 ], [ -81.781575569845799, 52.24647319531892 ], [ -81.781572410481289, 52.246293400450497 ], [ -81.781865324101588, 52.246291460831095 ], [ -81.782151914324359, 52.24592993078123 ], [ -81.782737736663805, 52.245926047958982 ], [ -81.782734572664083, 52.245746253123642 ], [ -81.78302748260019, 52.245744310635018 ], [ -81.783314059868587, 52.245382777782162 ], [ -81.784192782275127, 52.245376943851369 ], [ -81.784479347706664, 52.245015408194547 ], [ -81.786529682016521, 52.245001765345236 ], [ -81.786526502795638, 52.244821970644701 ], [ -81.787991020381909, 52.244812204015652 ], [ -81.787987835276283, 52.244632409372379 ], [ -81.788573639709199, 52.24462849765942 ], [ -81.788570452269823, 52.244448703035708 ], [ -81.789742055998914, 52.244440870940529 ], [ -81.789738863858616, 52.24426107636161 ], [ -81.790324663154649, 52.244257155979462 ], [ -81.790611171470843, 52.243895605599434 ], [ -81.791196965830963, 52.243891680908042 ], [ -81.79120016382204, 52.244071475435078 ], [ -81.79149306213526, 52.244069511986801 ], [ -81.791792361232254, 52.244427136798464 ], [ -81.792378162424839, 52.244423206218144 ], [ -81.792381365251231, 52.244603000677621 ], [ -81.7929703739037, 52.244778861593922 ], [ -81.793276102730317, 52.245496071342018 ], [ -81.793569010276869, 52.245494102705933 ], [ -81.793855499997122, 52.245132544601773 ], [ -81.794441310186883, 52.245128603747027 ], [ -81.794438098973899, 52.244948809393257 ], [ -81.795902617939021, 52.24493894460354 ], [ -81.795905835070243, 52.245118738893773 ], [ -81.796494864319257, 52.245294582125034 ], [ -81.796514182224314, 52.24637334756126 ], [ -81.797392921402988, 52.246367415302075 ], [ -81.797396144723535, 52.246547209483474 ], [ -81.797689058899067, 52.246545230597633 ], [ -81.797692283437271, 52.246725024760636 ], [ -81.798281340993768, 52.246900858915218 ], [ -81.79828779497484, 52.247260447161935 ], [ -81.797994876132023, 52.24726242755218 ], [ -81.797708406636858, 52.247623995490855 ], [ -81.797122564046447, 52.247627952688774 ], [ -81.797125786420409, 52.247807746843357 ], [ -81.796832863890558, 52.247809724364991 ], [ -81.796845748989796, 52.24852890097781 ], [ -81.796552821690625, 52.248530877823647 ], [ -81.796565702596155, 52.249250054397017 ], [ -81.796272770527452, 52.249252030567042 ], [ -81.796275989654546, 52.249431824708999 ], [ -81.796568922907184, 52.249429848526255 ], [ -81.796575363630822, 52.249789436767763 ], [ -81.796868299217536, 52.249787459832781 ], [ -81.796874742444615, 52.250147048026221 ], [ -81.79775355610532, 52.250141112784171 ], [ -81.797750330922881, 52.249961318728516 ], [ -81.800090588432823, 52.249765665581059 ], [ -81.800087353846465, 52.249585871616226 ], [ -81.801255850335849, 52.249398130762586 ], [ -81.801542302169196, 52.249036554395033 ], [ -81.802128162681882, 52.249032575190604 ], [ -81.802124919944191, 52.248852781292847 ], [ -81.803003706905713, 52.248846807074059 ], [ -81.803000460650424, 52.248667013209129 ], [ -81.803879243753073, 52.248661032488165 ], [ -81.80387599398027, 52.248481238656098 ], [ -81.804461846843438, 52.248477247900802 ], [ -81.804458594737071, 52.248297454088792 ], [ -81.8076807700144, 52.248275453114857 ], [ -81.807684035143296, 52.248455246785149 ], [ -81.809441590647921, 52.248443209113212 ], [ -81.809438318415843, 52.248263415520462 ], [ -81.808559544369785, 52.248269437587936 ], [ -81.80855627572366, 52.248089643950749 ], [ -81.807384581249877, 52.248097663148194 ], [ -81.807381317373469, 52.247917869453694 ], [ -81.806792210823872, 52.247742080940327 ], [ -81.806782426606333, 52.247202699728568 ], [ -81.80707534442584, 52.247200697537217 ], [ -81.807072081904806, 52.247020903801555 ], [ -81.807364998506216, 52.247018900896407 ], [ -81.807361734835723, 52.246839107168 ], [ -81.807654650219064, 52.246837103549062 ], [ -81.807941033595043, 52.246475511781291 ], [ -81.808526859455057, 52.246471500961654 ], [ -81.808523591152593, 52.246291707267929 ], [ -81.808816502847336, 52.246289700781013 ], [ -81.808813233395526, 52.246109907094564 ], [ -81.809106143872185, 52.2461078998939 ], [ -81.809102873271044, 52.24592810621472 ], [ -81.80939578252962, 52.245926098300323 ], [ -81.80968214591995, 52.245564502335696 ], [ -81.810267959530336, 52.245560482925342 ], [ -81.810264684297721, 52.245380689280978 ], [ -81.810557589867599, 52.245378678498774 ], [ -81.810554313485753, 52.245198884861701 ], [ -81.810847217837548, 52.245196873365792 ], [ -81.811133564760027, 52.244835273903988 ], [ -81.811719368556751, 52.244831247330815 ], [ -81.8117160875438, 52.244651453728643 ], [ -81.812008988206827, 52.244649439365084 ], [ -81.812295322178585, 52.244287837105482 ], [ -81.81346362686773, 52.244099976041106 ], [ -81.813460338891446, 52.243920182494229 ], [ -81.813753234612918, 52.243918163822883 ], [ -81.813749945487658, 52.243738370283367 ], [ -81.814042839991004, 52.243736350898423 ], [ -81.814329151578875, 52.243374743742898 ], [ -81.815207827676389, 52.243368679126739 ], [ -81.815204532737326, 52.243188885635341 ], [ -81.815790314262145, 52.243184838950988 ], [ -81.81578701699074, 52.243005045479983 ], [ -81.81666568546747, 52.242998970043132 ], [ -81.816662384680328, 52.242819176605629 ], [ -81.817541049294292, 52.242813094668684 ], [ -81.817537744991455, 52.242633301264682 ], [ -81.819295066180345, 52.242621117851584 ], [ -81.819291754811559, 52.242441324520399 ], [ -81.820463296840927, 52.242433187765911 ], [ -81.820459980773222, 52.242253394481487 ], [ -81.821338633378957, 52.242247284325998 ], [ -81.821638159148833, 52.242604832612578 ], [ -81.822223932042078, 52.242600754037099 ], [ -81.822227255280239, 52.242780547231462 ], [ -81.822520142857925, 52.242778506840722 ], [ -81.822523467314483, 52.242958300016262 ], [ -81.823112571590372, 52.243134010172341 ], [ -81.82311589848382, 52.243313803310286 ], [ -81.822823007425626, 52.243315845193649 ], [ -81.822829658950454, 52.243675431478856 ], [ -81.823415445765889, 52.243671346932928 ], [ -81.823412117618972, 52.243491553819453 ], [ -81.8237050097907, 52.24348951046975 ], [ -81.823701680495262, 52.2433097173638 ], [ -81.82399457144848, 52.243307673300663 ], [ -81.823991241004563, 52.243127880202202 ], [ -81.824573687663133, 52.242943996844737 ], [ -81.824567022216542, 52.242584410672229 ], [ -81.824859908330808, 52.242582364482047 ], [ -81.824856574476641, 52.242402571400476 ], [ -81.825149459372412, 52.242400524496908 ], [ -81.825435671896258, 52.242038890739416 ], [ -81.826021436778802, 52.242034793352225 ], [ -81.826018098296174, 52.241855000306458 ], [ -81.8263109795014, 52.241852950536234 ], [ -81.826307639870492, 52.241673157497985 ], [ -81.826600519857223, 52.241671107014419 ], [ -81.826886715918889, 52.241309469763699 ], [ -81.827472470983238, 52.241305365216711 ], [ -81.827469126724267, 52.241125572214344 ], [ -81.828054879281297, 52.241121464787646 ], [ -81.828051532690822, 52.240941671806091 ], [ -81.828637282740459, 52.240937561499749 ], [ -81.828633933818523, 52.240757768539012 ], [ -81.829512555078949, 52.240751597670297 ], [ -81.82979872155731, 52.240389953428554 ], [ -81.830384464084347, 52.240385834483476 ], [ -81.830381108168353, 52.240206041585296 ], [ -81.8309668481877, 52.240201919760729 ], [ -81.830963489940459, 52.240022126883431 ], [ -81.831549227452072, 52.240018002179411 ], [ -81.831545866873626, 52.239838209323018 ], [ -81.832717336739776, 52.239829951250151 ], [ -81.832713971463718, 52.239650158441265 ], [ -81.833592569942212, 52.239643957298355 ], [ -81.833589201151838, 52.239464164523774 ], [ -81.835932119402869, 52.239447596283803 ], [ -81.835928741182244, 52.239267803610275 ], [ -81.835635877708242, 52.239269877169612 ], [ -81.83562912373992, 52.238910291778829 ], [ -81.835921984847545, 52.238908218246209 ], [ -81.835918606733472, 52.238728425555685 ], [ -81.836211466622416, 52.23872635130995 ], [ -81.836497565621599, 52.238364690993166 ], [ -81.83708328048921, 52.238360538922855 ], [ -81.837369370058866, 52.237998876511014 ], [ -81.839123108446088, 52.237806606095539 ], [ -81.839119717531062, 52.237626813518247 ], [ -81.842341091954268, 52.237603869844214 ], [ -81.842344495883253, 52.237783662273735 ], [ -81.842930202225304, 52.237779481226056 ], [ -81.842933608556251, 52.237959273622977 ], [ -81.843226462856677, 52.237957181996016 ], [ -81.84322987040656, 52.238136974373795 ], [ -81.843522725854257, 52.238134882006925 ], [ -81.843526134623062, 52.238314674365562 ], [ -81.843818991218072, 52.238312581258761 ], [ -81.843822401205841, 52.238492373598248 ], [ -81.844411529044436, 52.238667977485157 ], [ -81.844418353931886, 52.239027562081844 ], [ -81.844711215151889, 52.239025466741715 ], [ -81.844714628832605, 52.239205259018057 ], [ -81.845593215826796, 52.239198968598316 ], [ -81.845589798596549, 52.239019176362468 ], [ -81.846175520713388, 52.239014979143974 ], [ -81.846178940309983, 52.239194771352793 ], [ -81.847057526765141, 52.239188470035941 ], [ -81.847054103619001, 52.239008677867723 ], [ -81.8496898503913, 52.23898973480977 ], [ -81.849693284185975, 52.239169526855974 ], [ -81.851743315714501, 52.239154752589222 ], [ -81.85174675782757, 52.2393345445346 ], [ -81.8523324831623, 52.23933031675007 ], [ -81.852335927677927, 52.239510108662557 ], [ -81.853214518957998, 52.239503761496344 ], [ -81.853211070892812, 52.239323969624742 ], [ -81.852918208352207, 52.23932608605967 ], [ -81.852618454486404, 52.238968617953375 ], [ -81.85056843199942, 52.238983407380729 ], [ -81.850564994691339, 52.238803615369605 ], [ -81.848222119146513, 52.238820473875812 ], [ -81.848218691339753, 52.238640681750447 ], [ -81.847632974459245, 52.238644889085286 ], [ -81.847636399899699, 52.238824681237745 ], [ -81.846172101152732, 52.238835186929514 ], [ -81.846168681628029, 52.238655394709376 ], [ -81.845582964243818, 52.238659591873805 ], [ -81.845579547121346, 52.238479799620961 ], [ -81.844700974325079, 52.238486089878656 ], [ -81.844401291982322, 52.238128600547611 ], [ -81.843815581266128, 52.238132788913603 ], [ -81.843812171350038, 52.237952996562775 ], [ -81.843223055342619, 52.237777389612567 ], [ -81.843206018309672, 52.236878427610343 ], [ -81.843498865475894, 52.236876335337797 ], [ -81.843495456993722, 52.236696542933842 ], [ -81.843788302941093, 52.236694449948367 ], [ -81.843784893311764, 52.236514657552213 ], [ -81.844077738040284, 52.236512563853815 ], [ -81.844074327263797, 52.236332771465484 ], [ -81.844367170773467, 52.23633067705417 ], [ -81.844363758849852, 52.236150884673663 ], [ -81.84465660114067, 52.236148789549446 ], [ -81.844653188069969, 52.235968997176755 ], [ -81.844946029141937, 52.235966901339644 ], [ -81.844942614924136, 52.235787108974804 ], [ -81.845235454777267, 52.235785012424799 ], [ -81.845232039412423, 52.235605220067789 ], [ -81.845524878046717, 52.235603122804925 ], [ -81.845521461534844, 52.235423330455738 ], [ -81.845814298950287, 52.23542123248 ], [ -81.845810881291399, 52.235241440138672 ], [ -81.84610371748802, 52.235239341450082 ], [ -81.846389713707111, 52.234877657389539 ], [ -81.846975381188997, 52.234873456434599 ], [ -81.84697195890638, 52.234693664130376 ], [ -81.847264791410495, 52.234691562576899 ], [ -81.847550774689864, 52.23432987572577 ], [ -81.848136434786696, 52.23432566904124 ], [ -81.848133007880648, 52.234145876774186 ], [ -81.848425836692186, 52.234143772355957 ], [ -81.848422408639323, 52.233963980096775 ], [ -81.84871523623201, 52.233961874965757 ], [ -81.848711807032387, 52.233782082714484 ], [ -81.84900463340621, 52.233779976870707 ], [ -81.849290596721673, 52.233418285835285 ], [ -81.849876244557834, 52.233414070570362 ], [ -81.849872810735235, 52.233234278356363 ], [ -81.850165633416395, 52.233232169647998 ], [ -81.850162198447137, 52.233052377441901 ], [ -81.850455019909433, 52.233050268020818 ], [ -81.850451583793529, 52.232870475822651 ], [ -81.851033785799032, 52.232686462652055 ], [ -81.851026909016966, 52.232326878281732 ], [ -81.851319725639954, 52.232324766736113 ], [ -81.851316286120451, 52.232144974556043 ], [ -81.851609101524602, 52.232142862297735 ], [ -81.851605660858553, 52.231963070125602 ], [ -81.851898475043853, 52.231960957154627 ], [ -81.851895033231301, 52.231781164990437 ], [ -81.852187846197751, 52.231779051306788 ], [ -81.852184403238724, 52.231599259150521 ], [ -81.852766581409611, 52.231415237496954 ], [ -81.85275969094198, 52.231055653210582 ], [ -81.853052499069292, 52.231053537402616 ], [ -81.853038713838217, 52.230334368816344 ], [ -81.852745910441257, 52.230336484569811 ], [ -81.852742465406592, 52.230156692395433 ], [ -81.85244966315598, 52.23015880740904 ], [ -81.852446219340081, 52.229979015215378 ], [ -81.852153418235815, 52.229981129489133 ], [ -81.852149975638639, 52.229801337276186 ], [ -81.851560935490696, 52.229625771371943 ], [ -81.851547175068475, 52.228906602331918 ], [ -81.851839969150078, 52.228904489592274 ], [ -81.852125878471554, 52.228542791626829 ], [ -81.85271146172407, 52.228538562570989 ], [ -81.852714906432865, 52.228718354796385 ], [ -81.853007699187259, 52.22871623916555 ], [ -81.853011145114706, 52.228896031371654 ], [ -81.853303939015348, 52.228893915000988 ], [ -81.853307386161489, 52.229073707187794 ], [ -81.853896425766337, 52.229249264394461 ], [ -81.853906774625855, 52.229788640822015 ], [ -81.854199574330238, 52.229786522204527 ], [ -81.854203025205123, 52.229966314322063 ], [ -81.854792080146339, 52.230141866965681 ], [ -81.854478566131505, 52.229065234388599 ], [ -81.854771361033329, 52.22906311437329 ], [ -81.855057247453288, 52.22870140941626 ], [ -81.856817462993519, 52.228868461909521 ], [ -81.856814001694175, 52.228688669880981 ], [ -81.857396122522402, 52.228504625552837 ], [ -81.857389195375944, 52.228145041522154 ], [ -81.857681984002113, 52.22814291431331 ], [ -81.857678519301075, 52.227963122303159 ], [ -81.857971306708421, 52.227960994381846 ], [ -81.857967840861434, 52.227781202379745 ], [ -81.858260627049958, 52.227779073745964 ], [ -81.858546476887881, 52.227417360419608 ], [ -81.8597141388409, 52.227229043891093 ], [ -81.859710666045601, 52.227049251948621 ], [ -81.860003447285905, 52.227047119012767 ], [ -81.859999973344785, 52.226867327078359 ], [ -81.860292753366267, 52.2268651934301 ], [ -81.860578580849307, 52.226503475224817 ], [ -81.861164135980403, 52.226499204352606 ], [ -81.861449954041689, 52.226137484056245 ], [ -81.862035504224295, 52.226133208882288 ], [ -81.862028540192156, 52.225773625143631 ], [ -81.862321312864083, 52.225771486494999 ], [ -81.862317829720681, 52.225591694630936 ], [ -81.86261060117377, 52.22558955526997 ], [ -81.862896401684409, 52.22522783149288 ], [ -81.863481939678593, 52.225223549195576 ], [ -81.863478451916251, 52.225043757369619 ], [ -81.863771219676181, 52.225041615145606 ], [ -81.863764241897101, 52.22468203150428 ], [ -81.864057007256022, 52.224679888581775 ], [ -81.863757264264706, 52.224322447840265 ], [ -81.864050027259339, 52.224320304945365 ], [ -81.864046537316, 52.224140513118627 ], [ -81.865217584199115, 52.224131934333514 ], [ -81.865214089564006, 52.223952142556357 ], [ -81.865506850010888, 52.223949996058735 ], [ -81.86579261653263, 52.223588265319009 ], [ -81.866378132514271, 52.223583968748748 ], [ -81.866663889616149, 52.223222235918861 ], [ -81.867249400648845, 52.22321793504765 ], [ -81.867245897923027, 52.223038143338997 ], [ -81.867538652202128, 52.223035991828176 ], [ -81.867535148331086, 52.222856200127701 ], [ -81.867827901391323, 52.222854047904711 ], [ -81.867824396375099, 52.222674256212414 ], [ -81.86811714821647, 52.222672103277247 ], [ -81.868113642055064, 52.222492311593143 ], [ -81.868406392677599, 52.222490157945806 ], [ -81.868402885371026, 52.222310366269902 ], [ -81.86869563477471, 52.222308211910423 ], [ -81.86869212632304, 52.222128420242711 ], [ -81.868984874507859, 52.222126265171084 ], [ -81.868981364911079, 52.221946473511579 ], [ -81.869274111877061, 52.221944317727825 ], [ -81.869270601135199, 52.221764526076512 ], [ -81.869563346882316, 52.221762369580638 ], [ -81.869559834995414, 52.221582577937539 ], [ -81.870141809801183, 52.221398471174574 ], [ -81.870134781484268, 52.221038887915583 ], [ -81.870427522392944, 52.221036729297282 ], [ -81.870424007107971, 52.220856937673169 ], [ -81.870716746797811, 52.220854778342797 ], [ -81.871002451264118, 52.220493035076821 ], [ -81.871880662909717, 52.220486550635371 ], [ -81.872166355557439, 52.220124804581999 ], [ -81.873337294297258, 52.220116145704104 ], [ -81.873330240497268, 52.219756562671968 ], [ -81.873037508231519, 52.219758728452483 ], [ -81.873033982568899, 52.21957893691394 ], [ -81.872741251447891, 52.21958110195456 ], [ -81.872737727004136, 52.219401310396421 ], [ -81.872148744971412, 52.21922584668026 ], [ -81.872141700996082, 52.218866263479818 ], [ -81.872434427464071, 52.218864099946813 ], [ -81.872430904350196, 52.218684308352024 ], [ -81.873016354811597, 52.218679979136098 ], [ -81.873316133342016, 52.219037396539534 ], [ -81.873901588308073, 52.219033062912267 ], [ -81.873905117404831, 52.219212854425976 ], [ -81.874197846013999, 52.219210686509477 ], [ -81.874204906682309, 52.21957026949196 ], [ -81.874497637617949, 52.219568100821583 ], [ -81.874504700798255, 52.219927683753426 ], [ -81.874797434060397, 52.219925514329169 ], [ -81.874511764127007, 52.220287266662545 ], [ -81.875097235341471, 52.220282927032187 ], [ -81.875100769425202, 52.220462718450264 ], [ -81.875393506158588, 52.220460547532163 ], [ -81.875397041461312, 52.220640338930608 ], [ -81.875689779339396, 52.220638167272547 ], [ -81.875693315861156, 52.22081795865131 ], [ -81.876282332792229, 52.220993404474392 ], [ -81.87628941074918, 52.221352987147576 ], [ -81.876582153243277, 52.221350813255597 ], [ -81.876589233712835, 52.221710395878056 ], [ -81.876881978533575, 52.221708221232078 ], [ -81.87687843709827, 52.221528429937685 ], [ -81.877171180699861, 52.221526254579715 ], [ -81.877164095577058, 52.221166672001914 ], [ -81.876871354339286, 52.221168847331874 ], [ -81.876864271729175, 52.220809264703341 ], [ -81.876571532817962, 52.220811439279302 ], [ -81.876560912727456, 52.220272065251898 ], [ -81.876268177324604, 52.22027423905989 ], [ -81.876254022452002, 52.219555073554503 ], [ -81.875961291739202, 52.219557246580557 ], [ -81.875957754295811, 52.219377455176023 ], [ -81.875665024727638, 52.219379627462139 ], [ -81.875661488503169, 52.21919983603793 ], [ -81.87536876007961, 52.219202007584123 ], [ -81.875365225074049, 52.219022216140253 ], [ -81.875072497795102, 52.219024386946522 ], [ -81.875068964008449, 52.218844595482992 ], [ -81.874776237874116, 52.218846765549365 ], [ -81.874772705306327, 52.218666974066188 ], [ -81.874479980316607, 52.218669143392646 ], [ -81.874180194992434, 52.218311728953935 ], [ -81.874472917655837, 52.218309560381321 ], [ -81.874465855143498, 52.217949977347288 ], [ -81.875047762068334, 52.217765846582608 ], [ -81.875040695052007, 52.217406263570382 ], [ -81.875622592486494, 52.217222129996912 ], [ -81.875608449595106, 52.216502963993456 ], [ -81.875901160256433, 52.216500791931146 ], [ -81.875890549933303, 52.215961417410902 ], [ -81.876183257012798, 52.215959244664695 ], [ -81.876176181286809, 52.215599661650771 ], [ -81.8767580504379, 52.215415522549335 ], [ -81.877036588826329, 52.214694181716894 ], [ -81.877329287486603, 52.214692006165365 ], [ -81.877325745139444, 52.214512214677505 ], [ -81.877907595312607, 52.2143280699595 ], [ -81.877900506078745, 52.213968487011428 ], [ -81.878482346763363, 52.213784339485329 ], [ -81.87847525302746, 52.213424756559291 ], [ -81.879057084223803, 52.213240606225234 ], [ -81.879335572120652, 52.212519259930772 ], [ -81.879628256306319, 52.21251707874125 ], [ -81.879624704955432, 52.212337287297458 ], [ -81.87991738792249, 52.212335105396228 ], [ -81.879913835427644, 52.2121553139608 ], [ -81.880495644067167, 52.211971156596192 ], [ -81.880488534539083, 52.211611573753167 ], [ -81.880781212669106, 52.211609389730917 ], [ -81.880777656779856, 52.211429598314957 ], [ -81.881359452351035, 52.211245436727886 ], [ -81.881348777932416, 52.210706062513268 ], [ -81.881641450044313, 52.210703876384208 ], [ -81.881927001302003, 52.210342106747596 ], [ -81.882512340614113, 52.210337730917253 ], [ -81.88250877789956, 52.210157939545979 ], [ -81.882801446318339, 52.210155750556346 ], [ -81.882797882460082, 52.2099759591935 ], [ -81.883379650640009, 52.209791787725017 ], [ -81.883372518386352, 52.209432205027326 ], [ -81.88366518196834, 52.209430013917043 ], [ -81.883658047502408, 52.209070431224831 ], [ -81.883365386282563, 52.209072622306898 ], [ -81.883354688407849, 52.208533248183656 ], [ -81.883647346084587, 52.208531057143901 ], [ -81.883643779020275, 52.208351265772222 ], [ -81.883936435478532, 52.20834907402093 ], [ -81.883932867270701, 52.208169282657693 ], [ -81.884225522510462, 52.208167090194863 ], [ -81.884221953159127, 52.207987298840067 ], [ -81.884514607180421, 52.207985105665713 ], [ -81.884511036685595, 52.207805314319344 ], [ -81.884803689488393, 52.207803120433475 ], [ -81.884800117850148, 52.207623329095554 ], [ -81.885092769434465, 52.20762113449819 ], [ -81.885378273093536, 52.20725935653882 ], [ -81.886256220422908, 52.207252766300932 ], [ -81.886252642992616, 52.207072975016658 ], [ -81.886545290846328, 52.207070776833611 ], [ -81.886541712272717, 52.206890985557791 ], [ -81.886834358907919, 52.206888786663285 ], [ -81.886830779191001, 52.206708995395957 ], [ -81.887123424607722, 52.206706795790005 ], [ -81.887119843747527, 52.206527004531161 ], [ -81.887412487945738, 52.206524804213757 ], [ -81.887408905942294, 52.206345012963389 ], [ -81.88770154892201, 52.206342811934576 ], [ -81.887987023246694, 52.205981027719062 ], [ -81.88857230429447, 52.205976622090169 ], [ -81.8885651311044, 52.205617039663096 ], [ -81.888857769210134, 52.205614835788644 ], [ -81.889143229515639, 52.205253048795569 ], [ -81.889728500815394, 52.205248637475599 ], [ -81.889724909629123, 52.205068846298957 ], [ -81.89001754404164, 52.205066639564841 ], [ -81.890013951712334, 52.204886848396718 ], [ -81.890306584906355, 52.204884640951242 ], [ -81.890592028794245, 52.20452285048377 ], [ -81.89176255159559, 52.204514010657931 ], [ -81.891758952295149, 52.204334219558092 ], [ -81.892636840456987, 52.204327582113216 ], [ -81.892633237652234, 52.204147791050431 ], [ -81.893218493876162, 52.20414336248799 ], [ -81.893214888747849, 52.203963571448043 ], [ -81.89438539601835, 52.203954705673809 ], [ -81.894670800791431, 52.203592905462195 ], [ -81.895548673648292, 52.20358624642261 ], [ -81.895545059188322, 52.203406455479858 ], [ -81.896130305208416, 52.203402012521124 ], [ -81.89612668842517, 52.20322222160128 ], [ -81.896419310197572, 52.203219999047967 ], [ -81.896704693756959, 52.202858193969625 ], [ -81.897582551648298, 52.202851519866016 ], [ -81.897578929076005, 52.202671729000706 ], [ -81.897871547116424, 52.202669502862832 ], [ -81.898156915366016, 52.202307694309127 ], [ -81.898449530969103, 52.20230546674896 ], [ -81.898453157007026, 52.20248525758263 ], [ -81.899619993000513, 52.202296549253404 ], [ -81.899612731594502, 52.201936967683828 ], [ -81.89990534464593, 52.201934736524962 ], [ -81.900190691683633, 52.201572923105758 ], [ -81.900483302297673, 52.201570690524704 ], [ -81.900486936446896, 52.201750481280584 ], [ -81.901075796469954, 52.20192580463474 ], [ -81.901361133910711, 52.201563988428688 ], [ -81.902531575526396, 52.201555042144193 ], [ -81.902527933151788, 52.201375251483363 ], [ -81.903113151369098, 52.201370774017164 ], [ -81.903109506671768, 52.201190983379455 ], [ -81.903402114542516, 52.201188743572594 ], [ -81.903687428373274, 52.200826921805501 ], [ -81.90456524455783, 52.200820195942427 ], [ -81.904561594073101, 52.200640405359806 ], [ -81.904854198210828, 52.20063816196901 ], [ -81.904850546584001, 52.200458371395158 ], [ -81.905435752383482, 52.200453882466135 ], [ -81.905721045004555, 52.20009205583542 ], [ -81.907184046835056, 52.200080817335341 ], [ -81.907180385880096, 52.199901026860132 ], [ -81.907765583982396, 52.199896526411116 ], [ -81.908050854099017, 52.199534694217924 ], [ -81.909217571142577, 52.199345891438476 ], [ -81.909213902079003, 52.199166101041989 ], [ -81.9095064961584, 52.199163846160346 ], [ -81.90949915578625, 52.19880426537933 ], [ -81.910080666619194, 52.198619963127946 ], [ -81.910073321757196, 52.198260382370883 ], [ -81.910654823109269, 52.198076077317147 ], [ -81.910647473757706, 52.19771649658405 ], [ -81.91094005820193, 52.197714238191729 ], [ -81.910936382403818, 52.197534447831195 ], [ -81.911517870696017, 52.197350138562442 ], [ -81.911510514572058, 52.196990557871075 ], [ -81.911803094179561, 52.19698829736091 ], [ -81.911799414995343, 52.196808507021245 ], [ -81.912380890228164, 52.196624193537765 ], [ -81.912369845942479, 52.196084822554866 ], [ -81.912662419533248, 52.196082559941516 ], [ -81.912658737001905, 52.195902769617064 ], [ -81.912951309373881, 52.195900506292979 ], [ -81.912947625701122, 52.195720715977394 ], [ -81.913240196854304, 52.195718451942568 ], [ -81.913236512040143, 52.195538661635879 ], [ -81.913817964734591, 52.195354341136252 ], [ -81.914095780536115, 52.194632913823213 ], [ -81.914388344454068, 52.194630646974737 ], [ -81.914384655152048, 52.194450856692221 ], [ -81.914677217851235, 52.194448589133067 ], [ -81.914673527407984, 52.194268798859454 ], [ -81.915254957565608, 52.194084471344453 ], [ -81.915247572153021, 52.19372489082717 ], [ -81.91554013001597, 52.193722621150648 ], [ -81.915529048648153, 52.193183250375867 ], [ -81.91582160293251, 52.193180980017942 ], [ -81.915817908040921, 52.19300118976291 ], [ -81.916110461106541, 52.192998918694371 ], [ -81.916106765073863, 52.192819128448249 ], [ -81.916399316920774, 52.192816856669111 ], [ -81.916395619747021, 52.192637066431942 ], [ -81.916977021469904, 52.192452730513608 ], [ -81.916969622597151, 52.192093150069297 ], [ -81.917262169608065, 52.192090876173026 ], [ -81.91725846905014, 52.191911085956953 ], [ -81.917839857716984, 52.191726745825605 ], [ -81.91783245207624, 52.1913671654236 ], [ -81.918124994251258, 52.191364889410309 ], [ -81.918121290309429, 52.19118509921541 ], [ -81.918413831265781, 52.191182822491584 ], [ -81.91841012618309, 52.19100303230563 ], [ -81.918702665920748, 52.191000754871297 ], [ -81.91869895969721, 52.190820964694325 ], [ -81.919280328152126, 52.190636617526096 ], [ -81.919272911180769, 52.190277037202343 ], [ -81.919854270158936, 52.190092687233744 ], [ -81.91984684870252, 52.189733106934511 ], [ -81.920139379987404, 52.189730825977058 ], [ -81.920135668137988, 52.189551035833588 ], [ -81.920717014061708, 52.189366681652835 ], [ -81.920709585839234, 52.189007101396157 ], [ -81.921002112288534, 52.189004818322069 ], [ -81.920994681862879, 52.188645238071992 ], [ -81.921576012412487, 52.188460879703065 ], [ -81.921564860106258, 52.187921509356364 ], [ -81.921857379360972, 52.187919224195142 ], [ -81.921849942326276, 52.187559643964946 ], [ -81.922142459182865, 52.187557358108066 ], [ -81.922131300385203, 52.187017987764172 ], [ -81.922423813664224, 52.187015701226379 ], [ -81.922420092963648, 52.186835911115061 ], [ -81.923001394025064, 52.186651545806129 ], [ -81.922993948101507, 52.186291965613918 ], [ -81.923286456545426, 52.186289676959831 ], [ -81.923564064137011, 52.185568227245774 ], [ -81.923856567785094, 52.185565937200558 ], [ -81.923852841500207, 52.185386147117306 ], [ -81.924145343929766, 52.185383856361781 ], [ -81.924141616504642, 52.185204066287618 ], [ -81.924434117715705, 52.185201774821813 ], [ -81.924430389150373, 52.185021984756673 ], [ -81.924722889142927, 52.185019692580603 ], [ -81.924719159437416, 52.18483990252453 ], [ -81.925300424921346, 52.184655525994607 ], [ -81.925577990012471, 52.183934071546091 ], [ -81.925870482772467, 52.18393177655858 ], [ -81.925866748584895, 52.183751986527383 ], [ -81.92615924012641, 52.183749690829657 ], [ -81.926155504798814, 52.183569900807527 ], [ -81.926447995121862, 52.183567604399606 ], [ -81.926444258654243, 52.183387814386556 ], [ -81.927025498037324, 52.183203429436162 ], [ -81.927018020581471, 52.182843849440729 ], [ -81.927310506069901, 52.182841550917047 ], [ -81.92730676622169, 52.18266176092559 ], [ -81.927599250491667, 52.182659461691728 ], [ -81.92788425042707, 52.182297581792092 ], [ -81.928469214053919, 52.182292979758849 ], [ -81.928465469606934, 52.182113189809506 ], [ -81.928757950182245, 52.182110887720278 ], [ -81.929042937225688, 52.181749005049625 ], [ -81.929627893463092, 52.181744397305771 ], [ -81.929912871113004, 52.181382512556141 ], [ -81.930497822397783, 52.181377900522065 ], [ -81.930782790654405, 52.181016013693622 ], [ -81.931367736986431, 52.181011397369438 ], [ -81.93136398102412, 52.180831607528582 ], [ -81.93194892484027, 52.180826988334488 ], [ -81.931945166559331, 52.180647198517676 ], [ -81.932530107859563, 52.180642576453678 ], [ -81.932526347260008, 52.180462786660918 ], [ -81.9334037553771, 52.180455848172834 ], [ -81.933399991280012, 52.180276058419039 ], [ -81.93456986350003, 52.180266797012621 ], [ -81.934566094726463, 52.180087007312729 ], [ -81.934858561503574, 52.180084690163817 ], [ -81.935143486096791, 52.179722792932793 ], [ -81.936020878997851, 52.179715835051617 ], [ -81.936017104448226, 52.179536045409243 ], [ -81.936602030492878, 52.179531403227301 ], [ -81.936598253624993, 52.179351613609107 ], [ -81.937183177153116, 52.179346968557567 ], [ -81.937179397967043, 52.179167178963574 ], [ -81.938349239831297, 52.179157880221936 ], [ -81.938345455969227, 52.178978090682101 ], [ -81.938637915157088, 52.178975764199507 ], [ -81.93892280198466, 52.178613857955177 ], [ -81.939507715446027, 52.178609201425658 ], [ -81.939792592882327, 52.178247293103873 ], [ -81.940962409737423, 52.178237968567352 ], [ -81.940958615464339, 52.17805817913392 ], [ -81.941543521295216, 52.17805351254669 ], [ -81.941828378651252, 52.177691599371997 ], [ -81.942994377839099, 52.177502465375191 ], [ -81.9429905754738, 52.177322676024161 ], [ -81.943283023414679, 52.17732033807934 ], [ -81.943567861989706, 52.176958420750751 ], [ -81.944445198380166, 52.176951400483347 ], [ -81.944437582141532, 52.17659182189194 ], [ -81.944145139075516, 52.176594162675741 ], [ -81.944429966062827, 52.176232243277695 ], [ -81.94413752535425, 52.176234584031342 ], [ -81.944133718553573, 52.17605479470059 ], [ -81.942671520304941, 52.176066487521879 ], [ -81.942675321212079, 52.176246276927905 ], [ -81.94208664072606, 52.176071159576935 ], [ -81.942060051994702, 52.174812633364454 ], [ -81.942352483553478, 52.174810297804555 ], [ -81.942348684144179, 52.174630508337835 ], [ -81.942933544784836, 52.174625835073876 ], [ -81.942929743058244, 52.174446045631527 ], [ -81.943222172140082, 52.174443707927487 ], [ -81.943506993134278, 52.174081790657098 ], [ -81.9429221397248, 52.174086466729719 ], [ -81.942637313936473, 52.174448382610827 ], [ -81.941760026331792, 52.174455389200325 ], [ -81.94176382334399, 52.174635178702829 ], [ -81.941471392884083, 52.174637512798199 ], [ -81.941475188757536, 52.174817302310004 ], [ -81.940890325360954, 52.174821968356568 ], [ -81.940605478397572, 52.175183879389323 ], [ -81.939728175812803, 52.175190870939318 ], [ -81.939731964733923, 52.175370660524052 ], [ -81.939439529280762, 52.175372989606196 ], [ -81.939154667034714, 52.1757348971759 ], [ -81.938277353245411, 52.175741877989324 ], [ -81.937992479212511, 52.176103782786903 ], [ -81.93711515787443, 52.176110754992806 ], [ -81.937118936386, 52.176290544683788 ], [ -81.936534052938143, 52.176295189227027 ], [ -81.936537829131922, 52.176474978942203 ], [ -81.934786939925687, 52.176668685065636 ], [ -81.934502031630259, 52.177030581541985 ], [ -81.933624691184733, 52.177037527879214 ], [ -81.933628455749258, 52.177217317720782 ], [ -81.933336007676232, 52.177219631731795 ], [ -81.933051084096107, 52.177581524743594 ], [ -81.932466183037278, 52.17758614920109 ], [ -81.932469943005088, 52.177765939085099 ], [ -81.931885039430696, 52.177770560673054 ], [ -81.931888797080319, 52.177950350581121 ], [ -81.931011437886326, 52.177957277571402 ], [ -81.931015192038828, 52.17813706751835 ], [ -81.929845374512979, 52.178146293417115 ], [ -81.92956041666757, 52.178508178104927 ], [ -81.928975502874167, 52.178512785314901 ], [ -81.928979248892674, 52.178692575348627 ], [ -81.928686790758064, 52.178694877881163 ], [ -81.928694280555248, 52.179054457961143 ], [ -81.928401820023495, 52.179056759798456 ], [ -81.928124330087044, 52.179778221120991 ], [ -81.927831864760861, 52.1797805215678 ], [ -81.927546880232541, 52.180142401419786 ], [ -81.926961944667838, 52.180146998748185 ], [ -81.926676950746753, 52.180508876521081 ], [ -81.926092010230519, 52.18051346955923 ], [ -81.925807006916415, 52.180875345252872 ], [ -81.925222061448736, 52.180879934000693 ], [ -81.925225792650835, 52.181059724152632 ], [ -81.924933318679166, 52.181062017453939 ], [ -81.924937048741356, 52.18124180761496 ], [ -81.924355826065565, 52.181426182257127 ], [ -81.924078256266, 52.182147634154454 ], [ -81.923785775063067, 52.182149924644541 ], [ -81.923789500643679, 52.182329714830367 ], [ -81.923208259023582, 52.182514083874771 ], [ -81.923204535762181, 52.182334293665178 ], [ -81.922615849860279, 52.182159079355415 ], [ -81.922582363842452, 52.180540966896181 ], [ -81.922874834589962, 52.180538679438413 ], [ -81.922863669750171, 52.179999308560269 ], [ -81.923156136921548, 52.17999702042178 ], [ -81.923141246299693, 52.179277859230055 ], [ -81.923433708716075, 52.179275570425609 ], [ -81.923426261281804, 52.178915989825001 ], [ -81.923718721301213, 52.178913700325175 ], [ -81.923696372863432, 52.177834958475025 ], [ -81.923988825770408, 52.177832668338787 ], [ -81.923981374246353, 52.177473087705955 ], [ -81.923688923697043, 52.177475377812719 ], [ -81.923681474687086, 52.177115797127612 ], [ -81.923092856097696, 52.17694058472712 ], [ -81.923066802570787, 52.175682051903522 ], [ -81.922774363691858, 52.175684339688523 ], [ -81.922744600006354, 52.174246016001781 ], [ -81.922452170517587, 52.174248302944228 ], [ -81.922444732344005, 52.173888721936109 ], [ -81.922737159475602, 52.173886435023107 ], [ -81.922729719101071, 52.173526854021624 ], [ -81.923022143836477, 52.173524566413334 ], [ -81.923010980032004, 52.172985194912556 ], [ -81.92330340119274, 52.17298290662373 ], [ -81.923299678824208, 52.172803116126786 ], [ -81.923592098767344, 52.172800827127993 ], [ -81.923877069337607, 52.172438956452467 ], [ -81.922999816579164, 52.172445823360469 ], [ -81.92271483882071, 52.172807691950275 ], [ -81.92183757852257, 52.172814550250202 ], [ -81.92187846190437, 52.174792246212633 ], [ -81.922170895007113, 52.174789960675525 ], [ -81.922182049375806, 52.175329332137828 ], [ -81.922474485975485, 52.175327045831821 ], [ -81.922478205355134, 52.175506836293131 ], [ -81.922185767576778, 52.17550912261386 ], [ -81.922241545276364, 52.178205979070491 ], [ -81.9219490897772, 52.178208264887147 ], [ -81.921960242834643, 52.178747636068742 ], [ -81.921667783759744, 52.178749921204684 ], [ -81.921675216968708, 52.179109501993338 ], [ -81.922260139795171, 52.179104930937761 ], [ -81.922560041588611, 52.179462225000236 ], [ -81.922267577876042, 52.179464511644767 ], [ -81.922278735290234, 52.180003882662554 ], [ -81.92198626800166, 52.180006168626349 ], [ -81.921993704115025, 52.180365749305821 ], [ -81.921701234429406, 52.180368034574144 ], [ -81.921704951365612, 52.180547824920033 ], [ -81.921123724136336, 52.180732183680988 ], [ -81.92113115348765, 52.181091764403099 ], [ -81.920549916786868, 52.181276120364906 ], [ -81.92057219186151, 52.18235486253662 ], [ -81.920279709010785, 52.182357144342021 ], [ -81.920283420480501, 52.18253693469871 ], [ -81.919990936411637, 52.182539215793831 ], [ -81.919994646741131, 52.182719006159516 ], [ -81.919413384138224, 52.18290335659357 ], [ -81.919420800275176, 52.183262937355181 ], [ -81.919128311372646, 52.183265216334092 ], [ -81.919139432332372, 52.183804587477773 ], [ -81.91855815204093, 52.183988933747813 ], [ -81.918572971253511, 52.184708095287476 ], [ -81.918280472799992, 52.184710372208727 ], [ -81.918287880281028, 52.185069952973684 ], [ -81.917706579980077, 52.185254295102965 ], [ -81.917717684533727, 52.185793666278506 ], [ -81.917425178887342, 52.185795941112566 ], [ -81.917432579758625, 52.186155521897064 ], [ -81.917140071714542, 52.186157796035353 ], [ -81.917147470382375, 52.186517376826338 ], [ -81.916854959940565, 52.186519650268842 ], [ -81.916862356404863, 52.186879231066328 ], [ -81.916569843565284, 52.186881503813026 ], [ -81.916580935014508, 52.187420875010417 ], [ -81.915999597010213, 52.18760520883334 ], [ -81.916010681848078, 52.188144580050128 ], [ -81.915718160635365, 52.188146850723939 ], [ -81.915721854479344, 52.188326641132754 ], [ -81.915140501102002, 52.188510970766607 ], [ -81.915144192664371, 52.188690761193257 ], [ -81.915436717493421, 52.188688491925845 ], [ -81.915736630243217, 52.189045802711092 ], [ -81.915444103093705, 52.189048072732852 ], [ -81.915447795952034, 52.189227863127819 ], [ -81.91486273917738, 52.189232401025166 ], [ -81.914859048678338, 52.189052610600982 ], [ -81.91456652141251, 52.189054878447351 ], [ -81.914573900090048, 52.189414459319202 ], [ -81.914281370426195, 52.189416726469631 ], [ -81.913996214837425, 52.189778573802357 ], [ -81.913411150597383, 52.189783104535827 ], [ -81.913414835352995, 52.189962895010176 ], [ -81.913122301995216, 52.189965159303775 ], [ -81.913125985609838, 52.190144949787005 ], [ -81.912833451033677, 52.190147213370018 ], [ -81.912837133507253, 52.190327003862109 ], [ -81.912544597712696, 52.19032926673453 ], [ -81.912548279045239, 52.190509057235516 ], [ -81.912255742032286, 52.190511319397316 ], [ -81.912259422223713, 52.190691109907178 ], [ -81.911966883992363, 52.190693371358371 ], [ -81.911970563042715, 52.190873161877086 ], [ -81.91167802359297, 52.190875422617651 ], [ -81.911681701502189, 52.191055213145241 ], [ -81.911389160834048, 52.191057473175185 ], [ -81.911103971342428, 52.191419313576205 ], [ -81.910518885093978, 52.19142383006831 ], [ -81.910522558399833, 52.19160362063699 ], [ -81.910230014037907, 52.191605877809778 ], [ -81.909944811645587, 52.191967715435744 ], [ -81.90935971800964, 52.191972226213402 ], [ -81.909367055452606, 52.192331807427081 ], [ -81.909074506217124, 52.192334061757123 ], [ -81.909078173816525, 52.192513852369956 ], [ -81.908785623362633, 52.19251610598927 ], [ -81.908500403465055, 52.192877940149955 ], [ -81.907915297645218, 52.192882443820487 ], [ -81.907918960640544, 52.193062234474233 ], [ -81.907626406492994, 52.193064485236128 ], [ -81.907341173693325, 52.193426316621164 ], [ -81.906756060486259, 52.193430814576679 ], [ -81.906470818285456, 52.193792643879007 ], [ -81.905885700128039, 52.193797137540876 ], [ -81.905600448525874, 52.194158964760398 ], [ -81.905015325418219, 52.194163454128521 ], [ -81.905018976882815, 52.194343244887129 ], [ -81.904726414091456, 52.194345488497717 ], [ -81.904441149585935, 52.194707312940949 ], [ -81.903274532943158, 52.194896068173037 ], [ -81.902989253135374, 52.195257889143249 ], [ -81.902111546141455, 52.195264602784533 ], [ -81.902115186035374, 52.19544439365324 ], [ -81.901530045488073, 52.195448865816388 ], [ -81.901533683060038, 52.195628656708188 ], [ -81.900948539999717, 52.195633125998896 ], [ -81.900952175249657, 52.195812916913781 ], [ -81.900367029676374, 52.195817383331992 ], [ -81.900370662604246, 52.195997174269948 ], [ -81.899789145123833, 52.19618142877664 ], [ -81.899807298724625, 52.197080383496335 ], [ -81.900099879867781, 52.197078151999946 ], [ -81.900107143935486, 52.197437733819257 ], [ -81.900399727400952, 52.197435501568783 ], [ -81.900414260715209, 52.198154665081667 ], [ -81.900121672528741, 52.19815689738963 ], [ -81.900128937054262, 52.198516479140665 ], [ -81.899836346469044, 52.198518710751998 ], [ -81.899839977608721, 52.198698501633352 ], [ -81.899547385805064, 52.198700732533659 ], [ -81.899551015802558, 52.198880523423696 ], [ -81.899258422780434, 52.198882753612956 ], [ -81.899262051635716, 52.199062544511662 ], [ -81.898680489649152, 52.199246793664436 ], [ -81.898698622884154, 52.200145748187708 ], [ -81.898406021485073, 52.20014797630121 ], [ -81.898409647065932, 52.200327767203142 ], [ -81.897828065050717, 52.200512012207454 ], [ -81.89783531168105, 52.20087159404023 ], [ -81.897542705445957, 52.200873820034772 ], [ -81.897553572135422, 52.20141319278428 ], [ -81.897260962320814, 52.20141541809636 ], [ -81.89726458344623, 52.201595209015807 ], [ -81.89697197241307, 52.201597433616747 ], [ -81.896975592395989, 52.201777224544834 ], [ -81.896682980144277, 52.201779448434621 ], [ -81.896397603212264, 52.202141253495306 ], [ -81.895812373796616, 52.202145697704744 ], [ -81.895526987458126, 52.202507500680717 ], [ -81.894356518574781, 52.20251637760618 ], [ -81.894352909064978, 52.202336586572137 ], [ -81.893764069646167, 52.202161229585066 ], [ -81.893760462573297, 52.201981438511112 ], [ -81.894053076385163, 52.201979221861791 ], [ -81.894045859992033, 52.201619639725337 ], [ -81.893457031273925, 52.201444281136141 ], [ -81.893449819830224, 52.201084698908481 ], [ -81.893742427777369, 52.201082483055977 ], [ -81.893738820931858, 52.200902691947881 ], [ -81.894031427660622, 52.200900475384195 ], [ -81.894316816052239, 52.200538675918928 ], [ -81.894905636089931, 52.200714030283763 ], [ -81.894902024598366, 52.200534239221419 ], [ -81.895483619178194, 52.200350008582703 ], [ -81.89547639166301, 52.199990426486735 ], [ -81.895768992261978, 52.199988205641851 ], [ -81.895765377380926, 52.19980841459963 ], [ -81.896057976761483, 52.199806193043607 ], [ -81.89605436073802, 52.199626402010018 ], [ -81.89634695890021, 52.199624179742891 ], [ -81.896632320369903, 52.199262374723311 ], [ -81.895754532965583, 52.199269041438875 ], [ -81.895758147732721, 52.199448832498149 ], [ -81.89517295357922, 52.199453273376733 ], [ -81.894873134031428, 52.199095910517919 ], [ -81.893995349485053, 52.199102564133284 ], [ -81.894295162064424, 52.199459929254019 ], [ -81.894002564816972, 52.199462146428957 ], [ -81.89400617253979, 52.199641937568266 ], [ -81.89371357407407, 52.199644154032057 ], [ -81.893428186408158, 52.200005952089072 ], [ -81.893135585505874, 52.200008167130541 ], [ -81.893131981248501, 52.199828375959804 ], [ -81.892546781691195, 52.199832803837957 ], [ -81.892553985522113, 52.200192386230775 ], [ -81.892261383325874, 52.200194599110205 ], [ -81.891975980352299, 52.200556393691251 ], [ -81.891390771048933, 52.200560815879896 ], [ -81.891387173760677, 52.200381024640741 ], [ -81.889631552026785, 52.200394273710728 ], [ -81.889627961858949, 52.200214482380595 ], [ -81.889042756673376, 52.200218892905333 ], [ -81.88904634448032, 52.200398684263867 ], [ -81.888753740650543, 52.200400888452265 ], [ -81.888468307788187, 52.200762674672021 ], [ -81.887883095218456, 52.200767079478354 ], [ -81.887886678416535, 52.200946870876571 ], [ -81.887594070894721, 52.200949072205745 ], [ -81.88759765294995, 52.20112886361246 ], [ -81.887305044210009, 52.201131064230331 ], [ -81.887308625122344, 52.201310855645524 ], [ -81.887016015164292, 52.201313055552106 ], [ -81.887019594933719, 52.201492846975782 ], [ -81.886726983757541, 52.201495046171068 ], [ -81.886730562384045, 52.201674837603214 ], [ -81.886437949989727, 52.201677036087176 ], [ -81.886441527473281, 52.201856827527799 ], [ -81.88614891386085, 52.201859025300429 ], [ -81.886152490201425, 52.202038816749528 ], [ -81.885859875370841, 52.202041013810828 ], [ -81.885863450568422, 52.202220805268382 ], [ -81.885570834519712, 52.202223001618329 ], [ -81.885574408574257, 52.202402793084346 ], [ -81.88528179130742, 52.202404988722947 ], [ -81.885285364218902, 52.202584780197427 ], [ -81.884992745733939, 52.20258697512466 ], [ -81.884707268424563, 52.202948752314803 ], [ -81.884122026544603, 52.202953138598268 ], [ -81.88412559484614, 52.20313293011219 ], [ -81.883832972669296, 52.203135122179773 ], [ -81.883836539827669, 52.203314913702137 ], [ -81.883254857834757, 52.203499087233837 ], [ -81.883261987616166, 52.203858670306566 ], [ -81.882969360604235, 52.203860860254004 ], [ -81.882972924370407, 52.20404065179595 ], [ -81.882391229315033, 52.204224821106841 ], [ -81.882398352311625, 52.204584404218686 ], [ -81.881816647772979, 52.204768570723068 ], [ -81.881823766270983, 52.205128153857167 ], [ -81.881531130806792, 52.20513034027546 ], [ -81.881534688931097, 52.205310131848066 ], [ -81.881242052248737, 52.205312317554885 ], [ -81.881245609229623, 52.205492109135875 ], [ -81.880663888047806, 52.205676270004368 ], [ -81.880670997473061, 52.206035853194209 ], [ -81.880378355955344, 52.206038036780541 ], [ -81.880381909543132, 52.206217828381 ], [ -81.879800175297376, 52.206401985027888 ], [ -81.879521732008996, 52.207123332956456 ], [ -81.879229083256675, 52.207125513724684 ], [ -81.879232632344753, 52.207305305347248 ], [ -81.878650879129879, 52.207489456379847 ], [ -81.878657972768607, 52.207849039652714 ], [ -81.878365319180659, 52.207851218300178 ], [ -81.878368864874929, 52.20803100994214 ], [ -81.877787098594865, 52.208215156752487 ], [ -81.877794185445609, 52.208574740064073 ], [ -81.877501527021948, 52.208576916590673 ], [ -81.877508611659522, 52.208936499907566 ], [ -81.877215950836543, 52.208938675736526 ], [ -81.877223033260861, 52.209298259058713 ], [ -81.876930370038551, 52.20930043419002 ], [ -81.876937450249514, 52.209660017517507 ], [ -81.876644784627828, 52.209662191951132 ], [ -81.876651862625323, 52.210021775283906 ], [ -81.876359194604206, 52.210023949019842 ], [ -81.876362732477602, 52.210203740691703 ], [ -81.876655401679841, 52.21020156694177 ], [ -81.876658940771549, 52.210381358593963 ], [ -81.876366270388161, 52.210383532357881 ], [ -81.876376884342861, 52.210922907322363 ], [ -81.876084210378792, 52.210925080402561 ], [ -81.876087747256832, 52.211104872060027 ], [ -81.875795072074396, 52.211107044428488 ], [ -81.875798607808392, 52.21128683609426 ], [ -81.875505931407602, 52.211289007750977 ], [ -81.875509465997524, 52.211468799425056 ], [ -81.875216788378367, 52.211470970370023 ], [ -81.875220321824187, 52.211650762052393 ], [ -81.87463849523246, 52.211834893497716 ], [ -81.874645557584671, 52.212194476889962 ], [ -81.874352875129148, 52.212196645713583 ], [ -81.874356405179626, 52.212376437415145 ], [ -81.873774565519682, 52.212560564636853 ], [ -81.873781621080781, 52.212920148067433 ], [ -81.873488933788792, 52.212922314769607 ], [ -81.873492460443615, 52.213102106490325 ], [ -81.873199771933216, 52.213104272480656 ], [ -81.873203297443737, 52.213284064209653 ], [ -81.872621441133958, 52.213468185792074 ], [ -81.872628487614676, 52.213827769277437 ], [ -81.872335794267698, 52.213829933146158 ], [ -81.872642581020358, 52.214546936180035 ], [ -81.872349882947688, 52.214549100104513 ], [ -81.872064227037157, 52.214910846776114 ], [ -81.871186125397443, 52.214917332100683 ], [ -81.871182607823783, 52.214737540325281 ], [ -81.870597208908762, 52.214741860218034 ], [ -81.870600724119484, 52.214921652021253 ], [ -81.870308023425082, 52.214923810892792 ], [ -81.870311537491261, 52.215103602704254 ], [ -81.870018835578477, 52.215105760863857 ], [ -81.869733157145888, 52.215467501959097 ], [ -81.869147748409759, 52.215471814704685 ], [ -81.869151257860651, 52.215651606554665 ], [ -81.86885855225573, 52.215653761852579 ], [ -81.868862060561966, 52.215833553710759 ], [ -81.868569353738664, 52.215835708296702 ], [ -81.868283658875328, 52.216197445911611 ], [ -81.867698240318305, 52.216201751509679 ], [ -81.867701744008812, 52.2163815434063 ], [ -81.866823612352462, 52.216387996400989 ], [ -81.866537899765532, 52.216749729834497 ], [ -81.865952473677467, 52.216754026805205 ], [ -81.865955970388782, 52.216933818767892 ], [ -81.865374036175311, 52.217117904847385 ], [ -81.865381025055044, 52.217477488799638 ], [ -81.865088307155929, 52.217479634799702 ], [ -81.864802573520009, 52.2178413640587 ], [ -81.864217132811589, 52.217845652484556 ], [ -81.864213643006622, 52.217665860467356 ], [ -81.863920923779062, 52.217668003577629 ], [ -81.863917435192448, 52.217488211540967 ], [ -81.86332851280406, 52.217312703486272 ], [ -81.863331998990716, 52.217492495556208 ], [ -81.861579168639992, 52.217685122327254 ], [ -81.861582647809811, 52.217864914468485 ], [ -81.860997206295835, 52.217869186924368 ], [ -81.861000683138826, 52.218048979087442 ], [ -81.860122517048779, 52.218055382368156 ], [ -81.860125990383168, 52.218235174566786 ], [ -81.858955097025358, 52.218243702166518 ], [ -81.858669308555719, 52.218605416769165 ], [ -81.857791130954922, 52.218611802751276 ], [ -81.857794594944821, 52.21879159504266 ], [ -81.857209140665418, 52.218795848761808 ], [ -81.856923334469514, 52.21915755918036 ], [ -81.856630604875335, 52.219159684252475 ], [ -81.856627145539761, 52.218979891917677 ], [ -81.855456231526773, 52.218988384891929 ], [ -81.855459686135234, 52.219168177281411 ], [ -81.854874226547309, 52.219172419440206 ], [ -81.854877678828487, 52.219352211851358 ], [ -81.853999485629174, 52.219358569685888 ], [ -81.854002934401208, 52.219538362132297 ], [ -81.853417469723482, 52.219542597086161 ], [ -81.853424362648965, 52.219902182016519 ], [ -81.853717097369596, 52.219900064875297 ], [ -81.853723992803651, 52.220259649755697 ], [ -81.853431255719315, 52.220261766924182 ], [ -81.853434702308832, 52.220441559369519 ], [ -81.853141964006397, 52.220443675825663 ], [ -81.853138518598769, 52.220263883366705 ], [ -81.852845781441999, 52.220265999083239 ], [ -81.852546158269803, 52.219908529084378 ], [ -81.852253423404377, 52.219910643321732 ], [ -81.852256865194065, 52.220090435832894 ], [ -81.851671392991008, 52.22009466215691 ], [ -81.8516782719514, 52.220454247216658 ], [ -81.851385533431923, 52.22045635931692 ], [ -81.851388971784445, 52.220636151851878 ], [ -81.851096232046942, 52.220638263239749 ], [ -81.850810364359134, 52.22099995900895 ], [ -81.849642826817785, 52.22118818710473 ], [ -81.849646258223217, 52.221367979698535 ], [ -81.849353513541473, 52.221370086784745 ], [ -81.849356943801027, 52.221549879386465 ], [ -81.849064197901285, 52.221551985760243 ], [ -81.849067627014904, 52.221731778369843 ], [ -81.848774879897164, 52.221733884031167 ], [ -81.848488986350816, 52.222095574222912 ], [ -81.847610737581604, 52.222101884754011 ], [ -81.847617584241007, 52.222461470069057 ], [ -81.847324832215278, 52.222463572154446 ], [ -81.847038922228734, 52.222825258860297 ], [ -81.846453413269344, 52.222829459454999 ], [ -81.846456831996733, 52.223009252146802 ], [ -81.845578564742056, 52.223015547634049 ], [ -81.845292637024642, 52.22337723015238 ], [ -81.844707120541983, 52.223381422115501 ], [ -81.844710532284594, 52.22356121487136 ], [ -81.843832253745433, 52.223567497411032 ], [ -81.843546308296553, 52.223929175741361 ], [ -81.841793135880195, 52.224121509895575 ], [ -81.841796535944709, 52.224301302763457 ], [ -81.842089300472594, 52.224299214338302 ], [ -81.842096103073175, 52.224658800030184 ], [ -81.84238886992965, 52.224656710852045 ], [ -81.842395675037622, 52.225016296494353 ], [ -81.842102905816745, 52.2250183856994 ], [ -81.842113110200216, 52.225557764160719 ], [ -81.841820337396911, 52.225559852680028 ], [ -81.841823737747319, 52.225739645502578 ], [ -81.841530963726029, 52.225741733309199 ], [ -81.841244985747949, 52.226103406071601 ], [ -81.840656037104949, 52.225927785242988 ], [ -81.840642454690752, 52.22520861372638 ], [ -81.84034968407336, 52.225210698588228 ], [ -81.840346289741248, 52.2250309056815 ], [ -81.839760750763901, 52.225035073200011 ], [ -81.839757358831875, 52.224855280260769 ], [ -81.838586285178323, 52.224863606530882 ], [ -81.838589672381531, 52.225043399523756 ], [ -81.838004132976693, 52.225047558328974 ], [ -81.838007517851054, 52.225227351342951 ], [ -81.837421975939478, 52.225231507270507 ], [ -81.83742535848495, 52.225411300305602 ], [ -81.835083179959796, 52.225427895078113 ], [ -81.835093299435243, 52.225967274470008 ], [ -81.835682226967009, 52.226142923146121 ], [ -81.835688978261359, 52.226502509314358 ], [ -81.835396198763277, 52.226504581925717 ], [ -81.835399573281336, 52.226684375014678 ], [ -81.834817384003017, 52.226868311195609 ], [ -81.834544828817059, 52.227949140276209 ], [ -81.834252039718237, 52.227951210089607 ], [ -81.83425877989788, 52.228310796277967 ], [ -81.833965988398774, 52.228312865391842 ], [ -81.833969357359265, 52.22849265849085 ], [ -81.833676564642303, 52.228494726891846 ], [ -81.833679932455738, 52.228674519998521 ], [ -81.833387138520905, 52.228676587686621 ], [ -81.833101075553827, 52.229038240898134 ], [ -81.831929889859481, 52.229046501590091 ], [ -81.831926529070188, 52.228866708414913 ], [ -81.831337579987007, 52.228691041169611 ], [ -81.831320788571418, 52.227792075047631 ], [ -81.831613576841448, 52.227790012509388 ], [ -81.83189964402743, 52.227428362809668 ], [ -81.830728500335866, 52.227436611404045 ], [ -81.830731856113019, 52.22761640467764 ], [ -81.830439068919532, 52.227618465024072 ], [ -81.830442423549528, 52.22779825830527 ], [ -81.830149635138383, 52.227800317938787 ], [ -81.82986355132806, 52.228161963444578 ], [ -81.828695735371923, 52.228349985261779 ], [ -81.828699083048221, 52.228529778599864 ], [ -81.828406289696005, 52.228531833929217 ], [ -81.828120187036845, 52.228893475244476 ], [ -81.827241799568895, 52.228899634776042 ], [ -81.82724514143824, 52.229079428163274 ], [ -81.826952344362823, 52.229081479901247 ], [ -81.826955685084798, 52.229261273296039 ], [ -81.826662886791752, 52.229263324320996 ], [ -81.826666226366314, 52.229443117723335 ], [ -81.826373426855639, 52.229445168035284 ], [ -81.826376765282745, 52.229624961445161 ], [ -81.826083964554442, 52.229627011044066 ], [ -81.826087301834107, 52.229806804461496 ], [ -81.82579449988819, 52.229808853347372 ], [ -81.825508367841437, 52.230170488377652 ], [ -81.824922759044028, 52.230174582570953 ], [ -81.824929424388117, 52.230534169471689 ], [ -81.825222231169533, 52.230532122711807 ], [ -81.825528378485515, 52.231249248853743 ], [ -81.82523556700859, 52.231251296392642 ], [ -81.825238901055968, 52.231431089798704 ], [ -81.824946088361344, 52.231433136624503 ], [ -81.824659939100826, 52.231794769571891 ], [ -81.824074308805734, 52.231798859644769 ], [ -81.824070979419034, 52.231619066197318 ], [ -81.823778165401663, 52.231621110131151 ], [ -81.823771509098606, 52.231261523192956 ], [ -81.824353801903257, 52.231077641200415 ], [ -81.824347141079542, 52.230718054280928 ], [ -81.824054333010452, 52.230720098875203 ], [ -81.824057662222188, 52.230899892350948 ], [ -81.823764852935469, 52.230901936232129 ], [ -81.823768180999537, 52.231081729715378 ], [ -81.823475370495203, 52.231083772883458 ], [ -81.823478697411616, 52.231263566374189 ], [ -81.823185885689639, 52.231265608829148 ], [ -81.823189211458356, 52.231445402327388 ], [ -81.822896398518765, 52.231447444069211 ], [ -81.822899723139741, 52.231627237574948 ], [ -81.822606908982522, 52.231629278603641 ], [ -81.822610232455759, 52.23180907211686 ], [ -81.822027922813902, 52.231992945555497 ], [ -81.822031243991574, 52.232172739083666 ], [ -81.82232406176675, 52.232170699468149 ], [ -81.822334029057444, 52.232710079979327 ], [ -81.822041207734017, 52.232712119634257 ], [ -81.822044529051325, 52.232891913139802 ], [ -81.821751706510199, 52.232893952081554 ], [ -81.821748386375674, 52.232714158562871 ], [ -81.821162743554325, 52.232718234241155 ], [ -81.821166061323311, 52.232898027786078 ], [ -81.820873238677535, 52.232900064548872 ], [ -81.820876555298611, 52.233079858101263 ], [ -81.820583731435207, 52.233081894150835 ], [ -81.820587046908358, 52.233261687710687 ], [ -81.820294221827297, 52.233263723047045 ], [ -81.820008023030979, 52.233625344812211 ], [ -81.81942236796344, 52.23362941190566 ], [ -81.819428989690948, 52.23398899909057 ], [ -81.818846638303086, 52.234172856941136 ], [ -81.818853255507889, 52.234532444144463 ], [ -81.818560421938045, 52.23453447521441 ], [ -81.818563729409718, 52.234714268820653 ], [ -81.817978059799913, 52.234718328807574 ], [ -81.817981364940522, 52.234898122434323 ], [ -81.817688528900604, 52.234900151351297 ], [ -81.817691832893033, 52.235079944985458 ], [ -81.817106158343137, 52.235084000666397 ], [ -81.817109460004417, 52.235263794321028 ], [ -81.816816621494453, 52.235265821084994 ], [ -81.816819922007497, 52.235445614747007 ], [ -81.816527082279904, 52.235447640797631 ], [ -81.816530381644668, 52.235627434467034 ], [ -81.816237540699433, 52.235629459804315 ], [ -81.816240838915888, 52.235809253481122 ], [ -81.815947996752996, 52.235811278105047 ], [ -81.815661746360405, 52.236172889391348 ], [ -81.815076057129374, 52.236176935059312 ], [ -81.815079350717795, 52.236356728771277 ], [ -81.815372196533644, 52.236354706287479 ], [ -81.815378786180418, 52.236714293668392 ], [ -81.815085937998489, 52.236716316178246 ], [ -81.815089231690777, 52.23689610987325 ], [ -81.814503532856975, 52.236900152739729 ], [ -81.814506824217744, 52.237079946455104 ], [ -81.813332134774257, 52.236908229755535 ], [ -81.813335421402755, 52.237088023522936 ], [ -81.813042570612595, 52.237090040973818 ], [ -81.812756288416196, 52.237451645268074 ], [ -81.811877728636475, 52.237457691160664 ], [ -81.811881009453074, 52.237637484976034 ], [ -81.811588154941063, 52.237639498833651 ], [ -81.811591434609028, 52.237819292656333 ], [ -81.811884290304164, 52.237817278785755 ], [ -81.811894133064385, 52.238356660180962 ], [ -81.811601273819804, 52.238358674090463 ], [ -81.811604553625685, 52.238538467890535 ], [ -81.811311693163447, 52.238540481086531 ], [ -81.811012277822144, 52.238182905898398 ], [ -81.809837572318273, 52.238011154519057 ], [ -81.809840844956298, 52.23819094840816 ], [ -81.809255128316906, 52.238194965304245 ], [ -81.809258398623001, 52.238374759213585 ], [ -81.808672679479756, 52.23837877322967 ], [ -81.808675947453892, 52.238558567159203 ], [ -81.80750450402256, 52.238566586525373 ], [ -81.807507767298276, 52.238746380500906 ], [ -81.806922043010346, 52.238750385850935 ], [ -81.806925303953946, 52.238930179846605 ], [ -81.804289532313916, 52.238948168076824 ], [ -81.804286282019177, 52.238768373965293 ], [ -81.803700556978285, 52.238772363332735 ], [ -81.803697309084114, 52.238592569189855 ], [ -81.803111586273062, 52.238596555625698 ], [ -81.803108340779389, 52.238416761451489 ], [ -81.801644039070837, 52.238426714763605 ], [ -81.801640799527163, 52.238246920519629 ], [ -81.800469362279941, 52.238254870041565 ], [ -81.800466127502986, 52.238075075740753 ], [ -81.799001836094789, 52.238084996233688 ], [ -81.799005064955892, 52.238264790598407 ], [ -81.798126486154047, 52.238270734214844 ], [ -81.79812971149957, 52.238450528612191 ], [ -81.79783685064794, 52.238452508377485 ], [ -81.797840074844174, 52.238632302781944 ], [ -81.797254350672858, 52.238636260158565 ], [ -81.797257572536566, 52.238816054582863 ], [ -81.79696470921688, 52.238818032194196 ], [ -81.796967929931242, 52.238997826625578 ], [ -81.796675065394481, 52.238999803523143 ], [ -81.796678284959469, 52.239179597961609 ], [ -81.79638541920562, 52.23918157414542 ], [ -81.796388637621206, 52.23936136859097 ], [ -81.796095770650282, 52.239363344061012 ], [ -81.796098987916452, 52.239543138513625 ], [ -81.795806119728439, 52.239545113269884 ], [ -81.795519681407285, 52.239906676238803 ], [ -81.794641069439422, 52.239912594045244 ], [ -81.794647492375461, 52.240272183038051 ], [ -81.794940365431799, 52.240270211137016 ], [ -81.794943578133768, 52.240450005612232 ], [ -81.795529326511769, 52.240446059605183 ], [ -81.795526111443138, 52.24026626515537 ], [ -81.796111857319289, 52.240262316267618 ], [ -81.796108639917833, 52.2400825218376 ], [ -81.797280126530907, 52.24007461539474 ], [ -81.797276904430106, 52.239894821009983 ], [ -81.797862645166859, 52.239890863454917 ], [ -81.797859420733346, 52.239711069090006 ], [ -81.798738028034379, 52.239705127346831 ], [ -81.798734800084958, 52.239525333014548 ], [ -81.799613403530756, 52.239519384771093 ], [ -81.799616635029977, 52.239699179065063 ], [ -81.800495241719844, 52.239693224244718 ], [ -81.800498476802872, 52.239873018494684 ], [ -81.801084216792631, 52.239869044956315 ], [ -81.801080979343055, 52.239689250731956 ], [ -81.801373848103623, 52.239687262885802 ], [ -81.801660237300041, 52.239325685898677 ], [ -81.802245969917863, 52.239321706625098 ], [ -81.802249212032365, 52.239501500809531 ], [ -81.80283819139548, 52.239677312757451 ], [ -81.802851169797052, 52.240396489313468 ], [ -81.803144043086334, 52.240394497056954 ], [ -81.803157026767053, 52.241113673471219 ], [ -81.802864148744419, 52.241115665779063 ], [ -81.802577757999273, 52.241477245584932 ], [ -81.80169911652419, 52.24148321604649 ], [ -81.801702356680934, 52.241663010188738 ], [ -81.801116593160401, 52.241666986889292 ], [ -81.801113355370461, 52.241487192721429 ], [ -81.798770309394996, 52.241503070358959 ], [ -81.798773537717707, 52.241682864629091 ], [ -81.797602009181404, 52.241690786061554 ], [ -81.797605232804386, 52.241870580377068 ], [ -81.79614081545445, 52.241880465883668 ], [ -81.795854365029314, 52.242242029572168 ], [ -81.794975707011261, 52.24224795005388 ], [ -81.794978920084773, 52.242427744466987 ], [ -81.794100258212325, 52.242433658447595 ], [ -81.794103467769204, 52.242613452893131 ], [ -81.793517690651882, 52.242617391939348 ], [ -81.793520897875524, 52.242797186404609 ], [ -81.79234933850239, 52.242805055828647 ], [ -81.792352541025764, 52.242984850338964 ], [ -81.791766758770123, 52.242988780716743 ], [ -81.791769958960117, 52.24316857524672 ], [ -81.791184174202868, 52.243172502743398 ], [ -81.791187372059468, 52.243352297293029 ], [ -81.790601584800669, 52.243356221908577 ], [ -81.790604780323804, 52.243536016477847 ], [ -81.789726095633029, 52.243541897989488 ], [ -81.789729287639091, 52.243721692590988 ], [ -81.789436391491478, 52.243723651654257 ], [ -81.789439582347526, 52.243903446262742 ], [ -81.788853787584543, 52.243907362234658 ], [ -81.788856976106956, 52.24408715686269 ], [ -81.78827117884272, 52.244091069953321 ], [ -81.787971910250477, 52.243733436071338 ], [ -81.787386117519588, 52.243737344751835 ], [ -81.787389300090624, 52.243917139448527 ], [ -81.787096402491414, 52.243919092711437 ], [ -81.786809865366862, 52.244280634674439 ], [ -81.784469835000735, 52.244476023812382 ], [ -81.784473005869359, 52.244655818612081 ], [ -81.783887200500899, 52.244659709979004 ], [ -81.783890369035603, 52.244839504798129 ], [ -81.783304561166602, 52.244843393283531 ], [ -81.783307727367315, 52.245023188122055 ], [ -81.782721916997843, 52.245027073725865 ], [ -81.782725080864495, 52.245206868583765 ], [ -81.781846361509849, 52.24521269157708 ], [ -81.781849521858732, 52.245392486466869 ], [ -81.781263706422109, 52.245396364854081 ], [ -81.78126686443683, 52.245576159763203 ], [ -81.780388137481822, 52.245581971931486 ], [ -81.780391291978631, 52.245761766872398 ], [ -81.779219650839508, 52.245769506306544 ], [ -81.778933037727739, 52.246131029337889 ], [ -81.777761386456561, 52.246138754338034 ], [ -81.777764530399125, 52.246318549374081 ], [ -81.776592873864047, 52.246326262796927 ], [ -81.776596013104637, 52.246506057877014 ], [ -81.77571726680543, 52.246511835351093 ], [ -81.775720402527682, 52.246691630462749 ], [ -81.775427485844872, 52.246693554846438 ], [ -81.775433755020686, 52.247053145077636 ], [ -81.776022730093501, 52.247229090616301 ], [ -81.7760290042024, 52.247588680764061 ], [ -81.775736081633497, 52.247590605936459 ], [ -81.775742353506629, 52.247950196086443 ], [ -81.775449428537016, 52.24795212055691 ], [ -81.775452563339172, 52.248131915635845 ], [ -81.775159637152726, 52.248133839391961 ], [ -81.774872975900934, 52.24849535261184 ], [ -81.773994189941817, 52.248501117413817 ], [ -81.77399731892325, 52.248680912537736 ], [ -81.772825599114896, 52.248688588815313 ], [ -81.772828723393516, 52.248868383983037 ], [ -81.771364066974343, 52.24887796303971 ], [ -81.771367185366088, 52.249057758263511 ], [ -81.76990252220746, 52.249067319212735 ], [ -81.769905634712188, 52.249247114492476 ], [ -81.769319766851638, 52.2492509338094 ], [ -81.769322877021153, 52.249430729108099 ], [ -81.768737006661837, 52.249434545542528 ], [ -81.768733898860276, 52.249254750219229 ], [ -81.766976294102335, 52.24926618200621 ], [ -81.766689558921854, 52.249627675573059 ], [ -81.764935031061867, 52.249818872453787 ], [ -81.764938123569252, 52.249998667919513 ], [ -81.764352245127995, 52.250002462623918 ], [ -81.76435533529984, 52.250182258108438 ], [ -81.762890632708093, 52.25019173221159 ], [ -81.762893716992195, 52.250371527751504 ], [ -81.762307833360296, 52.250375312329545 ], [ -81.76230475144429, 52.250195516765267 ], [ -81.761425929305574, 52.250201188144757 ], [ -81.761429007669435, 52.250380983745593 ], [ -81.760843123713656, 52.250384761055592 ], [ -81.760846199741763, 52.250564556675123 ], [ -81.759967370013371, 52.250570217225544 ], [ -81.759970442521592, 52.250750012875891 ], [ -81.759384553506266, 52.250753782966399 ], [ -81.759387623678634, 52.250933578635404 ], [ -81.758215840524343, 52.250941110143167 ], [ -81.758218905992564, 52.251120905855046 ], [ -81.757633011853756, 52.251124667272229 ], [ -81.757636074985982, 52.251304463002697 ], [ -81.757053239146273, 52.251488017285851 ], [ -81.757050178350099, 52.251308221536789 ], [ -81.756461223189746, 52.251132181384676 ], [ -81.756455106494712, 52.250772589809998 ], [ -81.757037935487247, 52.250589038484229 ], [ -81.757031814248919, 52.250229446924138 ], [ -81.757324755478436, 52.250227568093131 ], [ -81.757321693723497, 52.250047772316726 ], [ -81.757904509627053, 52.249864216740711 ], [ -81.75789838154212, 52.249504625208175 ], [ -81.758191317938909, 52.249502744245227 ], [ -81.758188252760775, 52.249322948482629 ], [ -81.758481187941342, 52.249321066805017 ], [ -81.758475055313809, 52.24896147528716 ], [ -81.758767988094206, 52.248959592907006 ], [ -81.758752651169928, 52.248060614074355 ], [ -81.758459724309191, 52.248062496393878 ], [ -81.758179057419724, 52.248783561161019 ], [ -81.757886125758816, 52.248785442075494 ], [ -81.757889189656311, 52.248965237867132 ], [ -81.757596256779252, 52.248967118066957 ], [ -81.757599319524985, 52.249146913865054 ], [ -81.757306385431747, 52.24914879335023 ], [ -81.757309447025705, 52.249328589154793 ], [ -81.757016511716287, 52.24933046792529 ], [ -81.757019572158455, 52.249510263736326 ], [ -81.756726635632859, 52.249512141792138 ], [ -81.756439815319908, 52.249873610774721 ], [ -81.755853937371867, 52.249877363300783 ], [ -81.755573217016547, 52.250598421858115 ], [ -81.755280273226006, 52.250600296352459 ], [ -81.755283326788955, 52.250780092196564 ], [ -81.754990381782207, 52.250781965976167 ], [ -81.754993434193167, 52.250961761826709 ], [ -81.754700487970226, 52.250963634891555 ], [ -81.754703539229183, 52.251143430748535 ], [ -81.754120693241617, 52.251326970597333 ], [ -81.754126791183367, 52.251686562331365 ], [ -81.753833840127697, 52.251688433263944 ], [ -81.753836887962507, 52.251868229134558 ], [ -81.753543935690629, 52.251870099352345 ], [ -81.753546982373308, 52.252049895229369 ], [ -81.753254028885223, 52.252051764732357 ], [ -81.75296716408981, 52.252413225293807 ], [ -81.752381252216779, 52.252416960713632 ], [ -81.752384294258732, 52.252596756621912 ], [ -81.752091337090022, 52.252598623253547 ], [ -81.751804459332263, 52.252960081006066 ], [ -81.751511499731137, 52.252961946208003 ], [ -81.751508461177934, 52.252782150274932 ], [ -81.751215502729096, 52.252784014737983 ], [ -81.750916471974648, 52.252426286543098 ], [ -81.75033055965423, 52.252430011786849 ], [ -81.750043668614509, 52.252791465321465 ], [ -81.749457751365824, 52.252795186251966 ], [ -81.749460781629352, 52.252974982269023 ], [ -81.748581901964641, 52.252980558249142 ], [ -81.748294993161281, 52.253342007568392 ], [ -81.74712314356151, 52.253349429220364 ], [ -81.747126164446385, 52.253529225316207 ], [ -81.746540237087288, 52.253532931804735 ], [ -81.746543255635331, 52.25371272791881 ], [ -81.74537139579914, 52.253720132220842 ], [ -81.745374409641684, 52.253899928376995 ], [ -81.745081443419053, 52.253901777647179 ], [ -81.744794500207618, 52.254263218533502 ], [ -81.74332965661803, 52.254272450465223 ], [ -81.743332662265217, 52.254452246687762 ], [ -81.742746722239332, 52.254455934395807 ], [ -81.742459756461997, 52.254817369658923 ], [ -81.741290863881446, 52.255004529827886 ], [ -81.741003882738582, 52.255365961576743 ], [ -81.74012495412957, 52.255371474779913 ], [ -81.740121961352912, 52.255191678455077 ], [ -81.738367096062134, 52.255382481558733 ], [ -81.738672020217606, 52.256099834392415 ], [ -81.738379039056653, 52.256101667085417 ], [ -81.738092027180997, 52.256463091804626 ], [ -81.736627108903804, 52.256472240848211 ], [ -81.736630087686677, 52.256652037275302 ], [ -81.736044117787415, 52.256655691827447 ], [ -81.736041141373562, 52.256475895376816 ], [ -81.734283238032006, 52.256486841515226 ], [ -81.734286207338783, 52.256666638036364 ], [ -81.733700236939299, 52.25667028095684 ], [ -81.733401320217482, 52.256312508208289 ], [ -81.732232349379601, 52.256499578932612 ], [ -81.732229388395581, 52.256319782323779 ], [ -81.731643422297751, 52.256323415019693 ], [ -81.731640463713859, 52.256143618381834 ], [ -81.731054499860548, 52.256147248146469 ], [ -81.731051543676728, 52.255967451479606 ], [ -81.730172601217106, 52.255972890639256 ], [ -81.730175553847488, 52.256152687341157 ], [ -81.728124678730794, 52.256165353351477 ], [ -81.728121734391806, 52.255985556567978 ], [ -81.726949809810165, 52.255992778248284 ], [ -81.726946870240027, 52.255812981412639 ], [ -81.725188989547291, 52.255823792054457 ], [ -81.725186057114854, 52.255643995143537 ], [ -81.724307119905404, 52.255649390615694 ], [ -81.724310048784432, 52.255829187561361 ], [ -81.722552166427434, 52.255839958947149 ], [ -81.722549244655198, 52.255660161932106 ], [ -81.715224752570421, 52.255704760719674 ], [ -81.715221860440465, 52.255524963411681 ], [ -81.713466871634196, 52.255715396821103 ], [ -81.71346398661106, 52.255535599444599 ], [ -81.712585049286616, 52.255540907647088 ], [ -81.712587930756342, 52.255720705057783 ], [ -81.709951106487779, 52.255736590511674 ], [ -81.709663865202899, 52.256097946959187 ], [ -81.708784916038709, 52.256103226912195 ], [ -81.708782049906858, 52.255923429365019 ], [ -81.707317139953062, 52.25593221469056 ], [ -81.707322860401817, 52.256291809892467 ], [ -81.707029875951761, 52.256293564799257 ], [ -81.707032735036719, 52.256473362403085 ], [ -81.706739749372062, 52.256475116594203 ], [ -81.706452477199292, 52.256836465294334 ], [ -81.706159489105445, 52.256838218054057 ], [ -81.706156633513999, 52.256658420427563 ], [ -81.70586364657467, 52.256660172449003 ], [ -81.705564953250672, 52.25630232842849 ], [ -81.704978983960117, 52.256305828791291 ], [ -81.70469169851728, 52.256667173264809 ], [ -81.702933775532429, 52.256677652678697 ], [ -81.703232450293015, 52.257035503399869 ], [ -81.702939460684917, 52.257037248173845 ], [ -81.702652153949856, 52.257398587715954 ], [ -81.70235916191281, 52.257400331058378 ], [ -81.702356321631015, 52.257220533302373 ], [ -81.700598375889541, 52.25723097802237 ], [ -81.700601209063734, 52.257410775845649 ], [ -81.700015224542199, 52.257414251625285 ], [ -81.700012393737197, 52.25723445377961 ], [ -81.69942358305974, 52.257058128755155 ], [ -81.699417926336892, 52.256698532990974 ], [ -81.699124938710284, 52.256700268291524 ], [ -81.699122111578021, 52.256520470389837 ], [ -81.699415098020069, 52.256518735100471 ], [ -81.699702425518893, 52.256157403308606 ], [ -81.697065568060125, 52.256173001083148 ], [ -81.697068386841224, 52.256352799074179 ], [ -81.696189430267353, 52.256357985280054 ], [ -81.696192245524458, 52.256537783298896 ], [ -81.695020298273363, 52.256544688106686 ], [ -81.695023108821829, 52.256724486164387 ], [ -81.692093226781239, 52.25674169740509 ], [ -81.69209602551355, 52.256921495568065 ], [ -81.690338087768168, 52.256931787482742 ], [ -81.690340879422379, 52.257111585706383 ], [ -81.687410968986825, 52.257128680847053 ], [ -81.687413748824341, 52.257308479175229 ], [ -81.685948786586465, 52.257316999537466 ], [ -81.685951560530128, 52.257496797914932 ], [ -81.684776816270997, 52.257323802740913 ], [ -81.684489359689493, 52.257685098583075 ], [ -81.681559407880812, 52.257702048648511 ], [ -81.681562164113075, 52.257881847178716 ], [ -81.680976171033805, 52.257885228489215 ], [ -81.680978924925725, 52.258065027035585 ], [ -81.679806933681064, 52.258071780975669 ], [ -81.679809682863237, 52.258251579559939 ], [ -81.67922368469803, 52.258254952189475 ], [ -81.679226431539732, 52.258434750789881 ], [ -81.677175428759313, 52.258446532167156 ], [ -81.677178167336947, 52.258626330837835 ], [ -81.676299162158955, 52.258631369126213 ], [ -81.676301897211246, 52.258811167823744 ], [ -81.676008894242969, 52.258812845809892 ], [ -81.676011628139278, 52.258992644512631 ], [ -81.675425619747045, 52.258995998325368 ], [ -81.675428351302614, 52.259175797044094 ], [ -81.67367031832832, 52.259185841097384 ], [ -81.673673042804054, 52.259365639875213 ], [ -81.673087029213747, 52.259368982097925 ], [ -81.673089751348556, 52.259548780891663 ], [ -81.671334417836988, 52.259738589027059 ], [ -81.67104683628331, 52.26009985241668 ], [ -81.669874789002776, 52.260106507950489 ], [ -81.669877498219009, 52.260286306839909 ], [ -81.669291472038083, 52.260289630265639 ], [ -81.66929417891312, 52.260469429170847 ], [ -81.668122121470361, 52.260476067339845 ], [ -81.668124823634457, 52.260655866282207 ], [ -81.66724577669936, 52.260660837306325 ], [ -81.66724847533726, 52.260840636275127 ], [ -81.666662441535522, 52.260843946676971 ], [ -81.666665137832041, 52.261023745661475 ], [ -81.665786083362121, 52.261028705842818 ], [ -81.665788776132288, 52.261208504853677 ], [ -81.665202737307609, 52.261211808026893 ], [ -81.665205427736282, 52.261391607053433 ], [ -81.664619386428569, 52.261394907339408 ], [ -81.664622074515705, 52.261574706381587 ], [ -81.663449986821419, 52.261581298270372 ], [ -81.663452670197074, 52.261761097349435 ], [ -81.662866623810686, 52.261764388952194 ], [ -81.662869304844648, 52.261944188046861 ], [ -81.661990231498734, 52.2619491200292 ], [ -81.661992909006017, 52.262128919150015 ], [ -81.661406857597981, 52.262132203523663 ], [ -81.661409532763457, 52.262312002660046 ], [ -81.660530451885492, 52.262316923798558 ], [ -81.660533123524118, 52.262496722961032 ], [ -81.659361010553525, 52.262503274341015 ], [ -81.659073313752188, 52.262864508781753 ], [ -81.65819422153551, 52.262869412563198 ], [ -81.658196883778203, 52.263049211793209 ], [ -81.656731723598725, 52.263057370271348 ], [ -81.656734379944183, 52.263237169548326 ], [ -81.655562246557452, 52.263243683283562 ], [ -81.655564898190605, 52.263423482596892 ], [ -81.654978828959727, 52.263426735122351 ], [ -81.654981478250619, 52.263606534451043 ], [ -81.654102370640118, 52.26361140781669 ], [ -81.654105016403619, 52.263791207171167 ], [ -81.652935508843996, 52.263977494243775 ], [ -81.652647750251717, 52.264338713142116 ], [ -81.651475586864322, 52.264345186405137 ], [ -81.651478222072882, 52.264524985831152 ], [ -81.650892137842561, 52.264528218120191 ], [ -81.650894770708518, 52.264708017561425 ], [ -81.650015640599889, 52.264712860572033 ], [ -81.650018269938045, 52.264892660038868 ], [ -81.649432180690326, 52.264895885097253 ], [ -81.649434807685765, 52.265075684579273 ], [ -81.647093057650693, 52.265268355365805 ], [ -81.647095675219731, 52.265448154919547 ], [ -81.646509578309207, 52.265451365495359 ], [ -81.646512193535344, 52.265631165064178 ], [ -81.645337384158168, 52.265457777920005 ], [ -81.645339994643393, 52.265637577530136 ], [ -81.644753895032636, 52.265640779399604 ], [ -81.644756503174847, 52.265820579024776 ], [ -81.643291247741857, 52.265828571023015 ], [ -81.64329384998527, 52.266008370694074 ], [ -81.641828587941731, 52.266016344562246 ], [ -81.641831184286175, 52.266196144279085 ], [ -81.641245076906969, 52.266199328756016 ], [ -81.641242482933052, 52.266019529018678 ], [ -81.640363325215446, 52.266024300248837 ], [ -81.640365915633552, 52.266204100016921 ], [ -81.639193700220943, 52.266210451516358 ], [ -81.639196285925181, 52.26639025131977 ], [ -81.638024065336268, 52.266396591223746 ], [ -81.638026646326509, 52.266576391062415 ], [ -81.635682194364009, 52.266589036042632 ], [ -81.635684765898915, 52.266768835957173 ], [ -81.634805592410402, 52.266773565855111 ], [ -81.634808160416384, 52.266953365794528 ], [ -81.636566514261929, 52.266943899392103 ], [ -81.636569089406947, 52.267123699264921 ], [ -81.637157787052374, 52.267300337805622 ], [ -81.637160364622289, 52.267480137646885 ], [ -81.636576815004531, 52.267663098849802 ], [ -81.636880184543116, 52.268380717857262 ], [ -81.63805245772221, 52.268374389141165 ], [ -81.638055039011093, 52.268554188918252 ], [ -81.638643761495587, 52.268730819926908 ], [ -81.638648928951014, 52.269090419412265 ], [ -81.63835585600944, 52.269092004177772 ], [ -81.638358438592448, 52.269271803922265 ], [ -81.638065364438233, 52.269273387970635 ], [ -81.637777450762343, 52.269634570804655 ], [ -81.63719129757618, 52.269637735305423 ], [ -81.637193875498596, 52.269817535073926 ], [ -81.636607719832924, 52.26982069668562 ], [ -81.636610295411387, 52.270000496468889 ], [ -81.635437979012877, 52.270006811004585 ], [ -81.635440549876236, 52.270186610822954 ], [ -81.635147469523432, 52.270188187648607 ], [ -81.634859526209155, 52.27054936340744 ], [ -81.634273360626139, 52.270552513462484 ], [ -81.63398540785424, 52.270913687097973 ], [ -81.633106152082803, 52.270918404603783 ], [ -81.633103590596065, 52.270738604726667 ], [ -81.632517422318244, 52.270741746073334 ], [ -81.632514863229616, 52.270561946170375 ], [ -81.632221780235923, 52.270563515742509 ], [ -81.632229454025691, 52.271102915464922 ], [ -81.631936367448262, 52.271104484339986 ], [ -81.631648392095812, 52.271465652315058 ], [ -81.63076912500776, 52.271470352454244 ], [ -81.630771677117039, 52.271650152389832 ], [ -81.629601863274715, 52.271836209068958 ], [ -81.629313864209024, 52.272197371381637 ], [ -81.628434582249284, 52.272202054183666 ], [ -81.628146571326582, 52.272563213664831 ], [ -81.627267281931651, 52.272567887797941 ], [ -81.62726981997325, 52.272747687820669 ], [ -81.625804331185861, 52.272755463543817 ], [ -81.625806863325437, 52.27293526361106 ], [ -81.624927566175998, 52.272939920345607 ], [ -81.624639521945866, 52.273301071333243 ], [ -81.622880912540552, 52.273310360916199 ], [ -81.622883432902157, 52.273490161066512 ], [ -81.621711021358337, 52.2734963396124 ], [ -81.621713537003245, 52.273676139796926 ], [ -81.61907559881044, 52.273689999057723 ], [ -81.619073093837784, 52.273510198783903 ], [ -81.618193784189472, 52.273514805413335 ], [ -81.618191282800552, 52.273335005104229 ], [ -81.617898180717617, 52.273336539182559 ], [ -81.617895680540784, 52.273156738857985 ], [ -81.617602579617326, 52.273158272198962 ], [ -81.617600080652565, 52.27297847185892 ], [ -81.617306980888586, 52.272980004462553 ], [ -81.617304483135868, 52.27280020410705 ], [ -81.616715790545683, 52.272623466731417 ], [ -81.616708304638379, 52.272084065555347 ], [ -81.617001398526241, 52.272082534455933 ], [ -81.616996405681249, 52.271722933663682 ], [ -81.617580089880946, 52.27154006893727 ], [ -81.617575092450906, 52.271180468150938 ], [ -81.617868180331584, 52.271178934918638 ], [ -81.617865680470359, 52.270999134526953 ], [ -81.617279507053993, 52.271002200244411 ], [ -81.617282004543952, 52.271182000655834 ], [ -81.614937300343513, 52.271194234508371 ], [ -81.614939788374556, 52.271374034993038 ], [ -81.614060520310247, 52.271378610714983 ], [ -81.614063004810475, 52.271558411223531 ], [ -81.612890642282892, 52.271564502041585 ], [ -81.612888162525323, 52.271384701493787 ], [ -81.612595073013836, 52.271386222369948 ], [ -81.612592594467998, 52.271206421806752 ], [ -81.612299506116116, 52.271207941945718 ], [ -81.612297028781995, 52.271028141367154 ], [ -81.611708379434504, 52.270851378839531 ], [ -81.611698479947663, 52.270132176368691 ], [ -81.611991561238, 52.270130657743273 ], [ -81.611989085245796, 52.269950857121366 ], [ -81.612572767039964, 52.269768017100034 ], [ -81.612570288728762, 52.26958821648654 ], [ -81.611984133339547, 52.26959125586081 ], [ -81.611696005141027, 52.269952375737006 ], [ -81.611109844853388, 52.26995541078616 ], [ -81.611112317288871, 52.270135211437413 ], [ -81.610528624616407, 52.270318044261771 ], [ -81.610533564875041, 52.270677645575368 ], [ -81.610240479897868, 52.270679160593161 ], [ -81.610242948880554, 52.270858961251356 ], [ -81.609656776477081, 52.270861989124263 ], [ -81.609659243114464, 52.271041789796371 ], [ -81.608484431358846, 52.27086803614128 ], [ -81.608486893253712, 52.27104783685234 ], [ -81.607900718167883, 52.27105085601589 ], [ -81.60761254733967, 52.271411965970238 ], [ -81.606733277325461, 52.271416487136044 ], [ -81.606735732183978, 52.271596287888642 ], [ -81.606149549674029, 52.271599298381481 ], [ -81.606152002187017, 52.271779099147885 ], [ -81.605272724671536, 52.271783609460542 ], [ -81.604984527732569, 52.272144713036759 ], [ -81.604105242793793, 52.272149214678301 ], [ -81.604107687084095, 52.272329015495686 ], [ -81.603521494624886, 52.272332012972171 ], [ -81.603233279900024, 52.272693112295165 ], [ -81.602647082543726, 52.272696105445576 ], [ -81.602358858358457, 52.273057202641006 ], [ -81.601188886310439, 52.273242978265387 ], [ -81.601191318897023, 52.273422779145619 ], [ -81.600898215309172, 52.273424271030834 ], [ -81.600609972202363, 52.273785363970724 ], [ -81.600023760155537, 52.273788344142183 ], [ -81.600026188075518, 52.27396814504408 ], [ -81.600319295297552, 52.273966655312492 ], [ -81.600324153585859, 52.274326257080325 ], [ -81.60003104399209, 52.274327746831112 ], [ -81.600033471988695, 52.274507547716247 ], [ -81.599154139496562, 52.2745120126324 ], [ -81.599156563961031, 52.27469181354072 ], [ -81.598863451893394, 52.274693300400685 ], [ -81.598575184062071, 52.275054388371338 ], [ -81.597988955055726, 52.275057358492013 ], [ -81.597991374852981, 52.275237159421863 ], [ -81.597112027594775, 52.275241609175175 ], [ -81.597114443859653, 52.275421410128111 ], [ -81.596821326870128, 52.275422891933729 ], [ -81.596823741974461, 52.275602692890629 ], [ -81.596530623773546, 52.275604173978259 ], [ -81.596533037717322, 52.27578397493911 ], [ -81.596239918305059, 52.27578545530875 ], [ -81.595951622087171, 52.276146536893947 ], [ -81.59536537839179, 52.27614949403366 ], [ -81.595367787667712, 52.276329295015877 ], [ -81.595074664595984, 52.27633077250394 ], [ -81.595077072711234, 52.276510573490114 ], [ -81.594783948428145, 52.276512050260138 ], [ -81.594786355382695, 52.276691851250213 ], [ -81.594493229888243, 52.276693327302198 ], [ -81.594495635682065, 52.276873128296209 ], [ -81.594202508976252, 52.276874603630134 ], [ -81.594204913609332, 52.277054404628075 ], [ -81.593911785692157, 52.277055879243946 ], [ -81.593914189164451, 52.277235680245788 ], [ -81.593621060035929, 52.277237154143577 ], [ -81.593623462347409, 52.277416955149356 ], [ -81.593330332007525, 52.277418428329057 ], [ -81.593332733158192, 52.277598229338729 ], [ -81.593039601606932, 52.277599701800348 ], [ -81.593042001596757, 52.277779502813914 ], [ -81.592748868834136, 52.277780974557444 ], [ -81.592460531357133, 52.278142047621685 ], [ -81.59187426096122, 52.278144987508675 ], [ -81.591876656282182, 52.278324788543401 ], [ -81.591583519860279, 52.278326257404956 ], [ -81.591295169386001, 52.278687327629449 ], [ -81.590708891671596, 52.278690261752367 ], [ -81.590711282323397, 52.278870062808181 ], [ -81.590418142242271, 52.278871528787661 ], [ -81.590420531733031, 52.27905132984732 ], [ -81.590127390440543, 52.279052795108633 ], [ -81.590129778770233, 52.279232596172157 ], [ -81.589836636266398, 52.279234060715282 ], [ -81.589548265727259, 52.279595126678799 ], [ -81.588378067158246, 52.2797807758432 ], [ -81.588380448470829, 52.279960576940937 ], [ -81.588087301071496, 52.279962037155919 ], [ -81.587798911602306, 52.280323098859625 ], [ -81.587212611933325, 52.280326015688964 ], [ -81.586924212998753, 52.280687075262541 ], [ -81.586044756114944, 52.280691442922439 ], [ -81.58575634531708, 52.281052499656823 ], [ -81.58487688101583, 52.281056858640916 ], [ -81.584588458354446, 52.281417912535886 ], [ -81.583415829347004, 52.281423711491207 ], [ -81.583127392424188, 52.281784761837521 ], [ -81.581954753428803, 52.281790546313658 ], [ -81.581957108916001, 52.281970347555912 ], [ -81.580784464778418, 52.281976120426094 ], [ -81.580786815544698, 52.282155921699974 ], [ -81.580200490954581, 52.282158803787418 ], [ -81.580202839372703, 52.28233860507428 ], [ -81.578446199215236, 52.282527035264152 ], [ -81.578448540563983, 52.282706836595459 ], [ -81.580207536283069, 52.282698207631263 ], [ -81.580209884775329, 52.282878008901378 ], [ -81.580503051828586, 52.282876568184371 ], [ -81.580505401532022, 52.28305636943962 ], [ -81.581094090038505, 52.283233287034939 ], [ -81.581096442164437, 52.28341308826046 ], [ -81.580803271601141, 52.283414530460796 ], [ -81.580807973554187, 52.283774132913649 ], [ -81.581101146490553, 52.283772690694718 ], [ -81.581105850915662, 52.284132293106666 ], [ -81.581399026200387, 52.284130850141395 ], [ -81.581406086583456, 52.284670253689555 ], [ -81.581112907738955, 52.284671696682722 ], [ -81.581117612411589, 52.285031299038849 ], [ -81.580824431169091, 52.28503274132283 ], [ -81.580836187350499, 52.285931747161953 ], [ -81.580543000149945, 52.285933188764602 ], [ -81.580552400793536, 52.286652393372584 ], [ -81.58025920882136, 52.286653834284571 ], [ -81.580261557857341, 52.286833635431904 ], [ -81.57996836467369, 52.286835075625334 ], [ -81.57997071254762, 52.287014876776361 ], [ -81.579677518152508, 52.287016316251254 ], [ -81.57967986486436, 52.287196117405976 ], [ -81.579386669257758, 52.287197556162305 ], [ -81.579098162377093, 52.287558596520562 ], [ -81.57851176629336, 52.287561470431051 ], [ -81.578514108332044, 52.287741271606095 ], [ -81.578220909066374, 52.28774270747882 ], [ -81.578232613695135, 52.288641713316565 ], [ -81.57793940847057, 52.288643148507681 ], [ -81.577650880497728, 52.289004185303938 ], [ -81.577064465177941, 52.289007052083733 ], [ -81.577066801479191, 52.289186853260354 ], [ -81.576773592595487, 52.289188285567647 ], [ -81.57678293329856, 52.289907490255217 ], [ -81.576489719642481, 52.289908921871522 ], [ -81.576201171712867, 52.290269955107128 ], [ -81.575321523401755, 52.290274243460111 ], [ -81.57531919407495, 52.290094442261662 ], [ -81.574732764118963, 52.290097297505667 ], [ -81.574730437190638, 52.289917496283238 ], [ -81.574437223362892, 52.289918922804169 ], [ -81.574434897646029, 52.289739121566974 ], [ -81.574141684980788, 52.289740547350796 ], [ -81.574139360475357, 52.289560746098836 ], [ -81.573846148972606, 52.289562171145576 ], [ -81.573548293255683, 52.289203992907019 ], [ -81.571789037823066, 52.28921252342414 ], [ -81.571904815722959, 52.298202583413065 ], [ -81.572784621635549, 52.298198320056485 ] ], [ [ -81.619644541631146, 52.293466456942575 ], [ -81.615536758695612, 52.293308124278077 ], [ -81.615534266281557, 52.293128324485316 ], [ -81.614945310525528, 52.292951579711875 ], [ -81.614940330577141, 52.292591980059036 ], [ -81.612596975515402, 52.292783970790325 ], [ -81.612599456005512, 52.292963770692516 ], [ -81.612012992114202, 52.292966811157903 ], [ -81.612015470256097, 52.293146611074107 ], [ -81.61054930413583, 52.29315419954689 ], [ -81.610551776367899, 52.293333999506395 ], [ -81.610258541878565, 52.293335515026769 ], [ -81.610256070833671, 52.293155715057487 ], [ -81.609669604151364, 52.293158743894757 ], [ -81.609667135506811, 52.292978943900359 ], [ -81.609078204850633, 52.292802169786718 ], [ -81.609070806273579, 52.292262769694759 ], [ -81.609364033743958, 52.292261257144816 ], [ -81.609647387285619, 52.29154054374407 ], [ -81.609940609955714, 52.291539029777248 ], [ -81.609938140357912, 52.291359229742319 ], [ -81.610231361814968, 52.291357715057302 ], [ -81.610226420323258, 52.290998114990202 ], [ -81.610519639380243, 52.290996599596795 ], [ -81.610517167486378, 52.290816799564624 ], [ -81.610810385330325, 52.29081528345305 ], [ -81.610807912275476, 52.290635483425064 ], [ -81.611101128906398, 52.290633966595344 ], [ -81.611098654690565, 52.290454166571557 ], [ -81.611391870108477, 52.290452649023699 ], [ -81.611389394731702, 52.290272849004076 ], [ -81.611682608936576, 52.290271330738101 ], [ -81.611680132398902, 52.290091530722677 ], [ -81.611973345390751, 52.290090011738592 ], [ -81.611970867692179, 52.289910211727374 ], [ -81.612264079471004, 52.289908692025158 ], [ -81.612261600611546, 52.28972889201814 ], [ -81.612845540509852, 52.289546050456636 ], [ -81.612840578173774, 52.289186450453855 ], [ -81.612547371194808, 52.289187971572652 ], [ -81.612259121778209, 52.289549092005544 ], [ -81.611672702942229, 52.289552130642896 ], [ -81.611670226508792, 52.289372330605126 ], [ -81.611081335908807, 52.289195566248445 ], [ -81.611073913964304, 52.288656166026129 ], [ -81.610780710389591, 52.288657682748322 ], [ -81.61078812877345, 52.289197082999962 ], [ -81.610494921612087, 52.289198599023607 ], [ -81.610502336669427, 52.289737999254243 ], [ -81.610209125921287, 52.289739514579296 ], [ -81.610214067049, 52.290099114724647 ], [ -81.609920853900974, 52.290100629341332 ], [ -81.609923323316863, 52.290280429415375 ], [ -81.609339361636842, 52.290463256572515 ], [ -81.609344295850548, 52.29082285673168 ], [ -81.608760324648571, 52.291005681038371 ], [ -81.608765254269912, 52.291365281202992 ], [ -81.608472032683039, 52.291366792248319 ], [ -81.608183736047096, 52.291727902746921 ], [ -81.607597287995503, 52.291730921236777 ], [ -81.607599748148644, 52.291910721338446 ], [ -81.605547170843607, 52.291921263190609 ], [ -81.60525884680132, 52.292282366599508 ], [ -81.604085935316292, 52.292288371665641 ], [ -81.604088381301651, 52.292468171866879 ], [ -81.603208693856189, 52.292472668051857 ], [ -81.602920347207046, 52.292833765787201 ], [ -81.602040652330345, 52.292838253294391 ], [ -81.602043090082773, 52.293018053546405 ], [ -81.600870158472731, 52.293024026736155 ], [ -81.600867725468959, 52.292844226445638 ], [ -81.600281261884589, 52.292847208653406 ], [ -81.600283692514026, 52.293027008963115 ], [ -81.599110760289776, 52.293032964681267 ], [ -81.599108334408982, 52.29285316433316 ], [ -81.597935406524911, 52.292859108365249 ], [ -81.597932985418296, 52.292679307973259 ], [ -81.597053292799131, 52.292683758324863 ], [ -81.597050875279422, 52.292503957898603 ], [ -81.59646441578036, 52.292506921140692 ], [ -81.596466830925792, 52.292686721586058 ], [ -81.595000675797863, 52.292694116999463 ], [ -81.594998266588163, 52.292514316506448 ], [ -81.593825346777962, 52.29252021969554 ], [ -81.593827751239061, 52.292700020226611 ], [ -81.590308975136594, 52.292717660022205 ], [ -81.590306584921308, 52.292537859377461 ], [ -81.588547202633308, 52.292546639907826 ], [ -81.588544819566039, 52.292366839200923 ], [ -81.587665131644712, 52.292371219610217 ], [ -81.58766751115057, 52.29255102034535 ], [ -81.585028435351418, 52.29256412234723 ], [ -81.585026066529878, 52.29238432152767 ], [ -81.584437240918604, 52.292207424213338 ], [ -81.584425409180469, 52.291308419910294 ], [ -81.584718631664771, 52.291306968565642 ], [ -81.584711529359581, 52.290767565944876 ], [ -81.584122726477148, 52.290590666946706 ], [ -81.584110901794503, 52.289691662345724 ], [ -81.584404113620636, 52.289690211813145 ], [ -81.58468785662825, 52.288969556846212 ], [ -81.585271901150605, 52.28878685129456 ], [ -81.585264792770474, 52.288247448495504 ], [ -81.585848825424094, 52.288064740103685 ], [ -81.585844081931228, 52.287705138236042 ], [ -81.586137280552052, 52.287703683439183 ], [ -81.586134907656245, 52.287523882506349 ], [ -81.586718927204913, 52.28734116982821 ], [ -81.586714176791034, 52.286981567972191 ], [ -81.58700737058976, 52.28698011102933 ], [ -81.587000241596158, 52.286440708231602 ], [ -81.587293431809627, 52.28643925058909 ], [ -81.587291054341719, 52.286259449654736 ], [ -81.587875052503861, 52.286076731283934 ], [ -81.587870292946377, 52.285717129424924 ], [ -81.588454281589989, 52.285534408201393 ], [ -81.588449517436146, 52.285174806346518 ], [ -81.588742699217647, 52.285173345130836 ], [ -81.588740315991686, 52.28499354420444 ], [ -81.589033496561484, 52.284992082270414 ], [ -81.589031112173984, 52.284812281347861 ], [ -81.589324291532066, 52.284810818695462 ], [ -81.589321905983056, 52.284631017776739 ], [ -81.589615084129449, 52.28462955440601 ], [ -81.589612697418943, 52.284449753491131 ], [ -81.589905874353605, 52.284448289402071 ], [ -81.589903486481646, 52.284268488491044 ], [ -81.590196662204619, 52.284267023683654 ], [ -81.590194273171221, 52.284087222776492 ], [ -81.590778230787222, 52.283904490103467 ], [ -81.590773448099952, 52.283544888298991 ], [ -81.591066619001268, 52.283543421346145 ], [ -81.591064226508877, 52.283363620444987 ], [ -81.591357396198518, 52.283362152773854 ], [ -81.591645776207699, 52.283001082593749 ], [ -81.592232110715003, 52.282998143650687 ], [ -81.592229713552214, 52.282818342770625 ], [ -81.592813646075186, 52.282635600068943 ], [ -81.592811246589946, 52.282455799196683 ], [ -81.592518082958733, 52.282457270459084 ], [ -81.592515684685182, 52.282277469571746 ], [ -81.591926963844486, 52.282100608982603 ], [ -81.591924567994212, 52.281920808065152 ], [ -81.59221772811658, 52.281919338286578 ], [ -81.592212934118891, 52.281559736453865 ], [ -81.592506091843262, 52.281558265966567 ], [ -81.592501295573697, 52.281198664130464 ], [ -81.592794450900087, 52.281197192934421 ], [ -81.593082805287239, 52.280836119190205 ], [ -81.593669111068365, 52.280833173197706 ], [ -81.593664305510117, 52.280473571392818 ], [ -81.593957455990136, 52.280472097324072 ], [ -81.593955052062611, 52.280292296422758 ], [ -81.594248201331055, 52.280290821635845 ], [ -81.594245796242546, 52.280111020738445 ], [ -81.594538944299373, 52.280109545233394 ], [ -81.594536538049908, 52.279929744339917 ], [ -81.594829684895146, 52.27992826811672 ], [ -81.594827277484725, 52.279748467227165 ], [ -81.595120423118374, 52.279746990285858 ], [ -81.595408749236881, 52.279385910859119 ], [ -81.595995035632455, 52.279382953376413 ], [ -81.595990211499185, 52.2790233516344 ], [ -81.596283352286491, 52.279021871820667 ], [ -81.596571664271877, 52.278660789553115 ], [ -81.597157940974711, 52.278657826325748 ], [ -81.597155524252216, 52.278478025473376 ], [ -81.597448661379318, 52.278476542777824 ], [ -81.597446243496094, 52.278296741929402 ], [ -81.597739379411607, 52.278295258515818 ], [ -81.597736960367669, 52.278115457671362 ], [ -81.598030095071579, 52.278113973539739 ], [ -81.59802767486697, 52.277934172699275 ], [ -81.59832080835929, 52.277932687849628 ], [ -81.598318386994023, 52.277752887013129 ], [ -81.598611519274755, 52.277751401445457 ], [ -81.598609096748831, 52.277571600612951 ], [ -81.598902227817973, 52.277570114327283 ], [ -81.598899804131463, 52.277390313498763 ], [ -81.599192933989002, 52.277388826495091 ], [ -81.599190509141906, 52.277209025670565 ], [ -81.599483637787856, 52.277207537948897 ], [ -81.599481211780201, 52.277027737128385 ], [ -81.599774339214548, 52.277026248688735 ], [ -81.600062609940437, 52.276665157902087 ], [ -81.600648859937237, 52.276662177423383 ], [ -81.600646429262014, 52.2764823766245 ], [ -81.600939553036042, 52.276480885303407 ], [ -81.600937121200388, 52.276301084508539 ], [ -81.601230243762799, 52.276299592469513 ], [ -81.601518497961081, 52.275938498134927 ], [ -81.602104738213896, 52.27593551045765 ], [ -81.602099865233896, 52.275575908905786 ], [ -81.602392982949908, 52.275574413995095 ], [ -81.602390545312403, 52.275394613220406 ], [ -81.602683661816826, 52.27539311759184 ], [ -81.6029718983538, 52.275032019708178 ], [ -81.603851240520427, 52.275027526332671 ], [ -81.603848797030281, 52.274847725589439 ], [ -81.604435022641027, 52.274844726387549 ], [ -81.604432576804797, 52.274664925658065 ], [ -81.605311911470196, 52.274660421427924 ], [ -81.605309462102042, 52.274480620721874 ], [ -81.606481903218238, 52.274474604935421 ], [ -81.606770102915078, 52.274113497838123 ], [ -81.608526287093852, 52.27392464746913 ], [ -81.608523824784584, 52.273744846847499 ], [ -81.609110035338773, 52.273741824482244 ], [ -81.609107570683761, 52.273562023874497 ], [ -81.60998688276311, 52.273557484899762 ], [ -81.609984414576616, 52.273377684315662 ], [ -81.610570620128087, 52.273374654714686 ], [ -81.610568149595977, 52.273194854144521 ], [ -81.612326758511486, 52.273185747941021 ], [ -81.612324280890689, 52.273005947423947 ], [ -81.612910481282583, 52.273002906222672 ], [ -81.612912961274944, 52.273182706720149 ], [ -81.613499163934037, 52.273179662589442 ], [ -81.613501646324067, 52.273359463061723 ], [ -81.614674056071934, 52.273353366031493 ], [ -81.614676543231283, 52.273533166458904 ], [ -81.61496964678868, 52.273531640372852 ], [ -81.615267729460356, 52.273889714358006 ], [ -81.615853941187453, 52.273886658509184 ], [ -81.615856433168645, 52.274066458880448 ], [ -81.616149540178711, 52.274064929854966 ], [ -81.616152033371975, 52.274244730210789 ], [ -81.616445141541675, 52.274243200447962 ], [ -81.616447635947011, 52.274423000788339 ], [ -81.616740745276303, 52.274421470288161 ], [ -81.616743240893769, 52.274601270613083 ], [ -81.617036351382708, 52.274599739375553 ], [ -81.617038848212303, 52.274779539685028 ], [ -81.617331959860834, 52.274778007710125 ], [ -81.617630069964719, 52.275136075570387 ], [ -81.618216297873957, 52.275133007943552 ], [ -81.618218799526048, 52.275312808196745 ], [ -81.618807533752118, 52.275489537867891 ], [ -81.618812541931675, 52.275849138306718 ], [ -81.618519423299119, 52.275850673978489 ], [ -81.618521926242437, 52.276030474199402 ], [ -81.618228806397553, 52.276032009153532 ], [ -81.61794068774806, 52.27639314384475 ], [ -81.616768198512403, 52.276399273554794 ], [ -81.616773190351211, 52.276758874076037 ], [ -81.616480065604591, 52.276760404704419 ], [ -81.616485055176355, 52.277120005223018 ], [ -81.616191928031412, 52.277121535143564 ], [ -81.616196915336033, 52.277481135659514 ], [ -81.61590378579271, 52.277482664872196 ], [ -81.615908770830103, 52.277842265385502 ], [ -81.615615638888372, 52.277843793890312 ], [ -81.615620621658408, 52.278203394400947 ], [ -81.615327487318254, 52.278204922197858 ], [ -81.615332467820863, 52.278564522705814 ], [ -81.615039331082201, 52.278566049794833 ], [ -81.615056755363284, 52.279824651465447 ], [ -81.614763610295043, 52.279826177895707 ], [ -81.614788492488316, 52.281624179905464 ], [ -81.614495335530847, 52.281625705706396 ], [ -81.61450279714019, 52.282165106229805 ], [ -81.6150866285452, 52.281982253692028 ], [ -81.615384769426214, 52.282340326689216 ], [ -81.615091607775554, 52.282341853984875 ], [ -81.615094097430031, 52.282521654122895 ], [ -81.614800934566745, 52.282523180700693 ], [ -81.614798446098703, 52.282343380552831 ], [ -81.614214608761642, 52.282526231673174 ], [ -81.614224553404043, 52.283245432287387 ], [ -81.613931385716427, 52.283246956721371 ], [ -81.613936355821593, 52.283606557014558 ], [ -81.613643185734844, 52.28360808074045 ], [ -81.613648153571575, 52.28396768103093 ], [ -81.614527670872491, 52.283963107611122 ], [ -81.614825820687415, 52.284321181871888 ], [ -81.614532645933011, 52.284322707820309 ], [ -81.614535133502542, 52.2845025079165 ], [ -81.613948781542135, 52.284505557649744 ], [ -81.613660573620791, 52.28486668165931 ], [ -81.61307421675717, 52.284869727065271 ], [ -81.613071735068246, 52.284689926931144 ], [ -81.612487859789113, 52.284872769560138 ], [ -81.612492818498907, 52.285232369850839 ], [ -81.612199637602515, 52.28523389002622 ], [ -81.612207072302979, 52.285773290449711 ], [ -81.611913887820592, 52.285774809926693 ], [ -81.612216985601989, 52.286492490936105 ], [ -81.611923796372878, 52.286494010452245 ], [ -81.611926273576103, 52.286673810569667 ], [ -81.611342367522113, 52.286856647569508 ], [ -81.61135226720593, 52.287575848039211 ], [ -81.611645463607644, 52.287574329919963 ], [ -81.611933705342224, 52.287213210888382 ], [ -81.61252009326823, 52.287210171049914 ], [ -81.612517613613292, 52.287030370968857 ], [ -81.613101517059093, 52.286847528171641 ], [ -81.613089107439222, 52.285948527752588 ], [ -81.61338229300388, 52.285947005354629 ], [ -81.613377326965434, 52.285587405167512 ], [ -81.613961207916404, 52.285404558145167 ], [ -81.613956237288235, 52.285044957963763 ], [ -81.61424941684129, 52.285043433431554 ], [ -81.614246930379849, 52.284863633342297 ], [ -81.614540108720121, 52.284862108092142 ], [ -81.61453762109825, 52.28468230800712 ], [ -81.614830798225782, 52.28468078203904 ], [ -81.615118995415614, 52.284319655195709 ], [ -81.616291694066305, 52.284313541213521 ], [ -81.616294188755191, 52.284493341250652 ], [ -81.616880540296222, 52.284490279873324 ], [ -81.616878043234223, 52.284310479855925 ], [ -81.616584868663395, 52.284312010898596 ], [ -81.616579876991281, 52.283952410827268 ], [ -81.616286704767276, 52.283953941122469 ], [ -81.616276726484202, 52.283234740873304 ], [ -81.61569288360792, 52.283417599292029 ], [ -81.61569039144949, 52.283237799201657 ], [ -81.615101566550635, 52.283061054503442 ], [ -81.615099076817572, 52.282881254382183 ], [ -81.615392242027539, 52.282879727057001 ], [ -81.615389751134217, 52.282699926939998 ], [ -81.615973585862662, 52.282517070023282 ], [ -81.615971092648905, 52.282337269914791 ], [ -81.615677931050669, 52.282338798665855 ], [ -81.615660487593573, 52.281080197680915 ], [ -81.615367334273742, 52.281081725635353 ], [ -81.615357371905986, 52.28036252491016 ], [ -81.615650520480628, 52.2803609969951 ], [ -81.615635570597661, 52.279282195798665 ], [ -81.61621935950555, 52.279099337704558 ], [ -81.616211877879564, 52.27855993707319 ], [ -81.616795654925753, 52.278377076144871 ], [ -81.61679066261425, 52.278017475724269 ], [ -81.6170837956371, 52.278015944299263 ], [ -81.617081298334639, 52.27783614409045 ], [ -81.617374430145134, 52.277834611947725 ], [ -81.61737193168284, 52.277654811743176 ], [ -81.617665062280935, 52.277653278882774 ], [ -81.61766256265885, 52.277473478682509 ], [ -81.617955692044575, 52.277471945104402 ], [ -81.617953191262714, 52.277292144908444 ], [ -81.618246319436054, 52.277290610612638 ], [ -81.618243817494445, 52.277110810420972 ], [ -81.6185369444554, 52.277109275407497 ], [ -81.618825062841637, 52.276748139305916 ], [ -81.619411311887688, 52.276745065680778 ], [ -81.619408805280969, 52.276565265511913 ], [ -81.619995051849486, 52.27656218899638 ], [ -81.619992542897123, 52.276382388841775 ], [ -81.620578786988048, 52.276379309435903 ], [ -81.620576275690112, 52.276199509295509 ], [ -81.622332481825069, 52.276010453590217 ], [ -81.62262056223291, 52.275649308281125 ], [ -81.623499913383341, 52.275644668556971 ], [ -81.623497390331664, 52.275464868493728 ], [ -81.624669853416819, 52.275458672049503 ], [ -81.624667325647977, 52.275278872020564 ], [ -81.625253554659196, 52.275275769453351 ], [ -81.625251024545122, 52.275095969438816 ], [ -81.626130364304558, 52.275091310161685 ], [ -81.626418407868996, 52.274730155648527 ], [ -81.627883961609072, 52.274722372099298 ], [ -81.627881420902, 52.274542572158175 ], [ -81.628467639839286, 52.274539453666094 ], [ -81.62875566081874, 52.274178293490102 ], [ -81.629928088778215, 52.274172044946631 ], [ -81.630216095500856, 52.27381088123164 ], [ -81.631388513437301, 52.273804618219273 ], [ -81.631385958634198, 52.273624818371012 ], [ -81.631972165069612, 52.273621682520215 ], [ -81.631969607921818, 52.273441882686569 ], [ -81.632262709913377, 52.273440313680091 ], [ -81.632550692920049, 52.2730791443025 ], [ -81.634306723359742, 52.272889910974285 ], [ -81.634304156833636, 52.27271011119926 ], [ -81.634890350872396, 52.272706960900656 ], [ -81.63488778200184, 52.272527161140339 ], [ -81.635473973561062, 52.272524007952292 ], [ -81.635471402346099, 52.272344208206697 ], [ -81.636057591425697, 52.272341052129228 ], [ -81.636055017866397, 52.272161252398377 ], [ -81.636641204466301, 52.272158093431557 ], [ -81.636638628562693, 52.271978293715449 ], [ -81.637517904702236, 52.271973549840077 ], [ -81.637515325268723, 52.271793750148959 ], [ -81.638394597607046, 52.271788999757412 ], [ -81.638392014643685, 52.271609200091291 ], [ -81.638685104183139, 52.27160761518283 ], [ -81.638687688332169, 52.271787414838741 ], [ -81.63986005096065, 52.271781067889897 ], [ -81.639862639879539, 52.271960867499317 ], [ -81.640155731654261, 52.271959278933323 ], [ -81.64015832178606, 52.272139078526941 ], [ -81.640747100155565, 52.272315698759726 ], [ -81.640754877910481, 52.272855097428653 ], [ -81.641341073126156, 52.272851915102251 ], [ -81.641343668137154, 52.273031714626846 ], [ -81.641636766889789, 52.273030122362222 ], [ -81.64193506046206, 52.273388128361532 ], [ -81.642521262573737, 52.27338494015396 ], [ -81.64252386240976, 52.273564739620703 ], [ -81.643112669018535, 52.273741347923334 ], [ -81.643143897973246, 52.275898940773715 ], [ -81.642850780383782, 52.275900536840105 ], [ -81.642853381788683, 52.276080336218193 ], [ -81.642560262985896, 52.276081931567347 ], [ -81.642565463505875, 52.27644153032729 ], [ -81.642272342303784, 52.276443124969468 ], [ -81.642274941418819, 52.276622924351322 ], [ -81.641691293331036, 52.276805910870394 ], [ -81.641699083806074, 52.277345309027162 ], [ -81.641405956591925, 52.277346901538039 ], [ -81.641411148006426, 52.277706500301754 ], [ -81.641118018392859, 52.277708092105584 ], [ -81.640840449417638, 52.278788479461696 ], [ -81.640256766988202, 52.278971458935324 ], [ -81.640267131930699, 52.279690656402835 ], [ -81.639683435294288, 52.279873633060944 ], [ -81.639693791292089, 52.280592830498385 ], [ -81.639400642536131, 52.28059441810047 ], [ -81.639405818325912, 52.280954016806071 ], [ -81.639112667170139, 52.280955603700967 ], [ -81.639117840696201, 52.281315202404627 ], [ -81.638824687140612, 52.281316788592314 ], [ -81.638832444074808, 52.281856186636496 ], [ -81.638248713090348, 52.282039156247443 ], [ -81.638253879824703, 52.282398754945241 ], [ -81.637960719069355, 52.282400339011176 ], [ -81.637965883539607, 52.282759937706992 ], [ -81.637672720384259, 52.282761521065645 ], [ -81.637683044905017, 52.283480718430944 ], [ -81.637389876976698, 52.28348230110268 ], [ -81.637397617092944, 52.284021699098481 ], [ -81.637104445578018, 52.284023281073083 ], [ -81.637109603418196, 52.284382879729357 ], [ -81.636816429503071, 52.284384460996591 ], [ -81.636834474492446, 52.285643056188604 ], [ -81.636541292244118, 52.28564463679939 ], [ -81.636567061239248, 52.287442629556992 ], [ -81.636273867096904, 52.287444209541817 ], [ -81.63628932267487, 52.288523004988839 ], [ -81.635996121384679, 52.288524584306913 ], [ -81.636001271087181, 52.288884182764839 ], [ -81.635708067396223, 52.28888576137539 ], [ -81.635715788592563, 52.289425159050836 ], [ -81.635422581313904, 52.289426736964032 ], [ -81.63542772653976, 52.289786335406681 ], [ -81.635134516860219, 52.289787912612326 ], [ -81.635137088326815, 52.289967711835438 ], [ -81.634553235632524, 52.290150663321207 ], [ -81.63455837395324, 52.290510261780042 ], [ -81.63426515944478, 52.29051183684264 ], [ -81.63426772745872, 52.290691636073817 ], [ -81.633974511736255, 52.290693210418652 ], [ -81.633686427347783, 52.291054382521715 ], [ -81.63309999101989, 52.291057527612374 ], [ -81.633102554366857, 52.291237326867304 ], [ -81.632809334975434, 52.291238898330882 ], [ -81.632811897162341, 52.291418697590359 ], [ -81.632225455924569, 52.291421838353976 ], [ -81.631937352597717, 52.291783006206771 ], [ -81.631057683336024, 52.291787709769558 ], [ -81.630769568138589, 52.292148874789234 ], [ -81.629889891431844, 52.292153569677268 ], [ -81.629892441882703, 52.292333369009782 ], [ -81.628426307566045, 52.292341179314484 ], [ -81.6284288521082, 52.292520978691748 ], [ -81.627842395819798, 52.292524097738045 ], [ -81.627844938014491, 52.292703897129797 ], [ -81.625499102294739, 52.292716344276805 ], [ -81.62550163501912, 52.292896143743178 ], [ -81.624035480891948, 52.29290389960115 ], [ -81.624038007707242, 52.293083699111932 ], [ -81.622571846979525, 52.293091436820475 ], [ -81.622574367885605, 52.293271236375531 ], [ -81.619642032570312, 52.293286657293734 ], [ -81.619644541631146, 52.293466456942575 ] ], [ [ -81.675762351251649, 52.261871100436281 ], [ -81.675469328083693, 52.261872777151929 ], [ -81.675466596097166, 52.261692978517338 ], [ -81.674877822457006, 52.261516531083835 ], [ -81.674875092897764, 52.261336732416439 ], [ -81.6751681125684, 52.261335057187445 ], [ -81.675455668438389, 52.260973783922864 ], [ -81.675748685681796, 52.260972107261217 ], [ -81.675751418738287, 52.261151905907447 ], [ -81.676340190963629, 52.261328349000188 ], [ -81.676342926447404, 52.261508147613569 ], [ -81.676049905706819, 52.261509825761898 ], [ -81.675762351251649, 52.261871100436281 ] ], [ [ -81.807911641416041, 52.244857368101819 ], [ -81.807618739087616, 52.244859372305434 ], [ -81.807615474645246, 52.244679578522089 ], [ -81.80702641021179, 52.244503790908794 ], [ -81.807016624295031, 52.24396440943049 ], [ -81.80730952077414, 52.243962406744672 ], [ -81.807306257686918, 52.243782612920164 ], [ -81.807599152948171, 52.24378060952062 ], [ -81.807595888711731, 52.243600815703374 ], [ -81.807888782755114, 52.243598811590125 ], [ -81.807885517369456, 52.243419017780127 ], [ -81.808178410194984, 52.243417012953195 ], [ -81.808464767583814, 52.243055419814375 ], [ -81.809633056553253, 52.242867596688242 ], [ -81.809626511889249, 52.242508009172475 ], [ -81.80991939859112, 52.242506000050639 ], [ -81.809916125127273, 52.242326206297228 ], [ -81.81020901061126, 52.242324196461752 ], [ -81.810495344502669, 52.241962598427712 ], [ -81.811081110564743, 52.241958575175744 ], [ -81.811084388693459, 52.242138368888668 ], [ -81.811963041078343, 52.242132328522587 ], [ -81.811966322791818, 52.242312122190945 ], [ -81.812259208034561, 52.242310107269496 ], [ -81.812262490965992, 52.24248990091921 ], [ -81.81285154904765, 52.24266566248869 ], [ -81.81285811981698, 52.243025249707927 ], [ -81.812565229909424, 52.24302726613449 ], [ -81.812568514162407, 52.24320705974862 ], [ -81.81227562303684, 52.243209075461571 ], [ -81.812278906140833, 52.243388869083027 ], [ -81.811986013797224, 52.243390884082366 ], [ -81.811989295752227, 52.243570677711133 ], [ -81.811696402190591, 52.243572691996853 ], [ -81.811410067873823, 52.243934292848444 ], [ -81.810531379777373, 52.24394032924392 ], [ -81.81053465591809, 52.244120122920556 ], [ -81.810241758633481, 52.244122133612109 ], [ -81.81024503362508, 52.24430192729605 ], [ -81.809659236585418, 52.244305946525174 ], [ -81.809662509244276, 52.244485740229351 ], [ -81.808198010125281, 52.244495775650883 ], [ -81.807911641416041, 52.244857368101819 ] ], [ [ -81.818972388987206, 52.241005009934788 ], [ -81.817800884130236, 52.241013131739344 ], [ -81.817797578991417, 52.240833338291857 ], [ -81.817208525983659, 52.240657601329524 ], [ -81.817205223280979, 52.240477807844591 ], [ -81.817498096066871, 52.240475779975498 ], [ -81.817488184617261, 52.239936399525945 ], [ -81.815730968680484, 52.239948555607754 ], [ -81.815734265362636, 52.240128349174896 ], [ -81.815148524073095, 52.240132395416161 ], [ -81.815145229757505, 52.239952601822978 ], [ -81.81485236024406, 52.239954623840816 ], [ -81.814552906901753, 52.239597057876693 ], [ -81.814845774083295, 52.239595036611384 ], [ -81.814842481054853, 52.239415242988201 ], [ -81.815135347018526, 52.239413221009428 ], [ -81.815132052841449, 52.2392334273936 ], [ -81.815714485789584, 52.239049587687212 ], [ -81.815704596470923, 52.238510206867026 ], [ -81.815997456414664, 52.23850818277397 ], [ -81.815994158861244, 52.238328389168963 ], [ -81.816287017587143, 52.238326364362457 ], [ -81.816283718885231, 52.23814657076484 ], [ -81.816576576393317, 52.238144545244928 ], [ -81.81657327654294, 52.237964751654701 ], [ -81.816866132833198, 52.237962725421369 ], [ -81.816862831834385, 52.237782931838545 ], [ -81.817155686906801, 52.237780904891821 ], [ -81.817152384759581, 52.237601111316394 ], [ -81.817734787955331, 52.237417261714754 ], [ -81.817728179102119, 52.237057674587845 ], [ -81.818021029337999, 52.237055645514047 ], [ -81.818017723780429, 52.23687585195519 ], [ -81.818310572798481, 52.236873822168029 ], [ -81.818307266092617, 52.236694028616583 ], [ -81.818600113892856, 52.236691998116079 ], [ -81.818596806038713, 52.236512204572051 ], [ -81.818889652621152, 52.236510173358219 ], [ -81.818886343618772, 52.236330379821609 ], [ -81.819179188983398, 52.236328347894442 ], [ -81.819175878832766, 52.236148554365258 ], [ -81.819468722979593, 52.23614652172477 ], [ -81.819465411680781, 52.235966728203046 ], [ -81.819758254609781, 52.235964694849244 ], [ -81.820044470278845, 52.235603073760991 ], [ -81.820630151230802, 52.235599003473808 ], [ -81.820626835304566, 52.235419209987519 ], [ -81.820919674545308, 52.235417173767466 ], [ -81.820916357470978, 52.235237380288631 ], [ -81.821502033481963, 52.235233305695594 ], [ -81.821498714076625, 52.235053512237336 ], [ -81.822670060948056, 52.235045354387218 ], [ -81.822666736845946, 52.234865560975855 ], [ -81.822373901363392, 52.2348676015148 ], [ -81.822370578479124, 52.23468780808463 ], [ -81.821781589291504, 52.234512093495056 ], [ -81.821774948429137, 52.234152506553876 ], [ -81.822067779249977, 52.234150467520202 ], [ -81.822353964581737, 52.233788840848909 ], [ -81.823525277913276, 52.233780674650461 ], [ -81.823521950507242, 52.233600881238928 ], [ -81.824400431590206, 52.233594749002989 ], [ -81.824397100670708, 52.233414955625314 ], [ -81.824689926445544, 52.233412910107162 ], [ -81.824976085720209, 52.233051277143041 ], [ -81.825561732363511, 52.23304718252782 ], [ -81.825558396817939, 52.23286738918587 ], [ -81.826436862971576, 52.232861241855218 ], [ -81.826723004504586, 52.232499604697118 ], [ -81.827601463140439, 52.23249344872994 ], [ -81.827598119420884, 52.232313655463457 ], [ -81.828183755970272, 52.232309547880263 ], [ -81.828180409920421, 52.232129754634599 ], [ -81.828473226959645, 52.232127699766771 ], [ -81.828466532600046, 52.231768113284915 ], [ -81.828759347238673, 52.231766057717273 ], [ -81.829045462892537, 52.231404414971806 ], [ -81.829631087263067, 52.231400300258095 ], [ -81.829627735475782, 52.231220507050338 ], [ -81.829920546425541, 52.231218448617319 ], [ -81.829917193490829, 52.231038655417159 ], [ -81.830502812919335, 52.231034536398838 ], [ -81.830499457654611, 52.230854743219538 ], [ -81.831377882984938, 52.230848559284873 ], [ -81.831371165465598, 52.230488972988951 ], [ -81.831663971473219, 52.230486910251429 ], [ -81.831950055337074, 52.230125260522243 ], [ -81.832242858908884, 52.230123196358818 ], [ -81.832246221128045, 52.230302989481075 ], [ -81.834585286210171, 52.230106656906642 ], [ -81.834871343845165, 52.229745000185268 ], [ -81.836042547043363, 52.229736710231187 ], [ -81.836039169557239, 52.229556917265185 ], [ -81.836917568035574, 52.229550692214282 ], [ -81.83691418703738, 52.229370899282735 ], [ -81.838081994088157, 52.229182796217515 ], [ -81.838078608431047, 52.229003003328145 ], [ -81.838371404162984, 52.229000923994001 ], [ -81.838657423921958, 52.228639258191492 ], [ -81.839535803702418, 52.228633013733578 ], [ -81.839821811636781, 52.228271345137657 ], [ -81.841285765221585, 52.228260919687088 ], [ -81.841282366735669, 52.228081126916948 ], [ -81.842450121051087, 52.227892980816868 ], [ -81.842446717907023, 52.227713188089197 ], [ -81.842739504826639, 52.227711097956146 ], [ -81.84273610053593, 52.227531305236276 ], [ -81.843321671903027, 52.22752712281855 ], [ -81.843318265283358, 52.227347330119962 ], [ -81.844489402858343, 52.227338956624408 ], [ -81.844485991545028, 52.227159163974065 ], [ -81.845071557752732, 52.227154972896294 ], [ -81.845068144110584, 52.226975180267296 ], [ -81.846239271365974, 52.226966789451865 ], [ -81.846232434730709, 52.226607204284903 ], [ -81.845643460004979, 52.226431608471884 ], [ -81.845636628314423, 52.226072023216865 ], [ -81.845929404198785, 52.226069925217487 ], [ -81.845925987225101, 52.225890132594998 ], [ -81.846218761891265, 52.225888033883017 ], [ -81.846504697952867, 52.225526349236979 ], [ -81.847090242376566, 52.225522148236486 ], [ -81.847086820781669, 52.22534235565108 ], [ -81.847965133600795, 52.225336048745078 ], [ -81.847961708495205, 52.225156256194616 ], [ -81.84854724783024, 52.225152047987166 ], [ -81.84855067530026, 52.22533184051052 ], [ -81.849136216855612, 52.225327629371527 ], [ -81.849139646726115, 52.22550742186209 ], [ -81.850017962335457, 52.225501099667063 ], [ -81.850021395788715, 52.225680892111235 ], [ -81.851192487491545, 52.2256724522979 ], [ -81.85118904930934, 52.225492659908078 ], [ -81.852067364160391, 52.225486322464654 ], [ -81.852070805889298, 52.22566611481367 ], [ -81.852659795436537, 52.225841678509695 ], [ -81.852666683804273, 52.226201263124899 ], [ -81.852959460005593, 52.226199147684824 ], [ -81.85296290542604, 52.22637893997031 ], [ -81.853841237359518, 52.226372589252357 ], [ -81.853844686363061, 52.226552381491253 ], [ -81.854137464784031, 52.226550263119371 ], [ -81.854140915006127, 52.226730055338969 ], [ -81.854433694573146, 52.226727936227284 ], [ -81.854437146013822, 52.226907728427562 ], [ -81.855026161245263, 52.227083280165758 ], [ -81.855036522987874, 52.227622656633628 ], [ -81.855329308357739, 52.227620535275207 ], [ -81.85534312925239, 52.228339703764995 ], [ -81.855050339152939, 52.22834182517807 ], [ -81.855053793284966, 52.228521617299997 ], [ -81.854761001966793, 52.22852373800054 ], [ -81.854475114255493, 52.22888544225637 ], [ -81.853889526707945, 52.228889680081082 ], [ -81.853886077233128, 52.22870988791589 ], [ -81.853297044831763, 52.228534330610387 ], [ -81.853286703828118, 52.227994953981941 ], [ -81.852697683250952, 52.22781939361272 ], [ -81.85269079423162, 52.227459809099564 ], [ -81.851523095721575, 52.227648056293603 ], [ -81.851526535519824, 52.227827848601798 ], [ -81.851233748496625, 52.227829960533633 ], [ -81.851237187148612, 52.228009752849758 ], [ -81.850655046952326, 52.22819376689975 ], [ -81.850668792606754, 52.228912936193659 ], [ -81.850375998380599, 52.228915046028497 ], [ -81.850379433702017, 52.229094838351394 ], [ -81.850086638257281, 52.229096947473607 ], [ -81.850090072432337, 52.229276739804419 ], [ -81.849507910915747, 52.229460748249672 ], [ -81.849514774716269, 52.229820332937251 ], [ -81.849221974433249, 52.229822439935127 ], [ -81.84922540520509, 52.230002232283994 ], [ -81.848932603703474, 52.230004338569202 ], [ -81.848936033328812, 52.230184130925956 ], [ -81.848643230608602, 52.230186236498497 ], [ -81.848646659087422, 52.230366028863138 ], [ -81.848353855148616, 52.230368133722997 ], [ -81.84835728248089, 52.230547926095539 ], [ -81.847775097133194, 52.230731926057601 ], [ -81.847781947247441, 52.23109151082852 ], [ -81.847489138470223, 52.231093613563836 ], [ -81.847492562398728, 52.23127340595434 ], [ -81.847199752402886, 52.231275507976918 ], [ -81.847203175184731, 52.231455300375295 ], [ -81.846910363970267, 52.231457401685141 ], [ -81.846913785605452, 52.231637194091391 ], [ -81.846620973172378, 52.231639294688499 ], [ -81.846624393660832, 52.2318190871026 ], [ -81.846331580009135, 52.231821186986956 ], [ -81.846334999350887, 52.232000979408909 ], [ -81.846042184480581, 52.232003078580512 ], [ -81.845756203634849, 52.232364761906823 ], [ -81.845170568983832, 52.232368956672616 ], [ -81.845173983702537, 52.23254874913161 ], [ -81.844881165140464, 52.232550845438581 ], [ -81.844884578712325, 52.232730637905419 ], [ -81.844591758931642, 52.232732733499581 ], [ -81.844305761635439, 52.233094413338087 ], [ -81.843720117163784, 52.233098600948821 ], [ -81.843723526112214, 52.233278393452622 ], [ -81.84343070263985, 52.233280486181997 ], [ -81.843144692404863, 52.233642163229561 ], [ -81.842266214568781, 52.233648434961559 ], [ -81.84226961771067, 52.233828227515708 ], [ -81.841976790510941, 52.233830316653851 ], [ -81.841980192505758, 52.234010109215788 ], [ -81.841687364087448, 52.234012197641036 ], [ -81.841401334998963, 52.23437387050064 ], [ -81.840230011362721, 52.234382214140332 ], [ -81.840233406367673, 52.23456200676592 ], [ -81.8399405741865, 52.234564090873384 ], [ -81.839943968044253, 52.234743883506738 ], [ -81.839358301209145, 52.234748049569447 ], [ -81.839072248463253, 52.235109716841443 ], [ -81.838193740739001, 52.235115958389123 ], [ -81.838197127606279, 52.235295751085921 ], [ -81.837318616012851, 52.235301986136427 ], [ -81.837321999366949, 52.235481778867701 ], [ -81.835564968122597, 52.235494229436767 ], [ -81.835568344414582, 52.235674022242577 ], [ -81.834689824764268, 52.235680237760995 ], [ -81.834693197542876, 52.235860030601181 ], [ -81.834986038644743, 52.23585795947475 ], [ -81.834699943206445, 52.236219616264563 ], [ -81.834407099703171, 52.236221686691259 ], [ -81.834107515232787, 52.235864170674859 ], [ -81.831764784576251, 52.235880701913857 ], [ -81.831768145560559, 52.236060494881514 ], [ -81.830889617432135, 52.236066682150508 ], [ -81.83089633240877, 52.236426268148541 ], [ -81.830603487262692, 52.236428329145291 ], [ -81.830606843620927, 52.236608122149093 ], [ -81.830313997256567, 52.236610182432713 ], [ -81.830317352467048, 52.236789975444111 ], [ -81.830024504884378, 52.236792035014574 ], [ -81.830027858947105, 52.236971828033582 ], [ -81.829735010146123, 52.23697388689088 ], [ -81.829738363061054, 52.237153679917505 ], [ -81.829156013571293, 52.237337588526806 ], [ -81.82916271484504, 52.237697174604754 ], [ -81.828869861206059, 52.237699231335768 ], [ -81.828583704214054, 52.238060873448632 ], [ -81.826240854624615, 52.238077295544862 ], [ -81.826237515730909, 52.237897502387781 ], [ -81.825651805348542, 52.237901600620908 ], [ -81.825655141876013, 52.238081393804393 ], [ -81.825069428987121, 52.238085489158102 ], [ -81.824783238551362, 52.238447122174378 ], [ -81.82361180274782, 52.238455301363899 ], [ -81.823608474432262, 52.238275508099498 ], [ -81.823022758686804, 52.238279593309144 ], [ -81.823026084636055, 52.238459386599864 ], [ -81.822440366384441, 52.238463468929979 ], [ -81.822443690002331, 52.238643262241311 ], [ -81.821857969244633, 52.238647341691845 ], [ -81.821861290531075, 52.238827135023804 ], [ -81.820104120321318, 52.238839356018794 ], [ -81.82010743454353, 52.239019149423818 ], [ -81.819521708495017, 52.239023217303213 ], [ -81.819525020385655, 52.239203010728779 ], [ -81.819232156125949, 52.239205043591845 ], [ -81.819235466868179, 52.239384837024843 ], [ -81.81865304428851, 52.239568694051201 ], [ -81.818659661213971, 52.239928280941285 ], [ -81.819538268296341, 52.239922184374478 ], [ -81.819534956266452, 52.239742390971536 ], [ -81.819827824041027, 52.23974035734269 ], [ -81.819824510862688, 52.239560563947187 ], [ -81.820117377419209, 52.239558529604942 ], [ -81.820114063092461, 52.239378736216899 ], [ -81.820406928430899, 52.239376701161255 ], [ -81.820693160452663, 52.239015078638509 ], [ -81.821571749054854, 52.239008967011934 ], [ -81.821575069227933, 52.239188760345712 ], [ -81.82186793320875, 52.239186721670762 ], [ -81.822167442338426, 52.239544268867384 ], [ -81.821874576026076, 52.239546308295097 ], [ -81.821877897487113, 52.23972610159877 ], [ -81.821585029956623, 52.239728140313112 ], [ -81.821588350269323, 52.239907933624259 ], [ -81.82129548152065, 52.239909971625231 ], [ -81.821009248734129, 52.240271595557523 ], [ -81.820130635074563, 52.240277703100574 ], [ -81.820133949575506, 52.240457496460344 ], [ -81.819841077102652, 52.240459530868101 ], [ -81.819554828968151, 52.240821151304317 ], [ -81.818969079115064, 52.240825216539619 ], [ -81.818972388987206, 52.241005009934788 ] ], [ [ -81.861157178895525, 52.226139620554051 ], [ -81.86086440371281, 52.226141756325717 ], [ -81.860860926407469, 52.225961964404185 ], [ -81.860568152370462, 52.22596409943597 ], [ -81.860268428524819, 52.22560664982656 ], [ -81.860561200233889, 52.225604515548369 ], [ -81.860557724220399, 52.225424723596078 ], [ -81.860850494710718, 52.225422588605532 ], [ -81.860847017551563, 52.225242796661298 ], [ -81.861429076571127, 52.225058732607003 ], [ -81.861432556058134, 52.225238524529402 ], [ -81.861725325256572, 52.225236387374295 ], [ -81.861735767483665, 52.225775763066139 ], [ -81.861442994738567, 52.225777900262536 ], [ -81.861157178895525, 52.226139620554051 ] ], [ [ -81.849690869775458, 52.223705282902159 ], [ -81.84939810972736, 52.22370739016479 ], [ -81.849394679035214, 52.223527597631119 ], [ -81.848805732903188, 52.22335201738457 ], [ -81.848798876427438, 52.222992432234591 ], [ -81.849091631819277, 52.222990326478353 ], [ -81.849377526115262, 52.222628634877665 ], [ -81.849670279070921, 52.222626527696455 ], [ -81.849673710764847, 52.222806320244914 ], [ -81.850262653026135, 52.222981896192856 ], [ -81.850269521322588, 52.223341481207108 ], [ -81.849976763710842, 52.223343589894725 ], [ -81.849690869775458, 52.223705282902159 ] ], [ [ -81.852601250156241, 52.222785208364726 ], [ -81.851722988718237, 52.222791549552234 ], [ -81.85171954875004, 52.222611757098903 ], [ -81.851130605740025, 52.222436188413617 ], [ -81.851123730712416, 52.222076603424206 ], [ -81.851416479905467, 52.222074491927557 ], [ -81.851702349451358, 52.221712794747177 ], [ -81.852287842928803, 52.221708568178201 ], [ -81.852573703055114, 52.221346868905989 ], [ -81.85374123202287, 52.221158611857476 ], [ -81.853744679975406, 52.221338404260827 ], [ -81.854037424114921, 52.221336286284526 ], [ -81.854040873285641, 52.221516078668557 ], [ -81.854629815390695, 52.22169163286172 ], [ -81.854636718641274, 52.222051217546863 ], [ -81.854343969846425, 52.22205333702977 ], [ -81.854347420344126, 52.222233129377472 ], [ -81.85405467033101, 52.222235248148003 ], [ -81.853768816657777, 52.222596950925471 ], [ -81.852597806641953, 52.222605415952231 ], [ -81.852601250156241, 52.222785208364726 ] ], [ [ -81.872166355557439, 52.220124804581999 ], [ -81.8715808859654, 52.220129129665175 ], [ -81.871281113859368, 52.219771707890601 ], [ -81.871573846347232, 52.219769546465805 ], [ -81.871570326593641, 52.219589754857594 ], [ -81.872155789094776, 52.219585429857979 ], [ -81.872159311211988, 52.219765221438337 ], [ -81.872452043588865, 52.219763057835671 ], [ -81.872166355557439, 52.220124804581999 ] ], [ [ -81.892044380871397, 52.203972425613784 ], [ -81.891751753807696, 52.203974637341396 ], [ -81.891748154620686, 52.203794846224497 ], [ -81.89115930595338, 52.203619476323603 ], [ -81.891152112491042, 52.203259894004475 ], [ -81.891444734907665, 52.203257683784848 ], [ -81.891730159252774, 52.202895890554792 ], [ -81.892315399174493, 52.202891466544969 ], [ -81.892319000533703, 52.20307125766179 ], [ -81.892907846423668, 52.203246621804084 ], [ -81.892911450219842, 52.203426412881043 ], [ -81.892618826811656, 52.203428626742472 ], [ -81.892622429465021, 52.203608417828001 ], [ -81.892329804838354, 52.203610630978169 ], [ -81.892044380871397, 52.203972425613784 ] ], [ [ -81.902509721852709, 52.200476298093839 ], [ -81.902217118588993, 52.200478535666718 ], [ -81.9022134776244, 52.200298744957337 ], [ -81.901624634777605, 52.200123427154118 ], [ -81.901617357761225, 52.199763845649301 ], [ -81.901909956379754, 52.19976160958489 ], [ -81.901906316748509, 52.199581818838354 ], [ -81.902491511510107, 52.199577344562066 ], [ -81.902487869556353, 52.199397553838651 ], [ -81.902780465699394, 52.199395315626802 ], [ -81.902776822603556, 52.199215524912098 ], [ -81.903069417527973, 52.199213285989259 ], [ -81.903354721615855, 52.198851464952206 ], [ -81.904232498962472, 52.198844741741645 ], [ -81.904532391575628, 52.199202080494032 ], [ -81.904239796842731, 52.19920432304388 ], [ -81.904243445840365, 52.199384113686463 ], [ -81.903950849888773, 52.199386355525334 ], [ -81.903958145638285, 52.199745936822296 ], [ -81.90366554728763, 52.199748177964629 ], [ -81.903669194039466, 52.199927968619008 ], [ -81.903083994862484, 52.199932448756265 ], [ -81.903087639291826, 52.200112239433807 ], [ -81.902795038465499, 52.200114478428716 ], [ -81.902509721852709, 52.200476298093839 ] ], [ [ -81.903592620294589, 52.196152363682181 ], [ -81.903003827101656, 52.195977052411017 ], [ -81.903289111323602, 52.195615231428654 ], [ -81.903877900823019, 52.195790541303836 ], [ -81.903592620294589, 52.196152363682181 ] ], [ [ -81.918909945193818, 52.186863301537329 ], [ -81.918324920019984, 52.186867856456701 ], [ -81.918321215871046, 52.186688066134039 ], [ -81.918028704405245, 52.186690342491467 ], [ -81.918017595730177, 52.186150971445315 ], [ -81.918310103657632, 52.186148695131862 ], [ -81.918306399664289, 52.185968904786407 ], [ -81.918598906373433, 52.185966627762561 ], [ -81.918602611546191, 52.186146418093351 ], [ -81.919191334777111, 52.186321652136932 ], [ -81.919198750034994, 52.186681232711372 ], [ -81.918906238685935, 52.186683511243999 ], [ -81.918909945193818, 52.186863301537329 ] ], [ [ -81.940073675065634, 52.177705594604546 ], [ -81.939484985292395, 52.177530464357929 ], [ -81.939477408892714, 52.177170885289698 ], [ -81.939769856133097, 52.177168556057623 ], [ -81.93976606681413, 52.176988766529938 ], [ -81.940354750494436, 52.177163895419056 ], [ -81.940362333966874, 52.17752347439729 ], [ -81.940069884448505, 52.177525805108985 ], [ -81.940073675065634, 52.177705594604546 ] ] ] } },
{ "type": "Feature", "properties": { }, "geometry": { "type": "Polygon", "coordinates": [ [ [ -81.94782078426357, 52.170630631876008 ], [ -81.947813142543609, 52.170271053247269 ], [ -81.947228339828641, 52.17027575042669 ], [ -81.947232158311962, 52.170455539774146 ], [ -81.94782078426357, 52.170630631876008 ] ] ] } },
{ "type": "Feature", "properties": { }, "geometry": { "type": "Polygon", "coordinates": [ [ [ -81.828001619154719, 52.206776797321439 ], [ -81.82799827691322, 52.206597003285125 ], [ -81.828290926096884, 52.206594949569897 ], [ -81.828287582709549, 52.206415155541151 ], [ -81.82886953289551, 52.20623125195231 ], [ -81.82914879238345, 52.2055100200512 ], [ -81.829441434341049, 52.205507963512893 ], [ -81.829438086440973, 52.205328169503126 ], [ -81.829730727182536, 52.205326112252457 ], [ -81.829727378136766, 52.205146318250272 ], [ -81.830020017662292, 52.205144260287241 ], [ -81.830016667470872, 52.204964466292644 ], [ -81.830309305780347, 52.204962407617295 ], [ -81.830305954443304, 52.204782613630286 ], [ -81.830598591536727, 52.204780554242596 ], [ -81.830595239054077, 52.20460076026319 ], [ -81.831177155964596, 52.204416845379065 ], [ -81.831167091748881, 52.203877463469468 ], [ -81.831748996851587, 52.203693545793129 ], [ -81.83173892597442, 52.203154163895221 ], [ -81.832031552264738, 52.203152100999176 ], [ -81.832028194195502, 52.202972307035161 ], [ -81.832320819269825, 52.202970243426854 ], [ -81.832606723553511, 52.202608591201148 ], [ -81.83319196880295, 52.202604460410036 ], [ -81.833188606116892, 52.202424666482216 ], [ -81.83348122750796, 52.202422600011673 ], [ -81.83376711887496, 52.202060944996205 ], [ -81.83435235675779, 52.202056808480762 ], [ -81.834348989455179, 52.201877014589208 ], [ -81.834641607162936, 52.201874945256542 ], [ -81.834638238715087, 52.201695151372633 ], [ -81.834930855206821, 52.201693081327797 ], [ -81.834927485613775, 52.201513287451569 ], [ -81.835509344211019, 52.201329351356812 ], [ -81.835502600479614, 52.200969763629352 ], [ -81.835795212142813, 52.200967691461379 ], [ -81.835791839149678, 52.200787897602481 ], [ -81.836084449596896, 52.20078582472236 ], [ -81.836081075458665, 52.200606030871164 ], [ -81.836373684689903, 52.200603957278929 ], [ -81.83637030940659, 52.200424163435414 ], [ -81.836662917421847, 52.200422089131052 ], [ -81.836948770219365, 52.200060426450626 ], [ -81.837533981350461, 52.200056274268029 ], [ -81.83753060145159, 52.199876480460965 ], [ -81.837823205783408, 52.199874403294857 ], [ -81.837819824739555, 52.199694609495495 ], [ -81.838112427855393, 52.199692531617309 ], [ -81.838109045666613, 52.199512737825685 ], [ -81.838401647566442, 52.199510659235429 ], [ -81.838398264232751, 52.199330865451508 ], [ -81.838690864916586, 52.199328786149188 ], [ -81.838687480437997, 52.199148992372997 ], [ -81.83898007990588, 52.199146912358636 ], [ -81.838976694282408, 52.198967118590168 ], [ -81.839269292534297, 52.198965037863772 ], [ -81.839555114888782, 52.198603368911613 ], [ -81.840140306493012, 52.198599203885308 ], [ -81.840136916254721, 52.198419410153448 ], [ -81.839844321650787, 52.1984214930159 ], [ -81.83983754364175, 52.198061905508382 ], [ -81.840130135884962, 52.198059822672739 ], [ -81.840415945504589, 52.197698151635166 ], [ -81.841001125091566, 52.197693982390561 ], [ -81.84099773149039, 52.197514188670631 ], [ -81.842164687228461, 52.197326047858589 ], [ -81.842161288977408, 52.197146254181064 ], [ -81.842453875033812, 52.197144165609423 ], [ -81.842450475638159, 52.196964371939693 ], [ -81.843032243562831, 52.19678039899869 ], [ -81.84243347919552, 52.196065403505997 ], [ -81.842726058134758, 52.196063314289688 ], [ -81.842722657773152, 52.195883520599395 ], [ -81.843015235496452, 52.195881430671193 ], [ -81.84301183399036, 52.195701636988687 ], [ -81.843304410497751, 52.195699546348607 ], [ -81.843301007847217, 52.195519752673896 ], [ -81.843593583138684, 52.195517661321936 ], [ -81.843590179343721, 52.195337867655027 ], [ -81.843882753419294, 52.19533577559119 ], [ -81.843879348479931, 52.195155981932089 ], [ -81.844171921339566, 52.19515388915638 ], [ -81.844168515255845, 52.194974095505088 ], [ -81.844461086899571, 52.194972002017543 ], [ -81.844746841726902, 52.194610320538985 ], [ -81.845624549255177, 52.194604033629403 ], [ -81.845910292281445, 52.194242349361843 ], [ -81.847373125464713, 52.194231853181535 ], [ -81.847369706579059, 52.194052059650403 ], [ -81.848539967759095, 52.194043649704859 ], [ -81.848536544189116, 52.193863856222201 ], [ -81.848829108214204, 52.193861751936126 ], [ -81.848825683500138, 52.193681958461347 ], [ -81.849118246309217, 52.193679853463529 ], [ -81.849403955041993, 52.193318160828085 ], [ -81.849989075760064, 52.193313947260258 ], [ -81.849985646433893, 52.193134153822726 ], [ -81.850278205558922, 52.193132045964454 ], [ -81.850563901383666, 52.192770350543128 ], [ -81.851149014733579, 52.192766131254579 ], [ -81.851145580795588, 52.19258633785433 ], [ -81.851438136236467, 52.192584227135747 ], [ -81.851723819153747, 52.192222528928781 ], [ -81.852601478071918, 52.19221619032735 ], [ -81.852598038342492, 52.192036396978082 ], [ -81.853179699694351, 52.191852374317065 ], [ -81.853172815696595, 52.191492787644655 ], [ -81.853465363805157, 52.191490671930993 ], [ -81.85345847759227, 52.191131085263137 ], [ -81.853751023304937, 52.191128968851508 ], [ -81.854029787550928, 52.190407678419888 ], [ -81.854322328471909, 52.190405560612355 ], [ -81.854318882024941, 52.190225767288119 ], [ -81.854611421729942, 52.190223648769035 ], [ -81.854607974139412, 52.190043855452771 ], [ -81.854900512628404, 52.190041736222135 ], [ -81.854897063894285, 52.189861942913829 ], [ -81.855189601167311, 52.189859822971663 ], [ -81.855186151289644, 52.189680029671337 ], [ -81.855478687346675, 52.189677909017625 ], [ -81.855475236325503, 52.189498115725272 ], [ -81.855767771166526, 52.189495994360044 ], [ -81.855764319001878, 52.189316201075684 ], [ -81.856345931727844, 52.189132162934321 ], [ -81.856339022860993, 52.188772576391905 ], [ -81.856920626113066, 52.188588535442236 ], [ -81.856910256115768, 52.188049155651065 ], [ -81.857491847571268, 52.187865111914903 ], [ -81.857481470931944, 52.187325732137758 ], [ -81.857773991362976, 52.18732360586057 ], [ -81.857770531376275, 52.187143812603864 ], [ -81.858063050591383, 52.187141685615259 ], [ -81.858059589461448, 52.186961892366583 ], [ -81.858352107460647, 52.186959764666561 ], [ -81.85834864518749, 52.186779971425885 ], [ -81.858641161970766, 52.186777843014461 ], [ -81.858637698554446, 52.186598049781836 ], [ -81.858930214121813, 52.186595920659016 ], [ -81.859215798211153, 52.186234204383638 ], [ -81.859800824445827, 52.186229942567373 ], [ -81.859797356420586, 52.186050149372576 ], [ -81.860089868303803, 52.186048017390533 ], [ -81.860086399135483, 52.18586822420378 ], [ -81.860378909802776, 52.185866091510391 ], [ -81.860375439491435, 52.185686298331696 ], [ -81.86095698572386, 52.185502237640272 ], [ -81.86123559903443, 52.184780930169772 ], [ -81.861528102479184, 52.184778794658548 ], [ -81.861813653944552, 52.184417072128568 ], [ -81.862398655933987, 52.184412797535927 ], [ -81.862395177658541, 52.184233004408078 ], [ -81.862687677419103, 52.184230866037957 ], [ -81.862684198000807, 52.184051072918201 ], [ -81.862976696545459, 52.184048933836813 ], [ -81.862973215984368, 52.183869140725143 ], [ -81.863265713313126, 52.183867000932509 ], [ -81.863262231609241, 52.183687207828946 ], [ -81.863554727722118, 52.183685067325058 ], [ -81.863840255783032, 52.183323339927128 ], [ -81.864425243108585, 52.183319055349429 ], [ -81.864421756797185, 52.18313926228398 ], [ -81.865003252984337, 52.182955181790312 ], [ -81.864996275827522, 52.182595595686244 ], [ -81.865288764645015, 52.182593450915093 ], [ -81.865285274942309, 52.182413657868352 ], [ -81.865577762543921, 52.182411512386011 ], [ -81.865863266096483, 52.182049780123435 ], [ -81.867618176564946, 52.182036887820814 ], [ -81.867611178548842, 52.18167730190882 ], [ -81.867903661139991, 52.181675150682004 ], [ -81.867900161007867, 52.18149535773135 ], [ -81.868192642383093, 52.181493205793416 ], [ -81.868478118850916, 52.181131467267591 ], [ -81.86906307670084, 52.181127159822381 ], [ -81.86905957196241, 52.180947366910125 ], [ -81.869352049653031, 52.180945212113961 ], [ -81.869348543772276, 52.180765419209912 ], [ -81.869641020246959, 52.18076326370268 ], [ -81.869637513223893, 52.180583470806809 ], [ -81.869929988482639, 52.180581314588515 ], [ -81.869926480317318, 52.180401521700865 ], [ -81.870218954360112, 52.180399364771517 ], [ -81.870504407429578, 52.18003762138045 ], [ -81.87108935061454, 52.180033303952683 ], [ -81.871085837843466, 52.179853511103559 ], [ -81.871378308201571, 52.179851351316202 ], [ -81.871663748375113, 52.179489605144276 ], [ -81.872248684190595, 52.179485282000627 ], [ -81.872245166814082, 52.179305489190106 ], [ -81.872537633487397, 52.17930332654484 ], [ -81.872823060765541, 52.178941577592319 ], [ -81.873407989211387, 52.178937248733028 ], [ -81.873693407094564, 52.178575497694567 ], [ -81.874863253962545, 52.178566828489323 ], [ -81.874859726160054, 52.178387035775863 ], [ -81.875737107385262, 52.17838052630259 ], [ -81.875733576082979, 52.17820073362536 ], [ -81.876318494356525, 52.17819639038008 ], [ -81.876314960733481, 52.178016597725126 ], [ -81.877484792119503, 52.178007902592093 ], [ -81.877770170949262, 52.177646141809674 ], [ -81.878647536913746, 52.177639610758312 ], [ -81.878643993970869, 52.177459818198322 ], [ -81.879813810020437, 52.17745110003797 ], [ -81.879810262399275, 52.177271307528436 ], [ -81.880102715139685, 52.177269126190254 ], [ -81.880388067996833, 52.176907359147307 ], [ -81.880972968575904, 52.176902992902946 ], [ -81.880969416351135, 52.176723200432569 ], [ -81.88155431442334, 52.176718831316997 ], [ -81.881550759878223, 52.176539038869045 ], [ -81.882135655443506, 52.176534666882297 ], [ -81.882132098578083, 52.176354874456806 ], [ -81.883009438109468, 52.176348311082748 ], [ -81.883005877745006, 52.176168518693835 ], [ -81.883298323001924, 52.17616632946693 ], [ -81.88358364288959, 52.175804554776711 ], [ -81.884168528501306, 52.17580017275526 ], [ -81.884164963533976, 52.17562038040569 ], [ -81.884457405104939, 52.17561818832187 ], [ -81.884742712101144, 52.1752564108535 ], [ -81.885327590340864, 52.17525202311834 ], [ -81.88561288794476, 52.174890243565841 ], [ -81.886490197838455, 52.174883654437636 ], [ -81.886486623628755, 52.174703862172677 ], [ -81.886779059006258, 52.174701664361194 ], [ -81.8867683330663, 52.174162287574596 ], [ -81.88706076487027, 52.174160089080807 ], [ -81.887346041483227, 52.173798305366034 ], [ -81.887638470854824, 52.173796105451032 ], [ -81.887938060056854, 52.174153489250848 ], [ -81.888522923326661, 52.174149085740403 ], [ -81.888519341016604, 52.173969293551821 ], [ -81.890566353025093, 52.173953858534716 ], [ -81.89056276250227, 52.173774066439798 ], [ -81.891147620379797, 52.17376964994056 ], [ -81.891144027537479, 52.173589857868386 ], [ -81.892021310534986, 52.173583227726596 ], [ -81.892306543125159, 52.173221432182267 ], [ -81.89289139347818, 52.173217007071507 ], [ -81.892887793677616, 52.173037215067659 ], [ -81.894053884738753, 52.172848564253883 ], [ -81.894339096152663, 52.172486763847481 ], [ -81.895216356688508, 52.172480110046173 ], [ -81.895212747610998, 52.172300318133708 ], [ -81.895797585421761, 52.172295878671193 ], [ -81.895793974025153, 52.172116086781621 ], [ -81.896671226921399, 52.172109422195433 ], [ -81.896956412370301, 52.171747615535502 ], [ -81.89929210717213, 52.17155001411566 ], [ -81.899288481785817, 52.171370222375181 ], [ -81.900165719172264, 52.171363531872018 ], [ -81.900162090288731, 52.1711837401689 ], [ -81.902501378881254, 52.171165867056224 ], [ -81.902497740608496, 52.170986075462473 ], [ -81.905421836126592, 52.170963668995149 ], [ -81.905418186108079, 52.17078387753994 ], [ -81.907172634510005, 52.17077039896224 ], [ -81.907168977459506, 52.170590607588089 ], [ -81.909508230417885, 52.170572595686032 ], [ -81.90950089757834, 52.170213013152534 ], [ -81.908912425277535, 52.170037729113659 ], [ -81.908905097382217, 52.169678146487968 ], [ -81.909197498014208, 52.169675893261093 ], [ -81.909482566153073, 52.169314056719138 ], [ -81.910652158715777, 52.16930503378294 ], [ -81.9106484878331, 52.169125242537262 ], [ -81.910940884699187, 52.16912298500619 ], [ -81.911225935163941, 52.168761144300184 ], [ -81.912103118345598, 52.168754365272683 ], [ -81.912106795042462, 52.168934156457063 ], [ -81.91269158599377, 52.168929633453239 ], [ -81.91268790694042, 52.168749842297977 ], [ -81.914149877751342, 52.168738522180611 ], [ -81.914434899667995, 52.168376673830629 ], [ -81.915019682931359, 52.168372139320617 ], [ -81.915023371333206, 52.168551930370626 ], [ -81.9156081567981, 52.168547392933014 ], [ -81.915604466039838, 52.168367601912209 ], [ -81.920575116194556, 52.168328916918917 ], [ -81.920571405445656, 52.168149126141422 ], [ -81.921448574300868, 52.168142277684218 ], [ -81.921452288584348, 52.168322068417645 ], [ -81.922037069982579, 52.168317499127156 ], [ -81.922033353342727, 52.168137708423153 ], [ -81.923199189644606, 52.167948770555185 ], [ -81.922884481485383, 52.166872314318638 ], [ -81.921130194075886, 52.166886025831523 ], [ -81.921133906908324, 52.167065816619534 ], [ -81.918502462561065, 52.167086335113581 ], [ -81.918506164829395, 52.167266126027954 ], [ -81.918798548868395, 52.167263849078864 ], [ -81.918513569482641, 52.167625707839619 ], [ -81.917344023512982, 52.167634808507493 ], [ -81.917044244051667, 52.167277499904934 ], [ -81.915874706730946, 52.167286585964341 ], [ -81.915878398434884, 52.167466377004715 ], [ -81.913246926594041, 52.167486778382511 ], [ -81.913250607733346, 52.167666569548501 ], [ -81.912373446222546, 52.167673357009143 ], [ -81.912377123865994, 52.167853148213133 ], [ -81.910915181351825, 52.167864446228677 ], [ -81.910911509599259, 52.167684654951969 ], [ -81.909741959606734, 52.16769368026381 ], [ -81.909745626646597, 52.167873471598604 ], [ -81.907698904430816, 52.167889238099434 ], [ -81.90770256326185, 52.168069029530031 ], [ -81.907117782783644, 52.168073527752227 ], [ -81.907114126308997, 52.167893736292669 ], [ -81.902728285508104, 52.167927380356993 ], [ -81.902731924309805, 52.16810717203311 ], [ -81.900392796273337, 52.16812504898688 ], [ -81.900396425687489, 52.16830484077235 ], [ -81.898349678407513, 52.168320445165996 ], [ -81.898364163454147, 52.16903961265281 ], [ -81.89807176612041, 52.169041839010823 ], [ -81.898075386298828, 52.169221630882625 ], [ -81.897782987748784, 52.16922385653033 ], [ -81.897786606786909, 52.169403648410778 ], [ -81.8974942070206, 52.169405873348168 ], [ -81.897497824918403, 52.16958566523725 ], [ -81.897205423935802, 52.169587889464346 ], [ -81.896920254111464, 52.169949696785132 ], [ -81.896335447243118, 52.169954141673351 ], [ -81.896339060541493, 52.1701339336026 ], [ -81.896046655872055, 52.170136154974031 ], [ -81.896050268029981, 52.170315946911884 ], [ -81.895757862144279, 52.170318167572965 ], [ -81.895761473161755, 52.17049795951943 ], [ -81.895469066059775, 52.170500179470146 ], [ -81.895472675936773, 52.170679971425216 ], [ -81.895180267618485, 52.170682190665545 ], [ -81.894895074416411, 52.171043993131413 ], [ -81.894310252876821, 52.171048428045836 ], [ -81.894313858153822, 52.171228220040959 ], [ -81.894021446148813, 52.171230436425425 ], [ -81.893736240059738, 52.171592236115423 ], [ -81.893151411146818, 52.171596665317978 ], [ -81.893155011823509, 52.171776457353069 ], [ -81.891981752867423, 52.171605515026798 ], [ -81.891696527809614, 52.171967309849151 ], [ -81.890526859347474, 52.171976145177879 ], [ -81.890530449493326, 52.172155937329649 ], [ -81.889364361183667, 52.172344553322837 ], [ -81.889079110161106, 52.172706341889921 ], [ -81.888494265899212, 52.172710748072497 ], [ -81.888497847946013, 52.172890540300884 ], [ -81.888205424580107, 52.172892742319256 ], [ -81.888209005485948, 52.173072534556141 ], [ -81.887916580903877, 52.173074735863949 ], [ -81.887920160668756, 52.173254528109318 ], [ -81.88762773487052, 52.173256728706569 ], [ -81.887342463962824, 52.173618513109396 ], [ -81.887050035732273, 52.173620712285491 ], [ -81.886750457250443, 52.1732633261499 ], [ -81.885873179292545, 52.173269917070584 ], [ -81.885876750844872, 52.173449709409319 ], [ -81.885584323605315, 52.173451904947534 ], [ -81.885299034830979, 52.173813684477956 ], [ -81.884714175450014, 52.173818071987171 ], [ -81.884428877284165, 52.174179849433557 ], [ -81.883844012963991, 52.174184232650681 ], [ -81.883847576453235, 52.174364025059823 ], [ -81.883555143058373, 52.174366215595342 ], [ -81.883558705406358, 52.174546008012904 ], [ -81.883266270795431, 52.174548197837751 ], [ -81.88298095624053, 52.174909971812269 ], [ -81.882396082116983, 52.174914347894436 ], [ -81.882110758169858, 52.17527611978457 ], [ -81.881233439520145, 52.175282676381997 ], [ -81.88123699262529, 52.175462468883779 ], [ -81.879485893316485, 52.175655355173916 ], [ -81.879489439423665, 52.175835147748614 ], [ -81.879196996039312, 52.175837327524839 ], [ -81.879200541004963, 52.176017120107907 ], [ -81.878615651767035, 52.176021477513984 ], [ -81.878330290062465, 52.176383240363009 ], [ -81.877164038386937, 52.17657173635429 ], [ -81.877167575249658, 52.176751529012726 ], [ -81.876875125673877, 52.176753703060449 ], [ -81.876878661394898, 52.176933495727198 ], [ -81.876586210603151, 52.176935669064072 ], [ -81.876300826612265, 52.177297427048501 ], [ -81.875423466829915, 52.17730394061946 ], [ -81.875426996767914, 52.177483733339074 ], [ -81.87396472382845, 52.177494574863474 ], [ -81.873968247909048, 52.177674367647192 ], [ -81.87279842417577, 52.177683027875091 ], [ -81.872801943577727, 52.177862820708867 ], [ -81.871635629260766, 52.17805126227848 ], [ -81.871639144020889, 52.178231055156573 ], [ -81.871346684310694, 52.178233215543678 ], [ -81.871061249478714, 52.178594961000698 ], [ -81.87047632515808, 52.178599278206114 ], [ -81.870479835313006, 52.178779071122783 ], [ -81.870187371918419, 52.178781228652056 ], [ -81.870190880931219, 52.178961021576924 ], [ -81.86989841632078, 52.178963178395193 ], [ -81.869901924191424, 52.179142971328275 ], [ -81.869609458365161, 52.179145127435525 ], [ -81.869324003637772, 52.179506868722534 ], [ -81.867569193538401, 52.179519785960046 ], [ -81.867572692087208, 52.179699578986998 ], [ -81.866987752735312, 52.179703878961234 ], [ -81.866702273137733, 52.180065613980901 ], [ -81.866117328849342, 52.180069909660951 ], [ -81.865831839855844, 52.180431642593753 ], [ -81.86524689063107, 52.180435933979503 ], [ -81.864961392241398, 52.180797664825292 ], [ -81.86408396094491, 52.180804094374885 ], [ -81.864087445601299, 52.180983887527901 ], [ -81.863794967250129, 52.18098602927499 ], [ -81.863798450763937, 52.181165822436135 ], [ -81.863505971197057, 52.181167963472063 ], [ -81.863509453568284, 52.181347756641323 ], [ -81.863216972785665, 52.181349896966069 ], [ -81.863220454014296, 52.181529690143414 ], [ -81.862927972015939, 52.181531829756985 ], [ -81.862642447831163, 52.181893555038343 ], [ -81.862057478935029, 52.181897830695696 ], [ -81.862060955556458, 52.182077623911091 ], [ -81.861768469874406, 52.182079760666056 ], [ -81.861482932791318, 52.182441483164823 ], [ -81.860312980118508, 52.182450020144891 ], [ -81.860316449773947, 52.182629813425734 ], [ -81.860023960335369, 52.182631945872004 ], [ -81.860027428847985, 52.182811739160897 ], [ -81.859734938193711, 52.182813870895899 ], [ -81.859738405563476, 52.182993664192821 ], [ -81.859156886834725, 52.183177718833953 ], [ -81.859163817039033, 52.183537305454323 ], [ -81.858871321558382, 52.183539435069157 ], [ -81.858874785535789, 52.183719228384547 ], [ -81.858582288839415, 52.183721357288071 ], [ -81.858585751673857, 52.183901150611483 ], [ -81.858293253761786, 52.183903278803676 ], [ -81.858296715453221, 52.184083072135138 ], [ -81.858004216325426, 52.184085199615993 ], [ -81.858007676873854, 52.184264992955463 ], [ -81.857426134376539, 52.184449039130641 ], [ -81.857433050937487, 52.184808625835956 ], [ -81.85714054698316, 52.184810751196444 ], [ -81.857144004138689, 52.184990544554282 ], [ -81.856851498968624, 52.18499266920341 ], [ -81.856854954981031, 52.185172462569241 ], [ -81.856562448595241, 52.185174586506982 ], [ -81.856276849589051, 52.185536296488991 ], [ -81.855691831918307, 52.185540540793802 ], [ -81.855695283321694, 52.185720334197278 ], [ -81.855110263147026, 52.185724575629102 ], [ -81.85510681410257, 52.185544782198313 ], [ -81.854229287107344, 52.185551138867041 ], [ -81.854232732613383, 52.185730932338743 ], [ -81.853940222363121, 52.185733049791807 ], [ -81.853943666725826, 52.185912843271474 ], [ -81.853651155259897, 52.185914960013086 ], [ -81.853654598479295, 52.186094753500718 ], [ -81.853073013976484, 52.186278778345113 ], [ -81.853372412134249, 52.186636250000575 ], [ -81.853079895877926, 52.186638365346496 ], [ -81.852794259272343, 52.187000066973219 ], [ -81.852209221860846, 52.18700429409396 ], [ -81.852212659399299, 52.187184087615634 ], [ -81.851920139459821, 52.187186200101927 ], [ -81.851634489951081, 52.187547898943826 ], [ -81.851049445173317, 52.187552120345195 ], [ -81.851052878101626, 52.187731913904216 ], [ -81.850471261425511, 52.187915926012757 ], [ -81.850478122743795, 52.188275513156761 ], [ -81.850185595510212, 52.188277621373793 ], [ -81.8498999249843, 52.188639316041282 ], [ -81.849314865618382, 52.18864352890386 ], [ -81.849318291684853, 52.188823322510274 ], [ -81.849025760768214, 52.188825427867378 ], [ -81.849029185690966, 52.189005221481686 ], [ -81.84873665355866, 52.189007326127175 ], [ -81.848740077337652, 52.18918711974937 ], [ -81.848447543989664, 52.189189223683236 ], [ -81.848450966624881, 52.189369017313297 ], [ -81.848158432061211, 52.189371120535533 ], [ -81.848161853552625, 52.189550914173473 ], [ -81.847580201125851, 52.189734912128834 ], [ -81.847587039569234, 52.190094499430479 ], [ -81.847879578923823, 52.190092397604467 ], [ -81.847882999379181, 52.190272191233262 ], [ -81.847590458844806, 52.190274293072804 ], [ -81.847304754573742, 52.190635981481847 ], [ -81.846131169046885, 52.19046458509677 ], [ -81.846134582495139, 52.190644378795348 ], [ -81.845842039385843, 52.190646476310704 ], [ -81.845845451690124, 52.190826270017112 ], [ -81.845552907365146, 52.190828366820746 ], [ -81.845556318525425, 52.191008160534984 ], [ -81.845263772984765, 52.191010256626903 ], [ -81.845267183000999, 52.191190050348986 ], [ -81.844974636244672, 52.191192145729168 ], [ -81.844978045116846, 52.191371939459046 ], [ -81.844685497144823, 52.191374034127506 ], [ -81.844399762269205, 52.191735715567432 ], [ -81.843814661426691, 52.191739901332085 ], [ -81.843818065686619, 52.191919695098882 ], [ -81.843525514031811, 52.191921786906818 ], [ -81.843239766248644, 52.192283465559967 ], [ -81.842654658040615, 52.192287645603422 ], [ -81.842658057687999, 52.192467439407068 ], [ -81.841487836123747, 52.192475790844703 ], [ -81.841491231086962, 52.192655584696453 ], [ -81.840613560999415, 52.192661840699728 ], [ -81.840327784825817, 52.193023512377493 ], [ -81.83915754796152, 52.193031840767659 ], [ -81.839160933591643, 52.193211634709705 ], [ -81.839746054454992, 52.193207471938379 ], [ -81.839749442480723, 52.193387265847953 ], [ -81.840627127048876, 52.19338101621112 ], [ -81.840630518650286, 52.193560810074828 ], [ -81.841219037874836, 52.193736433828164 ], [ -81.841229220080109, 52.194275815287661 ], [ -81.840936652763972, 52.194277900742925 ], [ -81.840943438718867, 52.194637488381133 ], [ -81.840650869006893, 52.194639573137927 ], [ -81.84065426085769, 52.194819366961937 ], [ -81.840361689929964, 52.194821451006838 ], [ -81.840365080636261, 52.195001244838615 ], [ -81.840072508492796, 52.195003328171609 ], [ -81.84007589805455, 52.195183122011116 ], [ -81.839783324695333, 52.195185204632203 ], [ -81.839786713112545, 52.195364998479455 ], [ -81.839494138537574, 52.1953670803886 ], [ -81.839497525810202, 52.195546874243604 ], [ -81.839204950019493, 52.195548955440813 ], [ -81.839208336147507, 52.195728749303541 ], [ -81.838915759141045, 52.195730829788808 ], [ -81.838919144124446, 52.195910623659266 ], [ -81.838626565902231, 52.195912703432569 ], [ -81.838629949740962, 52.196092497310758 ], [ -81.838337370302995, 52.196094576372111 ], [ -81.838340752997055, 52.196274370258017 ], [ -81.838048172343349, 52.196276448607385 ], [ -81.837762352427859, 52.196638114039708 ], [ -81.837177186221908, 52.196642267165132 ], [ -81.837180564301505, 52.196822061087538 ], [ -81.836887979965041, 52.196824136575557 ], [ -81.836891356899869, 52.197003930505659 ], [ -81.836598771347653, 52.197006005281651 ], [ -81.836312935014874, 52.197367667228903 ], [ -81.83572775901203, 52.19737181320739 ], [ -81.835724386727463, 52.19719201923521 ], [ -81.835431799853211, 52.197194091123031 ], [ -81.835435170957467, 52.197373885108554 ], [ -81.834849994742115, 52.197378026734683 ], [ -81.834564141814198, 52.197739684493698 ], [ -81.832223416370567, 52.197756216392371 ], [ -81.832226774597302, 52.19793601050732 ], [ -81.831934182577641, 52.197938073743643 ], [ -81.831940896776231, 52.198297661983133 ], [ -81.832529445014686, 52.19847332881664 ], [ -81.83254960283351, 52.199552093205789 ], [ -81.832842205406251, 52.199550028399017 ], [ -81.832845566346705, 52.199729822430747 ], [ -81.833434137083927, 52.199905484613737 ], [ -81.833440863863373, 52.200265072595691 ], [ -81.833148256639305, 52.200267138906568 ], [ -81.83315161890151, 52.200446932902366 ], [ -81.832569761922841, 52.200630857391054 ], [ -81.832576481901654, 52.200990445407498 ], [ -81.831994615443321, 52.201174367083603 ], [ -81.831715428495244, 52.201895605935263 ], [ -81.831422810434333, 52.201897668012833 ], [ -81.831426165930665, 52.202077462037387 ], [ -81.831133546653874, 52.202079523402716 ], [ -81.831136901004797, 52.202259317434866 ], [ -81.830555012009071, 52.202443232068561 ], [ -81.830275793994076, 52.203164467492378 ], [ -81.829983167492372, 52.203166526035176 ], [ -81.829986517331847, 52.203346320086411 ], [ -81.829693889614219, 52.203348377916917 ], [ -81.829697238308157, 52.203528171975734 ], [ -81.829404609374606, 52.203530229093928 ], [ -81.829407956922992, 52.203710023160333 ], [ -81.829115326773533, 52.203712079566223 ], [ -81.82911867317631, 52.203891873640202 ], [ -81.828826041810942, 52.203893929333766 ], [ -81.828829387068112, 52.204073723415327 ], [ -81.828536754486819, 52.204075778396557 ], [ -81.828540098598353, 52.204255572485685 ], [ -81.828247464801152, 52.204257626754575 ], [ -81.827961514574071, 52.204619268512047 ], [ -81.827376242080902, 52.204623373474838 ], [ -81.827372902622344, 52.204443579344172 ], [ -81.827080267503945, 52.204445630723974 ], [ -81.827086944094489, 52.204805219006111 ], [ -81.827379581574533, 52.20480316759987 ], [ -81.827399619273123, 52.205881932231101 ], [ -81.827692263803286, 52.205879880019992 ], [ -81.82770896875499, 52.206778850324255 ], [ -81.828001619154719, 52.206776797321439 ] ], [ [ -81.852573961248126, 52.190777843374441 ], [ -81.85169633064713, 52.190784181649413 ], [ -81.851692894746193, 52.190604388213984 ], [ -81.851400352320184, 52.190606499508284 ], [ -81.851100942883704, 52.190249023135131 ], [ -81.851393482986182, 52.190246912593203 ], [ -81.851679151503319, 52.189885214415497 ], [ -81.852556764407282, 52.189878876344558 ], [ -81.852560203703206, 52.190058669761875 ], [ -81.853148722843116, 52.190234234112509 ], [ -81.853152164570872, 52.190414027491251 ], [ -81.852859623505225, 52.190416142397979 ], [ -81.852573961248126, 52.190777843374441 ] ], [ [ -81.853134956293502, 52.189515060540806 ], [ -81.852842421126724, 52.189517175379436 ], [ -81.852838980759429, 52.189337381958715 ], [ -81.852250474705244, 52.189161815979645 ], [ -81.852243598870132, 52.188802229055412 ], [ -81.852536129390288, 52.188800115721548 ], [ -81.852532690347189, 52.188620322264534 ], [ -81.852825219651535, 52.188618208219118 ], [ -81.85282177946489, 52.188438414770033 ], [ -81.853403393095974, 52.188254391103463 ], [ -81.853406835605824, 52.188434184530983 ], [ -81.853995336507481, 52.188609744785914 ], [ -81.854002226426729, 52.188969331558084 ], [ -81.853709694907579, 52.188971448531369 ], [ -81.853713138741753, 52.189151241922573 ], [ -81.853420606006736, 52.189153358184328 ], [ -81.853134956293502, 52.189515060540806 ] ] ] } },
{ "type": "Feature", "properties": { }, "geometry": { "type": "Polygon", "coordinates": [ [ [ -81.946339690850635, 52.169743422548542 ], [ -81.94633206131428, 52.169383843711614 ], [ -81.946039665667811, 52.169386188965028 ], [ -81.946035852137939, 52.169206399522906 ], [ -81.945743457629661, 52.169208744036609 ], [ -81.945443440854575, 52.168851508864002 ], [ -81.944858656350831, 52.168856194208104 ], [ -81.944854847653843, 52.168676404688519 ], [ -81.944270065346544, 52.168681087104126 ], [ -81.944266259045918, 52.16850129754868 ], [ -81.943677675030841, 52.168326187444571 ], [ -81.943670067341969, 52.167966608244917 ], [ -81.943962453882833, 52.167964268908804 ], [ -81.944247228142089, 52.167602349685893 ], [ -81.944539612246786, 52.167600008930798 ], [ -81.9448396132657, 52.167957246553094 ], [ -81.946009158549728, 52.16794787326819 ], [ -81.946293916035231, 52.167585949184442 ], [ -81.946878683644513, 52.167581256805853 ], [ -81.946882500348451, 52.167761046254071 ], [ -81.947174885271124, 52.167758698962842 ], [ -81.947167249547064, 52.167399120090941 ], [ -81.946874866980636, 52.167401467351951 ], [ -81.946871050356819, 52.167221677892329 ], [ -81.947163431745167, 52.167219330646411 ], [ -81.947448175253697, 52.166857403800023 ], [ -81.948032933117659, 52.16685270574596 ], [ -81.948029111901803, 52.166672916329659 ], [ -81.950952887032244, 52.166649382738576 ], [ -81.950956720028628, 52.166829172003396 ], [ -81.952710990244597, 52.166815016980173 ], [ -81.952707150179947, 52.166635227806459 ], [ -81.95504616545233, 52.166616313990019 ], [ -81.955042316003741, 52.166436524932344 ], [ -81.955919442530387, 52.166429420342212 ], [ -81.956204109758346, 52.166067472685917 ], [ -81.957081228731496, 52.166060359493081 ], [ -81.957077371158192, 52.165880570525033 ], [ -81.957369742890293, 52.165878198027009 ], [ -81.95765439484488, 52.165516246912311 ], [ -81.958239133394613, 52.16551149835486 ], [ -81.95823527123099, 52.165331709430781 ], [ -81.958820007262659, 52.165326958005913 ], [ -81.958816142783718, 52.165147169106682 ], [ -81.959108509560764, 52.16514479232282 ], [ -81.959104643944457, 52.164965003433188 ], [ -81.958812278345334, 52.164967380201752 ], [ -81.958804549590269, 52.164607802374746 ], [ -81.958512186306379, 52.164610178388251 ], [ -81.958516049485723, 52.164789967319905 ], [ -81.957931320440522, 52.164794717204067 ], [ -81.957935181304606, 52.164974506160583 ], [ -81.95735044974144, 52.164979253177378 ], [ -81.957354308290206, 52.165159042158741 ], [ -81.956184839966255, 52.165168527559594 ], [ -81.956188693843742, 52.165348316596287 ], [ -81.955603957083113, 52.165353054980287 ], [ -81.955607808645169, 52.165532844041749 ], [ -81.953268850562722, 52.165551768719766 ], [ -81.953272692741464, 52.165731557897331 ], [ -81.952395579260809, 52.165738642742944 ], [ -81.952399417945927, 52.165918431960399 ], [ -81.948013827439553, 52.165953758607387 ], [ -81.948017648494954, 52.16613354804651 ], [ -81.945678653774635, 52.166152322390516 ], [ -81.945682465445969, 52.16633211194479 ], [ -81.945097714009464, 52.166336798315754 ], [ -81.945093904694176, 52.166157008731318 ], [ -81.943339656493492, 52.166171050365207 ], [ -81.943335854286261, 52.165991260684692 ], [ -81.942747307111304, 52.165816145686748 ], [ -81.942728308653045, 52.164917197019555 ], [ -81.943020675286988, 52.164914860112873 ], [ -81.943013073827032, 52.164555280636122 ], [ -81.943305438065238, 52.164552943035055 ], [ -81.943297834409066, 52.164193363565559 ], [ -81.943590196251563, 52.164191025270121 ], [ -81.943582590399288, 52.163831445807901 ], [ -81.943874949846105, 52.163829106818078 ], [ -81.943863537833565, 52.163289737627103 ], [ -81.944444443260423, 52.163105267852842 ], [ -81.944433024660299, 52.162565898683724 ], [ -81.944725375742593, 52.162563557626015 ], [ -81.944721568444677, 52.162383767906626 ], [ -81.945013918309257, 52.162381426139554 ], [ -81.945298648946959, 52.162019504252456 ], [ -81.945883343765189, 52.162014817156546 ], [ -81.94587572002736, 52.161655237798428 ], [ -81.946168065021013, 52.161652893194031 ], [ -81.946452781686105, 52.161290968544655 ], [ -81.947037466762495, 52.161286275774252 ], [ -81.947033650322922, 52.161106486135601 ], [ -81.947325991623359, 52.161104138678922 ], [ -81.947322174046178, 52.160924349049679 ], [ -81.947614514128887, 52.160922000883723 ], [ -81.947610695414127, 52.160742211263873 ], [ -81.947903034279108, 52.16073986238866 ], [ -81.947899214426812, 52.16056007277821 ], [ -81.94819155207405, 52.160557723193733 ], [ -81.948187731084218, 52.160377933592706 ], [ -81.948480067513728, 52.160375583298986 ], [ -81.948764757333365, 52.160013653122228 ], [ -81.949349425281369, 52.160008948973477 ], [ -81.949345599701502, 52.159829159415871 ], [ -81.95051493040522, 52.159819742486675 ], [ -81.950511100155254, 52.159639952983952 ], [ -81.951680425505444, 52.159630524525802 ], [ -81.95167659058545, 52.159450735078046 ], [ -81.95226125066398, 52.159446016533259 ], [ -81.952257413429152, 52.159266227110166 ], [ -81.953719057032743, 52.159254418148187 ], [ -81.953715213950559, 52.159074628795373 ], [ -81.955761505058405, 52.15905806593306 ], [ -81.955161455182889, 52.158343644637242 ], [ -81.955453777693279, 52.158341277126354 ], [ -81.95544992774802, 52.158161487836331 ], [ -81.956034570292644, 52.158156750672084 ], [ -81.956030718032892, 52.15797696140686 ], [ -81.956323038067126, 52.157974591753522 ], [ -81.956607648952982, 52.157612642889291 ], [ -81.956899966551461, 52.157610271817873 ], [ -81.956903822262618, 52.157790061048772 ], [ -81.957492317799463, 52.157965105897169 ], [ -81.957500034133915, 52.158324684269324 ], [ -81.956919245511926, 52.15850921791521 ], [ -81.956926957379395, 52.158868796314145 ], [ -81.957511608939313, 52.158864051784683 ], [ -81.95750775063037, 52.1586842626186 ], [ -81.958677048554165, 52.158674764928918 ], [ -81.95867318557579, 52.158494975818272 ], [ -81.95984247814097, 52.158485466600695 ], [ -81.959834742886173, 52.158125888484626 ], [ -81.960127063571107, 52.15812350940007 ], [ -81.960411644413284, 52.157761551513538 ], [ -81.962457871301496, 52.157744872785742 ], [ -81.962453993219469, 52.157565083845675 ], [ -81.963330943457606, 52.15755792500115 ], [ -81.963327061884101, 52.157378136101443 ], [ -81.963619377371288, 52.157375748386734 ], [ -81.963615494661127, 52.157195959496683 ], [ -81.964200123158477, 52.157191181925135 ], [ -81.964196238134349, 52.157011393060117 ], [ -81.965073177042413, 52.157004221316903 ], [ -81.965069288526962, 52.156824432492321 ], [ -81.965946223535653, 52.156817254276859 ], [ -81.965942331529021, 52.156637465492764 ], [ -81.967696193379126, 52.156623089599165 ], [ -81.967692294349362, 52.15644330090187 ], [ -81.968276912284182, 52.156438503174137 ], [ -81.968561416189587, 52.156076525904773 ], [ -81.969438335597943, 52.156069321801219 ], [ -81.969434429627228, 52.155889533179447 ], [ -81.970603650221904, 52.155879917630493 ], [ -81.970599739583108, 52.155700129064897 ], [ -81.971765039505243, 52.155510713480695 ], [ -81.972049509187769, 52.155148727912035 ], [ -81.973511009434972, 52.155136674384785 ], [ -81.973507087188182, 52.154956885951343 ], [ -81.974676281936198, 52.154947230155749 ], [ -81.974672355021767, 52.154767441778738 ], [ -81.974964652428554, 52.154765026034852 ], [ -81.97496072437815, 52.154585237667668 ], [ -81.975253020566527, 52.154582821215115 ], [ -81.975249091380178, 52.154403032857751 ], [ -81.975541386350145, 52.154400615696559 ], [ -81.975825818321255, 52.154038621141524 ], [ -81.976702695796916, 52.154031363233599 ], [ -81.976698760848578, 52.153851574936894 ], [ -81.976991052080749, 52.153849154201453 ], [ -81.976987115996593, 52.153669365914617 ], [ -81.977279406010339, 52.153666944470586 ], [ -81.977563819229971, 52.153304945773847 ], [ -81.976686956251356, 52.153312210012452 ], [ -81.976402535845196, 52.15367420663015 ], [ -81.975233375047083, 52.153683879371073 ], [ -81.975229446066905, 52.153504090985088 ], [ -81.974644867774614, 52.153508922979363 ], [ -81.974640941189875, 52.153329134556571 ], [ -81.974348653159012, 52.153331549451913 ], [ -81.97434080246731, 52.15297197255807 ], [ -81.973756230990332, 52.152976800114089 ], [ -81.973760153961436, 52.153156588594939 ], [ -81.97259492410916, 52.153346023616322 ], [ -81.972598842454204, 52.153525812147812 ], [ -81.972306552958116, 52.153528221989454 ], [ -81.972022095525858, 52.153890208214762 ], [ -81.969687665612781, 52.154089244001007 ], [ -81.96969157235074, 52.154269032664494 ], [ -81.969106983079371, 52.154273837263709 ], [ -81.969110887503973, 52.154453625952414 ], [ -81.968526295714341, 52.154458427685725 ], [ -81.968530197825558, 52.154638216399618 ], [ -81.967653306302424, 52.154645413614396 ], [ -81.967368803973841, 52.155007388771679 ], [ -81.966491904896543, 52.155014577388457 ], [ -81.966207390795745, 52.155376549780208 ], [ -81.964745879539876, 52.155388512856675 ], [ -81.964749766551577, 52.155568301742399 ], [ -81.964457463000713, 52.155570692200385 ], [ -81.964172928845755, 52.155932659749944 ], [ -81.963296010762576, 52.155939824698024 ], [ -81.963299892010198, 52.156119613643455 ], [ -81.962715277396455, 52.156124386684994 ], [ -81.962430725582038, 52.156486350085267 ], [ -81.960969176358944, 52.156498266546862 ], [ -81.96097304831008, 52.156678055597922 ], [ -81.959803803490686, 52.156687575791764 ], [ -81.95980767077306, 52.156867364898382 ], [ -81.956884544111531, 52.156891114837151 ], [ -81.956888399660812, 52.157070904090901 ], [ -81.956303771487782, 52.157075645417898 ], [ -81.956307624722768, 52.157255434696452 ], [ -81.954846047695725, 52.157267275415258 ], [ -81.954849895084166, 52.157447064764305 ], [ -81.953972944851088, 52.15745416054984 ], [ -81.953976788747681, 52.157633949938834 ], [ -81.953392152702378, 52.157638676871493 ], [ -81.953395994284463, 52.157818466285207 ], [ -81.951057439072073, 52.157837345165539 ], [ -81.951061271274924, 52.158017134695051 ], [ -81.950476629714487, 52.158021847202455 ], [ -81.950480459602659, 52.158201636756566 ], [ -81.949018849110999, 52.15821340542545 ], [ -81.949022673152029, 52.158393195049605 ], [ -81.948730349755763, 52.158395546625577 ], [ -81.948726526892216, 52.15821575698628 ], [ -81.947849559995149, 52.158222807322907 ], [ -81.94756487396333, 52.158584735380359 ], [ -81.946980224374755, 52.158589430595022 ], [ -81.946984040253568, 52.158769220313609 ], [ -81.946403201713636, 52.158953702404261 ], [ -81.946410828961376, 52.159313281873281 ], [ -81.946118499316853, 52.159315627005853 ], [ -81.946122311823217, 52.1594954167469 ], [ -81.945829980961136, 52.159497761170222 ], [ -81.94583379232995, 52.159677550920627 ], [ -81.945541460250297, 52.159679894634678 ], [ -81.94554527048156, 52.15985968439449 ], [ -81.944964411763181, 52.160044159463936 ], [ -81.944972027715195, 52.160403739015301 ], [ -81.944679690805231, 52.160406080616582 ], [ -81.944683497663547, 52.160585870398755 ], [ -81.945852849774113, 52.16057649958708 ], [ -81.945849038205253, 52.160396709865218 ], [ -81.946726048335265, 52.160389674195805 ], [ -81.947026017563942, 52.160746906841183 ], [ -81.946733678578738, 52.160749253543273 ], [ -81.946737493760551, 52.160929043208441 ], [ -81.946152813314754, 52.160933734469673 ], [ -81.946156626181292, 52.161113524159319 ], [ -81.945864284720685, 52.161115868718454 ], [ -81.945579564362475, 52.16147779197572 ], [ -81.944702532554601, 52.16148481922405 ], [ -81.94440257681778, 52.161127580648234 ], [ -81.943817893376902, 52.161132260349419 ], [ -81.943825500387092, 52.161491839952781 ], [ -81.94324461328533, 52.161676306639826 ], [ -81.943256017153459, 52.162215676075235 ], [ -81.942675118274408, 52.162400139992258 ], [ -81.942682716421359, 52.162759719636071 ], [ -81.942975068920973, 52.162757382909895 ], [ -81.94297886923205, 52.162937172708205 ], [ -81.942397959832746, 52.163121635288896 ], [ -81.942416950407619, 52.164020584316667 ], [ -81.942124589583443, 52.1640229196992 ], [ -81.941839820516904, 52.164384833988528 ], [ -81.940670367239363, 52.164394165496233 ], [ -81.940666576032271, 52.164214375623395 ], [ -81.940078062698944, 52.164039247091836 ], [ -81.94008185151047, 52.164219037000372 ], [ -81.939789489189906, 52.164221366602163 ], [ -81.939793276863284, 52.16440115652 ], [ -81.939500913325062, 52.164403485412301 ], [ -81.939216120501513, 52.164765393458623 ], [ -81.938631388514693, 52.164770047680747 ], [ -81.938638954716268, 52.165129627596343 ], [ -81.938346586307404, 52.165131953650622 ], [ -81.938061779507393, 52.165493858933047 ], [ -81.937477037779331, 52.165498507478929 ], [ -81.937480816307172, 52.16567829747661 ], [ -81.936896072064471, 52.165682943154366 ], [ -81.936899848275971, 52.165862733176255 ], [ -81.933976112906009, 52.16588591824344 ], [ -81.933972348474569, 52.165706128072323 ], [ -81.932510485196971, 52.165717693361977 ], [ -81.932514243738368, 52.16589748360753 ], [ -81.930175251019122, 52.165915950514965 ], [ -81.930179000175784, 52.166095740873693 ], [ -81.929594249246108, 52.166100350384994 ], [ -81.929597996086045, 52.166280140767675 ], [ -81.92783999551348, 52.16611416153021 ], [ -81.927843735285165, 52.166293952001794 ], [ -81.926966604354561, 52.166300847837647 ], [ -81.926970340631343, 52.166480638347906 ], [ -81.925800827462609, 52.166489822711348 ], [ -81.925804559066322, 52.166669613275019 ], [ -81.924927420244174, 52.166676493984198 ], [ -81.924931148352812, 52.166856284586473 ], [ -81.92434638658618, 52.166860868132702 ], [ -81.924350112377738, 52.167040658758779 ], [ -81.924642494458723, 52.167038367333184 ], [ -81.92466485709835, 52.168117110881404 ], [ -81.926126802260328, 52.168105642442235 ], [ -81.926123069165058, 52.167925851938946 ], [ -81.927000232257569, 52.167918962224803 ], [ -81.926996495666998, 52.167739171760125 ], [ -81.928166041195155, 52.167729975389726 ], [ -81.928162299931245, 52.167550184978573 ], [ -81.928454685036982, 52.167547884089352 ], [ -81.928450942634214, 52.167368093687301 ], [ -81.929035710371565, 52.167363489764789 ], [ -81.929320602424951, 52.167001605984403 ], [ -81.930782509102329, 52.166990080023893 ], [ -81.931082396213327, 52.167347353212357 ], [ -81.933129080124615, 52.167331181156484 ], [ -81.933125318911323, 52.167151390986319 ], [ -81.933710083031727, 52.167146763907681 ], [ -81.933706319501752, 52.166966973761603 ], [ -81.935168223220657, 52.16695539345988 ], [ -81.935164453839775, 52.166775603382625 ], [ -81.937211109137451, 52.166759360633783 ], [ -81.937207331549672, 52.166579570655379 ], [ -81.937792087493307, 52.166574923379031 ], [ -81.938076903280773, 52.166213018769874 ], [ -81.938954029711226, 52.166206040337563 ], [ -81.938957814287917, 52.166385830237601 ], [ -81.939250190863319, 52.166383502629479 ], [ -81.939550141383748, 52.166740754019798 ], [ -81.940723448317485, 52.166911223116799 ], [ -81.941023414192614, 52.167268470655209 ], [ -81.941608178527403, 52.167263804420827 ], [ -81.941611973945427, 52.167443594151607 ], [ -81.941904357231152, 52.167441259932566 ], [ -81.94220433614511, 52.167798504373295 ], [ -81.942789107229729, 52.167793832252286 ], [ -81.942792907479841, 52.167973621905809 ], [ -81.943381483407492, 52.16814873647418 ], [ -81.943385286093729, 52.168328526086192 ], [ -81.943092897116713, 52.168330864003266 ], [ -81.942808108879277, 52.168692780462855 ], [ -81.943392891585958, 52.168688105293114 ], [ -81.94369289088776, 52.169045345775345 ], [ -81.944570071597724, 52.169038325322212 ], [ -81.944573879196483, 52.169218114845457 ], [ -81.945158668493065, 52.169213430890238 ], [ -81.945162478488243, 52.169393220377614 ], [ -81.945747269981297, 52.16938853349383 ], [ -81.945751082372965, 52.169568322945331 ], [ -81.946339690850635, 52.169743422548542 ] ], [ [ -81.9525420655266, 52.15890428793351 ], [ -81.951953576657289, 52.158729218380429 ], [ -81.952238227859155, 52.158367279909022 ], [ -81.952826713034881, 52.158542348070441 ], [ -81.9525420655266, 52.15890428793351 ] ], [ [ -81.970876396598229, 52.154978569124879 ], [ -81.970287888981062, 52.154803591031836 ], [ -81.970572366260711, 52.154441608945547 ], [ -81.971160870182118, 52.15461658564805 ], [ -81.970876396598229, 52.154978569124879 ] ] ] } },
{ "type": "Feature", "properties": { }, "geometry": { "type": "Polygon", "coordinates": [ [ [ -81.978717197446784, 52.152576097107897 ], [ -81.978713254589579, 52.15239630887455 ], [ -81.979005536115736, 52.152393883194733 ], [ -81.978997648171429, 52.152034306742102 ], [ -81.978705368999286, 52.152036732390698 ], [ -81.978693540924198, 52.151497367622 ], [ -81.978401265241629, 52.151499792499649 ], [ -81.978381558495315, 52.150600851025978 ], [ -81.978089288656051, 52.150603275101503 ], [ -81.978093228745692, 52.15078306342329 ], [ -81.977800957688174, 52.150785486790305 ], [ -81.977804896642226, 52.150965275121962 ], [ -81.97751262436644, 52.150967697780459 ], [ -81.977516562184917, 52.151147486121992 ], [ -81.977224288690877, 52.151149908071972 ], [ -81.977228225373722, 52.151329696423353 ], [ -81.976935950661414, 52.151332117664815 ], [ -81.976939886208612, 52.151511906026052 ], [ -81.97664761027805, 52.15151432655896 ], [ -81.976363200816564, 52.15187632313539 ], [ -81.97665547914238, 52.151873903295453 ], [ -81.976659413636483, 52.152053691655098 ], [ -81.976951693098002, 52.15205127107545 ], [ -81.977251846338348, 52.15240842641149 ], [ -81.978128691413133, 52.152401158061771 ], [ -81.978132631916282, 52.152580946326317 ], [ -81.978717197446784, 52.152576097107897 ] ] ] } },
{ "type": "Feature", "properties": { }, "geometry": { "type": "Polygon", "coordinates": [ [ [ -81.980150970222425, 52.151305444182384 ], [ -81.980147021770136, 52.151125655987073 ], [ -81.98043929485037, 52.151123226795967 ], [ -81.980435345262592, 52.150943438610575 ], [ -81.980727617124444, 52.150941008711001 ], [ -81.98072366640119, 52.150761220535514 ], [ -81.981015937044674, 52.150758789927487 ], [ -81.981011985185972, 52.150579001761905 ], [ -81.981304254611075, 52.150576570445416 ], [ -81.981300301616983, 52.150396782289782 ], [ -81.981592569823704, 52.150394350264847 ], [ -81.981588615694193, 52.150214562119118 ], [ -81.982169193187659, 52.150029907808161 ], [ -81.982161280428741, 52.149670331550738 ], [ -81.98245354380353, 52.149667897416187 ], [ -81.982441671446068, 52.149128533034116 ], [ -81.982733931248887, 52.149126098222496 ], [ -81.982726014198008, 52.148766521970501 ], [ -81.983018271605701, 52.14876408646618 ], [ -81.983014311965803, 52.148584298347252 ], [ -81.983306568155186, 52.14858186213457 ], [ -81.98329864664656, 52.148222285910904 ], [ -81.983590900440888, 52.148219849005542 ], [ -81.983586938572202, 52.148040060900804 ], [ -81.984167479502148, 52.14785539687027 ], [ -81.984159551265847, 52.147495820694928 ], [ -81.984451800228612, 52.147493381680256 ], [ -81.984447834996175, 52.147313593599677 ], [ -81.985028362899357, 52.147128925374801 ], [ -81.985020427935979, 52.146769349247855 ], [ -81.985312672067252, 52.146766908123972 ], [ -81.985308703471389, 52.146587120067622 ], [ -81.985600946384395, 52.146584678235456 ], [ -81.985596976653568, 52.146404890189089 ], [ -81.986177487959012, 52.146220216363574 ], [ -81.98616954399931, 52.145860640305095 ], [ -81.986461782080937, 52.145858196363875 ], [ -81.986738123289314, 52.145136599638825 ], [ -81.9870303565814, 52.145134154312615 ], [ -81.987026381301234, 52.144954366299068 ], [ -81.987318613375109, 52.144951920264646 ], [ -81.987314636960178, 52.144772132261117 ], [ -81.987606867815828, 52.14476968551849 ], [ -81.987602890266132, 52.144589897524952 ], [ -81.987895119903555, 52.144587450074141 ], [ -81.987891141219123, 52.144407662090657 ], [ -81.98818336963835, 52.14440521393167 ], [ -81.988179389819209, 52.144225425958197 ], [ -81.98847161702021, 52.144222977091026 ], [ -81.988467636066375, 52.144043189127586 ], [ -81.988759862049164, 52.144040739552253 ], [ -81.988755879960678, 52.143860951598853 ], [ -81.989048104725242, 52.143858501315357 ], [ -81.989044121502118, 52.143678713372005 ], [ -81.989336345048471, 52.143676262380367 ], [ -81.989332360690753, 52.143496474447062 ], [ -81.989912818636498, 52.143311782416134 ], [ -81.98990484542459, 52.142952206583971 ], [ -81.990197064139949, 52.142949753483755 ], [ -81.990193076420383, 52.142769965574864 ], [ -81.990485293917544, 52.142767511766543 ], [ -81.990481305063469, 52.142587723867706 ], [ -81.990773521342433, 52.142585269351294 ], [ -81.990769531353905, 52.142405481462546 ], [ -81.991061746414658, 52.14240302623805 ], [ -81.991057755291678, 52.142223238359357 ], [ -81.991349969134248, 52.142220782426776 ], [ -81.991345976876829, 52.142040994558165 ], [ -81.991638189501217, 52.142038537917529 ], [ -81.991634196109402, 52.141858750059001 ], [ -81.991926407515606, 52.141856292710308 ], [ -81.99192241298941, 52.141676504861849 ], [ -81.992214623177404, 52.141674046805115 ], [ -81.992498839691805, 52.141312012373696 ], [ -81.993375462820865, 52.141304631783754 ], [ -81.993371462539216, 52.141124843997247 ], [ -81.992783051627043, 52.140949977258828 ], [ -81.993059261150037, 52.140228365804248 ], [ -81.992474859803195, 52.140233285283763 ], [ -81.992478856346466, 52.140413073146405 ], [ -81.991894452479542, 52.140417989762263 ], [ -81.99161023663838, 52.14078002278746 ], [ -81.991025827815264, 52.140784935123591 ], [ -81.991033809433119, 52.141144510966903 ], [ -81.990741602606306, 52.141146966080811 ], [ -81.990457372817986, 52.14150899635446 ], [ -81.989872954250089, 52.141513903026194 ], [ -81.989876940500508, 52.141693690990962 ], [ -81.989584729977551, 52.141696143256823 ], [ -81.989588715093518, 52.141875931231652 ], [ -81.989296503352477, 52.141878382789429 ], [ -81.989012257221788, 52.142240409618886 ], [ -81.988427828825536, 52.142245309178179 ], [ -81.988431809361657, 52.142425097198903 ], [ -81.988139593924558, 52.142427545908497 ], [ -81.988143573326113, 52.142607333939225 ], [ -81.987851356670916, 52.142609781940685 ], [ -81.98785533493789, 52.142789569981467 ], [ -81.98756311706461, 52.142792017274786 ], [ -81.987567094196962, 52.142971805325587 ], [ -81.987274875105584, 52.142974251910758 ], [ -81.987278851103312, 52.143154039971563 ], [ -81.986986630793837, 52.143156485848579 ], [ -81.986990605656885, 52.143336273919402 ], [ -81.986410135112052, 52.143520951629782 ], [ -81.986422053018046, 52.144060315885085 ], [ -81.986129826701443, 52.144062759669033 ], [ -81.986133798243685, 52.144242547758417 ], [ -81.985841570708956, 52.14424499083416 ], [ -81.985845541116433, 52.144424778933534 ], [ -81.985553312363578, 52.144427221301072 ], [ -81.98526901980307, 52.144789239189095 ], [ -81.984684557383247, 52.144794120367315 ], [ -81.984692489077773, 52.145153696651661 ], [ -81.984400255452428, 52.145156136186252 ], [ -81.984404220185581, 52.145335924335534 ], [ -81.984111985342096, 52.145338363161869 ], [ -81.984115948940328, 52.14551815132112 ], [ -81.983823712878717, 52.145520589439187 ], [ -81.983827675341985, 52.145700377608399 ], [ -81.983535438062233, 52.14570281501819 ], [ -81.983539399390509, 52.145882603197364 ], [ -81.983247160892631, 52.145885039898872 ], [ -81.982962840428144, 52.146247052280273 ], [ -81.982378358518332, 52.146251922126083 ], [ -81.9823823152649, 52.146431710350775 ], [ -81.981801785270662, 52.146616365582275 ], [ -81.981809694264854, 52.146975942065673 ], [ -81.981229154816035, 52.147160594509245 ], [ -81.981237059352509, 52.147520171020908 ], [ -81.980944809932865, 52.147522602071426 ], [ -81.980952712281834, 52.147882178591466 ], [ -81.980660460467334, 52.147884608949234 ], [ -81.980680211181678, 52.148783550227371 ], [ -81.980387953441991, 52.148785979939305 ], [ -81.980103591529641, 52.1491479854609 ], [ -81.979519071135982, 52.149152841326995 ], [ -81.979526962463211, 52.149512417900333 ], [ -81.978946380568729, 52.149697059241966 ], [ -81.9789582109332, 52.150236424135549 ], [ -81.980135176661889, 52.150586291366807 ], [ -81.980143073359287, 52.150945867786049 ], [ -81.979850801414543, 52.150948296237402 ], [ -81.979858695923809, 52.151307872665008 ], [ -81.980150970222425, 52.151305444182384 ] ], [ [ -81.984728183763082, 52.146771789647737 ], [ -81.984139731403062, 52.146596880156359 ], [ -81.984131803749108, 52.146237303900854 ], [ -81.984424044475404, 52.146234864996039 ], [ -81.984420079534232, 52.146055076875399 ], [ -81.985008525803153, 52.146229985014479 ], [ -81.985016460516732, 52.14658956117578 ], [ -81.984724217520466, 52.146592001559974 ], [ -81.984728183763082, 52.146771789647737 ] ] ] } },
{ "type": "Feature", "properties": { }, "geometry": { "type": "Polygon", "coordinates": [ [ [ -82.302300737664297, 52.131284548185029 ], [ -82.302582361377176, 52.130921784395404 ], [ -82.303166577461113, 52.130915329272291 ], [ -82.303161331812746, 52.13073556066918 ], [ -82.30345343859716, 52.130732332043344 ], [ -82.30343769845723, 52.130193026261047 ], [ -82.30372980166166, 52.130189796974179 ], [ -82.303708810879073, 52.129470722598455 ], [ -82.304000909328678, 52.129467492671374 ], [ -82.303995660595731, 52.129287724083511 ], [ -82.304287757815374, 52.129284493453881 ], [ -82.304569352979613, 52.128921724990697 ], [ -82.30544563709347, 52.128912026716748 ], [ -82.305440382651298, 52.12873225821518 ], [ -82.305732476070844, 52.128729024031387 ], [ -82.305727220508913, 52.128549255544741 ], [ -82.306019312698496, 52.128546020658455 ], [ -82.306014056016835, 52.128366252186744 ], [ -82.306306146976411, 52.128363016597966 ], [ -82.306300889175077, 52.128183248141191 ], [ -82.306592978904675, 52.128180011849942 ], [ -82.306587719983668, 52.128000243408081 ], [ -82.307166635712264, 52.127814000291281 ], [ -82.307161374551967, 52.127634231879313 ], [ -82.306869288457122, 52.127637469554649 ], [ -82.306853508831637, 52.127098164220897 ], [ -82.307145591402175, 52.127094926608038 ], [ -82.307135069578209, 52.126735389731095 ], [ -82.3074271497441, 52.126732151436656 ], [ -82.307416625791404, 52.126372614577811 ], [ -82.307708703552677, 52.12636937560179 ], [ -82.307979724618221, 52.125647062280912 ], [ -82.308271797570399, 52.125643821941793 ], [ -82.308553337779784, 52.12528104411669 ], [ -82.309429549091348, 52.125271316715491 ], [ -82.309424279306569, 52.125091548387871 ], [ -82.309716348458622, 52.12508830449525 ], [ -82.309705806705679, 52.124728767864049 ], [ -82.309997873453256, 52.124725523289982 ], [ -82.309987329572309, 52.124365986676963 ], [ -82.310566183996642, 52.124179727169157 ], [ -82.31054508772317, 52.123460654015936 ], [ -82.310837146083074, 52.123457407418478 ], [ -82.310816045996702, 52.122738334254549 ], [ -82.311108099603402, 52.122735087017482 ], [ -82.31109754754327, 52.122375550441959 ], [ -82.311389598745777, 52.122372302523523 ], [ -82.311649980947891, 52.121290444264744 ], [ -82.3119420249934, 52.121287195025474 ], [ -82.311936745855292, 52.121107426756218 ], [ -82.312515550000157, 52.12092115791684 ], [ -82.31247858153111, 52.119662780118595 ], [ -82.312770614841924, 52.119659528898246 ], [ -82.312760050572194, 52.119299992373271 ], [ -82.313338827930593, 52.119113719617573 ], [ -82.313301838680985, 52.117855341846187 ], [ -82.313593860083913, 52.11785208866592 ], [ -82.313562150129385, 52.116773479043346 ], [ -82.314140891533654, 52.116587202515795 ], [ -82.31410388306044, 52.115328824606486 ], [ -82.314395887860826, 52.115325569550343 ], [ -82.314380024396414, 52.114786264706481 ], [ -82.314672025619615, 52.114783008990216 ], [ -82.314656159132596, 52.114243704156152 ], [ -82.314948156778712, 52.1142404477798 ], [ -82.314932287269286, 52.113701142955527 ], [ -82.315224281338416, 52.113697885919109 ], [ -82.31547394032043, 52.112256482037658 ], [ -82.315181955696914, 52.112259739629351 ], [ -82.315187246207941, 52.112439507936202 ], [ -82.314608562666066, 52.112625789335702 ], [ -82.314619139270476, 52.112985326003724 ], [ -82.314327149785598, 52.112988581510564 ], [ -82.314332436997191, 52.113168349856672 ], [ -82.314040446283101, 52.113171604661559 ], [ -82.313759025407904, 52.113534395501837 ], [ -82.313175039007433, 52.113540901580819 ], [ -82.313169756380177, 52.113361133162783 ], [ -82.312580491881462, 52.113187867842527 ], [ -82.312559371537958, 52.11246879392052 ], [ -82.312267385186544, 52.11247204430439 ], [ -82.312193487390743, 52.10995528454221 ], [ -82.311901517415137, 52.109958533910543 ], [ -82.311890963819749, 52.109598996665589 ], [ -82.311312302819701, 52.109785261817478 ], [ -82.311328126420293, 52.110324567783778 ], [ -82.311036153931582, 52.11032781502545 ], [ -82.311078343244105, 52.11176596417679 ], [ -82.310786361310932, 52.111769210862725 ], [ -82.310807452599448, 52.112488285380536 ], [ -82.310515465916112, 52.112491531427125 ], [ -82.310541825401884, 52.113390374546242 ], [ -82.310249832794398, 52.113393619974346 ], [ -82.310260374628029, 52.113753157222504 ], [ -82.309968379617629, 52.113756401969432 ], [ -82.309989459252691, 52.114475476478567 ], [ -82.309697459491616, 52.11447872058605 ], [ -82.309707997292932, 52.114838257847012 ], [ -82.309415995128816, 52.114841501273297 ], [ -82.309437066698692, 52.115560575807976 ], [ -82.309145059783617, 52.115563818594758 ], [ -82.309155593552049, 52.115923355868489 ], [ -82.308863584233819, 52.115926597974024 ], [ -82.308879381778681, 52.116465903903006 ], [ -82.308300619543232, 52.116652154743157 ], [ -82.308326938424571, 52.117550998019382 ], [ -82.309202998243961, 52.117541273308682 ], [ -82.309197730835024, 52.117361504727782 ], [ -82.310365805124519, 52.117348528408151 ], [ -82.310371077229789, 52.117528296905576 ], [ -82.31096039089978, 52.117701572815719 ], [ -82.31097094008318, 52.118061109697585 ], [ -82.310678917007891, 52.118064356391557 ], [ -82.310407983514651, 52.118786676222619 ], [ -82.31011595563217, 52.118789921554054 ], [ -82.310121227005553, 52.118969690025232 ], [ -82.309829197893606, 52.118972934654494 ], [ -82.309839738457811, 52.119332471620936 ], [ -82.309547706942197, 52.11933571556888 ], [ -82.309568784036884, 52.120054789514526 ], [ -82.309276747769047, 52.120058032822882 ], [ -82.309313626592129, 52.121316412147038 ], [ -82.309021582048885, 52.121319654878342 ], [ -82.3087400700568, 52.121682433866717 ], [ -82.307863928883862, 52.121692155677678 ], [ -82.307561358504358, 52.121335857688138 ], [ -82.306685223715405, 52.121345570696668 ], [ -82.306679965715475, 52.121165802051877 ], [ -82.306387921849876, 52.121169038254337 ], [ -82.30638266507944, 52.120989269582836 ], [ -82.305793325164899, 52.120815971057809 ], [ -82.305777562395548, 52.120276664865436 ], [ -82.30548552423619, 52.12027989879455 ], [ -82.305459259927233, 52.119381054918811 ], [ -82.305167227584064, 52.119384288020846 ], [ -82.305135719276208, 52.11830567505087 ], [ -82.303383566332002, 52.118325057730544 ], [ -82.303394054791013, 52.11868459566012 ], [ -82.303102026759433, 52.118687823617634 ], [ -82.303149216979151, 52.120305744196301 ], [ -82.303738540104874, 52.120479056066593 ], [ -82.303749032232489, 52.120838593813367 ], [ -82.303456990164833, 52.120841822743181 ], [ -82.303175435692481, 52.121204588756193 ], [ -82.30200725725733, 52.121217494518049 ], [ -82.302022975052736, 52.121756801432433 ], [ -82.301730926783435, 52.121760026127355 ], [ -82.301772833926691, 52.123198177805996 ], [ -82.301480776206887, 52.123201401943717 ], [ -82.301220137002687, 52.124283239118931 ], [ -82.300928072125828, 52.124286461934723 ], [ -82.300933307571896, 52.124466230894974 ], [ -82.30064124146557, 52.124469453008288 ], [ -82.300651710173227, 52.124828990952579 ], [ -82.300359641662808, 52.124832212384163 ], [ -82.300391042055494, 52.125910826200155 ], [ -82.300098966442334, 52.12591404703285 ], [ -82.300146060163826, 52.127531967546105 ], [ -82.299567118188094, 52.127718176372575 ], [ -82.299582810198856, 52.128257483211051 ], [ -82.299290719149155, 52.128260702143237 ], [ -82.299295948754278, 52.128440471098322 ], [ -82.298716991450874, 52.128626675824833 ], [ -82.298727446235873, 52.128986213788416 ], [ -82.298435350322151, 52.128989430633489 ], [ -82.298445802976644, 52.129348968614941 ], [ -82.29815370465829, 52.129352184778071 ], [ -82.298164155182192, 52.129711722777373 ], [ -82.297872054459162, 52.129714938258559 ], [ -82.297908624794331, 52.130973321215578 ], [ -82.298200733742291, 52.130970105589576 ], [ -82.298211185252768, 52.131329643482971 ], [ -82.302300737664297, 52.131284548185029 ] ] ] } },
{ "type": "Feature", "properties": { }, "geometry": { "type": "Polygon", "coordinates": [ [ [ -82.275020549034522, 52.107126288192724 ], [ -82.275010293123017, 52.106766745543553 ], [ -82.274718339690097, 52.106769902705757 ], [ -82.274436637421189, 52.10713260187557 ], [ -82.275020549034522, 52.107126288192724 ] ] ] } },
{ "type": "Feature", "properties": { }, "geometry": { "type": "Polygon", "coordinates": [ [ [ -82.331913488342067, 52.085637185358706 ], [ -82.331908135719459, 52.085457417443571 ], [ -82.332199943423234, 52.085454119620913 ], [ -82.33218923600262, 52.085094583815348 ], [ -82.331897430642556, 52.085097881595573 ], [ -82.331902783152955, 52.085277649522517 ], [ -82.331324520143681, 52.085464010922358 ], [ -82.331329870422579, 52.085643778879898 ], [ -82.331913488342067, 52.085637185358706 ] ] ] } },
{ "type": "Feature", "properties": { }, "geometry": { "type": "Polygon", "coordinates": [ [ [ -81.947927785192562, 52.175664730280126 ], [ -81.94792396318914, 52.175484941128481 ], [ -81.948216398662268, 52.175482591013179 ], [ -81.948501185494223, 52.175120661913233 ], [ -81.949378484480363, 52.175113605135323 ], [ -81.949374656704208, 52.174933816042234 ], [ -81.94966708844062, 52.174931462348574 ], [ -81.949663259526048, 52.174751673264943 ], [ -81.95024812052101, 52.17474696373371 ], [ -81.950244289289444, 52.174567174674671 ], [ -81.950536718547994, 52.174564818837112 ], [ -81.950532886178081, 52.174385029787523 ], [ -81.950825314217823, 52.174382673240395 ], [ -81.950821480709564, 52.174202884200277 ], [ -81.951113907530484, 52.174200526943601 ], [ -81.95139866270118, 52.173838590925492 ], [ -81.952275935730171, 52.173831512724028 ], [ -81.952560679115507, 52.173469573936103 ], [ -81.953145522805244, 52.173464850122933 ], [ -81.953141680070175, 52.173285061175761 ], [ -81.95343410067602, 52.173282698197319 ], [ -81.953718831178506, 52.172920756643578 ], [ -81.954303667474434, 52.172916027124089 ], [ -81.954588388589528, 52.1725540834952 ], [ -81.95517321992925, 52.172549349688502 ], [ -81.95516936914683, 52.172369560819355 ], [ -81.956046612317863, 52.172362454719945 ], [ -81.956042758040596, 52.17218266589083 ], [ -81.95691999731217, 52.172175553315128 ], [ -81.956916139540141, 52.171995764526073 ], [ -81.957500963161877, 52.171991019216129 ], [ -81.957497103073564, 52.171811230451901 ], [ -81.958374334667027, 52.17180410709787 ], [ -81.958378198290532, 52.17198389581624 ], [ -81.958963021506833, 52.171979143259648 ], [ -81.958955289586839, 52.171619565878366 ], [ -81.958366607541706, 52.171444529643978 ], [ -81.958339563880742, 52.170186008375367 ], [ -81.958631963725807, 52.170183632612336 ], [ -81.958916632421975, 52.169821678629106 ], [ -81.959501427196159, 52.169816923541177 ], [ -81.959786086506924, 52.169454967483716 ], [ -81.960370876324475, 52.169450208109403 ], [ -81.960655526250093, 52.169088249977818 ], [ -81.961825095809047, 52.169078719758332 ], [ -81.961821218696159, 52.168898931132333 ], [ -81.962113609805996, 52.168896546781333 ], [ -81.962109731555643, 52.168716758164976 ], [ -81.962402121446559, 52.168714373104763 ], [ -81.962686750205563, 52.168352410131483 ], [ -81.963271525071136, 52.168347636449603 ], [ -81.963267642230363, 52.168167847877541 ], [ -81.964144800688558, 52.168160681966597 ], [ -81.964429411775512, 52.167798714842199 ], [ -81.966179818708142, 52.167604570859268 ], [ -81.966175924249569, 52.167424782418223 ], [ -81.96676068635432, 52.16741999150095 ], [ -81.966756789580472, 52.167240203085044 ], [ -81.968218688235922, 52.167228213189567 ], [ -81.968214785612702, 52.167048424845113 ], [ -81.970549899899467, 52.166849415233777 ], [ -81.970545987933988, 52.166669627001603 ], [ -81.974054494171327, 52.166640708353157 ], [ -81.974050568110812, 52.166460920301397 ], [ -81.976097185763891, 52.166444003018306 ], [ -81.97610112007041, 52.166623790961189 ], [ -81.976689806659621, 52.16679873880598 ], [ -81.97668193329325, 52.166439162988254 ], [ -81.977262741680136, 52.166254532173895 ], [ -81.977254863849836, 52.165894956384193 ], [ -81.977547233935923, 52.165892533880154 ], [ -81.977543293904844, 52.165712745992302 ], [ -81.977835662771639, 52.165710322779383 ], [ -81.978120146947262, 52.165348323111509 ], [ -81.978704879762219, 52.165343473125624 ], [ -81.978989354555907, 52.164981471386291 ], [ -81.979866446276048, 52.164974188894185 ], [ -81.979862497028691, 52.164794401102633 ], [ -81.980154859674627, 52.164791972171948 ], [ -81.980150909290856, 52.164612184390315 ], [ -81.980735632102565, 52.16460732438685 ], [ -81.980731679404556, 52.164427536630754 ], [ -81.981901119818588, 52.164417807992933 ], [ -81.981897162450679, 52.164238020293737 ], [ -81.982481880052816, 52.164233151659438 ], [ -81.982766317113445, 52.16387114093407 ], [ -81.983643386013213, 52.16386383047 ], [ -81.983639421703117, 52.163684042847706 ], [ -81.98422413173931, 52.163679165614191 ], [ -81.984220165115261, 52.163499378017548 ], [ -81.985097226323887, 52.163492056781152 ], [ -81.98509325620816, 52.163312269225912 ], [ -81.985385608683259, 52.163309827380637 ], [ -81.985381637431431, 52.163130039835387 ], [ -81.985673988687097, 52.163127597281402 ], [ -81.985958392811511, 52.162765578958236 ], [ -81.986835439136655, 52.162758244870943 ], [ -81.98711983148381, 52.162396223784576 ], [ -81.987704524030818, 52.162391329385194 ], [ -81.98770054356585, 52.162211541937211 ], [ -81.98799288859901, 52.162209093666689 ], [ -81.987984925439065, 52.16184951878504 ], [ -81.98827726807508, 52.161847069821647 ], [ -81.988269302727019, 52.161487494948624 ], [ -81.988561642965919, 52.16148504529238 ], [ -81.988553675429827, 52.161125470427976 ], [ -81.988846013271669, 52.161123020078897 ], [ -81.988838043547631, 52.160763445223125 ], [ -81.989130378992456, 52.160760994181224 ], [ -81.989122407080572, 52.1604014193341 ], [ -81.98941474012841, 52.160398967599413 ], [ -81.989699096679672, 52.160036940333462 ], [ -81.990283757855863, 52.160032033305527 ], [ -81.990279767336247, 52.159852245925052 ], [ -81.990572096683991, 52.159849791340392 ], [ -81.990568105028728, 52.159670003969993 ], [ -81.990860433157081, 52.159667548676786 ], [ -81.991144773348694, 52.159305517964498 ], [ -81.992314075855134, 52.159295686777682 ], [ -81.992598401875043, 52.158933652610735 ], [ -81.994060017079008, 52.158921343866986 ], [ -81.994056011503829, 52.15874155665788 ], [ -81.995225298200552, 52.158731696688861 ], [ -81.995509596971061, 52.158369655609121 ], [ -81.996678873406438, 52.158359781281241 ], [ -81.996674857360745, 52.15817999419783 ], [ -81.997259492970755, 52.158175052719962 ], [ -81.997263511371273, 52.158354839771562 ], [ -81.998140468002177, 52.158347422074897 ], [ -81.998136446069452, 52.158167635071031 ], [ -81.999598033722862, 52.158155257837166 ], [ -81.999882293259432, 52.157793206383829 ], [ -82.00046692323086, 52.157788249035562 ], [ -82.000470954498127, 52.157968035923382 ], [ -82.001640218642649, 52.157958112471732 ], [ -82.001636182665905, 52.157778325647776 ], [ -82.001343867870645, 52.157780807581126 ], [ -82.001339833113619, 52.15760102073547 ], [ -82.00075117339081, 52.157426195514098 ], [ -82.000747141073134, 52.157246408625049 ], [ -82.001039452421026, 52.157243928188123 ], [ -82.001323694508955, 52.15688187329549 ], [ -82.001616003417553, 52.156879391442018 ], [ -82.001620039182512, 52.157059178294631 ], [ -82.002208697389165, 52.157233999197885 ], [ -82.001924460307052, 52.157596056176452 ], [ -82.003089672406603, 52.157406331611725 ], [ -82.003373898807951, 52.157044271868607 ], [ -82.004250828048015, 52.15703680887821 ], [ -82.004254874451192, 52.157216595581126 ], [ -82.004843544887152, 52.157391403266033 ], [ -82.004851642615193, 52.157750976579109 ], [ -82.00543627114493, 52.157745994605698 ], [ -82.005432219904961, 52.15756620798409 ], [ -82.007478410177541, 52.157548748375063 ], [ -82.007474350738761, 52.15736896186008 ], [ -82.008643596676706, 52.157358969071211 ], [ -82.00892777753171, 52.15699689617702 ], [ -82.010097013197964, 52.156986889031863 ], [ -82.010092943291369, 52.156807102644478 ], [ -82.010677558513677, 52.156802094758667 ], [ -82.010673486295232, 52.156622308397779 ], [ -82.014473465764141, 52.156589686736652 ], [ -82.014469378284076, 52.156409900579987 ], [ -82.017392422709449, 52.156384723869877 ], [ -82.017388323499873, 52.156204937869497 ], [ -82.024111282254566, 52.156146756967885 ], [ -82.024107156012008, 52.155966971336234 ], [ -82.02673786218034, 52.155944100756656 ], [ -82.026733725386308, 52.155764315266417 ], [ -82.027318323925385, 52.155759224981885 ], [ -82.027314184820412, 52.155579439518675 ], [ -82.02848337666849, 52.155569250324731 ], [ -82.028479232898277, 52.155389464921363 ], [ -82.030525308717472, 52.155371606065358 ], [ -82.030521156750694, 52.155191820771158 ], [ -82.031105747095609, 52.155186711756045 ], [ -82.031101592818132, 52.155006926488994 ], [ -82.031686180634367, 52.155001814610031 ], [ -82.031682024046248, 52.154822029370131 ], [ -82.032558901912054, 52.154814356169716 ], [ -82.032554741836236, 52.154634570973457 ], [ -82.033139324507616, 52.154629451918588 ], [ -82.033423288694578, 52.154267320993981 ], [ -82.034592443921483, 52.154257071429477 ], [ -82.03458827573715, 52.154077286331351 ], [ -82.03575325270711, 52.153887240208512 ], [ -82.035744907140895, 52.153527670115601 ], [ -82.036037190955028, 52.153525103083531 ], [ -82.03602049564013, 52.152805962894803 ], [ -82.036312774702466, 52.152803395204693 ], [ -82.03630859980629, 52.152623610159658 ], [ -82.036888978239304, 52.152438687622436 ], [ -82.036872269852594, 52.151719547494082 ], [ -82.03716454172185, 52.151716977730842 ], [ -82.037160363557874, 52.151537192700914 ], [ -82.037452634206403, 52.15153462223013 ], [ -82.037448454909409, 52.151354837211002 ], [ -82.037740724337198, 52.151352266032674 ], [ -82.038024630551277, 52.150990124140954 ], [ -82.03860916448005, 52.150984978230113 ], [ -82.038604980607275, 52.150805193259963 ], [ -82.039185325824249, 52.150620259543203 ], [ -82.03916858153346, 52.149901119714578 ], [ -82.039748912672863, 52.149716183271728 ], [ -82.039740536171934, 52.149356613377726 ], [ -82.040032792303677, 52.149354036589166 ], [ -82.0400286029424, 52.149174251650116 ], [ -82.040320857853459, 52.149171674154111 ], [ -82.040316667359448, 52.148991889225911 ], [ -82.040896981892786, 52.148806947194267 ], [ -82.040888596417929, 52.148447377375462 ], [ -82.041180846490278, 52.148444797773813 ], [ -82.041172458838091, 52.148085227965204 ], [ -82.041464706513139, 52.148082647672744 ], [ -82.041443732269769, 52.147183723133608 ], [ -82.041735974017755, 52.147181142200203 ], [ -82.041727582275399, 52.146821572377512 ], [ -82.042019821626226, 52.14681899075336 ], [ -82.041998837158218, 52.145920066179038 ], [ -82.042291070582422, 52.145917483914019 ], [ -82.042249093184864, 52.144119634500143 ], [ -82.042541314800758, 52.144117051677398 ], [ -82.042524520369611, 52.143397911817289 ], [ -82.042816737236095, 52.143395328337149 ], [ -82.042808337932257, 52.143035758405823 ], [ -82.043100552402052, 52.143033174235086 ], [ -82.043096351639946, 52.14285338927742 ], [ -82.043388564889398, 52.142850804399451 ], [ -82.043384362995084, 52.142671019452663 ], [ -82.043676575024179, 52.142668433867478 ], [ -82.043672371997701, 52.142488648931575 ], [ -82.043964582806439, 52.142486062639179 ], [ -82.04396037864781, 52.142306277714184 ], [ -82.044252588236205, 52.142303690714577 ], [ -82.044248382945469, 52.142123905800467 ], [ -82.044540591313478, 52.142121318093672 ], [ -82.044536384890662, 52.141941533190469 ], [ -82.044828592038328, 52.141938944776491 ], [ -82.044824384483434, 52.141759159884174 ], [ -82.045116590410757, 52.141756570763029 ], [ -82.045112381723811, 52.141576785881639 ], [ -82.045404586430763, 52.141574196053334 ], [ -82.045400376611795, 52.141394411182844 ], [ -82.045692580098432, 52.141391820647385 ], [ -82.045688369147456, 52.141212035787802 ], [ -82.045980571413736, 52.141209444545197 ], [ -82.046264347161838, 52.140847282909093 ], [ -82.04714094650592, 52.140839502767079 ], [ -82.047136729806866, 52.140659717973676 ], [ -82.047721126796148, 52.140654527626729 ], [ -82.047716907789109, 52.14047474286096 ], [ -82.048593499412675, 52.140466951962189 ], [ -82.048589276921589, 52.140287167240785 ], [ -82.048881472864764, 52.140284568843668 ], [ -82.048873025663354, 52.139924999417062 ], [ -82.049165219210053, 52.139922400329603 ], [ -82.049448960984051, 52.139560231135654 ], [ -82.050033343151568, 52.13955502940879 ], [ -82.05002911500182, 52.139375244742261 ], [ -82.05032130484301, 52.139372642809924 ], [ -82.050312846324573, 52.139013073493096 ], [ -82.050605033769344, 52.139010470870495 ], [ -82.050600803400684, 52.138830686220196 ], [ -82.050892989625098, 52.138828082890583 ], [ -82.050888758124842, 52.138648298251276 ], [ -82.05118094312887, 52.138645694214674 ], [ -82.051464660517311, 52.138283520225492 ], [ -82.052049025599445, 52.138278308600647 ], [ -82.052040553502167, 52.137918739415845 ], [ -82.052332733624709, 52.137916132551375 ], [ -82.052616437079649, 52.137553955822462 ], [ -82.053200792398755, 52.137548738542037 ], [ -82.053192311249944, 52.137189169445442 ], [ -82.053484486491001, 52.137186559753239 ], [ -82.05376817601325, 52.136824380284892 ], [ -82.054352521569371, 52.136819157349187 ], [ -82.05434403136978, 52.136459588340927 ], [ -82.05463620172938, 52.136456975821147 ], [ -82.054919877319762, 52.136094793613651 ], [ -82.05550421311294, 52.136089565022985 ], [ -82.055499963465877, 52.135909780565974 ], [ -82.055792130119812, 52.135907165201949 ], [ -82.05578362860787, 52.135547596304306 ], [ -82.056075792865684, 52.135544980250273 ], [ -82.056071541000847, 52.135365195809641 ], [ -82.056363704038304, 52.13536257904881 ], [ -82.05635945104234, 52.135182794619247 ], [ -82.05665161285944, 52.135180177151582 ], [ -82.056647358732363, 52.135000392733133 ], [ -82.05693951932912, 52.13499777455867 ], [ -82.056935264070958, 52.134817990151291 ], [ -82.057227423447358, 52.134815371270037 ], [ -82.057223167058154, 52.134635586873742 ], [ -82.057515325214197, 52.134632967285704 ], [ -82.057798965978421, 52.134270778231617 ], [ -82.058383277364427, 52.134265535504838 ], [ -82.058379016406533, 52.134085751158722 ], [ -82.05867117085684, 52.134083128726765 ], [ -82.058666908768004, 52.133903344391761 ], [ -82.058959061997953, 52.133900721253063 ], [ -82.058954798778203, 52.133720936929173 ], [ -82.059246950787795, 52.133718313083733 ], [ -82.059530571744858, 52.133356119917202 ], [ -82.060114870837879, 52.133350868675862 ], [ -82.060106335306727, 52.132991300122903 ], [ -82.060398482434906, 52.13298867345064 ], [ -82.060385675947316, 52.132449320628687 ], [ -82.060677819504036, 52.132446693283548 ], [ -82.06067354958887, 52.132266909014938 ], [ -82.060965691925276, 52.132264280963135 ], [ -82.06096142087938, 52.13208449670568 ], [ -82.061253561995471, 52.132081867947221 ], [ -82.061249289818889, 52.131902083700922 ], [ -82.061541429714666, 52.1318994542358 ], [ -82.061537156407397, 52.131719670000663 ], [ -82.061829295082845, 52.131717039828914 ], [ -82.061825020644932, 52.131537255604947 ], [ -82.062117158100065, 52.131534624726555 ], [ -82.062112882531508, 52.131354840513737 ], [ -82.062405018766327, 52.131352208928739 ], [ -82.062400742067197, 52.131172424727097 ], [ -82.062692877081702, 52.131169792435493 ], [ -82.06268859925197, 52.130990008245021 ], [ -82.06298073304616, 52.130987375246811 ], [ -82.062976454085899, 52.130807591067523 ], [ -82.063268586659774, 52.13080495736272 ], [ -82.063264306568968, 52.130625173194623 ], [ -82.063556437922529, 52.130622538783243 ], [ -82.063552156701235, 52.130442754626323 ], [ -82.063844286834481, 52.130440119508364 ], [ -82.063840004482699, 52.130260335362642 ], [ -82.06413213339566, 52.13025769953812 ], [ -82.064127849913419, 52.130077915403604 ], [ -82.064419977606065, 52.130075278872532 ], [ -82.064415692993407, 52.129895494749206 ], [ -82.064707819465738, 52.129892857511578 ], [ -82.064703533722664, 52.129713073399458 ], [ -82.064995658974695, 52.129710435455301 ], [ -82.064991372101247, 52.129530651354401 ], [ -82.065283496132977, 52.129528012703723 ], [ -82.065279208129184, 52.129348228614035 ], [ -82.065571330940614, 52.129345589256836 ], [ -82.065854873133162, 52.128983381047419 ], [ -82.066439113829801, 52.128978098783527 ], [ -82.066722646665042, 52.128615888516549 ], [ -82.067306882390383, 52.12861060197978 ], [ -82.067298290424006, 52.128251033974948 ], [ -82.067590405868586, 52.12824838965539 ], [ -82.067873924781054, 52.127886176652531 ], [ -82.068458150743893, 52.127880884464211 ], [ -82.068453850217608, 52.127701100509675 ], [ -82.068745961956168, 52.127698453347364 ], [ -82.069029468031587, 52.12733623760343 ], [ -82.069613686582315, 52.127330939729724 ], [ -82.069897183301507, 52.126968721928748 ], [ -82.070481396880623, 52.126963419782648 ], [ -82.070764884243829, 52.126601199924792 ], [ -82.071349092851236, 52.126595893506398 ], [ -82.071344780889532, 52.126416109682062 ], [ -82.071636883950276, 52.126413455404816 ], [ -82.071632570858711, 52.126233671591777 ], [ -82.071924672699112, 52.126231016608202 ], [ -82.071920358477698, 52.126051232806496 ], [ -82.072212459097784, 52.126048577116592 ], [ -82.072208143746536, 52.125868793326198 ], [ -82.07250024314628, 52.125866136929986 ], [ -82.072495926665241, 52.125686353150918 ], [ -82.072788024844641, 52.125683696048405 ], [ -82.072783707233839, 52.125503912280664 ], [ -82.073075804192896, 52.125501254471857 ], [ -82.073071485452331, 52.125321470715448 ], [ -82.073363581191074, 52.125318812200362 ], [ -82.073647034839212, 52.124956585500193 ], [ -82.074231221390022, 52.124951264921563 ], [ -82.074222574826081, 52.124591697505281 ], [ -82.07393048392332, 52.124594358122032 ], [ -82.073917517942348, 52.124055006902992 ], [ -82.074209605320235, 52.124052346337578 ], [ -82.074493044192408, 52.123690117609087 ], [ -82.075657054807721, 52.123499681697616 ], [ -82.075635411179874, 52.122600763311198 ], [ -82.075927488886421, 52.122598098542852 ], [ -82.075923159122212, 52.122418314865399 ], [ -82.076215235608529, 52.122415649390888 ], [ -82.07649864795799, 52.122053415889482 ], [ -82.077082796004191, 52.122048081392556 ], [ -82.077078461677047, 52.121868297766419 ], [ -82.077370534457188, 52.121865629450191 ], [ -82.077653933974844, 52.121503393209778 ], [ -82.07853014485724, 52.121495381854515 ], [ -82.078813532627308, 52.121133142869702 ], [ -82.08056159059592, 52.120937313048721 ], [ -82.080557242444954, 52.120757529594293 ], [ -82.08084930763016, 52.120754852701893 ], [ -82.080844958350113, 52.120575069258912 ], [ -82.081137022315033, 52.120572391660481 ], [ -82.081132671905891, 52.120392608228961 ], [ -82.081424734650497, 52.120389929924514 ], [ -82.081420383112331, 52.120210146504441 ], [ -82.081712444636608, 52.120207467493977 ], [ -82.081995798477209, 52.119845220971769 ], [ -82.082579916598888, 52.119839859403598 ], [ -82.082575560499095, 52.119660076035196 ], [ -82.082867618316783, 52.119657394183506 ], [ -82.083150959327796, 52.119295144923477 ], [ -82.083735070036184, 52.119289777673011 ], [ -82.083730709375061, 52.119109994356329 ], [ -82.084022763486075, 52.119107309663534 ], [ -82.084018401696113, 52.118927526358355 ], [ -82.084310454586799, 52.118924840959622 ], [ -82.084593779290799, 52.118562588279111 ], [ -82.085757612116268, 52.118372053478794 ], [ -82.086040921597046, 52.118009797372466 ], [ -82.08720910811175, 52.117999031534687 ], [ -82.087204733676728, 52.11781924838516 ], [ -82.088080869557587, 52.11781116646538 ], [ -82.088364156631158, 52.117448904868063 ], [ -82.088948242199095, 52.117443511928677 ], [ -82.08923151992289, 52.117081248277536 ], [ -82.089815600517298, 52.11707585106857 ], [ -82.089811215741747, 52.11689606804628 ], [ -82.089519176641957, 52.116898766994986 ], [ -82.089510409577613, 52.116539200898352 ], [ -82.089802446328576, 52.116536501984378 ], [ -82.089798061690971, 52.116356718944758 ], [ -82.090382132706139, 52.116351318982119 ], [ -82.090386519692544, 52.116531101986993 ], [ -82.090970592872495, 52.116525699097046 ], [ -82.090966203537306, 52.116345916126917 ], [ -82.091842309438789, 52.11633780642056 ], [ -82.091837916626503, 52.116158023496844 ], [ -82.092129950660492, 52.116155318832512 ], [ -82.092125556719921, 52.11597553592042 ], [ -82.092417589533468, 52.115972830550362 ], [ -82.092413194464612, 52.115793047649888 ], [ -82.092705226057731, 52.115790341574105 ], [ -82.092988462907954, 52.115428069026592 ], [ -82.093572521166294, 52.115422653329098 ], [ -82.093568121538468, 52.115242870480962 ], [ -82.093860149424117, 52.115240161564962 ], [ -82.093855748668119, 52.115060378728494 ], [ -82.094147775333326, 52.115057669106818 ], [ -82.094430995881694, 52.114695393141467 ], [ -82.096475164481603, 52.114676400725472 ], [ -82.096470753295719, 52.114496618028717 ], [ -82.096762776022231, 52.114493901951541 ], [ -82.096758363708346, 52.114314119266467 ], [ -82.097050385214345, 52.114311402483665 ], [ -82.097333577488214, 52.113949119660234 ], [ -82.098209634544219, 52.113940962909041 ], [ -82.098214052636635, 52.114120745518235 ], [ -82.098798092790759, 52.114115304033731 ], [ -82.098793672349913, 52.113935521459545 ], [ -82.099377709970199, 52.11393007711775 ], [ -82.099373287227309, 52.113750294572824 ], [ -82.099957322313657, 52.113744847373781 ], [ -82.099952897268764, 52.113565064858122 ], [ -82.100828946027704, 52.11355688868916 ], [ -82.100824517506695, 52.113377106220298 ], [ -82.101408547432143, 52.113371651860788 ], [ -82.101404116609231, 52.113191869421243 ], [ -82.101696130328108, 52.113189141174445 ], [ -82.101700562325163, 52.11336892359644 ], [ -82.102868621432407, 52.113358003308491 ], [ -82.102864184738721, 52.113178220956755 ], [ -82.104032238404955, 52.113167289170264 ], [ -82.104027797061235, 52.112987506883066 ], [ -82.105195845285721, 52.112976563598181 ], [ -82.105191399292067, 52.112796781375607 ], [ -82.110155575954579, 52.112750143651766 ], [ -82.110160041908287, 52.112929925574313 ], [ -82.113080151250315, 52.112902393832258 ], [ -82.113084628992098, 52.113082175571904 ], [ -82.114252676111349, 52.113071142559072 ], [ -82.114248193673077, 52.112891360890394 ], [ -82.114832214602501, 52.112885840081255 ], [ -82.114836699388988, 52.113065621714398 ], [ -82.115420722478532, 52.113060097977574 ], [ -82.115425209660316, 52.113239879569413 ], [ -82.116009234909896, 52.11323435290489 ], [ -82.116013724487004, 52.113414134455375 ], [ -82.117765806150288, 52.113397537001987 ], [ -82.117770302819366, 52.113577318439901 ], [ -82.119814404166547, 52.113557921720911 ], [ -82.119818909101895, 52.113737703028249 ], [ -82.120694955350515, 52.113729379249392 ], [ -82.120699463855587, 52.113909160497407 ], [ -82.121575513201208, 52.113900830157483 ], [ -82.121580025276089, 52.114080611346104 ], [ -82.122748095104484, 52.114069494031895 ], [ -82.122752611923431, 52.114249275143216 ], [ -82.124796740518363, 52.114229791880206 ], [ -82.124801265604049, 52.114409572860374 ], [ -82.127137419115854, 52.114387262746781 ], [ -82.127141953642621, 52.114567043577644 ], [ -82.127433973791938, 52.114564251541694 ], [ -82.127429438090999, 52.114384470728787 ], [ -82.127721457018552, 52.11438167798773 ], [ -82.128004399942597, 52.114019322952302 ], [ -82.129172465593143, 52.114008142009006 ], [ -82.129167922989922, 52.1138283612866 ], [ -82.1300439682052, 52.113819968041064 ], [ -82.130048514330909, 52.113999748709467 ], [ -82.131216578647127, 52.11398854752067 ], [ -82.131212027824802, 52.113808766924315 ], [ -82.131796057348339, 52.113803162027658 ], [ -82.131791504225461, 52.113623381461558 ], [ -82.134127611015643, 52.113600933097487 ], [ -82.134113923754768, 52.113061591797653 ], [ -82.13440593336604, 52.113058782552685 ], [ -82.134688813631769, 52.112696411761434 ], [ -82.135564834990333, 52.112687977627807 ], [ -82.135569403137453, 52.11286775798807 ], [ -82.136153419485154, 52.112862131581025 ], [ -82.136157990028337, 52.113041911899302 ], [ -82.137326026844832, 52.113030650336547 ], [ -82.137608883149852, 52.112668272677105 ], [ -82.140820954076673, 52.112637236176269 ], [ -82.140825543356954, 52.112817016210094 ], [ -82.141117550690424, 52.112814190353774 ], [ -82.141122141192895, 52.112993970363618 ], [ -82.141710750962289, 52.11316809641324 ], [ -82.141719936904309, 52.113527656331193 ], [ -82.141427924970785, 52.113530483706306 ], [ -82.141432516839927, 52.113710263674783 ], [ -82.142016543007045, 52.113704608165143 ], [ -82.142011948789673, 52.113524828233054 ], [ -82.142303960626847, 52.113521999411873 ], [ -82.142586779429237, 52.113159610058908 ], [ -82.144630844164581, 52.113139783259648 ], [ -82.144626239525039, 52.1129600034741 ], [ -82.144918247405826, 52.11295716820036 ], [ -82.144913641640528, 52.112777388427261 ], [ -82.145497654909079, 52.112771715747229 ], [ -82.145780443040891, 52.112409318868572 ], [ -82.146656455392034, 52.112400802366473 ], [ -82.146651842727465, 52.11222102268551 ], [ -82.148403859079352, 52.112203970270023 ], [ -82.148686620015198, 52.111841566546921 ], [ -82.149854620361936, 52.111830181064555 ], [ -82.149849994928701, 52.111650401567417 ], [ -82.1507259911576, 52.111641854919284 ], [ -82.150721362251005, 52.111462075471316 ], [ -82.151305357146342, 52.111456374127698 ], [ -82.151300725940359, 52.111276594710596 ], [ -82.152468710452425, 52.111265183421061 ], [ -82.152751432453414, 52.110902770123197 ], [ -82.153335419624881, 52.110897058768181 ], [ -82.153618132283185, 52.110534643425183 ], [ -82.154202114467154, 52.110528927805966 ], [ -82.154197471765144, 52.110349148543492 ], [ -82.1550734411543, 52.110340569747748 ], [ -82.155068794979385, 52.110160790534657 ], [ -82.156236748787364, 52.110149342092811 ], [ -82.156241399657731, 52.110329121232255 ], [ -82.157993335949612, 52.110311926770791 ], [ -82.157988678036091, 52.11013214774195 ], [ -82.158572654061757, 52.110126410508201 ], [ -82.158567993849374, 52.109946631510461 ], [ -82.159151967331866, 52.109940891421914 ], [ -82.159147304820692, 52.109761112455281 ], [ -82.160899217051522, 52.109743874950205 ], [ -82.160894547546334, 52.109564096088668 ], [ -82.162062483359222, 52.109552590034191 ], [ -82.162057809207795, 52.10937281124086 ], [ -82.163809704413808, 52.109355530582832 ], [ -82.163805023268665, 52.109175751894838 ], [ -82.166136180917789, 52.108972892137707 ], [ -82.16613149048078, 52.108793113586579 ], [ -82.166715447328016, 52.10878733612892 ], [ -82.1667107545927, 52.10860755760914 ], [ -82.166122109754298, 52.108433556466885 ], [ -82.166112729224523, 52.108073999323942 ], [ -82.166404702977843, 52.108071111030874 ], [ -82.166687291654185, 52.107708664923052 ], [ -82.166979262961746, 52.107705775221426 ], [ -82.166983956624719, 52.107885553751686 ], [ -82.167572597499131, 52.108059550629875 ], [ -82.167299403978419, 52.108781555779686 ], [ -82.167883360431915, 52.108775772538898 ], [ -82.167878663001645, 52.108595994093491 ], [ -82.169630524137247, 52.108578627133404 ], [ -82.169625819713914, 52.108398848793932 ], [ -82.170501746094814, 52.108390155610849 ], [ -82.17049703819967, 52.10821037732147 ], [ -82.170789012387559, 52.108207478166662 ], [ -82.17078430336808, 52.108027699890123 ], [ -82.171076276332911, 52.108024800031089 ], [ -82.171071566189141, 52.107845021767396 ], [ -82.171363537930887, 52.107842121204158 ], [ -82.171646084789202, 52.10747966344784 ], [ -82.172813961675146, 52.107468051224188 ], [ -82.172809244637676, 52.107288273055055 ], [ -82.174269083764017, 52.107273741604736 ], [ -82.1745516034308, 52.106911277014774 ], [ -82.175427499122151, 52.106902547414172 ], [ -82.175710007052913, 52.106540080096771 ], [ -82.176882590963473, 52.106708205698496 ], [ -82.177165085836037, 52.106345734961444 ], [ -82.178040969625897, 52.106336986013076 ], [ -82.178036231761112, 52.106157208146072 ], [ -82.178620151692229, 52.106151371937258 ], [ -82.178615411530046, 52.105971594102002 ], [ -82.179199328915288, 52.105965755039477 ], [ -82.17919458645575, 52.105785977235954 ], [ -82.179778501295047, 52.105780135319769 ], [ -82.179773756538211, 52.105600357547992 ], [ -82.180357668831505, 52.105594512778183 ], [ -82.180352921777398, 52.10541473503821 ], [ -82.182104650421437, 52.10539718349446 ], [ -82.182387094633498, 52.105034700473418 ], [ -82.184134044942454, 52.104837341285879 ], [ -82.184416469155906, 52.104474853490871 ], [ -82.185292314005579, 52.104466050897365 ], [ -82.185297080759156, 52.104645828346143 ], [ -82.185880979422592, 52.104639956298854 ], [ -82.18616338818164, 52.104277464401008 ], [ -82.187039228611198, 52.104268648854394 ], [ -82.187034454917182, 52.104088871507329 ], [ -82.187618345939867, 52.104082990900274 ], [ -82.18761356994915, 52.103903213585227 ], [ -82.188489402587464, 52.103894387310746 ], [ -82.188484623126712, 52.103714610046637 ], [ -82.189944337321407, 52.103699885228863 ], [ -82.189939552043995, 52.103520108053651 ], [ -82.191107317803386, 52.103508315265863 ], [ -82.191102527882776, 52.103328538160689 ], [ -82.192854167975057, 52.10331082741078 ], [ -82.192849371064739, 52.103131050413708 ], [ -82.194309063892177, 52.103116271675361 ], [ -82.194304261165613, 52.102936494767519 ], [ -82.195180072738026, 52.102927618908879 ], [ -82.195462395139728, 52.102565105162988 ], [ -82.198089805561651, 52.102538432398831 ], [ -82.198084987733722, 52.102358655721204 ], [ -82.199544652556796, 52.10234381231956 ], [ -82.199539828913174, 52.102164035731576 ], [ -82.200415623680541, 52.102155121075491 ], [ -82.200410796567795, 52.101975344539035 ], [ -82.20099465714658, 52.101969397859733 ], [ -82.200989827737985, 52.101789621355692 ], [ -82.201281756778229, 52.10178664695114 ], [ -82.201564022409769, 52.101424118874846 ], [ -82.202147875544213, 52.101418166528894 ], [ -82.202143041594809, 52.101238390083907 ], [ -82.203310742562792, 52.101226476796484 ], [ -82.203305903971412, 52.101046700422302 ], [ -82.205057446862426, 52.101028808926117 ], [ -82.205052601282915, 52.100849032661181 ], [ -82.205928368523374, 52.10084007721472 ], [ -82.206210590443561, 52.100477538226841 ], [ -82.208254028778327, 52.100456612102626 ], [ -82.208249170447075, 52.100276836031618 ], [ -82.20970876186442, 52.100261867216872 ], [ -82.209703897718683, 52.100082091236295 ], [ -82.210287731582596, 52.100076098690458 ], [ -82.210282865141693, 52.099896322742595 ], [ -82.211450527564963, 52.099884329056408 ], [ -82.211445656482866, 52.099704553179869 ], [ -82.213197141547255, 52.09968654108755 ], [ -82.213192263477993, 52.099506765321017 ], [ -82.214359914472851, 52.099494742884318 ], [ -82.214661595013723, 52.099851286802469 ], [ -82.215537339607053, 52.099842260103465 ], [ -82.215532452102281, 52.099662484497514 ], [ -82.215824365691219, 52.099659474171965 ], [ -82.216126058981914, 52.10001601425239 ], [ -82.216709890595695, 52.100009989910674 ], [ -82.216704998347453, 52.099830214388035 ], [ -82.220791797471662, 52.099787963333341 ], [ -82.220796706142579, 52.099967738584219 ], [ -82.221964365876374, 52.099955640762097 ], [ -82.221959452513289, 52.099775865589031 ], [ -82.224586673342557, 52.099748603391085 ], [ -82.224591597262972, 52.099928378388796 ], [ -82.225175425892516, 52.099922312134765 ], [ -82.225170499626017, 52.099742537176077 ], [ -82.22808962794285, 52.099712162744069 ], [ -82.228094565939628, 52.09989193750738 ], [ -82.228386479659818, 52.099888896070233 ], [ -82.228391418881401, 52.100068670808113 ], [ -82.228975248512526, 52.100062585726839 ], [ -82.228980190131978, 52.100242360419735 ], [ -82.231315515967736, 52.100217991032977 ], [ -82.231320467023437, 52.100397765563287 ], [ -82.231904300309708, 52.100391665951108 ], [ -82.231909253763462, 52.100571440436319 ], [ -82.232785006822553, 52.100562285539461 ], [ -82.232789963847466, 52.100742059959956 ], [ -82.233957638557641, 52.100729843235378 ], [ -82.233962600326862, 52.100909617571432 ], [ -82.23454643971607, 52.100903504834008 ], [ -82.234551403883501, 52.101083279124893 ], [ -82.235427166096272, 52.10107410453994 ], [ -82.235432133835062, 52.101253878765981 ], [ -82.23659982074868, 52.101241635790288 ], [ -82.236604793232004, 52.101421409931717 ], [ -82.237480561389276, 52.101412220053035 ], [ -82.237485537444115, 52.101591994129507 ], [ -82.23836130865125, 52.101582797687811 ], [ -82.23836628827766, 52.101762571699275 ], [ -82.240993609636959, 52.101734943173184 ], [ -82.240998599873876, 52.101914717001073 ], [ -82.241874376238499, 52.101905494425218 ], [ -82.241879370047187, 52.102085268187942 ], [ -82.243047075826311, 52.102072961223733 ], [ -82.243052074380003, 52.102252734901434 ], [ -82.243344001866959, 52.102249656333925 ], [ -82.243645931258811, 52.102606124302369 ], [ -82.244229790663312, 52.102599963474745 ], [ -82.244234794066998, 52.102779737055648 ], [ -82.244526724863775, 52.102776655537994 ], [ -82.244531729493119, 52.102956429093233 ], [ -82.244823661410635, 52.102953346833075 ], [ -82.245125607384651, 52.10330981086382 ], [ -82.245709475650116, 52.103303642650737 ], [ -82.245714485129824, 52.103483416109057 ], [ -82.246590290653828, 52.10347415830968 ], [ -82.246595303705803, 52.103653931702603 ], [ -82.247179176138886, 52.103647756183136 ], [ -82.247184191589952, 52.103827529530484 ], [ -82.248060003364955, 52.103818260771419 ], [ -82.248065022388417, 52.103998034053276 ], [ -82.248648898988563, 52.103991851227264 ], [ -82.248653920411201, 52.104171624463497 ], [ -82.249821677672784, 52.104159250059382 ], [ -82.250123671592689, 52.10451570090747 ], [ -82.250999495867248, 52.104506410228225 ], [ -82.25100452683435, 52.104686183287626 ], [ -82.251588411766974, 52.104679985848001 ], [ -82.25159344513348, 52.104859758861679 ], [ -82.252761219058712, 52.104847355229928 ], [ -82.253063241032692, 52.105203798325476 ], [ -82.253939077803537, 52.105194485725043 ], [ -82.254241111511035, 52.10555092570651 ], [ -82.255116954687523, 52.105541604313323 ], [ -82.255122002398437, 52.105721377058117 ], [ -82.255705899931598, 52.105715159142271 ], [ -82.255710950042214, 52.105894931841213 ], [ -82.256586799464984, 52.105885599486804 ], [ -82.256591853148734, 52.106065372119858 ], [ -82.258343557603752, 52.106046687776555 ], [ -82.258348618380936, 52.106226460283551 ], [ -82.25893252178841, 52.10622022634697 ], [ -82.259234602166615, 52.106576653170649 ], [ -82.260397348422089, 52.106384401217966 ], [ -82.260402417519373, 52.106564173572806 ], [ -82.261278278475942, 52.106554806285367 ], [ -82.261283351146687, 52.106734578574098 ], [ -82.261867260532043, 52.106728330061777 ], [ -82.262169367686681, 52.107084749160741 ], [ -82.263327033064058, 52.106712696132533 ], [ -82.263332114002083, 52.106892468274637 ], [ -82.263624069522166, 52.106889339300359 ], [ -82.26392619171871, 52.107245753789392 ], [ -82.265088934355106, 52.107053455602767 ], [ -82.265094022440479, 52.107233227612291 ], [ -82.265677937481328, 52.107226960187056 ], [ -82.265683027967, 52.107406732150423 ], [ -82.268602611701766, 52.107375351455659 ], [ -82.268884363047107, 52.107012665922426 ], [ -82.269760229923662, 52.107003235572726 ], [ -82.270062401563877, 52.107359634003942 ], [ -82.270938274838585, 52.107350194859563 ], [ -82.270933163230524, 52.10717042325988 ], [ -82.271517076132142, 52.10716412692355 ], [ -82.27151196223079, 52.106984355358513 ], [ -82.271803917427732, 52.106981206126456 ], [ -82.271809032502517, 52.107160977671235 ], [ -82.272392945082387, 52.10715467699827 ], [ -82.272398062557727, 52.10733444849668 ], [ -82.273273934545443, 52.107324992005616 ], [ -82.273268813549763, 52.107145220568029 ], [ -82.273852725592903, 52.107138912667359 ], [ -82.273847602304031, 52.106959141264497 ], [ -82.273258571719438, 52.106785677675305 ], [ -82.273248330103897, 52.106426134759083 ], [ -82.273540281458637, 52.106422981251271 ], [ -82.273535159557994, 52.106243209804639 ], [ -82.273827109685641, 52.106240055594363 ], [ -82.273821986665311, 52.10606028416214 ], [ -82.274113935565879, 52.106057129249393 ], [ -82.274395633839774, 52.105694430813074 ], [ -82.275563419302799, 52.105681801206217 ], [ -82.275568549255809, 52.10586157252834 ], [ -82.276152444011359, 52.105855253347869 ], [ -82.276147311711668, 52.105675482066403 ], [ -82.276439257835392, 52.105672321412385 ], [ -82.276720934774005, 52.105309617536413 ], [ -82.277596765620729, 52.105300129191868 ], [ -82.277591627615905, 52.105120357994473 ], [ -82.27875939663079, 52.105107696831759 ], [ -82.278754253986662, 52.104927925709944 ], [ -82.279630076661874, 52.104918422310533 ], [ -82.279624930551833, 52.104738651243956 ], [ -82.281376567405587, 52.104719625054372 ], [ -82.281371414309916, 52.10453985410431 ], [ -82.282831104336196, 52.104523979174111 ], [ -82.283112722071095, 52.104161260347318 ], [ -82.283988528236193, 52.104151724671425 ], [ -82.284270134238866, 52.103789003134843 ], [ -82.284853999943806, 52.103782641040624 ], [ -82.284848833039916, 52.103602870306432 ], [ -82.285724627671485, 52.103593321806443 ], [ -82.285719457302235, 52.103413551127822 ], [ -82.286887178026035, 52.103400809759066 ], [ -82.286892353087964, 52.103580580355739 ], [ -82.287476215470718, 52.103574205294365 ], [ -82.287481392933287, 52.103753975844164 ], [ -82.288357189619859, 52.103744407770549 ], [ -82.288352008637773, 52.103564637282311 ], [ -82.287768146580703, 52.10357101667968 ], [ -82.287762967999242, 52.103391246144525 ], [ -82.287173931890521, 52.103217852028152 ], [ -82.287168755763943, 52.103038081440211 ], [ -82.287460683408725, 52.103034893609717 ], [ -82.287742254216354, 52.102672163945073 ], [ -82.289493804541365, 52.102653017696696 ], [ -82.289488619192724, 52.102473247255283 ], [ -82.290364390102212, 52.102463664437046 ], [ -82.290359201288666, 52.102283894051411 ], [ -82.290943045943536, 52.102277501933841 ], [ -82.290937854838219, 52.102097731583434 ], [ -82.291813617893098, 52.102088138049048 ], [ -82.291808423323019, 52.101908367754461 ], [ -82.292684182368617, 52.101898767778195 ], [ -82.292689380457873, 52.102078538011035 ], [ -82.293278422385157, 52.102251904558315 ], [ -82.293288823528499, 52.102611444912199 ], [ -82.293580747684672, 52.102608241947216 ], [ -82.29357554591266, 52.102428471793822 ], [ -82.295035160009817, 52.102412446232407 ], [ -82.295029952426944, 52.102232676176207 ], [ -82.295613795337587, 52.102226260934479 ], [ -82.295608585463171, 52.102046490913658 ], [ -82.295900505663525, 52.102043282229488 ], [ -82.295884872848831, 52.10150397219364 ], [ -82.296176789475439, 52.101500762848779 ], [ -82.296171577473459, 52.101320992845707 ], [ -82.296463492872405, 52.10131778279888 ], [ -82.296458279752073, 52.101138012810573 ], [ -82.296750193923359, 52.101134802061807 ], [ -82.297031677271349, 52.100772050678771 ], [ -82.298783146746871, 52.100752766924074 ], [ -82.298777924406807, 52.100572997083447 ], [ -82.299069834621562, 52.100569780615977 ], [ -82.299064611163288, 52.100390010790143 ], [ -82.299648429082623, 52.100383575728827 ], [ -82.299643203333247, 52.10020380593852 ], [ -82.301394648738579, 52.100184483537014 ], [ -82.301389416006486, 52.100004713865097 ], [ -82.301681322209205, 52.100001490956586 ], [ -82.301962758365875, 52.099638728046941 ], [ -82.303130373025269, 52.099625826462919 ], [ -82.303135612684969, 52.099805596022158 ], [ -82.304011326621463, 52.099795912185037 ], [ -82.304006083443127, 52.099616142688099 ], [ -82.304589890113576, 52.099609683225445 ], [ -82.304584644644464, 52.099429913764148 ], [ -82.305460350719102, 52.099420219213378 ], [ -82.305741752477886, 52.099057447477406 ], [ -82.306909350204052, 52.099044508570316 ], [ -82.306904095517282, 52.098864739257728 ], [ -82.307195993638302, 52.098861502745429 ], [ -82.30747737780473, 52.098498726951036 ], [ -82.308353064635043, 52.098489011036357 ], [ -82.308347804249564, 52.098309241810213 ], [ -82.308931592848523, 52.098302760962852 ], [ -82.308926330172667, 52.098122991772513 ], [ -82.309218223216632, 52.098119750285903 ], [ -82.309212959423178, 52.097939981110521 ], [ -82.309504851239211, 52.097936738922257 ], [ -82.309499586328187, 52.097756969761846 ], [ -82.309791476916288, 52.097753726871929 ], [ -82.310072833101799, 52.097390945004449 ], [ -82.311240385299357, 52.097377963496776 ], [ -82.311235113517668, 52.097198194443912 ], [ -82.31181888693952, 52.097191699396902 ], [ -82.311813612867709, 52.097011930379907 ], [ -82.311224570120075, 52.096838656320486 ], [ -82.311219298504156, 52.096658887249937 ], [ -82.311511181724697, 52.096655640150345 ], [ -82.31149009112309, 52.095936563892757 ], [ -82.311781969597803, 52.095933316154238 ], [ -82.311776695912982, 52.095753547096002 ], [ -82.312360450351377, 52.095747049493404 ], [ -82.312355174376634, 52.095567280471066 ], [ -82.312938926248663, 52.095560780020485 ], [ -82.313220243282686, 52.095197990774629 ], [ -82.313803990132442, 52.095191486073077 ], [ -82.313798708460851, 52.095011717137602 ], [ -82.31438773676075, 52.095184978481797 ], [ -82.31439302083281, 52.095364747369501 ], [ -82.314101146373787, 52.095368001547293 ], [ -82.314116995404561, 52.095907308237848 ], [ -82.313825117372403, 52.095910561755971 ], [ -82.313830399320807, 52.096090330661966 ], [ -82.312662881948228, 52.096103337593625 ], [ -82.312668159261506, 52.096283106577374 ], [ -82.312376278607402, 52.096286356525056 ], [ -82.312392107361191, 52.096825663503679 ], [ -82.312100223133839, 52.096828912791594 ], [ -82.312105498323035, 52.097008681793582 ], [ -82.312981154357161, 52.096998931699694 ], [ -82.312975875649954, 52.096819162760418 ], [ -82.313267759711337, 52.096815911305086 ], [ -82.313549081778319, 52.096453121314703 ], [ -82.314132844933724, 52.096446614875362 ], [ -82.314127561701952, 52.096266846002081 ], [ -82.314419442023961, 52.096263591719648 ], [ -82.314700751302723, 52.095900799034247 ], [ -82.315284506979253, 52.095894286940847 ], [ -82.315279219223243, 52.09571451813364 ], [ -82.315571095805794, 52.095711261024221 ], [ -82.315565806932625, 52.09553149223207 ], [ -82.315857682287159, 52.095528234421145 ], [ -82.31613897531598, 52.095165438369641 ], [ -82.317014593845045, 52.09515565856077 ], [ -82.317295875148389, 52.094792859805622 ], [ -82.318463356141095, 52.094779807224668 ], [ -82.31845805581996, 52.094600038612789 ], [ -82.319041793638007, 52.094593508029803 ], [ -82.319036491027433, 52.094413739454012 ], [ -82.319620226278147, 52.094407206023419 ], [ -82.319614921378189, 52.094227437483745 ], [ -82.320198654061528, 52.094220901205567 ], [ -82.32019334687223, 52.094041132702046 ], [ -82.321360806881401, 52.094028051561004 ], [ -82.321355495057901, 52.093848283135713 ], [ -82.322517633028852, 52.093655422173576 ], [ -82.322512316626998, 52.093475653820704 ], [ -82.322804177749987, 52.093472378903066 ], [ -82.323085401491042, 52.093109566623859 ], [ -82.324247512554194, 52.092916688764504 ], [ -82.324242189340964, 52.092736920514476 ], [ -82.32453404543979, 52.092733641346925 ], [ -82.324815250534328, 52.092370825023643 ], [ -82.325398957763483, 52.092364263161166 ], [ -82.325393630028302, 52.092184494977815 ], [ -82.326269186936216, 52.092174646829818 ], [ -82.32626385573991, 52.091994878703908 ], [ -82.326555706758498, 52.091991594564341 ], [ -82.326836890807002, 52.091628773517442 ], [ -82.32742058787548, 52.091622201711147 ], [ -82.327701762601635, 52.091259378642697 ], [ -82.32916099229142, 52.091242933086157 ], [ -82.329155649651966, 52.091063165142174 ], [ -82.329447494249735, 52.091059873885079 ], [ -82.329442150494046, 52.090880105956352 ], [ -82.329733993863556, 52.090876813998122 ], [ -82.329728648991647, 52.090697046084671 ], [ -82.330020491132927, 52.090693753425313 ], [ -82.330301638953586, 52.090330924283748 ], [ -82.332047322140028, 52.09013138131818 ], [ -82.332041968114822, 52.08995161355066 ], [ -82.332333805118779, 52.089948315197738 ], [ -82.332614929495918, 52.089585480654634 ], [ -82.333198598534551, 52.089578880422295 ], [ -82.333193239989157, 52.089399112721928 ], [ -82.333485073252106, 52.089395811543596 ], [ -82.333479713590776, 52.089216043858542 ], [ -82.333771545625439, 52.089212741979168 ], [ -82.334052653761361, 52.088849904074706 ], [ -82.334636312861349, 52.088843296789634 ], [ -82.334630948680214, 52.08866352917186 ], [ -82.334922776973798, 52.088660224467205 ], [ -82.334912046436074, 52.088300689256428 ], [ -82.33520387232933, 52.088297383872039 ], [ -82.33519850597277, 52.08811761627905 ], [ -82.335490330637739, 52.088114310193703 ], [ -82.335484963165399, 52.087934542616061 ], [ -82.335776786602111, 52.087931235829743 ], [ -82.335771418014005, 52.087751468267463 ], [ -82.33606324022243, 52.087748160780194 ], [ -82.336057870518587, 52.087568393233283 ], [ -82.336636140431096, 52.087382008624367 ], [ -82.336625396616924, 52.087022473586138 ], [ -82.33691721396859, 52.087019164017335 ], [ -82.336911840974011, 52.086839396510641 ], [ -82.337203657097405, 52.086836086240922 ], [ -82.337198282987217, 52.086656318749611 ], [ -82.337490097882352, 52.086653007778999 ], [ -82.337484722656555, 52.086473240303064 ], [ -82.337776536323446, 52.086469928631551 ], [ -82.337771159982069, 52.086290161171021 ], [ -82.338349406174174, 52.086103768280232 ], [ -82.338338649085642, 52.085744233414829 ], [ -82.338630457895917, 52.085740919662001 ], [ -82.338911505099347, 52.085378070383243 ], [ -82.339495117750559, 52.085371439352059 ], [ -82.339484351738363, 52.085011904609935 ], [ -82.339776155635718, 52.085008588053761 ], [ -82.339770771542433, 52.084828820695172 ], [ -82.340062574211558, 52.084825503438189 ], [ -82.340051803850685, 52.084465968745931 ], [ -82.340343604119809, 52.084462650809492 ], [ -82.340327445486494, 52.083923348790805 ], [ -82.340905650383206, 52.083736943570884 ], [ -82.34117588790717, 52.083014554344977 ], [ -82.34175407751539, 52.082828145040452 ], [ -82.341743294336226, 52.082468610474358 ], [ -82.341451507238148, 52.0824719317865 ], [ -82.341440726628221, 52.082112397154063 ], [ -82.341732511383057, 52.082109075884638 ], [ -82.341700163879452, 52.081030471973619 ], [ -82.341408386154043, 52.081033793114891 ], [ -82.341397606447828, 52.08067425838788 ], [ -82.341689381830193, 52.080670937289327 ], [ -82.341683990890317, 52.080491169938306 ], [ -82.34197576504468, 52.080487848139072 ], [ -82.341970372989806, 52.080308080803505 ], [ -82.342548524444709, 52.080121667782969 ], [ -82.342526947644586, 52.079402598528915 ], [ -82.342818714600668, 52.079399274691859 ], [ -82.342807924196933, 52.079039740072126 ], [ -82.343099688753668, 52.079036415555805 ], [ -82.343088896233283, 52.078676880955186 ], [ -82.343380658390714, 52.078673555759657 ], [ -82.343364466520171, 52.078134253878531 ], [ -82.343656225106983, 52.078130928025182 ], [ -82.343629233930642, 52.077232091545369 ], [ -82.343920986604388, 52.077228765077017 ], [ -82.343915587367533, 52.077048997784708 ], [ -82.344207338813447, 52.077045670615803 ], [ -82.344196538166997, 52.076686136056232 ], [ -82.344488287213821, 52.076682808208204 ], [ -82.344450478535251, 52.075424437213307 ], [ -82.344742219327173, 52.075421108793172 ], [ -82.344720610928519, 52.074702039608781 ], [ -82.345012346979345, 52.074698710552369 ], [ -82.34500154077746, 52.074339175967516 ], [ -82.345293274429523, 52.074335846232053 ], [ -82.345271658020863, 52.073616777077042 ], [ -82.345563386932128, 52.07361344670538 ], [ -82.345557981800511, 52.073433679423268 ], [ -82.346136029694094, 52.073247249312061 ], [ -82.346125215030071, 52.07288771480394 ], [ -82.346416939087433, 52.072884382352449 ], [ -82.346697843966879, 52.072521514733097 ], [ -82.347281287114384, 52.072514846306753 ], [ -82.34727046353612, 52.07215531192282 ], [ -82.347562182682978, 52.072151976669808 ], [ -82.347545944228159, 52.071612675113883 ], [ -82.347837659805606, 52.071609339203413 ], [ -82.347826832110854, 52.07124980484614 ], [ -82.347535118875143, 52.071253140713694 ], [ -82.347529706283694, 52.071073373504738 ], [ -82.346940871790807, 52.070900275773852 ], [ -82.346930051574716, 52.070540741240578 ], [ -82.347221760240515, 52.070537406902346 ], [ -82.347502644177084, 52.070174537371201 ], [ -82.348674885671016, 52.070340957237917 ], [ -82.348636967925344, 52.069082587044754 ], [ -82.348928666884774, 52.069079248547659 ], [ -82.348912413761511, 52.068539947011985 ], [ -82.349490384550407, 52.068353500834043 ], [ -82.349457866129413, 52.067274897825158 ], [ -82.349749553212106, 52.067271557377694 ], [ -82.349738711851515, 52.066912023037034 ], [ -82.350316658228081, 52.066725572926778 ], [ -82.350305812526088, 52.066366038636573 ], [ -82.350597493585667, 52.066362696131527 ], [ -82.350586645769909, 52.066003161860628 ], [ -82.350878324431648, 52.065999818676922 ], [ -82.350862049622734, 52.065460517290717 ], [ -82.351439972589347, 52.065274061789815 ], [ -82.351412837624451, 52.064375226213251 ], [ -82.351704505581765, 52.064371881058193 ], [ -82.351688221773927, 52.063832579705775 ], [ -82.351979886163306, 52.063829233893649 ], [ -82.351969028235061, 52.063469699672147 ], [ -82.352546920942444, 52.063283238892623 ], [ -82.352536058674247, 52.062923704721698 ], [ -82.35311394196242, 52.062737241210314 ], [ -82.353103075354568, 52.062377707090008 ], [ -82.353394730097165, 52.062374357842216 ], [ -82.353389295708382, 52.062194590794718 ], [ -82.353967166010023, 52.062008123167232 ], [ -82.354237067440891, 52.061285703783568 ], [ -82.354528714934517, 52.0612823517789 ], [ -82.354523276206635, 52.06110258478207 ], [ -82.355101127671475, 52.060916111691647 ], [ -82.35509024582008, 52.060556577754646 ], [ -82.355381888462205, 52.060553223671668 ], [ -82.355371004498579, 52.060193689754115 ], [ -82.355662644743518, 52.060190334992775 ], [ -82.35564631571539, 52.059651034136756 ], [ -82.355937952393106, 52.05964767871864 ], [ -82.355932508327726, 52.059467911776373 ], [ -82.356224143778377, 52.059464555658373 ], [ -82.356218698599989, 52.059284788731759 ], [ -82.356510332823575, 52.05928143191386 ], [ -82.356504886532207, 52.059101665002913 ], [ -82.35708270389388, 52.058915182372203 ], [ -82.357071806916423, 52.058555648607062 ], [ -82.357363436288864, 52.058552289711137 ], [ -82.357644164175213, 52.058189396391349 ], [ -82.358227417954808, 52.058182675078697 ], [ -82.358221964986058, 52.058002908261805 ], [ -82.358799760945857, 52.057816417327068 ], [ -82.358783395534246, 52.057277116952854 ], [ -82.359075016374561, 52.057273753879592 ], [ -82.359355722489539, 52.056910856559014 ], [ -82.360516733763802, 52.056717627654038 ], [ -82.360511271893273, 52.05653786096282 ], [ -82.360802887711102, 52.056534493647689 ], [ -82.360797424727949, 52.056354726972202 ], [ -82.361089039318756, 52.056351358957336 ], [ -82.36108357522302, 52.056171592297574 ], [ -82.361375188586777, 52.056168223582972 ], [ -82.361369723378488, 52.055988456938955 ], [ -82.361661335515208, 52.05598508752464 ], [ -82.361655869194365, 52.055805320896361 ], [ -82.361947480104064, 52.05580195078231 ], [ -82.362228153807507, 52.055439046759268 ], [ -82.36281137066149, 52.055432303011038 ], [ -82.362805899833432, 52.05525253645169 ], [ -82.363097507004738, 52.05524916351721 ], [ -82.363378167955645, 52.05488625681167 ], [ -82.364252981935309, 52.054876131646203 ], [ -82.36424750543064, 52.054696365177549 ], [ -82.364539108806127, 52.054692988701397 ], [ -82.364819754608263, 52.054330078635694 ], [ -82.365402956393609, 52.054323322163562 ], [ -82.36539747538238, 52.054143555764 ], [ -82.365105875688059, 52.054146934339009 ], [ -82.36510039590388, 52.053967167911814 ], [ -82.364511721294846, 52.053794156377847 ], [ -82.364500766691904, 52.05343462340695 ], [ -82.364792361822467, 52.053431246361441 ], [ -82.364786883437446, 52.053251479888829 ], [ -82.365078477341044, 52.053248102143726 ], [ -82.365072997843797, 52.053068335686902 ], [ -82.365364590520414, 52.053064957242206 ], [ -82.365359109910983, 52.052885190801177 ], [ -82.365650701360636, 52.052881811656917 ], [ -82.365645219639049, 52.052702045231683 ], [ -82.365936809861708, 52.052698665387851 ], [ -82.365931327027994, 52.05251889897842 ], [ -82.366222916023688, 52.052515518435037 ], [ -82.36621743207786, 52.052335752041415 ], [ -82.366795121330426, 52.052149222478207 ], [ -82.366784149047902, 52.05178968974829 ], [ -82.367075733193204, 52.05178630712804 ], [ -82.367356340550415, 52.051423391119904 ], [ -82.367939503875732, 52.051416622360101 ], [ -82.367928522697227, 52.05105708975681 ], [ -82.368220101934739, 52.051053704338557 ], [ -82.368500695488521, 52.050690785659121 ], [ -82.36908384899823, 52.050684011303481 ], [ -82.369078353932608, 52.050504245068176 ], [ -82.369661504873307, 52.050497467871168 ], [ -82.369656007526444, 52.050317701673514 ], [ -82.37081680207254, 52.050124372595519 ], [ -82.370811300163354, 52.049944606473197 ], [ -82.371102871808816, 52.049941213973355 ], [ -82.371383435073767, 52.049578288577109 ], [ -82.371966573399121, 52.049571500058633 ], [ -82.371961066985492, 52.049391734005795 ], [ -82.372252634892348, 52.049388338686576 ], [ -82.372247127367075, 52.049208572649647 ], [ -82.372538694046952, 52.049205176631055 ], [ -82.372533185410063, 52.049025410610007 ], [ -82.372824750862947, 52.049022013892071 ], [ -82.372819241114456, 52.048842247886945 ], [ -82.37311080534036, 52.04883885046965 ], [ -82.373105294480297, 52.048659084480434 ], [ -82.373396857479221, 52.048655686363801 ], [ -82.373391345507613, 52.048475920390501 ], [ -82.373682907279559, 52.048472521574524 ], [ -82.373963440546746, 52.048109590160408 ], [ -82.374546559124951, 52.048102789010045 ], [ -82.374541042649625, 52.047923023106385 ], [ -82.374832600682865, 52.04791962147133 ], [ -82.375113121204194, 52.047556687377472 ], [ -82.375696232304918, 52.047549880589074 ], [ -82.37568519040525, 52.047190348915237 ], [ -82.376262773396618, 52.047003773527749 ], [ -82.3762517271673, 52.046644241905874 ], [ -82.376543276669523, 52.04664083609714 ], [ -82.376526704252015, 52.046101538685519 ], [ -82.376818250189075, 52.046098132221339 ], [ -82.377098743402897, 52.045735193486252 ], [ -82.377973373678813, 52.045724967735197 ], [ -82.377967843925774, 52.045545202017145 ], [ -82.378550928148783, 52.045538381288125 ], [ -82.378545396115584, 52.045358615607981 ], [ -82.378836936971155, 52.045355204183757 ], [ -82.378831403826851, 52.045175438519607 ], [ -82.379122943455471, 52.045172026396216 ], [ -82.379117409200106, 52.044992260748089 ], [ -82.37940894760176, 52.044988847925559 ], [ -82.379689412932578, 52.04462590315562 ], [ -82.380272484770074, 52.044619073992976 ], [ -82.380266946012668, 52.044439308414816 ], [ -82.380558480675461, 52.044435892773834 ], [ -82.380552940807078, 52.044256127211696 ], [ -82.381130465472452, 52.044069528286336 ], [ -82.381119381350061, 52.043709997220255 ], [ -82.38141091116303, 52.043706579503969 ], [ -82.381405368019969, 52.043526813983988 ], [ -82.381696896605987, 52.043523395568627 ], [ -82.381977334346445, 52.043160445462391 ], [ -82.382560386552612, 52.043153605114419 ], [ -82.38255483890822, 52.042973839664569 ], [ -82.38284636375532, 52.042970418431025 ], [ -82.382840815000165, 52.042790652997233 ], [ -82.3831323386203, 52.042787231064665 ], [ -82.383412760170984, 52.042424277613684 ], [ -82.383995802445313, 52.042417430231481 ], [ -82.38399024918921, 52.042237664867898 ], [ -82.384281769070341, 52.042234240117303 ], [ -82.384270660394975, 52.041874709416355 ], [ -82.384562177880369, 52.04187128398879 ], [ -82.384517736155289, 52.04043316112368 ], [ -82.384226228019756, 52.040436586375101 ], [ -82.384231781863107, 52.040616351776031 ], [ -82.383940272500723, 52.040619776328491 ], [ -82.383945825233539, 52.040799541745507 ], [ -82.383654314644318, 52.040802965599021 ], [ -82.383659866266569, 52.040982731032116 ], [ -82.383368354450496, 52.040986154186655 ], [ -82.383373904962141, 52.041165919635809 ], [ -82.383082391919217, 52.041169342091379 ], [ -82.383087941320227, 52.041349107556606 ], [ -82.382796427050465, 52.041352529313187 ], [ -82.38280197534084, 52.041532294794479 ], [ -82.382510459844227, 52.041535715852071 ], [ -82.382230036369464, 52.041898667221382 ], [ -82.381647000410766, 52.04190550581955 ], [ -82.38165254420025, 52.042085271370972 ], [ -82.381361024965045, 52.042088689610516 ], [ -82.381366567643767, 52.042268455177989 ], [ -82.381075047181696, 52.042271872718509 ], [ -82.381080588749654, 52.042451638301991 ], [ -82.380789067060746, 52.042455055143478 ], [ -82.380794607517871, 52.042634820742997 ], [ -82.380503084602111, 52.042638236885423 ], [ -82.38050862394843, 52.042818002500972 ], [ -82.380217099805819, 52.042821417944332 ], [ -82.379936649796377, 52.043184363967768 ], [ -82.379062069833552, 52.043194603940279 ], [ -82.379067603509441, 52.043374369647765 ], [ -82.378776075570372, 52.04337778155179 ], [ -82.378781608135313, 52.043557547275277 ], [ -82.378490078969421, 52.043560958480207 ], [ -82.378209610373588, 52.043923900480948 ], [ -82.377626547076545, 52.043930719373236 ], [ -82.377632075139545, 52.044110485166613 ], [ -82.377049009273065, 52.044117301218492 ], [ -82.377043483547965, 52.043937535381296 ], [ -82.376454896458554, 52.043764582618223 ], [ -82.376438326817421, 52.04322528492186 ], [ -82.377015855790347, 52.043038706106366 ], [ -82.377004805092312, 52.042679174354852 ], [ -82.376713281423463, 52.042682581123991 ], [ -82.376707757330081, 52.042502815217439 ], [ -82.375833189483089, 52.042513031133034 ], [ -82.375838710069942, 52.042692797105268 ], [ -82.375547186169797, 52.042696200990306 ], [ -82.375552705645603, 52.042875966978478 ], [ -82.375261180518805, 52.042879370164364 ], [ -82.375266698883536, 52.043059136168502 ], [ -82.374975172530085, 52.043062538655235 ], [ -82.374694678346103, 52.043425472498875 ], [ -82.374111620674796, 52.043432273954622 ], [ -82.374117134537229, 52.043612040028407 ], [ -82.373539585879485, 52.043798604755246 ], [ -82.373550609217261, 52.04415813696059 ], [ -82.37297305115024, 52.044344698960195 ], [ -82.372984070158381, 52.044704231217345 ], [ -82.372692532822612, 52.044707628132308 ], [ -82.372412009992061, 52.045070556646998 ], [ -82.371828930356159, 52.045077346958855 ], [ -82.371839940473564, 52.045436879343214 ], [ -82.371548398231056, 52.045440273461153 ], [ -82.371553902207197, 52.045620039666254 ], [ -82.371262358737994, 52.045623433084906 ], [ -82.370981818660042, 52.045986358262134 ], [ -82.369821131758641, 52.046179688333794 ], [ -82.369826628950676, 52.046359454646002 ], [ -82.369249026822246, 52.046545998633107 ], [ -82.369260016817606, 52.046905531315033 ], [ -82.368968464703983, 52.0469089191173 ], [ -82.36897395861881, 52.047088685471145 ], [ -82.368682405278506, 52.047092072574046 ], [ -82.368687898081689, 52.047271838943757 ], [ -82.368396343514689, 52.047275225347271 ], [ -82.368401835206214, 52.04745499173282 ], [ -82.36811027941252, 52.047458377436968 ], [ -82.368115769992343, 52.047638143838348 ], [ -82.367824212971968, 52.047641528843087 ], [ -82.367829702440076, 52.04782129526032 ], [ -82.367252073075576, 52.048007829604636 ], [ -82.367263047622274, 52.048367362496471 ], [ -82.366971485752529, 52.048370745424734 ], [ -82.366976971942819, 52.048550511883512 ], [ -82.366685408846365, 52.048553894112331 ], [ -82.366690893924826, 52.048733660586926 ], [ -82.366113248018365, 52.04892018943665 ], [ -82.366124213785255, 52.049279722443146 ], [ -82.365832645839319, 52.049283102595339 ], [ -82.365838127639577, 52.049462869111444 ], [ -82.365546558466903, 52.049466248564151 ], [ -82.365557519900946, 52.049825781622019 ], [ -82.364979855170418, 52.050012305014199 ], [ -82.365001769601704, 52.050731371208897 ], [ -82.364710192071215, 52.050734748649973 ], [ -82.364715669653052, 52.050914515205541 ], [ -82.364424090895781, 52.050917891947094 ], [ -82.364143462739122, 52.051280801147598 ], [ -82.363560300260062, 52.051287551111265 ], [ -82.36356577333612, 52.05146731773587 ], [ -82.363274190841139, 52.051470691657507 ], [ -82.363279662805041, 52.051650458297885 ], [ -82.362988079083266, 52.05165383151995 ], [ -82.36270743472592, 52.052016737370472 ], [ -82.362124262317934, 52.05202348029497 ], [ -82.362129729775674, 52.052203247004286 ], [ -82.361838142316273, 52.052206617406284 ], [ -82.361849075064455, 52.052566150850495 ], [ -82.361557485208721, 52.052569520574551 ], [ -82.361276823594665, 52.052932423084478 ], [ -82.359818861475915, 52.052949257495314 ], [ -82.359824319863293, 52.053129024348259 ], [ -82.359241132276367, 52.053135753106751 ], [ -82.359246588381694, 52.053315519997014 ], [ -82.358954993332901, 52.053318883315917 ], [ -82.35896044832576, 52.053498650221904 ], [ -82.358382708428309, 52.05368514168228 ], [ -82.358112917604288, 52.054407570680858 ], [ -82.357821315309153, 52.054410931244142 ], [ -82.357826765966053, 52.054590698201039 ], [ -82.357535162444137, 52.054594058064588 ], [ -82.357254455671367, 52.054956951189212 ], [ -82.356379637573767, 52.054967024417238 ], [ -82.35638508255326, 52.055146791464331 ], [ -82.356093475236932, 52.055150147785874 ], [ -82.356104363027526, 52.055509681905484 ], [ -82.355812753314666, 52.055513037548806 ], [ -82.355818196125725, 52.055692804621302 ], [ -82.356109807008366, 52.0556894489564 ], [ -82.356120695141072, 52.05604898304049 ], [ -82.355542910451902, 52.056235460811514 ], [ -82.355553794247427, 52.056594994946373 ], [ -82.355262177401755, 52.056598349276349 ], [ -82.354981439843201, 52.056961237082376 ], [ -82.354106581774261, 52.056971293708997 ], [ -82.353825832517032, 52.057334178821229 ], [ -82.353242588726317, 52.057340878275234 ], [ -82.353248021578409, 52.057520645482526 ], [ -82.352956398427779, 52.05752399414893 ], [ -82.352961830166848, 52.057703761371826 ], [ -82.352670205789437, 52.057707109338324 ], [ -82.352675636415469, 52.057886876576838 ], [ -82.352097813493174, 52.058073337664212 ], [ -82.352124956061246, 52.058972173953578 ], [ -82.351547116872979, 52.059158632420861 ], [ -82.351557969731829, 52.059518166969397 ], [ -82.351266333370262, 52.059521511543771 ], [ -82.351282609574639, 52.060060813386713 ], [ -82.350990969646048, 52.060064157304112 ], [ -82.350996393991068, 52.060243924594758 ], [ -82.350704752835568, 52.060247267812152 ], [ -82.350715599355865, 52.060606802418704 ], [ -82.350423955803336, 52.060610144957579 ], [ -82.350164839076371, 52.061692090710451 ], [ -82.349586956650853, 52.061878539783294 ], [ -82.349603214007658, 52.06241784178232 ], [ -82.349025319879829, 52.062604288160045 ], [ -82.349041570896162, 52.063143590216924 ], [ -82.348749910620057, 52.063146928727257 ], [ -82.348760742574044, 52.063506463445187 ], [ -82.348469079900568, 52.063509801276879 ], [ -82.348479909740831, 52.063869336014086 ], [ -82.348188244669956, 52.063872673167104 ], [ -82.348199072396397, 52.06423220792356 ], [ -82.34790740492808, 52.064235544397889 ], [ -82.347934469384654, 52.065134381292779 ], [ -82.347356533294402, 52.065320819695238 ], [ -82.347378176743362, 52.0660398892526 ], [ -82.34708649740061, 52.066043223776518 ], [ -82.347091907234045, 52.066222991172523 ], [ -82.346800226664101, 52.066226324996236 ], [ -82.346805635383703, 52.066406092407753 ], [ -82.346513953586566, 52.066409425531226 ], [ -82.346519361192307, 52.066589192958268 ], [ -82.345941400408336, 52.066775624547063 ], [ -82.345952211220791, 52.06713515945728 ], [ -82.345374241015691, 52.067321588313014 ], [ -82.345395854181746, 52.068040658210172 ], [ -82.344817869985846, 52.068227084406502 ], [ -82.344834073600566, 52.068766386877989 ], [ -82.344542376189196, 52.068769715228044 ], [ -82.344569377491865, 52.069668552669285 ], [ -82.344277674170314, 52.069671880404613 ], [ -82.344288472745887, 52.070031415382516 ], [ -82.343996767026255, 52.070034742438878 ], [ -82.344012961801468, 52.070574044925571 ], [ -82.343721252512879, 52.07057737132434 ], [ -82.343461920195011, 52.071659302071772 ], [ -82.343170203768224, 52.071662627155277 ], [ -82.343180994221143, 52.072022162174228 ], [ -82.342889275396004, 52.072025486578688 ], [ -82.342905457986518, 52.072564789126908 ], [ -82.342613735592067, 52.072568112873682 ], [ -82.342624521926396, 52.072927647919016 ], [ -82.342332797133508, 52.072930970986704 ], [ -82.342343581351884, 52.073290506051137 ], [ -82.342051854160516, 52.073293828439709 ], [ -82.342078809839947, 52.07419266610416 ], [ -82.342370542886485, 52.074189343608765 ], [ -82.342375935362909, 52.074369111102548 ], [ -82.342084201145283, 52.074372433619317 ], [ -82.342089592507136, 52.074552201128576 ], [ -82.341797857061934, 52.074555522944827 ], [ -82.341803247309173, 52.074735290469533 ], [ -82.341225161868664, 52.074921699540624 ], [ -82.340965745839384, 52.076003624606898 ], [ -82.340387640545686, 52.076190029668133 ], [ -82.340409180482226, 52.076909099945667 ], [ -82.339831061190196, 52.077095502345685 ], [ -82.339847209876638, 52.077634805102051 ], [ -82.339555454069554, 52.077638121505821 ], [ -82.339566217799884, 52.077997656689838 ], [ -82.339274459593781, 52.078000972414308 ], [ -82.339290602098188, 52.078540275209981 ], [ -82.338998840321636, 52.078543590276425 ], [ -82.339004220097848, 52.078723357884485 ], [ -82.33871245709355, 52.078726672250276 ], [ -82.338717835754736, 52.078906439873734 ], [ -82.338139683609029, 52.079092834142116 ], [ -82.338452959816877, 52.079808591674066 ], [ -82.338161189671354, 52.079811904723712 ], [ -82.338166566327786, 52.079991672354339 ], [ -82.337874794954459, 52.079994984703269 ], [ -82.337880170495751, 52.080174752349293 ], [ -82.337301998491824, 52.080361142606378 ], [ -82.337312745170038, 52.080720677954062 ], [ -82.336734563737721, 52.080907065475607 ], [ -82.336750677316942, 52.081446368562808 ], [ -82.336458896289926, 52.081449677471873 ], [ -82.336464266423988, 52.081629445177072 ], [ -82.336172484169111, 52.081632753385342 ], [ -82.336177853187849, 52.081812521105896 ], [ -82.335886069705126, 52.081815828613394 ], [ -82.335891437608524, 52.081995596349323 ], [ -82.335599652897955, 52.081998903155998 ], [ -82.335605019685985, 52.08217867090729 ], [ -82.335026812253886, 52.082365050184848 ], [ -82.335042906094245, 52.082904353513101 ], [ -82.334464686945594, 52.083090730091229 ], [ -82.334480774430332, 52.083630033476112 ], [ -82.334188978893636, 52.08363333686362 ], [ -82.334194340329219, 52.083813104668018 ], [ -82.333902543564605, 52.083816407354632 ], [ -82.333621465096527, 52.08417924499517 ], [ -82.333037866599497, 52.084185846842743 ], [ -82.333043223516555, 52.084365614714336 ], [ -82.332751423012041, 52.084368914576153 ], [ -82.332756778813447, 52.084548682463073 ], [ -82.332178528806438, 52.084735047986157 ], [ -82.33218923600262, 52.085094583815348 ], [ -82.332481041306579, 52.085091285312963 ], [ -82.332762134670986, 52.084728450344102 ], [ -82.333345740311017, 52.084721849813448 ], [ -82.333340382109881, 52.084542081974888 ], [ -82.333632183673885, 52.08453878064757 ], [ -82.333637543046805, 52.084718548464913 ], [ -82.334226510122605, 52.084891711370354 ], [ -82.33424795777529, 52.085610782387135 ], [ -82.333956149292689, 52.085614085286174 ], [ -82.33396151017449, 52.085793853046845 ], [ -82.33366970046383, 52.085797155244947 ], [ -82.333675060229922, 52.085976923020944 ], [ -82.333096795774821, 52.08616329310567 ], [ -82.333107510900206, 52.086522828713065 ], [ -82.332815696333483, 52.086526128829533 ], [ -82.33282105280847, 52.086705896645604 ], [ -82.332242775349968, 52.086892262607009 ], [ -82.332253483892785, 52.087251798294488 ], [ -82.331961664469873, 52.08725509632923 ], [ -82.331977724188931, 52.087794399879797 ], [ -82.331399429150693, 52.087980761790654 ], [ -82.331410131334636, 52.088340297534515 ], [ -82.331118304711367, 52.088343593529792 ], [ -82.330837175752038, 52.088706424607885 ], [ -82.330253517536903, 52.088713013071995 ], [ -82.330258864136837, 52.08889278100802 ], [ -82.329383372877658, 52.08890265835084 ], [ -82.329388716017306, 52.089082426344504 ], [ -82.328805052553648, 52.089089007670765 ], [ -82.328810393405078, 52.08926877570083 ], [ -82.328518560417152, 52.089272065301728 ], [ -82.328523900152433, 52.089451833347056 ], [ -82.327940231664471, 52.089458410424356 ], [ -82.327659069942129, 52.08982123407943 ], [ -82.327075396429947, 52.089827806907621 ], [ -82.327080730472289, 52.090007575040964 ], [ -82.326497054392163, 52.090014145022295 ], [ -82.326502386146061, 52.090193913191989 ], [ -82.325626868090225, 52.090203762810177 ], [ -82.325345682924379, 52.090566581062234 ], [ -82.324470157165266, 52.090576422139492 ], [ -82.324475480881247, 52.09075619043923 ], [ -82.324183637677706, 52.090759469374795 ], [ -82.32418896027724, 52.090939237689724 ], [ -82.323605271358332, 52.090945793436092 ], [ -82.323610591669166, 52.091125561787273 ], [ -82.32273505435586, 52.091135390052692 ], [ -82.322740371205654, 52.091315158461185 ], [ -82.322156677040283, 52.091321707068651 ], [ -82.322161991601234, 52.091501475513361 ], [ -82.321286446418597, 52.091511293070276 ], [ -82.321291757518367, 52.091691061572234 ], [ -82.320708058107002, 52.091697603040586 ], [ -82.320713366917829, 52.091877371578725 ], [ -82.320129664939273, 52.09188391019979 ], [ -82.320134971461101, 52.092063678774089 ], [ -82.319551266915425, 52.092070214547817 ], [ -82.319556571148198, 52.092249983158254 ], [ -82.318972864035473, 52.092256516084632 ], [ -82.318978165979146, 52.092436284731171 ], [ -82.318102601376253, 52.092446078766088 ], [ -82.318107899858404, 52.092625847469733 ], [ -82.317816043707339, 52.09262911072431 ], [ -82.317534779942108, 52.092991910730063 ], [ -82.31665920395497, 52.093001694118392 ], [ -82.316664496741708, 52.093181462909243 ], [ -82.316372636795961, 52.093184722614907 ], [ -82.316091357844968, 52.093547519246052 ], [ -82.314632045283076, 52.093563803536284 ], [ -82.314637330029129, 52.093743572456098 ], [ -82.313178010220199, 52.093759838791236 ], [ -82.312896701681041, 52.094122627964111 ], [ -82.311729235236896, 52.09413562530672 ], [ -82.311739781666873, 52.094495163523369 ], [ -82.311447912572632, 52.094498411094783 ], [ -82.311453184698024, 52.094678180215148 ], [ -82.311161314375994, 52.094681427085028 ], [ -82.31087998372513, 52.095044211539083 ], [ -82.310296238114731, 52.095050701750232 ], [ -82.310301505715671, 52.095230470936436 ], [ -82.309717757539303, 52.095236958299587 ], [ -82.309723022850335, 52.095416727521609 ], [ -82.308847396654159, 52.095426453210628 ], [ -82.308566042552002, 52.095789232255271 ], [ -82.307398530583768, 52.095802187003322 ], [ -82.307403786679473, 52.095981956374402 ], [ -82.306528148606915, 52.095991664912127 ], [ -82.306533401239832, 52.096171434339766 ], [ -82.306241520599556, 52.0961746690949 ], [ -82.305960140644657, 52.09653744204838 ], [ -82.303625074339422, 52.096563288633547 ], [ -82.303630315410828, 52.096743058251363 ], [ -82.303338430702652, 52.096746285844134 ], [ -82.303057023556406, 52.097109052015398 ], [ -82.302473249174696, 52.097115503671546 ], [ -82.302468012684216, 52.096935733982498 ], [ -82.302176126583717, 52.096938958706097 ], [ -82.30187377230277, 52.096582643228487 ], [ -82.299830584097236, 52.096605190716581 ], [ -82.299549149211231, 52.096967948706542 ], [ -82.298386822360484, 52.097160584345502 ], [ -82.298392042487805, 52.097340354318625 ], [ -82.298100153274703, 52.097343568968739 ], [ -82.298105372283999, 52.097523338956641 ], [ -82.297521591348215, 52.097529766130727 ], [ -82.297526808066735, 52.097709536154092 ], [ -82.296651132734695, 52.097719171558396 ], [ -82.296656345989604, 52.097898941637858 ], [ -82.296072559816125, 52.097905361669469 ], [ -82.296077770780116, 52.098085131784316 ], [ -82.294331607894279, 52.09828414489531 ], [ -82.294336811930691, 52.098463915122167 ], [ -82.293753017847067, 52.09847032371718 ], [ -82.293758219592377, 52.098650093979387 ], [ -82.293174422944972, 52.098656499725465 ], [ -82.293179622399151, 52.098836270022993 ], [ -82.292595823188066, 52.098842672920121 ], [ -82.292601020351043, 52.099022443252935 ], [ -82.291433416583814, 52.099035240458974 ], [ -82.291438609109832, 52.099215010868235 ], [ -82.29027618766915, 52.099407567081357 ], [ -82.289994657623083, 52.099770302722078 ], [ -82.289118939335694, 52.099779882448082 ], [ -82.289124122696094, 52.099959652998216 ], [ -82.287956492860573, 52.099972415932335 ], [ -82.287961671583574, 52.100152186558702 ], [ -82.287085945118051, 52.100161751233777 ], [ -82.287091120376502, 52.100341521915773 ], [ -82.286799210273202, 52.100344708716129 ], [ -82.286517646103434, 52.100707436222244 ], [ -82.285349995547293, 52.100720173471345 ], [ -82.285068417247516, 52.101082897586735 ], [ -82.28419267156103, 52.101092440891271 ], [ -82.28391108153113, 52.101455162297349 ], [ -82.283327246002443, 52.101461519523909 ], [ -82.283332406391139, 52.101641290430877 ], [ -82.282748568299979, 52.101647644807834 ], [ -82.282753726396663, 52.101827415749796 ], [ -82.281877965335212, 52.101836941956847 ], [ -82.28188311996675, 52.10201671295421 ], [ -82.281299276642756, 52.102023060186589 ], [ -82.281304428982153, 52.102202831218904 ], [ -82.280428660071834, 52.102212346708939 ], [ -82.280433808945943, 52.102392117796569 ], [ -82.279849960389612, 52.102398457884178 ], [ -82.279855106971482, 52.102578229006731 ], [ -82.277811627113607, 52.102600396692644 ], [ -82.277529975759435, 52.102963103167674 ], [ -82.274610690240962, 52.102994703045049 ], [ -82.27461581586779, 52.103174474516159 ], [ -82.27344809546247, 52.103187094313725 ], [ -82.273453216450335, 52.103366865860139 ], [ -82.272869353579139, 52.10337317146346 ], [ -82.272864234937643, 52.103193399876481 ], [ -82.270236859921098, 52.103221739136707 ], [ -82.270241968003916, 52.103401510905982 ], [ -82.267322645611074, 52.103432930521073 ], [ -82.267317549260184, 52.103253158549691 ], [ -82.266733686486489, 52.103259433760201 ], [ -82.266728592535415, 52.103079661742591 ], [ -82.264685079358188, 52.103101602073885 ], [ -82.264679993672743, 52.10292182990927 ], [ -82.263220345669453, 52.102937479793603 ], [ -82.263215265903185, 52.102757707522471 ], [ -82.262339479981577, 52.102767088720682 ], [ -82.262344556228328, 52.102946861052153 ], [ -82.261760696334804, 52.102953111611157 ], [ -82.261755622434407, 52.102773339239477 ], [ -82.261171764674444, 52.102779586867612 ], [ -82.261166693173564, 52.102599814449881 ], [ -82.260874765387001, 52.102602937159858 ], [ -82.260572699397599, 52.102246514213789 ], [ -82.258529219456321, 52.102268347609481 ], [ -82.258524158673112, 52.102088574993566 ], [ -82.257940309129907, 52.102094806562626 ], [ -82.257935250746002, 52.101915033900752 ], [ -82.257351403336926, 52.10192126253915 ], [ -82.257346347352268, 52.101741489831348 ], [ -82.256762502077407, 52.101747715539091 ], [ -82.256757448491953, 52.101567942785394 ], [ -82.256173605351364, 52.101574165562525 ], [ -82.256168554165072, 52.101394392762941 ], [ -82.255584713158854, 52.10140061260951 ], [ -82.25557966437168, 52.101220839764053 ], [ -82.254995825499918, 52.101227056680074 ], [ -82.254990779111793, 52.101047283788787 ], [ -82.254115023926616, 52.101056603683126 ], [ -82.254109981110574, 52.100876830726008 ], [ -82.252353440626649, 52.100715677801205 ], [ -82.252348404954546, 52.100535904712601 ], [ -82.251764574304602, 52.100542105571137 ], [ -82.251759541031348, 52.100362332436795 ], [ -82.2508837981798, 52.100371628245163 ], [ -82.250581826786359, 52.100015178957037 ], [ -82.24912226577942, 52.100030653706575 ], [ -82.249117243221392, 52.099850880375399 ], [ -82.248533420795965, 52.099857065177197 ], [ -82.248528400636573, 52.099677291800383 ], [ -82.247944580346612, 52.099683473672009 ], [ -82.247939562585799, 52.099503700249564 ], [ -82.247355744431388, 52.099509879191054 ], [ -82.247350729069097, 52.099330105723027 ], [ -82.246183096821326, 52.099342454855424 ], [ -82.246178086203429, 52.099162681302104 ], [ -82.245594272110239, 52.099168851493069 ], [ -82.245292350944311, 52.098812388261429 ], [ -82.244708541227908, 52.09881855403755 ], [ -82.244703536632187, 52.09863878036748 ], [ -82.243827825182933, 52.098648023552876 ], [ -82.243822824158414, 52.098468249817508 ], [ -82.243239018609259, 52.098474408288631 ], [ -82.24323401998295, 52.098294634507788 ], [ -82.242650216569999, 52.098300790049031 ], [ -82.242655212850494, 52.098480563869465 ], [ -82.241487600704588, 52.098492866360267 ], [ -82.241482609115707, 52.0983130924607 ], [ -82.240606902975514, 52.098322311682502 ], [ -82.240601914957651, 52.098142537717777 ], [ -82.240310013979226, 52.098145609326821 ], [ -82.240305027186537, 52.097965835336502 ], [ -82.240013127328723, 52.097968906203221 ], [ -82.24000814176118, 52.097789132187287 ], [ -82.239716243023977, 52.097792202311709 ], [ -82.239711258681552, 52.097612428270175 ], [ -82.239419361064961, 52.097615497652292 ], [ -82.239117499559399, 52.097259018132299 ], [ -82.237949917744714, 52.097271285387222 ], [ -82.237944940596009, 52.097091511209769 ], [ -82.237069257205633, 52.097100704005129 ], [ -82.237074230835844, 52.097280478241721 ], [ -82.23766299818864, 52.097454124585937 ], [ -82.237682902822471, 52.098173221292733 ], [ -82.237391001321853, 52.098176285676118 ], [ -82.23739597643781, 52.098356059857913 ], [ -82.237104073712132, 52.09835912353843 ], [ -82.236822116630989, 52.098721734921199 ], [ -82.235654495615123, 52.098733979684795 ], [ -82.235649527432429, 52.098554205396546 ], [ -82.235065718957841, 52.098560323403483 ], [ -82.235060753173059, 52.098380549070043 ], [ -82.234185043589534, 52.098389720602121 ], [ -82.233883218260857, 52.098033227492586 ], [ -82.233299416199344, 52.098039336710691 ], [ -82.233294457608082, 52.097859562241744 ], [ -82.232705701490886, 52.097685894016244 ], [ -82.232695789259665, 52.097326344970568 ], [ -82.232987685728872, 52.097323292246486 ], [ -82.233269665431351, 52.096960689809322 ], [ -82.233853453418561, 52.096954580826981 ], [ -82.233848492793513, 52.096774806362234 ], [ -82.234432278227089, 52.096768694529054 ], [ -82.234437241197753, 52.09694846895448 ], [ -82.234729135009331, 52.096945411934428 ], [ -82.235030959557605, 52.097301902946484 ], [ -82.23561475161182, 52.097295785214996 ], [ -82.23560978384576, 52.097116010879951 ], [ -82.236777362637881, 52.097103766825171 ], [ -82.236475525605201, 52.096747280353142 ], [ -82.235312922476353, 52.096939295726713 ], [ -82.235011098188323, 52.09658280541381 ], [ -82.233551640598478, 52.096598086704802 ], [ -82.233556599998721, 52.096777861195022 ], [ -82.232389028299792, 52.096790073300845 ], [ -82.23239398306076, 52.096969847863789 ], [ -82.232102088833344, 52.096972899103534 ], [ -82.232107042473402, 52.097152673680242 ], [ -82.231815147021223, 52.097155724217068 ], [ -82.231533154261655, 52.097518323245716 ], [ -82.230073664234354, 52.09753356167495 ], [ -82.230068718700423, 52.097353786972668 ], [ -82.229484924672249, 52.0973598772473 ], [ -82.22947998153586, 52.097180102500005 ], [ -82.228604293623548, 52.09718923243409 ], [ -82.228599354057494, 52.097009457622235 ], [ -82.228015564202707, 52.097015540593091 ], [ -82.228010627034095, 52.096835765736252 ], [ -82.2265511573558, 52.096850960421129 ], [ -82.226546226103011, 52.096671185460721 ], [ -82.225962440215412, 52.096677258237833 ], [ -82.225957511359937, 52.096497483232497 ], [ -82.225373727611284, 52.09650355308041 ], [ -82.225368801153095, 52.096323778030211 ], [ -82.224785019543461, 52.096329844948976 ], [ -82.224780095482473, 52.096150069853906 ], [ -82.22419631601197, 52.09615613384355 ], [ -82.224191394348139, 52.095976358703624 ], [ -82.219813059339899, 52.096021746211918 ], [ -82.21953097577763, 52.096384317162318 ], [ -82.218947192107777, 52.096390355179828 ], [ -82.218645501382568, 52.096033822091563 ], [ -82.217769832375268, 52.096042871414788 ], [ -82.217487732034343, 52.096405437579214 ], [ -82.216903947645733, 52.096411465481218 ], [ -82.216899055250252, 52.096231689861163 ], [ -82.21631527300211, 52.096237714834267 ], [ -82.216320163051947, 52.096417490493074 ], [ -82.215444485776899, 52.096426522591813 ], [ -82.215439599245471, 52.096246746874918 ], [ -82.212812575210876, 52.096273803980047 ], [ -82.212817451186964, 52.096453579870968 ], [ -82.213406115382369, 52.096627348046503 ], [ -82.213415872281502, 52.096986899721891 ], [ -82.213123975877281, 52.096989903976599 ], [ -82.213133730635235, 52.097349455667278 ], [ -82.21284183183414, 52.097352459238074 ], [ -82.21255968325282, 52.0977150138309 ], [ -82.211975880703505, 52.097721017436889 ], [ -82.211971007888323, 52.097541241528873 ], [ -82.211382337062162, 52.09736746625353 ], [ -82.211362855899438, 52.096648362385423 ], [ -82.209903383308387, 52.096663350951104 ], [ -82.209908247658262, 52.096843127023305 ], [ -82.209324455919131, 52.096849117430267 ], [ -82.209329317974266, 52.097028893535139 ], [ -82.208745523685536, 52.097034881090408 ], [ -82.208750383445889, 52.09721465722798 ], [ -82.204080003042449, 52.097262453928835 ], [ -82.204084844087433, 52.097442230367989 ], [ -82.202917242263126, 52.097454150717205 ], [ -82.202922078667214, 52.0976339272272 ], [ -82.202338275104992, 52.097639883104669 ], [ -82.202343109213928, 52.097819659647158 ], [ -82.201467399971776, 52.097828588101443 ], [ -82.201472230612566, 52.098008364695502 ], [ -82.200888421852014, 52.098014313423711 ], [ -82.200893250197538, 52.098194090050221 ], [ -82.198558003748104, 52.098217856212258 ], [ -82.198562822760465, 52.098397632985808 ], [ -82.196811378763471, 52.098415427372736 ], [ -82.196816190788411, 52.098595204254899 ], [ -82.19564855575608, 52.098607052803665 ], [ -82.195366259343075, 52.098969567071705 ], [ -82.193322879322082, 52.098990269419623 ], [ -82.193327677421976, 52.099170046512725 ], [ -82.192743851759886, 52.099175955003702 ], [ -82.192748647563988, 52.099355732128984 ], [ -82.190997162333218, 52.099373440372787 ], [ -82.191001951149204, 52.099553217606129 ], [ -82.190418119991065, 52.09955911461094 ], [ -82.19013577508079, 52.099921616592404 ], [ -82.189551938929284, 52.099927509337192 ], [ -82.189269584684354, 52.100290009279028 ], [ -82.188685743539551, 52.100295897763687 ], [ -82.1886809639077, 52.100116120402006 ], [ -82.187513285709429, 52.100127888623732 ], [ -82.187518060648799, 52.100307666061106 ], [ -82.187226139800927, 52.100310606328819 ], [ -82.187230913617213, 52.10049038377926 ], [ -82.186938991546157, 52.100493323343215 ], [ -82.186656612515165, 52.100855817143561 ], [ -82.186072763430317, 52.100861692733744 ], [ -82.186077532704047, 52.101041470242315 ], [ -82.185493681072842, 52.101047342979584 ], [ -82.185498448050197, 52.101227120520115 ], [ -82.183746884918449, 52.101244721500798 ], [ -82.18375164490655, 52.10142449914872 ], [ -82.182583930461021, 52.10143621875752 ], [ -82.182588685806138, 52.101615996474997 ], [ -82.180837105603175, 52.101633554320365 ], [ -82.180841853958725, 52.101813332144978 ], [ -82.18025799114622, 52.101819179016132 ], [ -82.17997554948623, 52.102181657112226 ], [ -82.178807813679256, 52.102193339441563 ], [ -82.178812553971213, 52.10237311738026 ], [ -82.178228683422958, 52.102378954246191 ], [ -82.178233421418014, 52.102558732216622 ], [ -82.177065675032324, 52.102570397350888 ], [ -82.177070408383841, 52.102750175390526 ], [ -82.176778470490021, 52.102753089886029 ], [ -82.176783202717829, 52.102932867938613 ], [ -82.176491263601079, 52.102935781730118 ], [ -82.176208784345818, 52.103298250961551 ], [ -82.175041017797909, 52.103309896159139 ], [ -82.174758524412837, 52.103672361978298 ], [ -82.173882691792898, 52.103681086231646 ], [ -82.173887412534924, 52.10386086444236 ], [ -82.173303521527387, 52.103866677034873 ], [ -82.173308239972073, 52.104046455277157 ], [ -82.172724346419841, 52.104052265016009 ], [ -82.172729062567186, 52.104232043289826 ], [ -82.171269321954455, 52.104246555081872 ], [ -82.171274032284089, 52.104426333443243 ], [ -82.170398183803428, 52.104435031901154 ], [ -82.170402890662103, 52.104614810312661 ], [ -82.169235087303292, 52.10462639821219 ], [ -82.169239789517462, 52.104806176692414 ], [ -82.168655885195307, 52.104811966342716 ], [ -82.168373330495655, 52.105174417138421 ], [ -82.167497466454208, 52.105183094136223 ], [ -82.167502161775289, 52.105362872710685 ], [ -82.165750425322528, 52.105380207302211 ], [ -82.165467843435451, 52.105742651262617 ], [ -82.164300008565647, 52.1057541904581 ], [ -82.164304691125423, 52.105933969219414 ], [ -82.161385088780506, 52.105962766796175 ], [ -82.161389759653744, 52.106142545736944 ], [ -82.159346026882758, 52.106162661162074 ], [ -82.1593506895899, 52.106342440226406 ], [ -82.158766763153707, 52.106348181022184 ], [ -82.158771423562541, 52.10652796011766 ], [ -82.157895530021023, 52.106536565945419 ], [ -82.157900186957875, 52.10671634509044 ], [ -82.156148391515174, 52.106733537339842 ], [ -82.156153041459092, 52.10691331658964 ], [ -82.155277139558521, 52.106921903011141 ], [ -82.154994462805803, 52.107284322335374 ], [ -82.15324264331376, 52.107301471544872 ], [ -82.153251920069394, 52.107661030371723 ], [ -82.15384050558761, 52.107835096154467 ], [ -82.153849787329904, 52.108194654872968 ], [ -82.153557811473078, 52.108197512082157 ], [ -82.153275112809595, 52.108559927337232 ], [ -82.152691156157772, 52.10856563821465 ], [ -82.152686519859955, 52.10838585879641 ], [ -82.15239454263488, 52.108388713132406 ], [ -82.152093297606314, 52.108032007818203 ], [ -82.150925397415691, 52.108043414894929 ], [ -82.150930026573931, 52.108223194434864 ], [ -82.14947014437503, 52.108237437107476 ], [ -82.14918741216691, 52.108599842755638 ], [ -82.148603454156017, 52.108605533391881 ], [ -82.148608074069728, 52.10878531306092 ], [ -82.148024113517536, 52.10879100084216 ], [ -82.148028731132158, 52.108970780542009 ], [ -82.146276841271245, 52.108987826645581 ], [ -82.146281451891483, 52.109167606449269 ], [ -82.145697485870045, 52.109173282737018 ], [ -82.145702094190995, 52.109353062571415 ], [ -82.144534156873121, 52.109364406544863 ], [ -82.144251377471491, 52.109726800564751 ], [ -82.141623494120651, 52.10975227603538 ], [ -82.141628086152622, 52.109932056107475 ], [ -82.141044109196983, 52.109937709407248 ], [ -82.141048698929353, 52.110117489509911 ], [ -82.140464719433467, 52.110123139954268 ], [ -82.14046930686618, 52.110302920087484 ], [ -82.138425368898794, 52.110322673997025 ], [ -82.138429948162326, 52.110502454251517 ], [ -82.137553970505522, 52.110510909422857 ], [ -82.137558546295324, 52.110690689725942 ], [ -82.135806582643099, 52.110707580657412 ], [ -82.135523723821706, 52.111069954124559 ], [ -82.135231727316139, 52.111072766062641 ], [ -82.135227160821955, 52.110892985626315 ], [ -82.134059179016802, 52.110904226076606 ], [ -82.134063740815193, 52.111084006585237 ], [ -82.131435768390986, 52.111109255467021 ], [ -82.13144031967154, 52.111289036132284 ], [ -82.129104331546102, 52.111311430564349 ], [ -82.129099789657332, 52.111131649755016 ], [ -82.128223796846058, 52.111140035683853 ], [ -82.12822833521291, 52.111319816547123 ], [ -82.127352338451416, 52.111328196023045 ], [ -82.127347803606483, 52.111148415105859 ], [ -82.126179811954742, 52.111159577546807 ], [ -82.126184342103755, 52.111339358535801 ], [ -82.125308344344177, 52.111347722829002 ], [ -82.125303817717125, 52.111167941786199 ], [ -82.124135824735845, 52.111179083983608 ], [ -82.124140346666962, 52.111358865098097 ], [ -82.123264347911146, 52.111367214208535 ], [ -82.123259829501976, 52.111187433040342 ], [ -82.122091835193572, 52.111198554994182 ], [ -82.122087321527701, 52.111018773748654 ], [ -82.121211328821317, 52.111027107569065 ], [ -82.121206818724659, 52.110847326264135 ], [ -82.120622825698533, 52.110852878493773 ], [ -82.120627333447246, 52.111032659834436 ], [ -82.118583348149741, 52.111052069989228 ], [ -82.11857884861881, 52.110872288523709 ], [ -82.118286851704326, 52.1108750584932 ], [ -82.118282353394548, 52.110695277004076 ], [ -82.117990357606828, 52.110698046232777 ], [ -82.117689369989691, 52.110341251671635 ], [ -82.11622940184796, 52.110355083177666 ], [ -82.116224911897163, 52.110175301546562 ], [ -82.114764948448084, 52.110189114889522 ], [ -82.114769432529229, 52.110368896609486 ], [ -82.114185444472525, 52.110374416921424 ], [ -82.11418096273924, 52.110194635165954 ], [ -82.113596976842416, 52.110200152550519 ], [ -82.113296027541466, 52.109843346523576 ], [ -82.112128064387903, 52.10985436958341 ], [ -82.112123591012889, 52.109674587686428 ], [ -82.111247621676853, 52.109682847337126 ], [ -82.111252091530147, 52.109862629287235 ], [ -82.110960100483823, 52.109865381075927 ], [ -82.110677044542143, 52.110227696095322 ], [ -82.106589131454385, 52.110266135599232 ], [ -82.106584680290283, 52.110086353378009 ], [ -82.102788768063817, 52.110121920092567 ], [ -82.102793203966684, 52.1103017025426 ], [ -82.098121282424216, 52.110345309511608 ], [ -82.098125699590156, 52.110525092236394 ], [ -82.097249709457486, 52.110533247990638 ], [ -82.096966537732953, 52.110895530701526 ], [ -82.096090540001043, 52.110903677884764 ], [ -82.096094949087885, 52.111083460714568 ], [ -82.095510948020731, 52.111088888589997 ], [ -82.095227758686036, 52.111451167190218 ], [ -82.093480138669662, 52.111647212305144 ], [ -82.093484537374877, 52.111826995268821 ], [ -82.092900526084364, 52.111832410269542 ], [ -82.092617310874232, 52.112194682699894 ], [ -82.091741286409984, 52.112202797713671 ], [ -82.091745678208952, 52.112382580764468 ], [ -82.091161659320946, 52.112387987193259 ], [ -82.090878426499231, 52.112750255511692 ], [ -82.090002390639285, 52.112758357667239 ], [ -82.090006775531535, 52.112938140805007 ], [ -82.089422749046676, 52.112943538661519 ], [ -82.089139498612752, 52.113305802867536 ], [ -82.087975812325482, 52.113496370392369 ], [ -82.087980189182275, 52.113676153628482 ], [ -82.087688170944574, 52.113678847926231 ], [ -82.08740490181539, 52.11404110802512 ], [ -82.086528839644103, 52.114049184514592 ], [ -82.086537581936525, 52.11440875111964 ], [ -82.086829605054632, 52.114406059644935 ], [ -82.086833977443874, 52.1145858429215 ], [ -82.086541953151496, 52.114588534413514 ], [ -82.08655506707143, 52.115127884260467 ], [ -82.086263039210351, 52.115130575081331 ], [ -82.086267409434356, 52.115310358369399 ], [ -82.085975380353133, 52.11531304848446 ], [ -82.085692087114253, 52.11567530450445 ], [ -82.084231929048826, 52.115688740790226 ], [ -82.084236291189853, 52.115868524182027 ], [ -82.08394425826512, 52.115871209287072 ], [ -82.083957341439515, 52.116410559479696 ], [ -82.08366530494591, 52.116413243913421 ], [ -82.083682745121024, 52.117132377491856 ], [ -82.083390703883978, 52.117135061271497 ], [ -82.083399421896971, 52.117494628060612 ], [ -82.083107378265296, 52.11749731115161 ], [ -82.083111736165876, 52.117677094554786 ], [ -82.082819691314, 52.117679776939852 ], [ -82.082815334587906, 52.117499993519431 ], [ -82.082523290864842, 52.11750267516409 ], [ -82.082518935358891, 52.117322891720633 ], [ -82.08193049701336, 52.117148469322217 ], [ -82.081921790927623, 52.116788902337483 ], [ -82.081629751765377, 52.116791581743655 ], [ -82.081621048211076, 52.116432014701367 ], [ -82.08132901135204, 52.116434693349916 ], [ -82.081333361931954, 52.116614476891179 ], [ -82.081041323852872, 52.116617154833797 ], [ -82.081045673303976, 52.116796938386514 ], [ -82.080461594660136, 52.116802292136747 ], [ -82.080465941807986, 52.116982075718134 ], [ -82.080173901243228, 52.116984751525727 ], [ -82.080178247262225, 52.117164535118555 ], [ -82.079886205477436, 52.117167210220195 ], [ -82.079890550367537, 52.117346993824455 ], [ -82.079598507362732, 52.117349668220122 ], [ -82.07931514953134, 52.117711909152682 ], [ -82.078731058596048, 52.117717254396943 ], [ -82.078735398924834, 52.117897038052682 ], [ -82.078151305458462, 52.117902380438579 ], [ -82.078155643483726, 52.118082164122939 ], [ -82.075819258403342, 52.11810350487621 ], [ -82.075823587077849, 52.118283288692076 ], [ -82.07523948800447, 52.118288616682726 ], [ -82.07524381437527, 52.118468400527128 ], [ -82.074951763595962, 52.118471063454777 ], [ -82.074956088837581, 52.118650847310548 ], [ -82.074371984793771, 52.118656171030473 ], [ -82.074376307731598, 52.118835954914715 ], [ -82.07408425446711, 52.11883861570697 ], [ -82.07380084247059, 52.119200843595692 ], [ -82.073216731016657, 52.119206161632576 ], [ -82.073221049392046, 52.119385945567963 ], [ -82.072928992422518, 52.119388603518672 ], [ -82.072933309668571, 52.119568387465385 ], [ -82.072349193244449, 52.119573701231289 ], [ -82.072353508186495, 52.119753485206438 ], [ -82.072061448731901, 52.119756141021618 ], [ -82.071778014553274, 52.12011836411488 ], [ -82.0711938907193, 52.120123672197352 ], [ -82.07149457581167, 52.120480586530142 ], [ -82.071202511522685, 52.1204832402439 ], [ -82.071206821992192, 52.120663024258526 ], [ -82.070914756483305, 52.120665677266089 ], [ -82.070919065823304, 52.120845461292035 ], [ -82.070626999094486, 52.120848113593382 ], [ -82.07034354643713, 52.121210333274277 ], [ -82.069759408054708, 52.121215634328856 ], [ -82.069763712831261, 52.121395418405719 ], [ -82.068303360211516, 52.121408658469939 ], [ -82.068307659159359, 52.121588442626219 ], [ -82.067143665846601, 52.121778805945091 ], [ -82.067147960185423, 52.121958590157902 ], [ -82.066568103446926, 52.122143659677363 ], [ -82.066580979819747, 52.122683012365954 ], [ -82.066288900666521, 52.122685653988178 ], [ -82.06600540124245, 52.123047863385302 ], [ -82.064257193915367, 52.123243478135031 ], [ -82.064261476865497, 52.123423262471569 ], [ -82.063969392653036, 52.123425898375068 ], [ -82.063973674473175, 52.123605682722811 ], [ -82.063681589040868, 52.123608317919924 ], [ -82.063398062638953, 52.12397052113969 ], [ -82.062813886850137, 52.123975787984946 ], [ -82.062530351093486, 52.124337989147151 ], [ -82.061946170335688, 52.124343251719978 ], [ -82.061662625224045, 52.124705450824472 ], [ -82.061078439497351, 52.124710709124777 ], [ -82.061082709881802, 52.124890493601519 ], [ -82.060790615776256, 52.12489312168352 ], [ -82.060507057829085, 52.12525531804598 ], [ -82.05992286469403, 52.12526057066065 ], [ -82.059927130512662, 52.125440355187727 ], [ -82.059635032702957, 52.125442980426861 ], [ -82.059639297391286, 52.12562276496508 ], [ -82.059347198361777, 52.125625389497706 ], [ -82.059351461919761, 52.125805174047031 ], [ -82.059059361670464, 52.125807797873144 ], [ -82.05877578392618, 52.126169990124758 ], [ -82.05819157850371, 52.126175234227425 ], [ -82.05819583749539, 52.126355018826963 ], [ -82.057611629543999, 52.126360260069696 ], [ -82.057615886230096, 52.126540044697215 ], [ -82.056451717121291, 52.126730303258157 ], [ -82.056455969196051, 52.126910087941546 ], [ -82.056163861449491, 52.126912704634599 ], [ -82.055880253240957, 52.127274890021035 ], [ -82.055296032824216, 52.127280119857261 ], [ -82.05530028033202, 52.127459904590687 ], [ -82.055008168881599, 52.127462518440446 ], [ -82.055012415258744, 52.127642303184928 ], [ -82.054720302588592, 52.127644916328052 ], [ -82.05443667806091, 52.128007098286652 ], [ -82.05385244779707, 52.128012321022815 ], [ -82.05385668960686, 52.128192105817256 ], [ -82.052692460997605, 52.128382327530971 ], [ -82.052696698195291, 52.12856211238104 ], [ -82.052404579292968, 52.128564719820396 ], [ -82.052120930173757, 52.128926896286224 ], [ -82.051536687445846, 52.128932107614567 ], [ -82.051540920075624, 52.129111892514445 ], [ -82.051248797469739, 52.129114497110145 ], [ -82.051253028968588, 52.129294282021029 ], [ -82.050960905142986, 52.129296885909966 ], [ -82.050965135510879, 52.129476670831856 ], [ -82.050673010465559, 52.129479274014052 ], [ -82.050389341543365, 52.129841446366221 ], [ -82.049805086529531, 52.129846649180045 ], [ -82.049809312329032, 52.130026434151617 ], [ -82.049517183580249, 52.130029034489986 ], [ -82.04923350181754, 52.130391204097648 ], [ -82.048649239396823, 52.130396401223642 ], [ -82.048653460627634, 52.130576186244852 ], [ -82.048361328175446, 52.130578783739267 ], [ -82.0483655482751, 52.130758568771448 ], [ -82.048073414603209, 52.130761165559036 ], [ -82.04807763357168, 52.130940950602152 ], [ -82.047785498680085, 52.130943546682907 ], [ -82.047789716517372, 52.131123331736973 ], [ -82.047497580406059, 52.13112592711088 ], [ -82.047501797112133, 52.131305712175902 ], [ -82.047209659781117, 52.131308306842953 ], [ -82.046925951248738, 52.131670470965993 ], [ -82.046341671663697, 52.131675656749032 ], [ -82.046345883800427, 52.131855441863536 ], [ -82.046053742766105, 52.131858033686385 ], [ -82.045770021391505, 52.132220195064129 ], [ -82.045185734399908, 52.132225375158633 ], [ -82.04518994196701, 52.132405160322548 ], [ -82.044313507621979, 52.132412925087422 ], [ -82.044029768614124, 52.132775082339023 ], [ -82.043153326686493, 52.132782838520654 ], [ -82.04315752615689, 52.132962623783833 ], [ -82.041408826519771, 52.133157902066806 ], [ -82.04141301902456, 52.133337687418162 ], [ -82.040828716604153, 52.133342846004339 ], [ -82.040832906801668, 52.133522631383151 ], [ -82.038499866793927, 52.133723022421577 ], [ -82.038216072268085, 52.134085165900572 ], [ -82.03733960301507, 52.134092879013679 ], [ -82.037343779280178, 52.134272664568257 ], [ -82.035882990437329, 52.134285505366705 ], [ -82.035887160867716, 52.134465290998151 ], [ -82.03530284267282, 52.134470422285069 ], [ -82.035307010795549, 52.134650207943785 ], [ -82.035599171090567, 52.134647642645639 ], [ -82.035899672421451, 52.135004647857997 ], [ -82.036483997495722, 52.134999513577391 ], [ -82.036784508276327, 52.135356516463617 ], [ -82.037953167130269, 52.135346236191566 ], [ -82.037948988250747, 52.135166450704595 ], [ -82.038825478403623, 52.135158732951723 ], [ -82.039109274666728, 52.134796588061327 ], [ -82.040858048909854, 52.134601343535195 ], [ -82.040853858448585, 52.134421558190901 ], [ -82.041146016734757, 52.134418979160039 ], [ -82.041141825141764, 52.134239193826595 ], [ -82.041726139230789, 52.134234033627173 ], [ -82.041721945330394, 52.134054248321178 ], [ -82.042598412606893, 52.13404650264463 ], [ -82.042602610034308, 52.134226287900781 ], [ -82.044935656739128, 52.134025815667449 ], [ -82.044931449950411, 52.133846030538628 ], [ -82.045223604092826, 52.133843441426819 ], [ -82.045219396172598, 52.133663656308933 ], [ -82.04551154909521, 52.133661066490156 ], [ -82.0455073400435, 52.133481281383176 ], [ -82.045799491746308, 52.133478690857451 ], [ -82.04579528156313, 52.133298905761372 ], [ -82.046087432046164, 52.133296314528707 ], [ -82.04637115754872, 52.13293415242974 ], [ -82.047247601546474, 52.132926372319403 ], [ -82.047243385617861, 52.132746587289489 ], [ -82.047827679044076, 52.132741396964668 ], [ -82.048111386912908, 52.132379230739964 ], [ -82.048695675371334, 52.13237403614044 ], [ -82.048699897089264, 52.132553821098355 ], [ -82.049288411835008, 52.132728408489754 ], [ -82.049301084440955, 52.133267763211336 ], [ -82.049593234393029, 52.133265163295384 ], [ -82.049597459859257, 52.13344494817435 ], [ -82.049889610942614, 52.133442347518056 ], [ -82.049898064359326, 52.133801917225227 ], [ -82.050190217749602, 52.133799315811849 ], [ -82.050207129817792, 52.134518455090181 ], [ -82.050499287866387, 52.134515852886203 ], [ -82.050503517170029, 52.134695637674639 ], [ -82.050795676349949, 52.134693034730304 ], [ -82.051096298928755, 52.135050000554919 ], [ -82.050804137441759, 52.13505260425643 ], [ -82.050808368054248, 52.135232389010838 ], [ -82.050516205347151, 52.135234992005451 ], [ -82.050520434828258, 52.135414776770872 ], [ -82.05022827090103, 52.135417379058559 ], [ -82.050232499250768, 52.135597163834966 ], [ -82.049940334103411, 52.135599765415726 ], [ -82.049944561321723, 52.135779550203125 ], [ -82.049652394954265, 52.13578215107696 ], [ -82.049368678408953, 52.136144320851578 ], [ -82.048784340749222, 52.136149519047791 ], [ -82.048788563397324, 52.136329303884843 ], [ -82.048496393325181, 52.136331901914147 ], [ -82.048500614841757, 52.136511686762141 ], [ -82.048208443549512, 52.136514284084477 ], [ -82.048212663934535, 52.136694068943434 ], [ -82.047920491422161, 52.136696665558794 ], [ -82.047924710675616, 52.136876450428701 ], [ -82.047632536943141, 52.136879046337071 ], [ -82.047636755064985, 52.137058831217928 ], [ -82.04734458011238, 52.137061426419287 ], [ -82.0473487971026, 52.1372412113111 ], [ -82.04705662092988, 52.137243805805454 ], [ -82.047060836788461, 52.137423590708202 ], [ -82.04676865939561, 52.137426184495524 ], [ -82.046484909104748, 52.13778834741413 ], [ -82.045900549394361, 52.137793531436927 ], [ -82.045616789740308, 52.138155692294774 ], [ -82.04444806020534, 52.13816604889405 ], [ -82.044452265701466, 52.138345833918073 ], [ -82.044160082031439, 52.138348421275204 ], [ -82.044164286395713, 52.13852820631012 ], [ -82.043579916571389, 52.138533378886457 ], [ -82.043584118627805, 52.138713163948914 ], [ -82.043291932473522, 52.138715749168092 ], [ -82.043008145816259, 52.139077903837702 ], [ -82.042423768583333, 52.139083070723814 ], [ -82.042427966067919, 52.139262855835511 ], [ -82.041263399194079, 52.139452966161436 ], [ -82.041267592062553, 52.139632751328087 ], [ -82.040975399675872, 52.13963533084025 ], [ -82.040691588409857, 52.139997480011068 ], [ -82.040107198712377, 52.140002635482865 ], [ -82.040111387008466, 52.140182420698615 ], [ -82.039526994783017, 52.140187573308424 ], [ -82.039522808839124, 52.140007788059506 ], [ -82.039230613836622, 52.140010363262157 ], [ -82.039234798604411, 52.140190148527644 ], [ -82.038650406115508, 52.140195296794701 ], [ -82.038654588575014, 52.140375082087566 ], [ -82.038362391088626, 52.140377655151966 ], [ -82.038358209805224, 52.140197869842545 ], [ -82.03602063774467, 52.140218428168772 ], [ -82.035720099774466, 52.13986142376875 ], [ -82.035135710938235, 52.139866554598754 ], [ -82.035139879196947, 52.140046340101499 ], [ -82.034555487833629, 52.140051468069366 ], [ -82.034551321927097, 52.139871682533609 ], [ -82.032505959011928, 52.139889607506348 ], [ -82.032501801381656, 52.139709821849515 ], [ -82.031917413936711, 52.139714936723294 ], [ -82.031616912075563, 52.139357921644844 ], [ -82.03074033750687, 52.139365586257149 ], [ -82.03074448799353, 52.139545372024173 ], [ -82.028406944486775, 52.139565779275515 ], [ -82.028411085608369, 52.139745565168106 ], [ -82.026365724526158, 52.139763383629138 ], [ -82.026065266529741, 52.139406354175456 ], [ -82.022558956011579, 52.139436808519349 ], [ -82.022274995991751, 52.139798914154277 ], [ -82.019060846203061, 52.139826731474159 ], [ -82.019064949732893, 52.140006517883293 ], [ -82.018480555949822, 52.140011566200997 ], [ -82.018476454772212, 52.139831779759355 ], [ -82.017892063169242, 52.139836825149402 ], [ -82.017896161994628, 52.140016611623487 ], [ -82.017311767867426, 52.140021654150779 ], [ -82.017307671394263, 52.139841867644229 ], [ -82.016138887328637, 52.139851943948372 ], [ -82.016142979097339, 52.140031730519752 ], [ -82.015850781797454, 52.140034247802497 ], [ -82.015846691204871, 52.139854461214917 ], [ -82.015554495038202, 52.139856977757667 ], [ -82.015558584454666, 52.140036764361433 ], [ -82.014393879409383, 52.140226610021948 ], [ -82.014389794654534, 52.140046823359178 ], [ -82.014097597097333, 52.140049336299107 ], [ -82.014093513561463, 52.139869549614431 ], [ -82.013505039529946, 52.139694786567802 ], [ -82.013496877376795, 52.139335213105099 ], [ -82.013789070315269, 52.139332701677425 ], [ -82.013784988126829, 52.139152914953627 ], [ -82.014077179846396, 52.139150402818331 ], [ -82.01407309652474, 52.138970616104949 ], [ -82.014365287025427, 52.138968103262044 ], [ -82.014649306264289, 52.138606016316075 ], [ -82.015813968009212, 52.1384161683076 ], [ -82.015809877802866, 52.138236381668342 ], [ -82.016102063342146, 52.13823386454758 ], [ -82.016097972002726, 52.138054077918781 ], [ -82.016390156323084, 52.138051560090474 ], [ -82.016386063850604, 52.137871773472142 ], [ -82.016678246952026, 52.137869254936284 ], [ -82.016962240490528, 52.13750716248763 ], [ -82.016085698241994, 52.137514717997973 ], [ -82.01608978945265, 52.137694504643989 ], [ -82.014925147699628, 52.137884355295256 ], [ -82.014929234292197, 52.138064141994548 ], [ -82.014637049757354, 52.13806665620411 ], [ -82.014641135216792, 52.138246442913832 ], [ -82.014348949463084, 52.138248956415829 ], [ -82.014064930009951, 52.138611042660983 ], [ -82.012311800219209, 52.138626104325297 ], [ -82.012315876398972, 52.138805891147072 ], [ -82.011439307397978, 52.138813412256766 ], [ -82.011443380092345, 52.138993199121195 ], [ -82.00998242502267, 52.139005719909143 ], [ -82.009986491879445, 52.139185506848406 ], [ -82.009402107200671, 52.139190510129332 ], [ -82.009398042696034, 52.139010723157874 ], [ -82.008229277531143, 52.139020720969974 ], [ -82.007945203424555, 52.139382792711558 ], [ -82.008237397174454, 52.139380295035835 ], [ -82.008241457060009, 52.13956008206015 ], [ -82.008829909064545, 52.139734871491612 ], [ -82.008838033753136, 52.140094445447247 ], [ -82.00913023207967, 52.140091945535808 ], [ -82.00913429566404, 52.140271732488955 ], [ -82.00942649512406, 52.140269231837621 ], [ -82.009726826542746, 52.140626304287132 ], [ -82.009434624773036, 52.140628805694476 ], [ -82.009438689661508, 52.140808592614306 ], [ -82.009146486672975, 52.1408110933139 ], [ -82.00915055042789, 52.140990880244082 ], [ -82.008570203415687, 52.141175666460597 ], [ -82.008566141970533, 52.14099587950399 ], [ -82.00797767429259, 52.140821088874084 ], [ -82.007969556320077, 52.140461514867873 ], [ -82.007385154579026, 52.140466508240735 ], [ -82.007405438067792, 52.1413654433739 ], [ -82.006825078867507, 52.141550221053599 ], [ -82.006833187941083, 52.141909795119474 ], [ -82.008002029232301, 52.141899810755035 ], [ -82.00799796996921, 52.141720023789212 ], [ -82.008582388006815, 52.141715027296023 ], [ -82.008586449622413, 52.141894814229687 ], [ -82.009174933852819, 52.142069601704669 ], [ -82.009191190322255, 52.14278874923032 ], [ -82.009483406249572, 52.142786248353694 ], [ -82.009495602578426, 52.143325608889405 ], [ -82.009203383122085, 52.14332810981432 ], [ -82.00891929001682, 52.143690183741498 ], [ -82.008042624205871, 52.143697680097681 ], [ -82.008046683937508, 52.143877467000401 ], [ -82.007754460738923, 52.143879964354063 ], [ -82.007758519336747, 52.144059751267115 ], [ -82.007466294919169, 52.144062247912927 ], [ -82.007182183076736, 52.144424317707987 ], [ -82.006597729323062, 52.144429307444284 ], [ -82.006601783342873, 52.144609094404366 ], [ -82.006021378775614, 52.144793868263527 ], [ -82.006029482322035, 52.145153442219183 ], [ -82.005737250590485, 52.145155934617769 ], [ -82.005745351953962, 52.145515508582562 ], [ -82.005453117826917, 52.145518000289279 ], [ -82.005461217007351, 52.145877574263196 ], [ -82.005168980484754, 52.145880065278028 ], [ -82.005181126044462, 52.14641942624398 ], [ -82.004600692064173, 52.146604193207125 ], [ -82.004612831074027, 52.147143554200404 ], [ -82.00432058618793, 52.147146043155473 ], [ -82.004324631432837, 52.14732583015779 ], [ -82.00374418211409, 52.147510592956536 ], [ -82.00376035427459, 52.148229741013573 ], [ -82.003468102201182, 52.148232227892684 ], [ -82.003476186182553, 52.148591801918791 ], [ -82.003183931713309, 52.148594288105883 ], [ -82.003192013510855, 52.148953862141056 ], [ -82.002899756645718, 52.148956347636094 ], [ -82.002631732027098, 52.150037554566929 ], [ -82.00233946801643, 52.150040038709804 ], [ -82.002343505702754, 52.150219825732371 ], [ -82.001763010575644, 52.150404578926661 ], [ -82.001771081452674, 52.150764153007032 ], [ -82.001478812607516, 52.150766635041592 ], [ -82.001494950162169, 52.151485783197415 ], [ -82.001202676567047, 52.151488264571768 ], [ -82.001511088394238, 52.152204931261494 ], [ -82.001218810091288, 52.152207412699724 ], [ -82.001222843578176, 52.152387199717388 ], [ -82.000930564055921, 52.152389680447456 ], [ -82.000934596408129, 52.152569467475338 ], [ -82.000642315666553, 52.152571947497243 ], [ -82.000358095005978, 52.152934000897417 ], [ -81.998896678682215, 52.152946386683602 ], [ -81.998900702922114, 52.153126173805923 ], [ -81.998608418353584, 52.15312864880665 ], [ -81.998324177641081, 52.153490697374373 ], [ -81.997739603584691, 52.153495643818736 ], [ -81.997743623242997, 52.153675430987533 ], [ -81.997451334974429, 52.153677903139389 ], [ -81.997455353497813, 52.153857690318375 ], [ -81.997163064009996, 52.153860161761955 ], [ -81.997167081398445, 52.154039948951123 ], [ -81.996586515018492, 52.154224676912804 ], [ -81.996594545297668, 52.154584251326071 ], [ -81.996302250974892, 52.15458672066071 ], [ -81.996306265000527, 52.154766507874641 ], [ -81.996013969458474, 52.154768976500968 ], [ -81.995729697343265, 52.155131018877313 ], [ -81.995145101339915, 52.155135952572522 ], [ -81.994860819849279, 52.155497992880335 ], [ -81.994276218884679, 52.155502922293756 ], [ -81.994280224880413, 52.155682709590145 ], [ -81.993987923157817, 52.155685173226395 ], [ -81.993995932920939, 52.15604474783369 ], [ -81.994288236998017, 52.156042284165736 ], [ -81.994292243119887, 52.156222071444937 ], [ -81.993999937865553, 52.156224535128757 ], [ -81.994003942852189, 52.156404322418076 ], [ -81.993711636378549, 52.156406785393486 ], [ -81.993715640229937, 52.156586572692945 ], [ -81.993423332536992, 52.156589034959971 ], [ -81.993139027921671, 52.156951071147844 ], [ -81.99226209740101, 52.156958451525732 ], [ -81.992266095491857, 52.157138238887185 ], [ -81.991973784057052, 52.157140697580466 ], [ -81.991969787143532, 52.156960910203182 ], [ -81.991385166502724, 52.156965825385335 ], [ -81.991389161061576, 52.157145612794245 ], [ -81.991096849500948, 52.157148069314751 ], [ -81.99081252243252, 52.157510099974843 ], [ -81.990227894392362, 52.15751500945774 ], [ -81.990231884367546, 52.157694796912672 ], [ -81.989939569107278, 52.157697250583503 ], [ -81.989943557946958, 52.157877038048497 ], [ -81.989362911472824, 52.158061730739746 ], [ -81.989366898041425, 52.158241518224855 ], [ -81.989955524717161, 52.158416400409124 ], [ -81.989671180406702, 52.158778428328837 ], [ -81.989086535547955, 52.158783332238492 ], [ -81.989082550031284, 52.15860354475479 ], [ -81.988493924240103, 52.158428658214696 ], [ -81.988497907360085, 52.158608445735688 ], [ -81.988205585961779, 52.158610895139695 ], [ -81.988209567946129, 52.158790682670698 ], [ -81.987628902340475, 52.158975366894111 ], [ -81.987636861808241, 52.159334941990529 ], [ -81.987929187999981, 52.159332493972109 ], [ -81.987945112146832, 52.160051644033203 ], [ -81.987364429087549, 52.160236327004213 ], [ -81.987372386785012, 52.160595902051966 ], [ -81.987080052267004, 52.16059834873198 ], [ -81.987084030000801, 52.160778136262998 ], [ -81.98649935848438, 52.16078302748145 ], [ -81.986495383105748, 52.160603239918949 ], [ -81.985906740795841, 52.160428340608796 ], [ -81.985898794957436, 52.160068765392218 ], [ -81.985606463763474, 52.160071208403288 ], [ -81.98561043548429, 52.160250996030165 ], [ -81.985025770616218, 52.160255879910729 ], [ -81.984741374620953, 52.16061789609536 ], [ -81.983864369816089, 52.160625214404789 ], [ -81.983868334596437, 52.160805002108724 ], [ -81.983575998400653, 52.160807440112187 ], [ -81.983291587138339, 52.161169452844753 ], [ -81.982414571111008, 52.16117676042996 ], [ -81.982418530128058, 52.16135654819513 ], [ -81.981249170132713, 52.161366281563538 ], [ -81.98125312448073, 52.161546069385643 ], [ -81.980960783200459, 52.161548500932447 ], [ -81.980964736412346, 52.161728288764472 ], [ -81.980380051372009, 52.161733149716248 ], [ -81.980384002270029, 52.161912937573838 ], [ -81.978922283055297, 52.161925077354645 ], [ -81.978926228106403, 52.16210486528464 ], [ -81.978341537775179, 52.162109716157445 ], [ -81.978345480512289, 52.162289504112955 ], [ -81.977468441171993, 52.162296775035969 ], [ -81.977472380417353, 52.162476563032556 ], [ -81.976302989340624, 52.1624862475173 ], [ -81.976306923916411, 52.162666035570481 ], [ -81.97572222577476, 52.162670873497554 ], [ -81.975726158036366, 52.162850661576137 ], [ -81.974264406071384, 52.162862743794349 ], [ -81.974268332485494, 52.163042531944996 ], [ -81.973683629055415, 52.163047359792408 ], [ -81.973687553155187, 52.163227147968421 ], [ -81.971641081608624, 52.163244022723674 ], [ -81.971356557844501, 52.163606007088326 ], [ -81.969017711580747, 52.163625243509273 ], [ -81.969013806243382, 52.163445455096799 ], [ -81.967844386838465, 52.16345505585889 ], [ -81.967544233110956, 52.163097877241761 ], [ -81.966374822309604, 52.16310746339169 ], [ -81.96637871696494, 52.163287251954536 ], [ -81.964916946654597, 52.163299218419318 ], [ -81.964920835461825, 52.163479007053468 ], [ -81.964043769252271, 52.163486178285261 ], [ -81.964047654566897, 52.163665966959854 ], [ -81.962878227671993, 52.163675518521565 ], [ -81.96288210831608, 52.163855307251922 ], [ -81.962005034183647, 52.16386246336257 ], [ -81.962008911334962, 52.164042252133264 ], [ -81.961424192687474, 52.16404701928213 ], [ -81.961428067523769, 52.164226808077778 ], [ -81.95967777134814, 52.164420881111226 ], [ -81.959681639198493, 52.164600669987408 ], [ -81.959974002320038, 52.164598291075997 ], [ -81.959981740498336, 52.164957868780583 ], [ -81.960858836686668, 52.164950727607639 ], [ -81.960854964043492, 52.164770938804168 ], [ -81.961732056332266, 52.164763791156915 ], [ -81.961728180196047, 52.164584002393731 ], [ -81.963482356607301, 52.164569687630532 ], [ -81.963478473444511, 52.164389898953786 ], [ -81.963770834859247, 52.164387510639635 ], [ -81.964055425318477, 52.164025544291874 ], [ -81.965224860983497, 52.164015981015936 ], [ -81.965509437267784, 52.163654011207704 ], [ -81.96638650639828, 52.163646829063076 ], [ -81.966390401176284, 52.16382661760877 ], [ -81.967559830822466, 52.16381703121202 ], [ -81.967563730352666, 52.163996819690297 ], [ -81.968152349212701, 52.164171810556034 ], [ -81.968167957329598, 52.164890964265538 ], [ -81.967875592994133, 52.164893363492943 ], [ -81.967887295978144, 52.165432728761353 ], [ -81.967594928067967, 52.165435127310609 ], [ -81.967598827966597, 52.165614915737414 ], [ -81.967306458837541, 52.165617313577599 ], [ -81.96731035759916, 52.165797102014125 ], [ -81.967017987251225, 52.165799499145244 ], [ -81.966733409796461, 52.166161472469476 ], [ -81.965856291316697, 52.166168657434838 ], [ -81.965860184311111, 52.166348445931298 ], [ -81.96469068772069, 52.166358015803588 ], [ -81.964406087802303, 52.166719983590141 ], [ -81.963236580971511, 52.166729539095144 ], [ -81.962951966875963, 52.167091503420707 ], [ -81.962074829134409, 52.167098660360494 ], [ -81.962078707018378, 52.167278449028302 ], [ -81.961493945964321, 52.167283216729508 ], [ -81.961497821532831, 52.167463005422277 ], [ -81.960913057959871, 52.167467770255982 ], [ -81.960916931212893, 52.167647558973719 ], [ -81.960039782014263, 52.16765470083616 ], [ -81.960043651773631, 52.167834489594149 ], [ -81.959458883081851, 52.167839247243649 ], [ -81.959462750525603, 52.168019036026543 ], [ -81.958585593649119, 52.168026167112515 ], [ -81.958589457599075, 52.168205955935591 ], [ -81.958297070714309, 52.168208331530423 ], [ -81.958300933526658, 52.168388120363062 ], [ -81.957716157279179, 52.168392869409587 ], [ -81.957720017775785, 52.168572658267109 ], [ -81.955380901740511, 52.168591625592377 ], [ -81.95509621196156, 52.168953571219966 ], [ -81.954219035590611, 52.168960669929056 ], [ -81.953934334029682, 52.169322612787767 ], [ -81.953057150104968, 52.169329702893066 ], [ -81.953060991952583, 52.16950949196589 ], [ -81.952768596052096, 52.169511853900325 ], [ -81.95248387921454, 52.169873793299487 ], [ -81.95102188712363, 52.169885588631452 ], [ -81.950737153709795, 52.170247523872682 ], [ -81.949571377635195, 52.170436733544413 ], [ -81.94957520558512, 52.170616522765108 ], [ -81.949282802131918, 52.170618876095183 ], [ -81.949286628943696, 52.1707986653253 ], [ -81.948994224271999, 52.170801017945884 ], [ -81.948998049945629, 52.170980807185451 ], [ -81.948705644055423, 52.170983159096529 ], [ -81.948420884879383, 52.171345088805495 ], [ -81.948128476552185, 52.171347439297541 ], [ -81.948124654333327, 52.171167650024003 ], [ -81.947536020093267, 52.170992559494387 ], [ -81.947547479679642, 52.171531927405766 ], [ -81.947255070053714, 52.171534275738964 ], [ -81.947258888817657, 52.171714065046451 ], [ -81.946966477973248, 52.171716412670101 ], [ -81.946974113264588, 52.172075991298179 ], [ -81.946681700023291, 52.172078338227379 ], [ -81.946685516550659, 52.172258127547956 ], [ -81.946104501801543, 52.172442608607611 ], [ -81.946112130342769, 52.172802187280631 ], [ -81.945819712267493, 52.172804532096194 ], [ -81.945823525419712, 52.172984321439216 ], [ -81.945531106125927, 52.17298666554516 ], [ -81.945534918139671, 52.173166454897576 ], [ -81.945242497627376, 52.173168798293915 ], [ -81.944957696508581, 52.17353071971359 ], [ -81.943791809534019, 52.173719872699373 ], [ -81.943506993134278, 52.174081790657098 ], [ -81.944091846384012, 52.17407711168557 ], [ -81.944095652745048, 52.174256901079112 ], [ -81.944388080488537, 52.174254560491192 ], [ -81.944688125748385, 52.174611797888225 ], [ -81.945857845591135, 52.174602425269647 ], [ -81.945861659143716, 52.174782214555592 ], [ -81.947323813939192, 52.174770482400206 ], [ -81.947319994493597, 52.174590693189771 ], [ -81.948197283353977, 52.174583645244979 ], [ -81.948193460412739, 52.174403856074214 ], [ -81.948485888774016, 52.174401505324937 ], [ -81.948785967732121, 52.174758732126222 ], [ -81.948493537053821, 52.174761083630507 ], [ -81.948497361253956, 52.174940872774712 ], [ -81.947912497419665, 52.174945573639306 ], [ -81.947916319302692, 52.175125362808082 ], [ -81.947623886146729, 52.175127712168376 ], [ -81.947627706891254, 52.175307501346559 ], [ -81.947046656529039, 52.175491987125824 ], [ -81.947050474996473, 52.175671776322829 ], [ -81.947927785192562, 52.175664730280126 ] ], [ [ -81.949936540180929, 52.173850373433602 ], [ -81.949644115556197, 52.173852727761073 ], [ -81.949640286882826, 52.173672938643172 ], [ -81.949051613593724, 52.173497855939743 ], [ -81.949043961161976, 52.173138277614804 ], [ -81.949336381153017, 52.17313592479735 ], [ -81.949332553818905, 52.172956135641449 ], [ -81.94962497259128, 52.172953782114448 ], [ -81.94961731568668, 52.172594203815827 ], [ -81.94990973206194, 52.172591849594433 ], [ -81.94990590249148, 52.172412060451713 ], [ -81.950486900877337, 52.172227560747089 ], [ -81.95049073276445, 52.172407349865203 ], [ -81.950783147840596, 52.172404993484925 ], [ -81.950802313772016, 52.173303938913982 ], [ -81.95050989280351, 52.173306295370089 ], [ -81.950513724932037, 52.173486084453941 ], [ -81.950221302744794, 52.173488440200522 ], [ -81.949936540180929, 52.173850373433602 ] ], [ [ -81.997243419790493, 52.157455904456221 ], [ -81.996366480440699, 52.157463315395809 ], [ -81.996362465783079, 52.157283528267847 ], [ -81.995773829433048, 52.15710867807568 ], [ -81.995765805037749, 52.156749103727549 ], [ -81.996058113571479, 52.156746635650677 ], [ -81.996342393127051, 52.156384592542075 ], [ -81.997219311285292, 52.156377181888658 ], [ -81.997215293348688, 52.156197394774004 ], [ -81.997799902888801, 52.156192450749039 ], [ -81.997795882639863, 52.156012663660455 ], [ -81.998672793101804, 52.156005242239026 ], [ -81.998668769363348, 52.155825455192485 ], [ -81.998961071588965, 52.155822979952823 ], [ -81.998957046715518, 52.1556431929165 ], [ -81.999249347721687, 52.155640716968549 ], [ -81.999533594356564, 52.155278666270249 ], [ -82.000118191448749, 52.155273710817035 ], [ -82.000114161993267, 52.155093923827273 ], [ -82.000991053782784, 52.155086485263801 ], [ -82.000674566591314, 52.154010243641643 ], [ -82.000966856749343, 52.154007763492054 ], [ -82.000962824058561, 52.153827976510037 ], [ -82.001255112997157, 52.153825495652235 ], [ -82.001251079171624, 52.15364570868045 ], [ -82.001831618430288, 52.153460957878728 ], [ -82.002099681890925, 52.152379753182394 ], [ -82.002391961243788, 52.152377269555799 ], [ -82.002387923048957, 52.152197482602055 ], [ -82.002680201182471, 52.152194998267319 ], [ -82.00267616185306, 52.152015211323821 ], [ -82.002968438767212, 52.152012726280965 ], [ -82.00296439830322, 52.151832939347713 ], [ -82.003544906874893, 52.151648180214664 ], [ -82.003236466429485, 52.15093151892453 ], [ -82.003528736197268, 52.15092903252944 ], [ -82.003520651112979, 52.15056945865242 ], [ -82.004101140981518, 52.150384696838891 ], [ -82.004080917457102, 52.149485762177392 ], [ -82.004373177682865, 52.149483273738149 ], [ -82.004369131928527, 52.149303486804655 ], [ -82.004661390935055, 52.14930099765737 ], [ -82.004657344046407, 52.149121210734172 ], [ -82.005237810378802, 52.148936443402619 ], [ -82.005229712106896, 52.148576869591629 ], [ -82.005521966278977, 52.148574378336342 ], [ -82.005513865823602, 52.148214804534483 ], [ -82.005221614004952, 52.148217295757725 ], [ -82.005209467170701, 52.147677934963816 ], [ -82.005501715459303, 52.147675443788678 ], [ -82.005485515568566, 52.146956296047314 ], [ -82.005777759108128, 52.146953804212316 ], [ -82.005769657064548, 52.146594230339296 ], [ -82.006061898208401, 52.146591737812386 ], [ -82.006045689925074, 52.145872590061664 ], [ -82.006337926320143, 52.145870096874965 ], [ -82.006613945657563, 52.145148455250187 ], [ -82.006906177261513, 52.145145960679777 ], [ -82.006902121937614, 52.144966173752962 ], [ -82.007194352322529, 52.144963678474682 ], [ -82.007190295864703, 52.144783891558177 ], [ -82.007482525030611, 52.144781395572025 ], [ -82.007478467438887, 52.144601608665852 ], [ -82.007770695385744, 52.144599111971829 ], [ -82.008054803528566, 52.14423704078861 ], [ -82.008639254503578, 52.14423204384525 ], [ -82.008635192333898, 52.144052256986171 ], [ -82.008927416581059, 52.144049757444705 ], [ -82.009211511868543, 52.143687683508297 ], [ -82.010088177167802, 52.143680178465303 ], [ -82.010372260691454, 52.143318101771335 ], [ -82.010664479977095, 52.14331559795086 ], [ -82.010668550210809, 52.143495384720197 ], [ -82.011252991006671, 52.143490374875341 ], [ -82.011257063635838, 52.143670161606714 ], [ -82.012425949420148, 52.143660133165746 ], [ -82.012421872085497, 52.143480346498912 ], [ -82.014171108070002, 52.143285495641869 ], [ -82.014455155875325, 52.142923409274708 ], [ -82.015039588500329, 52.142918380705716 ], [ -82.015035500749931, 52.142738594161415 ], [ -82.015619930850733, 52.142733562729305 ], [ -82.015615840790602, 52.142553776211621 ], [ -82.016780601049561, 52.142363918267137 ], [ -82.016776506370164, 52.142184131802793 ], [ -82.017068717655548, 52.142181612154097 ], [ -82.017352734963026, 52.141819518900476 ], [ -82.019982613036277, 52.141796803266267 ], [ -82.019978505547172, 52.141617016963309 ], [ -82.021439541532217, 52.141604371913324 ], [ -82.021435428205123, 52.141424585685982 ], [ -82.026695127634653, 52.14137891396549 ], [ -82.026699262133548, 52.14155869989893 ], [ -82.027868087027628, 52.141548518713634 ], [ -82.027863947823917, 52.141368732845713 ], [ -82.028448357658036, 52.141363637942852 ], [ -82.028452499214154, 52.141543423777982 ], [ -82.030497940497497, 52.141525568702477 ], [ -82.030502090330543, 52.141705354416963 ], [ -82.035181564189514, 52.141844194812784 ], [ -82.035482111442988, 52.142201200418356 ], [ -82.036066530771905, 52.142196067711424 ], [ -82.036062358459645, 52.142016282327219 ], [ -82.03635456688221, 52.142013714904515 ], [ -82.03663842606295, 52.141651576038349 ], [ -82.03809945553742, 52.141638724613422 ], [ -82.038095275123126, 52.141458939327691 ], [ -82.038971888752997, 52.141451219836455 ], [ -82.038976072695888, 52.141631005072504 ], [ -82.039268278327583, 52.141628430444534 ], [ -82.039272463490576, 52.141808215658266 ], [ -82.039564670254563, 52.141805640289903 ], [ -82.039568856637686, 52.141985425481316 ], [ -82.039861064533966, 52.141982849372546 ], [ -82.039865252137233, 52.142162634541613 ], [ -82.040453860150123, 52.142337265249559 ], [ -82.040466430412962, 52.142876620605534 ], [ -82.040174216723315, 52.142879198244913 ], [ -82.040182594765781, 52.143238768486661 ], [ -82.039890378679573, 52.143241345435335 ], [ -82.03989875454522, 52.143600915687244 ], [ -82.039606536062436, 52.143603491945221 ], [ -82.039619096661411, 52.144142847329668 ], [ -82.039326874605649, 52.144145422913489 ], [ -82.039347803933936, 52.145044348522099 ], [ -82.039055575952233, 52.145046923464882 ], [ -82.039072315499638, 52.145766063914536 ], [ -82.038780082768213, 52.145768638199662 ], [ -82.038792634360334, 52.146307993526221 ], [ -82.038500398055504, 52.146310567137093 ], [ -82.038521312371032, 52.147209492649175 ], [ -82.03822907013955, 52.147212065618874 ], [ -82.038237433819816, 52.147571635816568 ], [ -82.037945189191248, 52.147574208095413 ], [ -82.037953550693814, 52.147933778303219 ], [ -82.037661303668145, 52.147936349891175 ], [ -82.037673842721063, 52.148475705209407 ], [ -82.03709351889691, 52.148660631440251 ], [ -82.037101873865765, 52.149020201678319 ], [ -82.036809619648523, 52.149022771193501 ], [ -82.036817972439295, 52.149382341441658 ], [ -82.03652571582478, 52.149384910265887 ], [ -82.036250155859832, 52.150106618925626 ], [ -82.035957894450661, 52.150109186367885 ], [ -82.035962067556724, 52.150288971509916 ], [ -82.035669804926982, 52.150291538244652 ], [ -82.035673976900028, 52.150471323397447 ], [ -82.035381713049688, 52.150473889424639 ], [ -82.035385883889703, 52.150653674588199 ], [ -82.034805522234223, 52.150838589694239 ], [ -82.034813859425711, 52.151198160058669 ], [ -82.034233488311685, 52.151383072383169 ], [ -82.034241821058103, 52.151742642779105 ], [ -82.033949548751053, 52.151745205301417 ], [ -82.033953714012924, 52.151924990507247 ], [ -82.033661440485261, 52.151927552321958 ], [ -82.033377492861092, 52.152289683872922 ], [ -82.032792940879588, 52.152294803947754 ], [ -82.032508983883574, 52.152656933435217 ], [ -82.031924426932306, 52.152662049231225 ], [ -82.031928584173968, 52.152841834523635 ], [ -82.031636304455915, 52.152844391351913 ], [ -82.031640460564205, 52.15302417665503 ], [ -82.031348179625567, 52.153026732775629 ], [ -82.031352334600484, 52.153206518089462 ], [ -82.031060052441219, 52.153209073502389 ], [ -82.031064206282736, 52.153388858826915 ], [ -82.030771922902872, 52.153391413532141 ], [ -82.030487942585111, 52.153753538210793 ], [ -82.029611084991231, 52.153761195907819 ], [ -82.02961523307826, 52.153940981297254 ], [ -82.028446084302146, 52.153951181487493 ], [ -82.028450227724463, 52.154130966936847 ], [ -82.027281073544302, 52.154141155606176 ], [ -82.027285212301791, 52.154320941115358 ], [ -82.026111918669201, 52.154151332688976 ], [ -82.026116052718365, 52.154331118263634 ], [ -82.02465460226297, 52.154343823405249 ], [ -82.024658730470023, 52.154523609055936 ], [ -82.023489564617392, 52.154533760199548 ], [ -82.023485441118737, 52.154353974483534 ], [ -82.012670667813396, 52.15444732267413 ], [ -82.012674747758894, 52.154627108990915 ], [ -82.009751814195042, 52.154652168211776 ], [ -82.009755882411966, 52.154831954684106 ], [ -82.009171292832178, 52.154836957870259 ], [ -82.009167226969552, 52.154657171365749 ], [ -82.008582639573362, 52.154662171622974 ], [ -82.00858670308169, 52.154841958159665 ], [ -82.008002113160643, 52.15484695555233 ], [ -82.007998052006585, 52.154667168983465 ], [ -82.006244288283739, 52.154682143684461 ], [ -82.006248342374917, 52.154861930349696 ], [ -82.005079160999983, 52.154871899064112 ], [ -82.004778769181598, 52.154514815935656 ], [ -82.004194182862719, 52.154519794435238 ], [ -82.00419822867137, 52.154699581218445 ], [ -82.003613639828373, 52.154704556853311 ], [ -82.003621726864424, 52.155064130466556 ], [ -82.003329430024934, 52.155066617229707 ], [ -82.003333472429446, 52.15524640404373 ], [ -82.003041174370352, 52.15524889009869 ], [ -82.003045215640086, 52.15542867692298 ], [ -82.002752916361388, 52.155431162269728 ], [ -82.002468694998143, 52.155793220587633 ], [ -82.001295453581037, 52.155623365054822 ], [ -82.001307556581807, 52.156162725763799 ], [ -82.001015252339968, 52.156165206829165 ], [ -82.001019285580981, 52.156344993736646 ], [ -82.00072698011958, 52.156347474093749 ], [ -82.000731012225643, 52.156527261011469 ], [ -82.000438705544639, 52.156529740660304 ], [ -82.000154458451277, 52.156891793466961 ], [ -81.998108293722439, 52.156909125883466 ], [ -81.998112315359663, 52.157088912927456 ], [ -81.997820004766439, 52.157091386105883 ], [ -81.997824025268557, 52.157271173160048 ], [ -81.997239401600865, 52.15727611737595 ], [ -81.997243419790493, 52.157455904456221 ] ], [ [ -82.133525344412249, 52.112887427637531 ], [ -82.132941327203099, 52.112893041030169 ], [ -82.132640205761817, 52.112536285554256 ], [ -82.132932212089955, 52.112533479978559 ], [ -82.132927654605055, 52.112353699444057 ], [ -82.133511664769841, 52.112348086159741 ], [ -82.133516224602829, 52.112527866658134 ], [ -82.133808230787565, 52.112525058913398 ], [ -82.133525344412249, 52.112887427637531 ] ], [ [ -82.151564928881754, 52.110195066458232 ], [ -82.150980950518274, 52.110200768991014 ], [ -82.150976320826075, 52.110020989514929 ], [ -82.150387717320186, 52.109846909600741 ], [ -82.150378462873846, 52.109487350546225 ], [ -82.150670447481559, 52.109484501160509 ], [ -82.150661190881678, 52.109124942119429 ], [ -82.150953173093242, 52.109122092047464 ], [ -82.150948543692294, 52.10894231253657 ], [ -82.151240524681555, 52.108939461760016 ], [ -82.151523242270912, 52.108577051294681 ], [ -82.152107199311516, 52.108571346200456 ], [ -82.152111833310428, 52.108751125649597 ], [ -82.152700428899252, 52.10892519703367 ], [ -82.15271897496558, 52.109644314602065 ], [ -82.152426989524002, 52.109647169066598 ], [ -82.152144272663321, 52.110009581630997 ], [ -82.151560296841836, 52.110015287018832 ], [ -82.151564928881754, 52.110195066458232 ] ], [ [ -82.162289017097493, 52.107032808337017 ], [ -82.161705082251174, 52.107038563737561 ], [ -82.161700409959437, 52.106858784844356 ], [ -82.161408443636418, 52.106861661441847 ], [ -82.161403772567283, 52.106681882524335 ], [ -82.161695737716698, 52.106679005945345 ], [ -82.161978356131385, 52.106316570865083 ], [ -82.162566957156372, 52.106490593022059 ], [ -82.162576308634527, 52.106850150714799 ], [ -82.162284342458506, 52.106853029480831 ], [ -82.162289017097493, 52.107032808337017 ] ], [ [ -82.170139175043829, 52.105696378830459 ], [ -82.169555259282518, 52.105702173003856 ], [ -82.169550555648314, 52.105522394571331 ], [ -82.168961940798908, 52.105348407340621 ], [ -82.168952538471032, 52.104988850371996 ], [ -82.169244491780958, 52.104985955166832 ], [ -82.169239789517462, 52.104806176692414 ], [ -82.169823693642456, 52.104800384150948 ], [ -82.169828398252875, 52.104980162588113 ], [ -82.170417011534212, 52.105154145512273 ], [ -82.170426425695709, 52.105513702282941 ], [ -82.170134469062575, 52.105516600435216 ], [ -82.170139175043829, 52.105696378830459 ] ], [ [ -82.301081815400437, 52.099468626937828 ], [ -82.300492780764031, 52.099295299260106 ], [ -82.300482322940312, 52.098935759727212 ], [ -82.30077422227032, 52.098932539110677 ], [ -82.300768992267848, 52.098752769356125 ], [ -82.301358020765875, 52.098926095710006 ], [ -82.301368485626668, 52.099285635118591 ], [ -82.301076584060624, 52.099288857221644 ], [ -82.301081815400437, 52.099468626937828 ] ], [ [ -82.304277009950695, 52.098893835354438 ], [ -82.303693212553114, 52.09890029320583 ], [ -82.303687970822395, 52.098720523658685 ], [ -82.303396073213989, 52.098723751479817 ], [ -82.303385592262998, 52.098364212326317 ], [ -82.303677487525789, 52.098360984546709 ], [ -82.30367224595993, 52.098181214981892 ], [ -82.303964139994989, 52.098177986500517 ], [ -82.303969382733655, 52.098357756044564 ], [ -82.304558418123662, 52.098531066369354 ], [ -82.304277009950695, 52.098893835354438 ] ], [ [ -82.232166490204804, 52.099309968144659 ], [ -82.231874580677683, 52.099313018916959 ], [ -82.231869627587415, 52.099133244390792 ], [ -82.231280860030978, 52.098959569157095 ], [ -82.231562863740947, 52.098596970748446 ], [ -82.232146673463419, 52.098590870083434 ], [ -82.232151627570872, 52.098770644607505 ], [ -82.232443533527146, 52.098767593171495 ], [ -82.232453444243745, 52.099127142162864 ], [ -82.232161535941543, 52.099130193638125 ], [ -82.232166490204804, 52.099309968144659 ] ], [ [ -82.202668860585661, 52.099075117550512 ], [ -82.202085038154536, 52.099081072289238 ], [ -82.202080204863876, 52.098901295768435 ], [ -82.201788294745313, 52.09890427203473 ], [ -82.201783462678321, 52.098724495488952 ], [ -82.202075371623877, 52.098721519241806 ], [ -82.20206087220788, 52.098182189626918 ], [ -82.202352777583826, 52.098179212714605 ], [ -82.202347943373539, 52.097999436183791 ], [ -82.202931751627503, 52.097993480229704 ], [ -82.202936588183704, 52.098173256722205 ], [ -82.203228493407579, 52.098170277642119 ], [ -82.203238169018022, 52.098529830571302 ], [ -82.202946261448176, 52.098532809689708 ], [ -82.202955934915494, 52.098892362633883 ], [ -82.202664024948973, 52.098895341068022 ], [ -82.202668860585661, 52.099075117550512 ] ], [ [ -82.309207695684904, 52.097760211929263 ], [ -82.308618652895177, 52.097586924867748 ], [ -82.308608130385366, 52.097227386392376 ], [ -82.308900017620815, 52.09722414573249 ], [ -82.308894755275944, 52.097044376506815 ], [ -82.30948379192624, 52.097217662245257 ], [ -82.309494321472357, 52.097577200595545 ], [ -82.309202432001797, 52.097580442742107 ], [ -82.309207695684904, 52.097760211929263 ] ] ] } }
]
}
