{
"type": "FeatureCollection",
"name": "flood_extra",
"crs": { "type": "name", "properties": { "name": "urn:ogc:def:crs:OGC:1.3:CRS84" } },
"features": [
{ "type": "Feature", "properties": { "area_km2": 0.16749999999993742, "mock": true }, "geometry": { "type": "Polygon", "coordinates": [ [ [ -82.3365163660918, 52.049169707711087 ], [ -82.336502955991676, 52.048720285957195 ], [ -82.338689713176791, 52.048695461652898 ], [ -82.338703145202274, 52.049144883007777 ], [ -82.340160996184537, 52.049128310667385 ], [ -82.340147549542223, 52.048678889578866 ], [ -82.343063218047021, 52.04864569134017 ], [ -82.343049742523974, 52.048196270748271 ], [ -82.344507560043994, 52.048179644850926 ], [ -82.34452105018336, 52.048629065175589 ], [ -82.345249965721834, 52.048620745332009 ], [ -82.345276961676987, 52.049519585603015 ], [ -82.346748334052307, 52.049952351670377 ], [ -82.34676184753117, 52.050401771445785 ], [ -82.347490791243246, 52.050393437543903 ], [ -82.346788875550359, 52.051300610885725 ], [ -82.343144078594733, 52.051342214115486 ], [ -82.343130600954652, 52.050892793745327 ], [ -82.339485831723721, 52.050934283608953 ], [ -82.33947239098228, 52.050484862534965 ], [ -82.337285547146863, 52.050509701958894 ], [ -82.336529776543017, 52.049619129428031 ], [ -82.335800842161746, 52.049627395446677 ], [ -82.335787439019185, 52.049177973596883 ], [ -82.3365163660918, 52.049169707711087 ] ] ] } },
{ "type": "Feature", "properties": { "area_km2": 0.032499999999981086, "mock": true }, "geometry": { "type": "Polygon", "coordinates": [ [ [ -82.370969009369389, 52.102722692609014 ], [ -82.370996574897973, 52.10362151500793 ], [ -82.370266770811469, 52.103630000359132 ], [ -82.37028054678612, 52.104079411639489 ], [ -82.368807161555551, 52.103646957512751 ], [ -82.368793400604559, 52.103197545922725 ], [ -82.369523198081623, 52.103189069740345 ], [ -82.369495662599505, 52.102290246721736 ], [ -82.370941445285624, 52.101823870061928 ], [ -82.370927663785523, 52.101374458732842 ], [ -82.371657430856331, 52.101365969547913 ], [ -82.372414790249522, 52.102256297922068 ], [ -82.370969009369389, 52.102722692609014 ] ] ] } },
{ "type": "Feature", "properties": { "area_km2": 0.025000000000119326, "mock": true }, "geometry": { "type": "Polygon", "coordinates": [ [ [ -82.365391500152995, 52.111329274295272 ], [ -82.365418962054235, 52.112228097466421 ], [ -82.364689015751864, 52.112236549269248 ], [ -82.364702739907145, 52.112685960935188 ], [ -82.363229122068105, 52.112253439321819 ], [ -82.363215412942694, 52.111804027347212 ], [ -82.363945352629287, 52.111795584715544 ], [ -82.363917920786918, 52.11089676092687 ], [ -82.364647845444424, 52.110888314049262 ], [ -82.364634122728049, 52.110438902235238 ], [ -82.3653640396914, 52.110430450976047 ], [ -82.366121431425569, 52.111320818246739 ], [ -82.365391500152995, 52.111329274295272 ] ] ] } },
{ "type": "Feature", "properties": { "area_km2": 0.087499999999893774, "mock": true }, "geometry": { "type": "Polygon", "coordinates": [ [ [ -82.371947072204264, 52.110803596812893 ], [ -82.371217151152422, 52.110812088865011 ], [ -82.371244729688954, 52.111710909930387 ], [ -82.370514793606375, 52.111719397738064 ], [ -82.370528576081909, 52.112168808351669 ], [ -82.369798632303088, 52.112177291778217 ], [ -82.369123762994647, 52.113983413862321 ], [ -82.368393789152037, 52.113991888798658 ], [ -82.368421314061294, 52.114890710436669 ], [ -82.366975084272909, 52.115357058336066 ], [ -82.366988832956423, 52.115806469334856 ], [ -82.365515090047111, 52.115373977399251 ], [ -82.365487623106375, 52.114475154746415 ], [ -82.36693384038476, 52.114008825117502 ], [ -82.367608798800944, 52.112202714951849 ], [ -82.369054920357627, 52.111736359800688 ], [ -82.369041152912899, 52.111286948877257 ], [ -82.369771082383053, 52.111278470241096 ], [ -82.369743533907254, 52.110379648555814 ], [ -82.371189574061603, 52.109913267651471 ], [ -82.371947072204264, 52.110803596812893 ] ] ] } },
{ "type": "Feature", "properties": { "area_km2": 0.18250000000011352, "mock": true }, "geometry": { "type": "Polygon", "coordinates": [ [ [ -82.352524718460202, 52.120468984427724 ], [ -82.353254802919466, 52.120460607001647 ], [ -82.353241190064352, 52.120011193799428 ], [ -82.353971266827998, 52.120002811989096 ], [ -82.353957646991262, 52.11955339888469 ], [ -82.35468771605936, 52.11954501269021 ], [ -82.354674089241371, 52.119095599683696 ], [ -82.355404150613921, 52.119087209105224 ], [ -82.355390516815078, 52.118637796196687 ], [ -82.356120570492124, 52.118629401234386 ], [ -82.356106929712794, 52.118179988423869 ], [ -82.356836975694364, 52.118171589077868 ], [ -82.356823327934947, 52.117722176365469 ], [ -82.357553366221026, 52.117713772635923 ], [ -82.357567021318104, 52.118163185213177 ], [ -82.358297066583873, 52.118154776829805 ], [ -82.358338056037198, 52.119503013933972 ], [ -82.35760798875728, 52.119511422723043 ], [ -82.357635302173506, 52.120410247544662 ], [ -82.356188779753097, 52.12087646473217 ], [ -82.356202422678265, 52.121325877320793 ], [ -82.355472324969824, 52.121334273093197 ], [ -82.35549959721456, 52.122233098429525 ], [ -82.354052993347352, 52.122699289838941 ], [ -82.354066615683848, 52.123148702684517 ], [ -82.353336487545263, 52.123157085438535 ], [ -82.353350102898872, 52.12360649838196 ], [ -82.352619967063262, 52.123614876751205 ], [ -82.352633575433615, 52.124064289792393 ], [ -82.351903431900936, 52.124072663776737 ], [ -82.35191703328762, 52.124522076915632 ], [ -82.350456730471734, 52.124538811594441 ], [ -82.350443143766, 52.124089398186406 ], [ -82.349712999164083, 52.124097758611711 ], [ -82.349658685263279, 52.12230010407211 ], [ -82.351105323126561, 52.121833966319407 ], [ -82.351091731218631, 52.121384552824125 ], [ -82.351821831069145, 52.12137618416704 ], [ -82.351808232178442, 52.120926770769366 ], [ -82.352538324333295, 52.120918397727728 ], [ -82.352524718460202, 52.120468984427724 ] ] ] } },
{ "type": "Feature", "properties": { "area_km2": 0.054999999999986907, "mock": true }, "geometry": { "type": "Polygon", "coordinates": [ [ [ -82.357724848086264, 52.147383336049991 ], [ -82.357779535839242, 52.149180976913605 ], [ -82.357048983092682, 52.149189385586624 ], [ -82.35706264857636, 52.149638795845327 ], [ -82.355601527305708, 52.149655599890529 ], [ -82.354843679630747, 52.148765173762293 ], [ -82.35411313280251, 52.148773564205449 ], [ -82.354085862433053, 52.147874742422459 ], [ -82.355533276979642, 52.147408546875596 ], [ -82.355519627988571, 52.146959136161705 ], [ -82.356980661050883, 52.146942333738345 ], [ -82.356994324742402, 52.147391744181959 ], [ -82.357724848086264, 52.147383336049991 ] ] ] } },
{ "type": "Feature", "properties": { "area_km2": 0.020000000000026195, "mock": true }, "geometry": { "type": "Polygon", "coordinates": [ [ [ -82.349920159385974, 52.155115571525521 ], [ -82.349906563135193, 52.154666160361558 ], [ -82.351354241278642, 52.15420001480458 ], [ -82.351340631034816, 52.153750603835924 ], [ -82.352071260164919, 52.15374223000574 ], [ -82.352829139195578, 52.154632673012472 ], [ -82.351381462837466, 52.155098836631005 ], [ -82.351395074152492, 52.155548247488795 ], [ -82.349920159385974, 52.155115571525521 ] ] ] } },
{ "type": "Feature", "properties": { "area_km2": 0.15249999999974681, "mock": true }, "geometry": { "type": "Polygon", "coordinates": [ [ [ -82.357056482149815, 52.173465898092537 ], [ -82.35773269664908, 52.171659853221712 ], [ -82.359180839586401, 52.171193609638969 ], [ -82.359167142161198, 52.17074420142616 ], [ -82.359898047262107, 52.170735777202786 ], [ -82.359884342836139, 52.170286369088522 ], [ -82.360615240217257, 52.170277940473582 ], [ -82.360628952003424, 52.170727348452239 ], [ -82.361359856384851, 52.170718915174497 ], [ -82.361414736570524, 52.172516546176389 ], [ -82.360683802746451, 52.172524979996922 ], [ -82.360711230277218, 52.173423795547315 ], [ -82.359980281370767, 52.173432225111618 ], [ -82.360007695617895, 52.17433104078534 ], [ -82.359276731628455, 52.174339466093144 ], [ -82.359304132590481, 52.17523828189006 ], [ -82.358573153517412, 52.175246702941081 ], [ -82.358586847175445, 52.175696110919567 ], [ -82.357124873226667, 52.175712939708589 ], [ -82.35713855251899, 52.176162347920879 ], [ -82.354945566816056, 52.176187557549952 ], [ -82.354931909611452, 52.175738148932034 ], [ -82.35420092102261, 52.175746542950478 ], [ -82.354173622413271, 52.174847725333628 ], [ -82.355621906291944, 52.174381524715415 ], [ -82.355608243159153, 52.173932116084764 ], [ -82.356339201582585, 52.17392371355109 ], [ -82.356325531446743, 52.173474305018672 ], [ -82.357056482149815, 52.173465898092537 ] ] ] } },
{ "type": "Feature", "properties": { "area_km2": 0.030000000000144064, "mock": true }, "geometry": { "type": "Polygon", "coordinates": [ [ [ -82.356653713750148, 52.184260099592628 ], [ -82.355922585956392, 52.184268505236588 ], [ -82.355936257339707, 52.184717913016961 ], [ -82.354473985943315, 52.184734710986952 ], [ -82.354460329292536, 52.184285302936289 ], [ -82.353729200422791, 52.184293694992 ], [ -82.35370190292862, 52.183394878509695 ], [ -82.35443301706637, 52.183386486724054 ], [ -82.354419361490969, 52.182937078562489 ], [ -82.355881573959564, 52.182920281673695 ], [ -82.35589524426635, 52.183369689564969 ], [ -82.35662635732821, 52.18336128419152 ], [ -82.356653713750148, 52.184260099592628 ] ] ] } },
{ "type": "Feature", "properties": { "area_km2": 0.024999999999950524, "mock": true }, "geometry": { "type": "Polygon", "coordinates": [ [ [ -82.370835342404263, 52.193537030289534 ], [ -82.369372790710528, 52.193554014902304 ], [ -82.36935897948743, 52.193104610308168 ], [ -82.368627710466455, 52.193113095681738 ], [ -82.369331358129003, 52.192205801008811 ], [ -82.370062612048187, 52.192197311377733 ], [ -82.370048794543521, 52.191747906809155 ], [ -82.371525118798132, 52.192180318523711 ], [ -82.371552784374046, 52.193079127002882 ], [ -82.370821516441424, 52.19308762596873 ], [ -82.370835342404263, 52.193537030289534 ] ] ] } },
{ "type": "Feature", "properties": { "area_km2": 0.062499999999953433, "mock": true }, "geometry": { "type": "Polygon", "coordinates": [ [ [ -82.38478537847935, 52.19517237904126 ], [ -82.384813314488824, 52.196071182052755 ], [ -82.384082001531297, 52.196079763538016 ], [ -82.384095962715151, 52.196529165126243 ], [ -82.382619374516793, 52.196096912915017 ], [ -82.38180443371995, 52.193409068015733 ], [ -82.383253021774223, 52.192942527370285 ], [ -82.38323907089179, 52.192493125347475 ], [ -82.384701579251512, 52.192475969117005 ], [ -82.385460779229845, 52.193366187385941 ], [ -82.384012201109883, 52.193832755040752 ], [ -82.384054080263198, 52.195180960250326 ], [ -82.38478537847935, 52.19517237904126 ] ] ] } },
{ "type": "Feature", "properties": { "area_km2": 0.020000000000026195, "mock": true }, "geometry": { "type": "Polygon", "coordinates": [ [ [ -82.346026072493871, 52.195620939242694 ], [ -82.345998919238482, 52.19472212164564 ], [ -82.346730221515145, 52.194713776325543 ], [ -82.346716638051447, 52.194264367605932 ], [ -82.348192824998407, 52.194697072091927 ], [ -82.348220022479495, 52.195595888882707 ], [ -82.347488706174403, 52.195604243534 ], [ -82.347502298079263, 52.196053652008409 ], [ -82.346026072493871, 52.195620939242694 ] ] ] } },
{ "type": "Feature", "properties": { "area_km2": 0.044999999999917051, "mock": true }, "geometry": { "type": "Polygon", "coordinates": [ [ [ -82.38560053298454, 52.197860201061651 ], [ -82.385614510378176, 52.198309602225294 ], [ -82.384883160930613, 52.198318188932674 ], [ -82.384897131319306, 52.19876759019742 ], [ -82.383434416580045, 52.19878475029369 ], [ -82.382730956305025, 52.199692126790993 ], [ -82.381254275618119, 52.199259858368521 ], [ -82.381226408194607, 52.198361054496338 ], [ -82.382675162481249, 52.197894520149553 ], [ -82.382661214940853, 52.197445118396516 ], [ -82.383392550744887, 52.197436545559711 ], [ -82.383378596199293, 52.196987143907585 ], [ -82.384109924265559, 52.196978566677409 ], [ -82.384869190908702, 52.197868787630817 ], [ -82.38560053298454, 52.197860201061651 ] ] ] } },
{ "type": "Feature", "properties": { "area_km2": 0.020000000000155706, "mock": true }, "geometry": { "type": "Polygon", "coordinates": [ [ [ -82.348383237360963, 52.200988786524597 ], [ -82.347651832588397, 52.200997142789525 ], [ -82.348356031309379, 52.200089970620304 ], [ -82.349818810289818, 52.20007324503235 ], [ -82.3498324278833, 52.200522652733781 ], [ -82.350563824210397, 52.200514283007095 ], [ -82.349859664142969, 52.201421468025778 ], [ -82.348396840922533, 52.201438194421321 ], [ -82.348383237360963, 52.200988786524597 ] ] ] } },
{ "type": "Feature", "properties": { "area_km2": 0.020000000000050932, "mock": true }, "geometry": { "type": "Polygon", "coordinates": [ [ [ -82.382111129517554, 52.203295908392995 ], [ -82.382842561533664, 52.203287338294764 ], [ -82.382828609597965, 52.202837936986512 ], [ -82.384305424466604, 52.203270184501214 ], [ -82.384333358933873, 52.204168986454334 ], [ -82.383601912902307, 52.204177565893438 ], [ -82.383615873311626, 52.204626966952475 ], [ -82.38213901973964, 52.204194711174132 ], [ -82.382111129517554, 52.203295908392995 ] ] ] } },
{ "type": "Feature", "properties": { "area_km2": 0.04500000000006403, "mock": true }, "geometry": { "type": "Polygon", "coordinates": [ [ [ -82.389605504435195, 52.232429547936079 ], [ -82.389619539671216, 52.23287894569058 ], [ -82.387423790026091, 52.232904778593529 ], [ -82.387409776949909, 52.232455380423161 ], [ -82.38667786705156, 52.232463982178061 ], [ -82.386635852190651, 52.231115787029083 ], [ -82.387367739930241, 52.231107185689595 ], [ -82.387353728326616, 52.23065778737093 ], [ -82.390309328721287, 52.231522132690216 ], [ -82.390337412859722, 52.232420928032944 ], [ -82.389605504435195, 52.232429547936079 ] ] ] } },
{ "type": "Feature", "properties": { "area_km2": 0.079999999999722057, "mock": true }, "geometry": { "type": "Polygon", "coordinates": [ [ [ -82.378961121382446, 52.243343887664572 ], [ -82.37893325604179, 52.24244508967697 ], [ -82.37966533253109, 52.242436534800689 ], [ -82.379651393019074, 52.241987135889048 ], [ -82.381115530116858, 52.241970012795996 ], [ -82.381129484410536, 52.242419411431946 ], [ -82.381861559800313, 52.242410842939485 ], [ -82.381157394097983, 52.243318208592704 ], [ -82.380425303559278, 52.243326772822186 ], [ -82.38118530525233, 52.244217005605265 ], [ -82.381917410207308, 52.244208436560967 ], [ -82.381959301865422, 52.24555663138802 ], [ -82.381227174734491, 52.245565200846194 ], [ -82.381241131962113, 52.246014599185749 ], [ -82.378312590202896, 52.246048832177273 ], [ -82.378298662544893, 52.245599433286564 ], [ -82.37756653358197, 52.245607980048533 ], [ -82.378270808326889, 52.244700635394047 ], [ -82.379002922139534, 52.244692084368154 ], [ -82.378975054601995, 52.243793286602816 ], [ -82.379707153265002, 52.243784731313333 ], [ -82.379693212654033, 52.243335332512807 ], [ -82.378961121382446, 52.243343887664572 ] ] ] } },
{ "type": "Feature", "properties": { "area_km2": 0.027499999999819558, "mock": true }, "geometry": { "type": "Polygon", "coordinates": [ [ [ -82.355130547572898, 52.254409333754687 ], [ -82.355890239300976, 52.255299729944063 ], [ -82.356622534443815, 52.255291316517713 ], [ -82.355917651760222, 52.256198534600209 ], [ -82.352961055129015, 52.255333338239907 ], [ -82.353665985073235, 52.254426137361477 ], [ -82.355130547572898, 52.254409333754687 ] ] ] } },
{ "type": "Feature", "properties": { "area_km2": 0.050000000000154247, "mock": true }, "geometry": { "type": "Polygon", "coordinates": [ [ [ -82.378591220245212, 52.255036802213382 ], [ -82.37932350412369, 52.255028248020295 ], [ -82.379365333454274, 52.256376441834661 ], [ -82.378633027385717, 52.256384996440985 ], [ -82.378660900644292, 52.25728379240752 ], [ -82.377928579415041, 52.257292342748187 ], [ -82.377942509196359, 52.257741740813586 ], [ -82.376463935858311, 52.257309429806043 ], [ -82.376436106982922, 52.256410633013878 ], [ -82.375703799450278, 52.256419169456173 ], [ -82.375689892958135, 52.255969770867083 ], [ -82.377140571943784, 52.255503295365358 ], [ -82.377126651389602, 52.255053896977216 ], [ -82.37785893600045, 52.255045351865697 ], [ -82.377845008415846, 52.25459595357809 ], [ -82.378577285264299, 52.25458740406345 ], [ -82.378591220245212, 52.255036802213382 ] ] ] } },
{ "type": "Feature", "properties": { "area_km2": 0.032499999999877766, "mock": true }, "geometry": { "type": "Polygon", "coordinates": [ [ [ -82.35601360671717, 52.259344349732778 ], [ -82.358915574750085, 52.258411860846422 ], [ -82.359675411718769, 52.259302231088348 ], [ -82.358224422289055, 52.259768493778139 ], [ -82.358238154138292, 52.260217895348482 ], [ -82.357505778340354, 52.260226319348661 ], [ -82.357519503151551, 52.260675721017648 ], [ -82.356041025662307, 52.260243153723806 ], [ -82.35601360671717, 52.259344349732778 ] ] ] } },
{ "type": "Feature", "properties": { "area_km2": 0.037499999999890864, "mock": true }, "geometry": { "type": "Polygon", "coordinates": [ [ [ -82.377641955685661, 52.271681612676062 ], [ -82.378318751743251, 52.269875474580225 ], [ -82.379797763085421, 52.270307758396427 ], [ -82.379811718296878, 52.270757155112236 ], [ -82.380544260801443, 52.270748591553314 ], [ -82.380558223783098, 52.271197988094173 ], [ -82.381290773323826, 52.271189419853918 ], [ -82.380586150847819, 52.272096781064775 ], [ -82.378388455602121, 52.272122459352076 ], [ -82.378374514097246, 52.27167306247177 ], [ -82.377641955685661, 52.271681612676062 ] ] ] } },
{ "type": "Feature", "properties": { "area_km2": 0.35500000000020809, "mock": true }, "geometry": { "type": "Polygon", "coordinates": [ [ [ -82.376923323605126, 52.272139555492444 ], [ -82.37696510589457, 52.273487746737146 ], [ -82.375513841361226, 52.273954222810872 ], [ -82.375527755080256, 52.274403620056404 ], [ -82.374795150778851, 52.274412152911104 ], [ -82.37483687191579, 52.275760344837849 ], [ -82.373385510751305, 52.276226795248739 ], [ -82.373399404082576, 52.27667619272124 ], [ -82.372666761657968, 52.276684712630072 ], [ -82.372694534604491, 52.277583507738463 ], [ -82.371961877002647, 52.277592023377245 ], [ -82.371975756617303, 52.278041421013071 ], [ -82.370496560704211, 52.277609041021307 ], [ -82.370427242163089, 52.275362050916812 ], [ -82.371878606978697, 52.274895636785153 ], [ -82.371850853223378, 52.273996840958404 ], [ -82.37037179389165, 52.273564458167186 ], [ -82.370330211515068, 52.272216263216414 ], [ -82.371062780985397, 52.272207758310401 ], [ -82.371035046415699, 52.271308961765484 ], [ -82.371767600713937, 52.271300452589905 ], [ -82.371725979384152, 52.269952257906063 ], [ -82.372458511107908, 52.269943744598336 ], [ -82.371670489384314, 52.26815466447615 ], [ -82.373121606854227, 52.267688236238705 ], [ -82.373107720827036, 52.267238838025953 ], [ -82.373840207406673, 52.267230316455169 ], [ -82.373812421644374, 52.266331520193027 ], [ -82.373079949867844, 52.266340041489372 ], [ -82.373066064935813, 52.265890643165541 ], [ -82.374517093952036, 52.265424198218383 ], [ -82.375277364101578, 52.266314463972385 ], [ -82.374544893055685, 52.266322994354034 ], [ -82.374572693621062, 52.26722179034158 ], [ -82.37605158058777, 52.267654122149452 ], [ -82.376065496588154, 52.268103519775863 ], [ -82.376797996509353, 52.268094979758871 ], [ -82.376811920277774, 52.268544377210716 ], [ -82.378262995253365, 52.268077886096137 ], [ -82.378249057047071, 52.267628488882522 ], [ -82.37898154846755, 52.267619935374562 ], [ -82.378995494075795, 52.268069332450416 ], [ -82.379727992531571, 52.26806077426177 ], [ -82.37975589965248, 52.268959568026744 ], [ -82.378304812071036, 52.269426077514758 ], [ -82.378318751743251, 52.269875474580225 ], [ -82.376839768912873, 52.269443172003328 ], [ -82.376825844412281, 52.268993774625542 ], [ -82.375360814594828, 52.269010850666533 ], [ -82.375374724290268, 52.269460248319312 ], [ -82.374642201430291, 52.269468779662596 ], [ -82.374697814257004, 52.271266370453048 ], [ -82.376176837763566, 52.271698699454099 ], [ -82.376190757057273, 52.27214809674728 ], [ -82.376923323605126, 52.272139555492444 ] ] ] } },
{ "type": "Feature", "properties": { "area_km2": 0.032500000000004366, "mock": true }, "geometry": { "type": "Polygon", "coordinates": [ [ [ -82.389376898734085, 52.271993658997268 ], [ -82.389405004960636, 52.272892448498247 ], [ -82.388672429856712, 52.27290106727078 ], [ -82.388686476120185, 52.273350462104482 ], [ -82.387221309996306, 52.273367686295984 ], [ -82.387235341820428, 52.273817081369991 ], [ -82.385756142396659, 52.273384892312613 ], [ -82.385742125749772, 52.272935496924461 ], [ -82.387193247454846, 52.272468896036798 ], [ -82.387179216737508, 52.272019500851606 ], [ -82.387911777772203, 52.272010891443649 ], [ -82.387897740020222, 52.271561496360043 ], [ -82.388630293282276, 52.271552882547326 ], [ -82.3886443384378, 52.272002277492206 ], [ -82.389376898734085, 52.271993658997268 ] ] ] } },
{ "type": "Feature", "properties": { "area_km2": 0.027499999999772991, "mock": true }, "geometry": { "type": "Polygon", "coordinates": [ [ [ -82.367593594450327, 52.278541818652712 ], [ -82.366114423428513, 52.278109383615671 ], [ -82.366100603065064, 52.277659984885304 ], [ -82.365367942185443, 52.277668459623484 ], [ -82.365340317361159, 52.276769661778864 ], [ -82.366072963428422, 52.276761187313653 ], [ -82.366059144155201, 52.276311788472356 ], [ -82.367538254472635, 52.276744224750104 ], [ -82.367565923733878, 52.277643021775397 ], [ -82.368298583522645, 52.277634533403642 ], [ -82.367593594450327, 52.278541818652712 ] ] ] } },
{ "type": "Feature", "properties": { "area_km2": 0.029999999999828289, "mock": true }, "geometry": { "type": "Polygon", "coordinates": [ [ [ -82.3631975392057, 52.278592655085468 ], [ -82.363211330668562, 52.279042054287387 ], [ -82.361732184554114, 52.278609564205496 ], [ -82.36171840826735, 52.278160164694285 ], [ -82.360985737804768, 52.278168612301194 ], [ -82.361690856780626, 52.277261365560939 ], [ -82.362423512068091, 52.277252913681671 ], [ -82.362409729461945, 52.276803514195649 ], [ -82.36388882155552, 52.277235996289619 ], [ -82.363930215987608, 52.278584193708383 ], [ -82.3631975392057, 52.278592655085468 ] ] ] } },
{ "type": "Feature", "properties": { "area_km2": 0.24250000000002911, "mock": true }, "geometry": { "type": "Polygon", "coordinates": [ [ [ -82.348680377038036, 52.283254945691773 ], [ -82.348666730486073, 52.282805544112023 ], [ -82.347201228070617, 52.282822273866586 ], [ -82.347187596694951, 52.282372871980456 ], [ -82.346454852358107, 52.282381229904921 ], [ -82.346441228749484, 52.281931827847295 ], [ -82.344243015815707, 52.281956873944821 ], [ -82.344229414790462, 52.281507471446886 ], [ -82.343496683838623, 52.281515810921071 ], [ -82.343469497677376, 52.280617005545849 ], [ -82.344921322230974, 52.280150920115339 ], [ -82.344907715228786, 52.279701517604181 ], [ -82.345640415833529, 52.279693169577278 ], [ -82.345626801781776, 52.279243767163642 ], [ -82.346359494621126, 52.279235414726301 ], [ -82.346373116080272, 52.27968481700541 ], [ -82.349303913483126, 52.279651361268314 ], [ -82.349290262394561, 52.27920195952801 ], [ -82.350022953440956, 52.279193584366254 ], [ -82.350782976293942, 52.280084007563588 ], [ -82.351515681436595, 52.280075623042038 ], [ -82.351529355466241, 52.2805250243036 ], [ -82.352262067656966, 52.280516635101932 ], [ -82.352275749454094, 52.280966036191437 ], [ -82.353008468692877, 52.280957642309488 ], [ -82.353795977625055, 52.282746846789308 ], [ -82.352344163837117, 52.283213041084991 ], [ -82.352371532109331, 52.284111842783886 ], [ -82.353850773442446, 52.284544449105148 ], [ -82.35386447329752, 52.284993849591757 ], [ -82.354597258495318, 52.284985445401439 ], [ -82.353891874088589, 52.28589265045418 ], [ -82.352412587216946, 52.285460045055217 ], [ -82.352398901821147, 52.285010644335046 ], [ -82.351666115542983, 52.285019034887981 ], [ -82.351652437916741, 52.284569633995723 ], [ -82.350919658688483, 52.28457801986778 ], [ -82.350892319333823, 52.283679217702371 ], [ -82.35015955456474, 52.283687598758711 ], [ -82.350145892835727, 52.28323819748563 ], [ -82.348680377038036, 52.283254945691773 ] ] ] } },
{ "type": "Feature", "properties": { "area_km2": 0.32249999999959256, "mock": true }, "geometry": { "type": "Polygon", "coordinates": [ [ [ -82.361054585825826, 52.280415610167836 ], [ -82.361040815497404, 52.279966210668455 ], [ -82.362506215316444, 52.279949309821276 ], [ -82.362492430535511, 52.279499910557092 ], [ -82.365450825376129, 52.280364852269798 ], [ -82.365478456012625, 52.281263649522707 ], [ -82.364745735512543, 52.281272120807714 ], [ -82.36475954396775, 52.281721519515116 ], [ -82.366238823055411, 52.282153970524519 ], [ -82.366252647053727, 52.282603368885006 ], [ -82.366985389051564, 52.282594888099993 ], [ -82.366999220822038, 52.283044286286916 ], [ -82.367731969864678, 52.28303580081991 ], [ -82.367787330220594, 52.284833392651038 ], [ -82.366335598678845, 52.285299758271329 ], [ -82.366349425222353, 52.285749156372908 ], [ -82.365616630996684, 52.285757633568295 ], [ -82.365630450493853, 52.286207031769436 ], [ -82.359768024340298, 52.286274686770739 ], [ -82.359754264123268, 52.285825287479938 ], [ -82.359021466633536, 52.285833723762394 ], [ -82.358952708024091, 52.283586726074546 ], [ -82.360404463092067, 52.283120450946129 ], [ -82.36037693326864, 52.282221652081944 ], [ -82.35964419541429, 52.282230091822797 ], [ -82.359602925618375, 52.280881892841528 ], [ -82.361054585825826, 52.280415610167836 ] ] ] } },
{ "type": "Feature", "properties": { "area_km2": 0.032499999999887952, "mock": true }, "geometry": { "type": "Polygon", "coordinates": [ [ [ -82.347337561546482, 52.287316290697483 ], [ -82.348070387031484, 52.28730792674591 ], [ -82.348084029762148, 52.287757328091267 ], [ -82.348816862299188, 52.287748959458717 ], [ -82.348111316299978, 52.288656130671207 ], [ -82.346645620504972, 52.288672854836221 ], [ -82.34663199187915, 52.288223453295331 ], [ -82.345899150855118, 52.288231808423603 ], [ -82.345871909500801, 52.28733300496198 ], [ -82.345139082940506, 52.287341355274911 ], [ -82.3451254702114, 52.286891953354228 ], [ -82.34585828936099, 52.286883603175788 ], [ -82.345844669579407, 52.286434201352698 ], [ -82.347323926585304, 52.286866889180502 ], [ -82.347337561546482, 52.287316290697483 ] ] ] } },
{ "type": "Feature", "properties": { "area_km2": 0.02749999999989668, "mock": true }, "geometry": { "type": "Polygon", "coordinates": [ [ [ -82.370926539159953, 52.291540359022179 ], [ -82.369446901104951, 52.291107969904168 ], [ -82.369419180356715, 52.290209175645614 ], [ -82.370871038367909, 52.289742771600778 ], [ -82.370857164082253, 52.289293374652935 ], [ -82.37159001504277, 52.289284864540235 ], [ -82.372350644220475, 52.290175143191441 ], [ -82.371617778802047, 52.290183658124811 ], [ -82.371645544021888, 52.291082451561344 ], [ -82.370912663414487, 52.291090962222313 ], [ -82.370926539159953, 52.291540359022179 ] ] ] } },
{ "type": "Feature", "properties": { "area_km2": 0.042500000000154248, "mock": true }, "geometry": { "type": "Polygon", "coordinates": [ [ [ -82.392151961737412, 52.290392914284226 ], [ -82.392236509239453, 52.293089270718973 ], [ -82.390037786016975, 52.293115173064422 ], [ -82.390023716077934, 52.292665780000767 ], [ -82.389290815009318, 52.292674404883158 ], [ -82.389262691066236, 52.291775618366842 ], [ -82.390714386943003, 52.291308971575191 ], [ -82.390700311072337, 52.29085957850225 ], [ -82.391433181751964, 52.29085094508244 ], [ -82.391419098839876, 52.290401552111476 ], [ -82.392151961737412, 52.290392914284226 ] ] ] } },
{ "type": "Feature", "properties": { "area_km2": 0.020000000000018916, "mock": true }, "geometry": { "type": "Polygon", "coordinates": [ [ [ -82.386583777349045, 52.299899154617179 ], [ -82.386569738935265, 52.299449761415552 ], [ -82.385836724807675, 52.299458365642224 ], [ -82.38654166321561, 52.29855097490109 ], [ -82.388021713206953, 52.298983146356981 ], [ -82.388035766082311, 52.299432539318261 ], [ -82.388768779101397, 52.299423921447648 ], [ -82.388063872942126, 52.300331325129626 ], [ -82.386583777349045, 52.299899154617179 ] ] ] } },
{ "type": "Feature", "properties": { "area_km2": 0.034999999999726424, "mock": true }, "geometry": { "type": "Polygon", "coordinates": [ [ [ -82.371978840620272, 52.301867961254842 ], [ -82.371245782065998, 52.301876475206569 ], [ -82.371259666574531, 52.302325871118384 ], [ -82.369793533536566, 52.302342885650532 ], [ -82.369779663861863, 52.301893489464625 ], [ -82.369046604212343, 52.301901989770975 ], [ -82.369018880790819, 52.30100319701431 ], [ -82.369751925607048, 52.30099469698181 ], [ -82.36973805702695, 52.300545300684902 ], [ -82.371937167036762, 52.300519773708757 ], [ -82.371951057865829, 52.300969169594467 ], [ -82.372684101221452, 52.300960651368705 ], [ -82.371978840620272, 52.301867961254842 ] ] ] } },
{ "type": "Feature", "properties": { "area_km2": 0.030000000000068396, "mock": true }, "geometry": { "type": "Polygon", "coordinates": [ [ [ -82.390347418333562, 52.303001811084897 ], [ -82.388867211494528, 52.302569670167046 ], [ -82.3888390861039, 52.301670885003979 ], [ -82.390291108218975, 52.301204241870302 ], [ -82.390277031616193, 52.300754849473996 ], [ -82.391010065772349, 52.300746217542397 ], [ -82.391024149791292, 52.301195609799663 ], [ -82.391757190993076, 52.301186973180798 ], [ -82.39178537497547, 52.302085757305861 ], [ -82.390333340249356, 52.302552418836854 ], [ -82.390347418333562, 52.303001811084897 ] ] ] } },
{ "type": "Feature", "properties": { "area_km2": 0.16499999999968568, "mock": true }, "geometry": { "type": "Polygon", "coordinates": [ [ [ -82.354399048813022, 52.302520439758304 ], [ -82.354385334896449, 52.302071040712264 ], [ -82.356584534532132, 52.302045799058661 ], [ -82.357290114269105, 52.301138578958671 ], [ -82.358023164896593, 52.301130151699965 ], [ -82.35878373091542, 52.302020516468062 ], [ -82.359516795652866, 52.302012079840772 ], [ -82.359530561489436, 52.302461477937022 ], [ -82.360263633281804, 52.302453036625224 ], [ -82.358852526632674, 52.304267507259375 ], [ -82.355187012081643, 52.30430962555986 ], [ -82.355173289303835, 52.303860226797013 ], [ -82.354440192727651, 52.303868636674864 ], [ -82.353734512035089, 52.304775840034324 ], [ -82.352268287406957, 52.304792637586829 ], [ -82.351507802816485, 52.303902230697496 ], [ -82.350774704438052, 52.303910617830951 ], [ -82.349986925888985, 52.302121401207827 ], [ -82.350719994957075, 52.302113019163386 ], [ -82.350706318486417, 52.301663619404181 ], [ -82.352172440708884, 52.301646841939743 ], [ -82.352932899083882, 52.30253724505522 ], [ -82.354399048813022, 52.302520439758304 ] ] ] } },
{ "type": "Feature", "properties": { "area_km2": 0.089999999999803543, "mock": true }, "geometry": { "type": "Polygon", "coordinates": [ [ [ -82.371315208261677, 52.304123454395786 ], [ -82.371356868363051, 52.30547164146531 ], [ -82.369904504071712, 52.305938053806138 ], [ -82.36991837703097, 52.306387449659113 ], [ -82.369185243203432, 52.306395951334885 ], [ -82.369199109108834, 52.306845347287812 ], [ -82.368465967497571, 52.306853844551235 ], [ -82.368479826348718, 52.307303240604064 ], [ -82.366999683181348, 52.306870825430273 ], [ -82.36693046858008, 52.304623843243604 ], [ -82.367663573827784, 52.30461535576238 ], [ -82.367635875700969, 52.303716562902274 ], [ -82.36836896574863, 52.303708071145728 ], [ -82.368355109814217, 52.303258674796993 ], [ -82.369821273980705, 52.303241677911409 ], [ -82.370582112255676, 52.304131964484448 ], [ -82.371315208261677, 52.304123454395786 ] ] ] } },
{ "type": "Feature", "properties": { "area_km2": 0.067499999999787536, "mock": true }, "geometry": { "type": "Polygon", "coordinates": [ [ [ -82.371412420280237, 52.307269223706719 ], [ -82.371398531752831, 52.30681982820186 ], [ -82.372131671903603, 52.306811312741353 ], [ -82.372892618785485, 52.307701583155414 ], [ -82.371440198431358, 52.308168014605421 ], [ -82.371467978044294, 52.309066805356117 ], [ -82.370015497966918, 52.309533219594137 ], [ -82.370029373846634, 52.309982615151156 ], [ -82.369296180662616, 52.309991117922642 ], [ -82.369310049487027, 52.310440513579671 ], [ -82.367843647183491, 52.31045750574701 ], [ -82.367829793200002, 52.310008109816252 ], [ -82.367096598921805, 52.310016598938368 ], [ -82.367068906888761, 52.309117806692399 ], [ -82.368521405090092, 52.308651428540664 ], [ -82.368507545144965, 52.308202032598786 ], [ -82.369973872518301, 52.30818503270109 ], [ -82.370679272345015, 52.307277734755083 ], [ -82.371412420280237, 52.307269223706719 ] ] ] } },
{ "type": "Feature", "properties": { "area_km2": 0.16000000000030995, "mock": true }, "geometry": { "type": "Polygon", "coordinates": [ [ [ -82.348698324221587, 52.307980350424373 ], [ -82.350164656316053, 52.307963596473066 ], [ -82.350925185202186, 52.308854011120744 ], [ -82.351658365189607, 52.308845622500932 ], [ -82.351685744848652, 52.309744420530635 ], [ -82.352418939316394, 52.309736027090693 ], [ -82.352446335257639, 52.310634824702234 ], [ -82.351713125948621, 52.310643218412608 ], [ -82.351754200300462, 52.311991414958676 ], [ -82.350301413403045, 52.312457588585232 ], [ -82.350315091091048, 52.312906987593394 ], [ -82.348115347524029, 52.312932116148637 ], [ -82.348101692101324, 52.312482716735644 ], [ -82.347368450948494, 52.312491083685174 ], [ -82.347327509100509, 52.311142884820391 ], [ -82.346594289852803, 52.31115124681547 ], [ -82.346526097724364, 52.308904247295786 ], [ -82.347259279868894, 52.308895885974245 ], [ -82.347245635099711, 52.30844648609429 ], [ -82.348711983471418, 52.308429750071632 ], [ -82.348698324221587, 52.307980350424373 ] ] ] } },
{ "type": "Feature", "properties": { "area_km2": 0.032499999999922875, "mock": true }, "geometry": { "type": "Polygon", "coordinates": [ [ [ -82.374553825369176, 52.313976053914253 ], [ -82.373792735402631, 52.313085796108247 ], [ -82.376697814859241, 52.312152856517642 ], [ -82.376711759721999, 52.312602250616507 ], [ -82.377444993770879, 52.312593701521116 ], [ -82.377472899440377, 52.313492489332283 ], [ -82.376739650548359, 52.313501038703123 ], [ -82.376753596511989, 52.313950432690902 ], [ -82.374553825369176, 52.313976053914253 ] ] ] } },
{ "type": "Feature", "properties": { "area_km2": 0.027500000000139697, "mock": true }, "geometry": { "type": "Polygon", "coordinates": [ [ [ -82.38629994271308, 52.314288326304947 ], [ -82.386313985899079, 52.314737718422386 ], [ -82.384833423710248, 52.314305530257585 ], [ -82.384805368134124, 52.31340674535727 ], [ -82.386257815372247, 52.312940149730323 ], [ -82.386243773664305, 52.31249075746468 ], [ -82.386977002925107, 52.312482149217487 ], [ -82.387738345287175, 52.313372320359576 ], [ -82.387005101553285, 52.313380933434374 ], [ -82.387033201660287, 52.31427971750302 ], [ -82.38629994271308, 52.314288326304947 ] ] ] } },
{ "type": "Feature", "properties": { "area_km2": 0.057500000000021825, "mock": true }, "geometry": { "type": "Polygon", "coordinates": [ [ [ -82.372437467204207, 52.316698002282806 ], [ -82.372423563576973, 52.31624860769216 ], [ -82.373904072935446, 52.316680951672041 ], [ -82.373917991775201, 52.317130345950986 ], [ -82.374651301514774, 52.317121813681837 ], [ -82.374707010231944, 52.318919389877699 ], [ -82.373973670797255, 52.318927922696695 ], [ -82.373987591468619, 52.319377316790593 ], [ -82.371787548694385, 52.319402888352236 ], [ -82.371773650295893, 52.318953493846323 ], [ -82.371040309396989, 52.318962008460417 ], [ -82.371026418788375, 52.318512613780335 ], [ -82.371759752263159, 52.318504099303439 ], [ -82.371731957294955, 52.317605310106671 ], [ -82.372465275556365, 52.317596791353083 ], [ -82.37170416378963, 52.316706520761876 ], [ -82.372437467204207, 52.316698002282806 ] ] ] } },
{ "type": "Feature", "properties": { "area_km2": 0.085000000000152801, "mock": true }, "geometry": { "type": "Polygon", "coordinates": [ [ [ -82.383493037985133, 52.318367248718232 ], [ -82.384226365215639, 52.318358656872249 ], [ -82.384268439045258, 52.319706833360108 ], [ -82.38281575016984, 52.320173405696622 ], [ -82.382857783879516, 52.321521582570327 ], [ -82.382124403939869, 52.321530166282159 ], [ -82.382138408488657, 52.321979558637615 ], [ -82.380671632653218, 52.321996712682797 ], [ -82.380657642955072, 52.321547320050954 ], [ -82.379924261910304, 52.321555890107938 ], [ -82.379882317299703, 52.320207711576074 ], [ -82.380615676069638, 52.320199141933287 ], [ -82.380573712497494, 52.318850963482362 ], [ -82.382026382417692, 52.318384418756942 ], [ -82.38201238081713, 52.317935026105225 ], [ -82.383479021537113, 52.317917856343108 ], [ -82.383493037985133, 52.318367248718232 ] ] ] } },
{ "type": "Feature", "properties": { "area_km2": 0.029999999999934517, "mock": true }, "geometry": { "type": "Polygon", "coordinates": [ [ [ -82.366059161953245, 52.323964832904423 ], [ -82.365325736455958, 52.323973312611095 ], [ -82.365339572040043, 52.324422707942304 ], [ -82.363872705100036, 52.324439653972398 ], [ -82.363858884369122, 52.323990258368212 ], [ -82.363125457779972, 52.323998724418587 ], [ -82.363097832262, 52.323099932826459 ], [ -82.363831243998533, 52.323091467048862 ], [ -82.363817424358828, 52.322642071333767 ], [ -82.365284231888495, 52.322625126395728 ], [ -82.365298066380191, 52.323074521837817 ], [ -82.366031477024947, 52.323066042404378 ], [ -82.366059161953245, 52.323964832904423 ] ] ] } },
{ "type": "Feature", "properties": { "area_km2": 0.08000000000015571, "mock": true }, "geometry": { "type": "Polygon", "coordinates": [ [ [ -82.352124015425019, 52.324125168918975 ], [ -82.352151419593156, 52.325023964437854 ], [ -82.3514179723567, 52.325032357924393 ], [ -82.351459059031697, 52.326380551331518 ], [ -82.350725589152532, 52.326388940671229 ], [ -82.350739278004056, 52.326838338534941 ], [ -82.348538843922128, 52.326863479643791 ], [ -82.348525177354091, 52.326414081375027 ], [ -82.347791706034911, 52.326422452504453 ], [ -82.347737073069155, 52.324624858520757 ], [ -82.34919028373254, 52.324158714470158 ], [ -82.349176611895942, 52.323709316114879 ], [ -82.351376888925856, 52.323684164185003 ], [ -82.35139058304236, 52.324133562135039 ], [ -82.352124015425019, 52.324125168918975 ] ] ] } },
{ "type": "Feature", "properties": { "area_km2": 0.049999999999791905, "mock": true }, "geometry": { "type": "Polygon", "coordinates": [ [ [ -82.371220920580072, 52.324804135934833 ], [ -82.371248712401226, 52.325702924222128 ], [ -82.370515259751357, 52.325711436341862 ], [ -82.370529148783291, 52.326160830567154 ], [ -82.367595304820924, 52.326194834070449 ], [ -82.367581445498118, 52.325745439297279 ], [ -82.366847991022382, 52.325753928655246 ], [ -82.366820288325172, 52.324855138724402 ], [ -82.36755372794687, 52.324846649639994 ], [ -82.367539869718371, 52.324397254755894 ], [ -82.370473594848818, 52.324363253443991 ], [ -82.370487482784114, 52.32481264778027 ], [ -82.371220920580072, 52.324804135934833 ] ] ] } },
{ "type": "Feature", "properties": { "area_km2": 0.079999999999805005, "mock": true }, "geometry": { "type": "Polygon", "coordinates": [ [ [ -82.352274756203713, 52.329068542445121 ], [ -82.35226105069296, 52.328619145036441 ], [ -82.352994556991717, 52.328610745914993 ], [ -82.353008269931209, 52.329060143188336 ], [ -82.35374178329775, 52.329051739378585 ], [ -82.353810390556518, 52.331298724514326 ], [ -82.352356996844776, 52.331764926121778 ], [ -82.352370704881153, 52.332214323272005 ], [ -82.350170005514201, 52.332239496563524 ], [ -82.350156319768232, 52.331790099007677 ], [ -82.349422760021966, 52.331798480862773 ], [ -82.349395404470513, 52.330899685370255 ], [ -82.350128949357071, 52.330891303785279 ], [ -82.350101580386806, 52.329992508415216 ], [ -82.351554940558003, 52.32952633465591 ], [ -82.351541242115445, 52.329076937148905 ], [ -82.352274756203713, 52.329068542445121 ] ] ] } },
{ "type": "Feature", "properties": { "area_km2": 0.15499999999957073, "mock": true }, "geometry": { "type": "Polygon", "coordinates": [ [ [ -82.367650745760201, 52.32799241279335 ], [ -82.36838423700965, 52.327983918198719 ], [ -82.369145480266226, 52.328874207643281 ], [ -82.369878985642117, 52.328865703669187 ], [ -82.369892869804744, 52.329315097772643 ], [ -82.370626382243813, 52.329306589108555 ], [ -82.370668059211624, 52.330654770785706 ], [ -82.369934524485473, 52.330663279861099 ], [ -82.369948410110041, 52.331112673816612 ], [ -82.368481324702543, 52.33112967858186 ], [ -82.367775509218305, 52.332036962756469 ], [ -82.367041950742291, 52.332045454029632 ], [ -82.367055807743327, 52.332494848421888 ], [ -82.366322241472488, 52.33250333527841 ], [ -82.36633609140803, 52.332952729770454 ], [ -82.364868942912238, 52.332969690096306 ], [ -82.364855107837244, 52.33252029533098 ], [ -82.364121540473235, 52.332528768527034 ], [ -82.364080059723108, 52.331180583599675 ], [ -82.364813604797405, 52.331172110813192 ], [ -82.364744440347209, 52.328925135877505 ], [ -82.366197608457227, 52.328458783186157 ], [ -82.366183762166941, 52.328009388324382 ], [ -82.367664606907098, 52.328441807381608 ], [ -82.367650745760201, 52.32799241279335 ] ] ] } },
{ "type": "Feature", "properties": { "area_km2": 0.027499999999953433, "mock": true }, "geometry": { "type": "Polygon", "coordinates": [ [ [ -82.359706345952304, 52.332130116323384 ], [ -82.360439908067207, 52.332121670584442 ], [ -82.359733911714699, 52.333028907799324 ], [ -82.358252988473694, 52.332596390169265 ], [ -82.358239220634317, 52.332146994140871 ], [ -82.357505657431588, 52.332155426219444 ], [ -82.357491897384662, 52.331706030018204 ], [ -82.356758341249744, 52.331714457407514 ], [ -82.357464378377443, 52.330807237504963 ], [ -82.358945234023281, 52.331239765613091 ], [ -82.358959008567652, 52.331689161579433 ], [ -82.35969256361534, 52.331680720529967 ], [ -82.359706345952304, 52.332130116323384 ] ] ] } },
{ "type": "Feature", "properties": { "area_km2": 0.020000000000074215, "mock": true }, "geometry": { "type": "Polygon", "coordinates": [ [ [ -82.377367582411566, 52.333723731506787 ], [ -82.377339658532648, 52.33282494675165 ], [ -82.378073226741378, 52.332816391455765 ], [ -82.378059257923141, 52.332366999160506 ], [ -82.379540362055451, 52.332799267203569 ], [ -82.379568330516477, 52.333698051131122 ], [ -82.378834748182726, 52.333706615809959 ], [ -82.378848725534823, 52.334156007856215 ], [ -82.377367582411566, 52.333723731506787 ] ] ] } },
{ "type": "Feature", "properties": { "area_km2": 0.039999999999967985, "mock": true }, "geometry": { "type": "Polygon", "coordinates": [ [ [ -82.384703396533922, 52.333637970878698 ], [ -82.383292326616811, 52.335452724079289 ], [ -82.381811097637964, 52.335020504143309 ], [ -82.381797089825938, 52.334571112723573 ], [ -82.381063493735809, 52.33457969133967 ], [ -82.38103549407937, 52.333680908112655 ], [ -82.381769075308128, 52.33367232977303 ], [ -82.381755068602317, 52.333222938242216 ], [ -82.383955787784316, 52.333197176316943 ], [ -82.383969816781246, 52.333646567432645 ], [ -82.384703396533922, 52.333637970878698 ] ] ] } },
{ "type": "Feature", "properties": { "area_km2": 0.049999999999959258, "mock": true }, "geometry": { "type": "Polygon", "coordinates": [ [ [ -82.364246002380796, 52.336573321312983 ], [ -82.363540015115163, 52.337480580558079 ], [ -82.362806365278999, 52.337489046147532 ], [ -82.362820182063544, 52.337938440915664 ], [ -82.361352866435197, 52.337955358704207 ], [ -82.360591619464941, 52.337065020376059 ], [ -82.359857975607312, 52.3370734676121 ], [ -82.359830403313069, 52.336174676801249 ], [ -82.360564032306613, 52.336166229837438 ], [ -82.360550239272143, 52.335716834512681 ], [ -82.362751101778144, 52.335691466705356 ], [ -82.363512367772913, 52.336581791183754 ], [ -82.364246002380796, 52.336573321312983 ] ] ] } },
{ "type": "Feature", "properties": { "area_km2": 0.034999999999847202, "mock": true }, "geometry": { "type": "Polygon", "coordinates": [ [ [ -82.325675536297396, 52.052439187832491 ], [ -82.325688839555298, 52.052888611276465 ], [ -82.324217568985048, 52.052455581709992 ], [ -82.324190992753827, 52.051556734184381 ], [ -82.325635628613583, 52.051090917279254 ], [ -82.325622326748871, 52.050641493687721 ], [ -82.327080234190433, 52.050625082832433 ], [ -82.327835835322972, 52.051515716997471 ], [ -82.32639120921165, 52.051981560782394 ], [ -82.326404519431208, 52.052430984131412 ], [ -82.325675536297396, 52.052439187832491 ] ] ] } },
{ "type": "Feature", "properties": { "area_km2": 0.27000000000011787, "mock": true }, "geometry": { "type": "Polygon", "coordinates": [ [ [ -82.303312319186588, 52.060780955750133 ], [ -82.303299236727725, 52.060331528880091 ], [ -82.308403056558618, 52.060274971146775 ], [ -82.30915845458513, 52.061165725056853 ], [ -82.309887584613122, 52.061157622572253 ], [ -82.309900733584442, 52.061607048199086 ], [ -82.310629870582147, 52.061598941074429 ], [ -82.310656184186527, 52.062497791956972 ], [ -82.312127658353859, 52.062930988781758 ], [ -82.31214083064711, 52.063380413870078 ], [ -82.311411665080527, 52.063388530536187 ], [ -82.311424830403737, 52.063837955718149 ], [ -82.309966483606374, 52.063854175780868 ], [ -82.309953332913196, 52.063404750338172 ], [ -82.307765832079724, 52.063429046215532 ], [ -82.307062907656785, 52.064335987710926 ], [ -82.306333725050408, 52.064344073066344 ], [ -82.306346839855138, 52.06479349908598 ], [ -82.304888458981154, 52.064809656525831 ], [ -82.304901559497978, 52.065259082768392 ], [ -82.301984764371582, 52.06529134404267 ], [ -82.301971693117636, 52.06484191728152 ], [ -82.300513308131173, 52.064858020597249 ], [ -82.300500251850679, 52.064408593540449 ], [ -82.299771066160005, 52.064416638303442 ], [ -82.299758017536846, 52.063967211080517 ], [ -82.302648574243818, 52.063036151963637 ], [ -82.302583193382176, 52.060789017517486 ], [ -82.303312319186588, 52.060780955750133 ] ] ] } },
{ "type": "Feature", "properties": { "area_km2": 0.040000000000107686, "mock": true }, "geometry": { "type": "Polygon", "coordinates": [ [ [ -82.298325728087363, 52.064882141743126 ], [ -82.296867339684326, 52.064898199955188 ], [ -82.296880359727766, 52.065347627621101 ], [ -82.295408949917359, 52.064914240125688 ], [ -82.295369935725645, 52.063565956133722 ], [ -82.296099108833133, 52.063557938690337 ], [ -82.296086097468645, 52.063108510748343 ], [ -82.297544428031031, 52.063092462588997 ], [ -82.298299659761312, 52.063983286817226 ], [ -82.299028838819851, 52.063975251203985 ], [ -82.299041880127618, 52.064424678556172 ], [ -82.298312693753658, 52.06443271429859 ], [ -82.298325728087363, 52.064882141743126 ] ] ] } },
{ "type": "Feature", "properties": { "area_km2": 0.050000000000187721, "mock": true }, "geometry": { "type": "Polygon", "coordinates": [ [ [ -82.318027069455383, 52.065113013978426 ], [ -82.320214643562139, 52.065088527104336 ], [ -82.320227898053076, 52.065537950568356 ], [ -82.320957096043642, 52.065529779125043 ], [ -82.320983620698783, 52.066428625679741 ], [ -82.320254408076394, 52.066436797385805 ], [ -82.320267663608789, 52.066886220739207 ], [ -82.319538443323012, 52.066894388066032 ], [ -82.319525195106834, 52.066444964581315 ], [ -82.317337554117145, 52.066469439104736 ], [ -82.316581902897099, 52.065578740129283 ], [ -82.315852702826604, 52.065586884510289 ], [ -82.315839492229699, 52.065137460259656 ], [ -82.316568684984489, 52.065129316009568 ], [ -82.316555467418041, 52.064679891852997 ], [ -82.318013837257951, 52.064663590083924 ], [ -82.318027069455383, 52.065113013978426 ] ] ] } },
{ "type": "Feature", "properties": { "area_km2": 0.24749999999963185, "mock": true }, "geometry": { "type": "Polygon", "coordinates": [ [ [ -82.29923754073647, 52.071166084424014 ], [ -82.299198402464881, 52.06981780391267 ], [ -82.29992767629706, 52.069809762108804 ], [ -82.299914623572249, 52.069360335327367 ], [ -82.301373155575405, 52.069344238444913 ], [ -82.302076272735306, 52.068437330340352 ], [ -82.30280552324642, 52.068429270880536 ], [ -82.302818604556691, 52.068878697217734 ], [ -82.303547862042421, 52.068870633117363 ], [ -82.303574040325898, 52.069769485422064 ], [ -82.302844768205048, 52.069777549781712 ], [ -82.302870933224028, 52.070676402198472 ], [ -82.302141646124639, 52.070684462306126 ], [ -82.302154721829908, 52.071133888588868 ], [ -82.301425427069802, 52.071141944314725 ], [ -82.301477704041005, 52.07293964959581 ], [ -82.300748379663673, 52.072947701328033 ], [ -82.300826761473047, 52.075644258922438 ], [ -82.300097392835369, 52.075652306919267 ], [ -82.299420226674314, 52.077458055765895 ], [ -82.297974466041055, 52.077923556739592 ], [ -82.297987503299609, 52.078372983209746 ], [ -82.297258089369549, 52.07838101393272 ], [ -82.297271119648073, 52.078830440495203 ], [ -82.295812276120927, 52.078846488661476 ], [ -82.295799260485566, 52.078397061840995 ], [ -82.295069845532055, 52.078405079026282 ], [ -82.295043829926854, 52.077506225017189 ], [ -82.296489608274157, 52.077040759847918 ], [ -82.296463565430443, 52.07614190613387 ], [ -82.297192943096846, 52.076133880568605 ], [ -82.297791980275576, 52.071631582295211 ], [ -82.29923754073647, 52.071166084424014 ] ] ] } },
{ "type": "Feature", "properties": { "area_km2": 0.042499999999985445, "mock": true }, "geometry": { "type": "Polygon", "coordinates": [ [ [ -82.324687967334782, 52.117638048335195 ], [ -82.324714616764311, 52.118536885546483 ], [ -82.323984555230297, 52.118545086064998 ], [ -82.323997873130622, 52.118994504747199 ], [ -82.322524431115013, 52.118561473545228 ], [ -82.322471221708625, 52.11676379739351 ], [ -82.323201254588881, 52.116755606439789 ], [ -82.323187945771593, 52.116306187441438 ], [ -82.324647995810267, 52.116289792241759 ], [ -82.324661319302493, 52.116739210976441 ], [ -82.325391351135465, 52.116731006466836 ], [ -82.325418013843262, 52.117629843561687 ], [ -82.324687967334782, 52.117638048335195 ] ] ] } },
{ "type": "Feature", "properties": { "area_km2": 0.039999999999965077, "mock": true }, "geometry": { "type": "Polygon", "coordinates": [ [ [ -82.311516305249825, 52.141612348946254 ], [ -82.310068608356474, 52.142078006485505 ], [ -82.310081797457798, 52.142527425875926 ], [ -82.309351339417276, 52.142535538408829 ], [ -82.309364521515661, 52.142984957892949 ], [ -82.307890422299224, 52.142551749906005 ], [ -82.307864088534089, 52.141652910305787 ], [ -82.309311795196521, 52.141187279735604 ], [ -82.309298614481037, 52.140737860104245 ], [ -82.310029043127969, 52.140729748093314 ], [ -82.310015855410256, 52.140280328555619 ], [ -82.310746276363417, 52.140272212152659 ], [ -82.310759471429023, 52.140721631559806 ], [ -82.311489899384, 52.140713510503716 ], [ -82.311516305249825, 52.141612348946254 ] ] ] } },
{ "type": "Feature", "properties": { "area_km2": 0.020000000000074215, "mock": true }, "geometry": { "type": "Polygon", "coordinates": [ [ [ -82.300703673581921, 52.146677324094142 ], [ -82.302151618527859, 52.146211780230061 ], [ -82.302138507511827, 52.14576235970241 ], [ -82.302869020448085, 52.14575429149 ], [ -82.303625784817967, 52.14664505925338 ], [ -82.302177841591657, 52.14711062117501 ], [ -82.302190953639439, 52.147560041592321 ], [ -82.300716770584287, 52.147126744807615 ], [ -82.300703673581921, 52.146677324094142 ] ] ] } },
{ "type": "Feature", "properties": { "area_km2": 0.20249999999961873, "mock": true }, "geometry": { "type": "Polygon", "coordinates": [ [ [ -82.30952273366853, 52.148377988831442 ], [ -82.309509547420319, 52.147928569789009 ], [ -82.311701185101029, 52.147904213920562 ], [ -82.311687977145752, 52.147454795233138 ], [ -82.313149052499, 52.147438535630393 ], [ -82.313135830188642, 52.146989117167706 ], [ -82.314596889453085, 52.146972839732214 ], [ -82.314583652788485, 52.146523421494557 ], [ -82.316044695963015, 52.146507126226943 ], [ -82.316031444944969, 52.146057708214592 ], [ -82.318222985048578, 52.146033231780777 ], [ -82.318236258117494, 52.146482649399388 ], [ -82.318966778139583, 52.146474481409925 ], [ -82.318262805299867, 52.147381484526079 ], [ -82.315353907637075, 52.147863530331882 ], [ -82.315367152694435, 52.148312948328034 ], [ -82.31390605001873, 52.148329235596648 ], [ -82.313919280720953, 52.148778653817992 ], [ -82.310997041801116, 52.148811174592886 ], [ -82.311010243444287, 52.149260593300561 ], [ -82.309549107202699, 52.149276826805874 ], [ -82.309562294488657, 52.149726245737881 ], [ -82.308831718497103, 52.149734355835065 ], [ -82.308844898777025, 52.150183774860722 ], [ -82.305935713164246, 52.150665590040127 ], [ -82.305948864726147, 52.15111500951334 ], [ -82.304487664831328, 52.151131180723517 ], [ -82.304500802033019, 52.151580600420111 ], [ -82.302308977548691, 52.151604823692878 ], [ -82.302295862404947, 52.151155403606602 ], [ -82.301565260907793, 52.15116346885236 ], [ -82.301539046357163, 52.150264628309984 ], [ -82.30226963314955, 52.150256563323708 ], [ -82.302256519037883, 52.149807143127113 ], [ -82.304448255293963, 52.149782921413042 ], [ -82.305152547351597, 52.148875998995983 ], [ -82.30952273366853, 52.148377988831442 ] ] ] } },
{ "type": "Feature", "properties": { "area_km2": 0.085000000000200818, "mock": true }, "geometry": { "type": "Polygon", "coordinates": [ [ [ -82.278546390169566, 52.164003035211486 ], [ -82.278533508548222, 52.163553611872665 ], [ -82.279264319552937, 52.163545687965993 ], [ -82.279277208532548, 52.163995111177321 ], [ -82.280008026557297, 52.163987182616651 ], [ -82.280033820248192, 52.164886028674076 ], [ -82.27930298750637, 52.16489395748988 ], [ -82.278623686996355, 52.166699574473796 ], [ -82.277174830217618, 52.16716483382806 ], [ -82.277187699823756, 52.167614257128122 ], [ -82.276456821574072, 52.167622168601035 ], [ -82.276469684157945, 52.168071591991719 ], [ -82.274995064062296, 52.167637977965576 ], [ -82.274956522493838, 52.166289706810353 ], [ -82.275687379339402, 52.166281804773064 ], [ -82.275661671927608, 52.165382957407111 ], [ -82.277110487252301, 52.164917716777389 ], [ -82.277097619672205, 52.164468293257187 ], [ -82.277828446069478, 52.164460378148682 ], [ -82.277815571468594, 52.16401095471916 ], [ -82.278546390169566, 52.164003035211486 ] ] ] } },
{ "type": "Feature", "properties": { "area_km2": 0.58499999999978325, "mock": true }, "geometry": { "type": "Polygon", "coordinates": [ [ [ -82.338715145435131, 52.171427653599558 ], [ -82.338688163130641, 52.170528829605622 ], [ -82.337212870704533, 52.170095998357702 ], [ -82.337199395157697, 52.169646586001697 ], [ -82.33793028887689, 52.169638297996414 ], [ -82.337916806323705, 52.169188885736851 ], [ -82.339378577980526, 52.169172296411887 ], [ -82.339392075253656, 52.169621708404549 ], [ -82.34012296791083, 52.169613406817923 ], [ -82.340109463277756, 52.169163994958829 ], [ -82.340840348220596, 52.169155688978748 ], [ -82.340813325298242, 52.168256865417106 ], [ -82.339338088286169, 52.167824060212453 ], [ -82.339311096927389, 52.166925235894922 ], [ -82.340041945427728, 52.166916935109683 ], [ -82.340001438969608, 52.165568698757227 ], [ -82.33927061254505, 52.165576999141834 ], [ -82.339257118459145, 52.165127586816972 ], [ -82.339987937525464, 52.165119286565918 ], [ -82.339960935699992, 52.164220462072535 ], [ -82.340691739696226, 52.164212157562332 ], [ -82.340664724572662, 52.163313333188526 ], [ -82.341395513499421, 52.163305024419458 ], [ -82.341354971401003, 52.161956787982867 ], [ -82.34208573790211, 52.161948475088955 ], [ -82.341991100589297, 52.158802589714199 ], [ -82.342721815243308, 52.158794273231074 ], [ -82.342681239650062, 52.157446036489425 ], [ -82.343411931884006, 52.157437715882551 ], [ -82.343384868553485, 52.156538891471207 ], [ -82.344115545723255, 52.156530566607081 ], [ -82.344102007236231, 52.156081154479928 ], [ -82.34556334580148, 52.156064491444852 ], [ -82.346321136006281, 52.15695497655291 ], [ -82.345590452548208, 52.156963315126049 ], [ -82.345644670308815, 52.158760962045221 ], [ -82.344913957075406, 52.158769296629671 ], [ -82.344927505049199, 52.159218708401212 ], [ -82.346402508911666, 52.159651445905062 ], [ -82.346416072307974, 52.160100857334484 ], [ -82.34714680689666, 52.160092513296675 ], [ -82.347173949469038, 52.160991335776167 ], [ -82.345726007619064, 52.161457431315846 ], [ -82.345753122901371, 52.162356254110556 ], [ -82.346483894627767, 52.162347913927384 ], [ -82.346524592290706, 52.163696147439886 ], [ -82.345076556223759, 52.164162235450462 ], [ -82.345144320980353, 52.166409291722786 ], [ -82.343696182610913, 52.166875363283502 ], [ -82.343709722266993, 52.167324774658276 ], [ -82.34297886818122, 52.167333098210761 ], [ -82.342992400833467, 52.167782509682539 ], [ -82.342261539033458, 52.167790828842122 ], [ -82.342275064681516, 52.168240240410846 ], [ -82.341544195167231, 52.168248555177414 ], [ -82.342302117042394, 52.169139063437498 ], [ -82.343033000920954, 52.169130743876345 ], [ -82.343060069421668, 52.170029566487585 ], [ -82.34232917082312, 52.170037886316464 ], [ -82.342396811487291, 52.172284942867748 ], [ -82.33950006619088, 52.173217003016973 ], [ -82.340258033735225, 52.174107523378538 ], [ -82.340988999648033, 52.174099215928265 ], [ -82.341002515542158, 52.174548627247617 ], [ -82.339554070162194, 52.175014649437358 ], [ -82.339567572040863, 52.175464060950176 ], [ -82.338105594269706, 52.175480654012489 ], [ -82.338092107115997, 52.175031242232677 ], [ -82.335899159892506, 52.175056097465713 ], [ -82.335141262429943, 52.174165548750878 ], [ -82.336589727489297, 52.173699580555144 ], [ -82.336576256474814, 52.173250168361044 ], [ -82.337307209434613, 52.17324188381658 ], [ -82.337266776428223, 52.17189364741278 ], [ -82.338715145435131, 52.171427653599558 ] ] ] } },
{ "type": "Feature", "properties": { "area_km2": 0.055000000000097499, "mock": true }, "geometry": { "type": "Polygon", "coordinates": [ [ [ -82.287255723910491, 52.212460957603184 ], [ -82.285792501311278, 52.212476910323645 ], [ -82.28580547887978, 52.212926328638886 ], [ -82.284329277348718, 52.212492844906755 ], [ -82.284316314879163, 52.212043426298308 ], [ -82.285047919651703, 52.212035461402124 ], [ -82.285009012149615, 52.210687205741159 ], [ -82.286459193157995, 52.210221844745426 ], [ -82.286446210256287, 52.209772426338255 ], [ -82.287177777114138, 52.209764448481373 ], [ -82.288692931998952, 52.211546151032493 ], [ -82.287242731924778, 52.212011539508012 ], [ -82.287255723910491, 52.212460957603184 ] ] ] } },
{ "type": "Feature", "properties": { "area_km2": 0.027500000000002911, "mock": true }, "geometry": { "type": "Polygon", "coordinates": [ [ [ -82.33852168143018, 52.213688821499389 ], [ -82.337044953346393, 52.213256001026068 ], [ -82.337031458552232, 52.212806591945508 ], [ -82.338481152775117, 52.212340595058684 ], [ -82.338467643933029, 52.211891186171322 ], [ -82.339930816419781, 52.211874580533049 ], [ -82.340689464440104, 52.212765087848709 ], [ -82.339957863972515, 52.212773397736299 ], [ -82.339971388281668, 52.213222806282566 ], [ -82.338508171523657, 52.213239412722714 ], [ -82.33852168143018, 52.213688821499389 ] ] ] } },
{ "type": "Feature", "properties": { "area_km2": 0.029999999999892314, "mock": true }, "geometry": { "type": "Polygon", "coordinates": [ [ [ -82.308696852037983, 52.219867643134791 ], [ -82.308723276819364, 52.220766470451935 ], [ -82.307991535432834, 52.220774583053476 ], [ -82.308004740961579, 52.221223996787444 ], [ -82.306541242382949, 52.22124020864478 ], [ -82.306528051619338, 52.220790794649844 ], [ -82.305796309192758, 52.220798893644655 ], [ -82.305769943469585, 52.219900065283682 ], [ -82.306501671131599, 52.219891966549604 ], [ -82.306488481407399, 52.219442552444335 ], [ -82.30795192092782, 52.219426341630822 ], [ -82.307965125415976, 52.219875755475158 ], [ -82.308696852037983, 52.219867643134791 ] ] ] } },
{ "type": "Feature", "properties": { "area_km2": 0.05250000000006548, "mock": true }, "geometry": { "type": "Polygon", "coordinates": [ [ [ -82.30964013357908, 52.227050138584929 ], [ -82.3096533587359, 52.227499551542572 ], [ -82.308921506938049, 52.22750767063993 ], [ -82.308934725056872, 52.2279570836915 ], [ -82.307471005648679, 52.227973308537422 ], [ -82.307457802300789, 52.227523895224664 ], [ -82.30672594946175, 52.22753200071201 ], [ -82.306686363654478, 52.226183760161618 ], [ -82.30741819433824, 52.226175655065703 ], [ -82.307404992377727, 52.225726241605805 ], [ -82.310332282103815, 52.225693776380297 ], [ -82.311090581782338, 52.226584474309028 ], [ -82.30964013357908, 52.227050138584929 ] ] ] } },
{ "type": "Feature", "properties": { "area_km2": 0.36500000000013094, "mock": true }, "geometry": { "type": "Polygon", "coordinates": [ [ [ -82.324357191037521, 52.229583267992716 ], [ -82.324370566004902, 52.23003267809996 ], [ -82.325102454779682, 52.230024462940378 ], [ -82.325807564075276, 52.229117423521622 ], [ -82.326539437374592, 52.229109199552852 ], [ -82.32651264488274, 52.228210379948052 ], [ -82.325035546527658, 52.227777412696973 ], [ -82.325022165931898, 52.227328002537753 ], [ -82.326472458784437, 52.226862150264481 ], [ -82.32648585379863, 52.227311560195844 ], [ -82.327217697204233, 52.227303332220082 ], [ -82.327922721041844, 52.226396280338129 ], [ -82.32865454897339, 52.226388043554472 ], [ -82.32864113250929, 52.225938633946967 ], [ -82.330836592034814, 52.225913896775978 ], [ -82.330823153770197, 52.225464487529813 ], [ -82.331554965521931, 52.225456232866435 ], [ -82.331528075283728, 52.224557414529265 ], [ -82.332259871914246, 52.224549155595575 ], [ -82.331501186458269, 52.223658596044622 ], [ -82.332232968321577, 52.223650337376839 ], [ -82.332219517055293, 52.223200928212137 ], [ -82.333683064955039, 52.223184397534908 ], [ -82.3343878926038, 52.222277307751042 ], [ -82.33511965090328, 52.222269031339287 ], [ -82.335133130994507, 52.222718440045249 ], [ -82.335864896322747, 52.222710158964532 ], [ -82.335905360870868, 52.224058384461166 ], [ -82.333005127901686, 52.224990301046873 ], [ -82.333018587965569, 52.225439709931038 ], [ -82.333750398657074, 52.22543144165904 ], [ -82.333790803123733, 52.226779667690984 ], [ -82.33305897027887, 52.226787936362307 ], [ -82.333112818314248, 52.228585571087741 ], [ -82.331662540604285, 52.22905150474034 ], [ -82.331675989079358, 52.22950091355866 ], [ -82.329480353367899, 52.229525667526268 ], [ -82.329493780038121, 52.229975076706232 ], [ -82.328030006360919, 52.22999155693217 ], [ -82.328043418611344, 52.230440966340559 ], [ -82.327311523857787, 52.230449199780622 ], [ -82.328070244169311, 52.231339785046821 ], [ -82.328802153343659, 52.231331546804469 ], [ -82.328815574038089, 52.231780955969668 ], [ -82.327365146836215, 52.232246837575907 ], [ -82.327378553461386, 52.232696246932569 ], [ -82.324450823188997, 52.232729137969713 ], [ -82.323692150715743, 52.231838529311837 ], [ -82.32296023169171, 52.231846735925849 ], [ -82.322933508844457, 52.230947915440673 ], [ -82.322201604243105, 52.230956117253328 ], [ -82.322174897572964, 52.230057296356733 ], [ -82.322906787401337, 52.230049094808145 ], [ -82.32289342720631, 52.229599684436621 ], [ -82.324357191037521, 52.229583267992716 ] ] ] } },
{ "type": "Feature", "properties": { "area_km2": 0.087499999999876316, "mock": true }, "geometry": { "type": "Polygon", "coordinates": [ [ [ -82.309785629415686, 52.231993679095666 ], [ -82.310517554729131, 52.231985554153745 ], [ -82.310504318710116, 52.231536141694782 ], [ -82.311968153519203, 52.231519878460666 ], [ -82.311981404312533, 52.231969290657787 ], [ -82.312713328582106, 52.231961152103743 ], [ -82.312007906943677, 52.23286811494166 ], [ -82.309093369572921, 52.233350037440886 ], [ -82.308387852241481, 52.234256979071212 ], [ -82.30765588894694, 52.234265091053885 ], [ -82.307669097499286, 52.234714503814928 ], [ -82.306937126469307, 52.234722611390367 ], [ -82.306950327980118, 52.235172024245131 ], [ -82.305473183368946, 52.234738812927688 ], [ -82.30545999698181, 52.234289399775307 ], [ -82.304728032300233, 52.234297493606881 ], [ -82.30468849738169, 52.232949253538173 ], [ -82.305420439899152, 52.232941160097504 ], [ -82.305407254897801, 52.232491746798033 ], [ -82.306871124117961, 52.232475546564807 ], [ -82.306884323894593, 52.232924959603451 ], [ -82.30908014728611, 52.232900624830776 ], [ -82.309785629415686, 52.231993679095666 ] ] ] } },
{ "type": "Feature", "properties": { "area_km2": 0.23250000000005674, "mock": true }, "geometry": { "type": "Polygon", "coordinates": [ [ [ -82.277619287069811, 52.233694939054089 ], [ -82.276887324143459, 52.233702860191265 ], [ -82.276874426930476, 52.233253441901063 ], [ -82.27760638246852, 52.233245520891401 ], [ -82.277580574283107, 52.232346684455997 ], [ -82.279031536430338, 52.231881411316529 ], [ -82.279018618410205, 52.231431993262376 ], [ -82.279750543379379, 52.231424059150449 ], [ -82.279737618311358, 52.230974641187352 ], [ -82.281933369018745, 52.230950812010548 ], [ -82.281946316248593, 52.231400229590022 ], [ -82.282678239858242, 52.231392277328354 ], [ -82.282730061730362, 52.233189946767219 ], [ -82.281998108569795, 52.23319789954099 ], [ -82.282075807258508, 52.235894403366764 ], [ -82.281343809425451, 52.235902352370616 ], [ -82.281356753008481, 52.236351769674464 ], [ -82.279892741543435, 52.236367654323466 ], [ -82.27990567068737, 52.23681707184636 ], [ -82.277709628773465, 52.236840865166045 ], [ -82.277003414311238, 52.237747623152941 ], [ -82.276271384542511, 52.23775554089945 ], [ -82.276284277754542, 52.238204958950412 ], [ -82.275552240256758, 52.23821287228585 ], [ -82.275565126417149, 52.238662290427541 ], [ -82.274088164245526, 52.238228685340992 ], [ -82.274049552136489, 52.236880429932121 ], [ -82.275500699001185, 52.236415199352344 ], [ -82.27548781453369, 52.235965781027318 ], [ -82.276219815082115, 52.235957868328875 ], [ -82.276194032384424, 52.235059031823589 ], [ -82.27692601781574, 52.235051114841887 ], [ -82.276913119586084, 52.234601696661677 ], [ -82.277645097289607, 52.23459377526946 ], [ -82.277619287069811, 52.233694939054089 ] ], [ [ -82.27836416198592, 52.234136431377543 ], [ -82.27765800290814, 52.235043193322134 ], [ -82.2791348928112, 52.235476754429207 ], [ -82.279841028364842, 52.234569983865008 ], [ -82.27836416198592, 52.234136431377543 ] ] ] } },
{ "type": "Feature", "properties": { "area_km2": 0.037500000000053844, "mock": true }, "geometry": { "type": "Polygon", "coordinates": [ [ [ -82.298284591084524, 52.239313690842671 ], [ -82.298258359532639, 52.238414862636553 ], [ -82.297526324893184, 52.238422912256297 ], [ -82.298232129359292, 52.237516034283445 ], [ -82.300428186869212, 52.237491858971708 ], [ -82.300441323953208, 52.237941272777419 ], [ -82.301173349822918, 52.237933205133608 ], [ -82.299761819965056, 52.239746991257356 ], [ -82.298284591084524, 52.239313690842671 ] ] ] } },
{ "type": "Feature", "properties": { "area_km2": 0.020000000000098953, "mock": true }, "geometry": { "type": "Polygon", "coordinates": [ [ [ -82.302676880361275, 52.239265296257777 ], [ -82.30265056012523, 52.238366469609907 ], [ -82.303382592348186, 52.238358388220846 ], [ -82.303369425358838, 52.237908974971894 ], [ -82.304846655755881, 52.23834221182733 ], [ -82.304873020333673, 52.239241037694079 ], [ -82.30414097402236, 52.239249128420575 ], [ -82.304154149440279, 52.239698541429036 ], [ -82.302676880361275, 52.239265296257777 ] ] ] } },
{ "type": "Feature", "properties": { "area_km2": 0.15999999999986611, "mock": true }, "geometry": { "type": "Polygon", "coordinates": [ [ [ -82.292454300765968, 52.240276792920866 ], [ -82.292441243255695, 52.23982737787486 ], [ -82.295369478067727, 52.239795277692551 ], [ -82.29538256514175, 52.240244692221744 ], [ -82.296114630376422, 52.240236655699938 ], [ -82.296140820338593, 52.241135484389297 ], [ -82.29687290001155, 52.241127443069779 ], [ -82.296899106133381, 52.242026271353247 ], [ -82.296167011677284, 52.242034312931708 ], [ -82.296180107862824, 52.242483727147807 ], [ -82.297657422528246, 52.242917053113118 ], [ -82.297709871229301, 52.244714708427018 ], [ -82.296977732763494, 52.244722755321867 ], [ -82.296990838407211, 52.245172169188059 ], [ -82.295513454798822, 52.244738835493024 ], [ -82.295474184289972, 52.24339059289737 ], [ -82.294742066969505, 52.243398625785645 ], [ -82.294728984880166, 52.242949211384285 ], [ -82.293277831297388, 52.24341467794423 ], [ -82.293290898945543, 52.2438640925673 ], [ -82.29181359425165, 52.243430711945493 ], [ -82.291003209589562, 52.240742231304765 ], [ -82.292454300765968, 52.240276792920866 ] ] ] } },
{ "type": "Feature", "properties": { "area_km2": 0.055000000000149887, "mock": true }, "geometry": { "type": "Polygon", "coordinates": [ [ [ -82.343996860580859, 52.24959146528014 ], [ -82.342546018298179, 52.250057534961996 ], [ -82.342559586921155, 52.250506940177438 ], [ -82.341827366322235, 52.250515265850183 ], [ -82.341840927906858, 52.250964671162734 ], [ -82.3411086995565, 52.250972992429247 ], [ -82.341122254102373, 52.251422397838915 ], [ -82.339644241787227, 52.250989621341276 ], [ -82.339617163343931, 52.250090809875751 ], [ -82.341068038056335, 52.249624775978852 ], [ -82.341040932170628, 52.248725964827415 ], [ -82.341773123547895, 52.248717644230823 ], [ -82.341759563745299, 52.248268238733743 ], [ -82.343223930642509, 52.248251584188857 ], [ -82.343237505233134, 52.248700989417777 ], [ -82.343969695540693, 52.24869265520136 ], [ -82.343996860580859, 52.24959146528014 ] ] ] } },
{ "type": "Feature", "properties": { "area_km2": 0.2199999999999607, "mock": true }, "geometry": { "type": "Polygon", "coordinates": [ [ [ -82.304444096250535, 52.249585618313425 ], [ -82.305176312594085, 52.249577524590265 ], [ -82.305163122161616, 52.249128112520964 ], [ -82.307359746926977, 52.249103804501267 ], [ -82.308877073413257, 52.250885221899587 ], [ -82.310328302717224, 52.250419563600467 ], [ -82.310341545957428, 52.250868974645115 ], [ -82.311073781707478, 52.250860844207196 ], [ -82.311113535703726, 52.252209076727638 ], [ -82.309662256717644, 52.252674744876657 ], [ -82.309675494302041, 52.253124155868228 ], [ -82.307478672981887, 52.253148508278308 ], [ -82.306772815553103, 52.254055439584839 ], [ -82.306040525944226, 52.254063543693327 ], [ -82.306053727587866, 52.254512955227732 ], [ -82.305321430235026, 52.25452105492564 ], [ -82.30533462482849, 52.254970466553708 ], [ -82.304602319731671, 52.254978561840908 ], [ -82.304615507274605, 52.255427973562568 ], [ -82.303150881246481, 52.255444150773997 ], [ -82.303137708498326, 52.254994738791844 ], [ -82.302405402362197, 52.255002820455573 ], [ -82.302365908386165, 52.253654583898225 ], [ -82.303098192331262, 52.253646502624882 ], [ -82.303071849950967, 52.252747678329769 ], [ -82.303804118756815, 52.252739592775882 ], [ -82.303790940689723, 52.252290180703369 ], [ -82.304523201752986, 52.252282090738944 ], [ -82.304444096250535, 52.249585618313425 ] ] ] } },
{ "type": "Feature", "properties": { "area_km2": 0.025000000000130966, "mock": true }, "geometry": { "type": "Polygon", "coordinates": [ [ [ -82.276042152500295, 52.255290735894505 ], [ -82.275335617305288, 52.256197483246851 ], [ -82.273870949075729, 52.256213297406674 ], [ -82.273858071894594, 52.255763880312841 ], [ -82.273125744670068, 52.255771780453301 ], [ -82.273100006118796, 52.254872945901226 ], [ -82.273832318547761, 52.254865046015198 ], [ -82.273819442382049, 52.254415628811415 ], [ -82.275296942390128, 52.254849232619286 ], [ -82.275309833689647, 52.255298649531824 ], [ -82.276042152500295, 52.255290735894505 ] ] ] } },
{ "type": "Feature", "properties": { "area_km2": 0.037499999999829746, "mock": true }, "geometry": { "type": "Polygon", "coordinates": [ [ [ -82.330965083327854, 52.254684270614625 ], [ -82.331005445910179, 52.256032491452729 ], [ -82.330273130876563, 52.256040746075861 ], [ -82.330286578380466, 52.256490153081081 ], [ -82.328821932457956, 52.256506648969356 ], [ -82.3280627586973, 52.255616075257642 ], [ -82.329513936336554, 52.255150181771072 ], [ -82.329487058596641, 52.254251367236911 ], [ -82.330219344395545, 52.25424311768635 ], [ -82.330205898658875, 52.253793710496822 ], [ -82.330938176707789, 52.253785456538246 ], [ -82.331697375816432, 52.254676011849263 ], [ -82.330965083327854, 52.254684270614625 ] ] ] } },
{ "type": "Feature", "properties": { "area_km2": 0.020000000000074215, "mock": true }, "geometry": { "type": "Polygon", "coordinates": [ [ [ -82.30932704765182, 52.266165184427209 ], [ -82.309313807374011, 52.265715774371493 ], [ -82.308581326424289, 52.265723895502347 ], [ -82.309287327862677, 52.264816954149758 ], [ -82.310752259110984, 52.264800698782977 ], [ -82.310765513495781, 52.265250108650456 ], [ -82.311497985998884, 52.265241974021983 ], [ -82.310792023310711, 52.266148928275086 ], [ -82.30932704765182, 52.266165184427209 ] ] ] } },
{ "type": "Feature", "properties": { "area_km2": 0.13500000000032888, "mock": true }, "geometry": { "type": "Polygon", "coordinates": [ [ [ -82.335926063896125, 52.273509677881435 ], [ -82.33812386642299, 52.273484789398054 ], [ -82.3381374017724, 52.273934193632343 ], [ -82.338870009308138, 52.273925888249451 ], [ -82.338897095885244, 52.274824696339863 ], [ -82.339629717875397, 52.274816386145247 ], [ -82.340443696660444, 52.277504493185887 ], [ -82.338991910123895, 52.277970523494432 ], [ -82.339005456439921, 52.278419927226125 ], [ -82.337526561389268, 52.277987132123307 ], [ -82.337513030242945, 52.27753772808726 ], [ -82.336780362748556, 52.277546025450967 ], [ -82.336753316336299, 52.276647217000971 ], [ -82.335274502046374, 52.27621439301295 ], [ -82.335260994541215, 52.275764988428733 ], [ -82.334528355605769, 52.275773271624807 ], [ -82.334487857438219, 52.274425057250717 ], [ -82.335939577030516, 52.273959082516562 ], [ -82.335926063896125, 52.273509677881435 ] ] ] } },
{ "type": "Feature", "properties": { "area_km2": 0.020000000000049478, "mock": true }, "geometry": { "type": "Polygon", "coordinates": [ [ [ -82.289208392863017, 52.27987325613006 ], [ -82.289195349559961, 52.279423843541267 ], [ -82.288462636788694, 52.279431841332752 ], [ -82.289169263982899, 52.27852501825361 ], [ -82.290647716297386, 52.278958421955082 ], [ -82.290660774073288, 52.279407834322718 ], [ -82.29139348581495, 52.27939982289562 ], [ -82.290686890655294, 52.280306658947872 ], [ -82.289208392863017, 52.27987325613006 ] ] ] } },
{ "type": "Feature", "properties": { "area_km2": 0.024999999999937426, "mock": true }, "geometry": { "type": "Polygon", "coordinates": [ [ [ -82.303275058373188, 52.284663941022821 ], [ -82.303288246590142, 52.285113350709224 ], [ -82.301822641165572, 52.285129517847999 ], [ -82.301809467769132, 52.284680107901217 ], [ -82.301076671947328, 52.284688184521414 ], [ -82.301783122015649, 52.283781287897398 ], [ -82.302515902671061, 52.283773206991526 ], [ -82.302502722904293, 52.283323797064661 ], [ -82.303981462941778, 52.283757031542194 ], [ -82.304007853155028, 52.284655850764636 ], [ -82.303275058373188, 52.284663941022821 ] ] ] } },
{ "type": "Feature", "properties": { "area_km2": 0.24000000000004656, "mock": true }, "geometry": { "type": "Polygon", "coordinates": [ [ [ -82.295920864316997, 52.283845771493205 ], [ -82.296679889751644, 52.284736548776216 ], [ -82.297412687648134, 52.284728499432134 ], [ -82.297465205458366, 52.286526142116614 ], [ -82.298198032652067, 52.286518087707584 ], [ -82.298224308451594, 52.287416908569959 ], [ -82.298957150122206, 52.287408849355003 ], [ -82.299009735515256, 52.289206490119653 ], [ -82.298276864197504, 52.289214549853853 ], [ -82.298342566656189, 52.291461600632196 ], [ -82.297609657929442, 52.291469656468408 ], [ -82.297622792044891, 52.291919066643615 ], [ -82.295424041552764, 52.291943207258292 ], [ -82.295410929677189, 52.291493796694205 ], [ -82.29467801956973, 52.291501834341858 ], [ -82.294612502428549, 52.289254780323361 ], [ -82.293879629040063, 52.289262812776919 ], [ -82.293748694716626, 52.284768700692084 ], [ -82.293015895096573, 52.284776727305918 ], [ -82.293722511984129, 52.283869877834483 ], [ -82.295920864316997, 52.283845771493205 ] ] ] } },
{ "type": "Feature", "properties": { "area_km2": 0.074999999999791914, "mock": true }, "geometry": { "type": "Polygon", "coordinates": [ [ [ -82.3380816449001, 52.29641266584877 ], [ -82.336629218324333, 52.296878670012781 ], [ -82.33664274995229, 52.297328072730473 ], [ -82.334443766021138, 52.297352941537696 ], [ -82.333683767087066, 52.296462415504095 ], [ -82.332950786207334, 52.296470691196177 ], [ -82.332923798878156, 52.295571884241923 ], [ -82.334376222662598, 52.295105925577616 ], [ -82.334362715056926, 52.294656522275012 ], [ -82.336561565523823, 52.294631655871193 ], [ -82.33732158984887, 52.295522163474928 ], [ -82.33805455376536, 52.295513860763819 ], [ -82.3380816449001, 52.29641266584877 ] ] ] } },
{ "type": "Feature", "properties": { "area_km2": 0.060000000000027649, "mock": true }, "geometry": { "type": "Polygon", "coordinates": [ [ [ -82.345561255191626, 52.301272796511107 ], [ -82.346294311580451, 52.301264442027509 ], [ -82.346321575158029, 52.302163243200901 ], [ -82.344869049845855, 52.302629348958185 ], [ -82.344882667696197, 52.303078749721728 ], [ -82.344149580921666, 52.303087095646084 ], [ -82.344163191712553, 52.303536496507171 ], [ -82.3426970022539, 52.303553174978177 ], [ -82.342683406298548, 52.30310377384842 ], [ -82.341950318450344, 52.303112106126392 ], [ -82.341923142447712, 52.302213303487775 ], [ -82.34265621546092, 52.302204971478233 ], [ -82.342629026053984, 52.301306168960515 ], [ -82.343362083875348, 52.30129783267089 ], [ -82.343348482291546, 52.300848431490969 ], [ -82.345547631357533, 52.300823395734469 ], [ -82.345561255191626, 52.301272796511107 ] ] ] } },
{ "type": "Feature", "properties": { "area_km2": 0.054999999999858849, "mock": true }, "geometry": { "type": "Polygon", "coordinates": [ [ [ -82.324329283335814, 52.302411907106688 ], [ -82.324369513798359, 52.303760120607393 ], [ -82.323636409653005, 52.303768339296091 ], [ -82.323649813094548, 52.304217743855048 ], [ -82.32218358890951, 52.304234167849962 ], [ -82.321423714267368, 52.303343563075501 ], [ -82.320690616130761, 52.303351763436012 ], [ -82.320650497992602, 52.302003547841181 ], [ -82.321383573875949, 52.301995347876961 ], [ -82.3213701944495, 52.301545942737128 ], [ -82.322836330325245, 52.301529529426908 ], [ -82.323596201444175, 52.302420125398186 ], [ -82.324329283335814, 52.302411907106688 ] ] ] } },
{ "type": "Feature", "properties": { "area_km2": 0.24999999999991124, "mock": true }, "geometry": { "type": "Polygon", "coordinates": [ [ [ -82.27694978705496, 52.312374299454603 ], [ -82.27689805137679, 52.310576650206862 ], [ -82.277631281582586, 52.31056872087639 ], [ -82.277618341092293, 52.310119308600569 ], [ -82.281284449901719, 52.310079594333068 ], [ -82.282043641020977, 52.310970460807802 ], [ -82.282776876260741, 52.310962499496796 ], [ -82.282763883477671, 52.310513088153904 ], [ -82.283497110953846, 52.310505122420857 ], [ -82.283471111570535, 52.309606299881686 ], [ -82.284924521790117, 52.309140944210682 ], [ -82.284911508111762, 52.30869153310627 ], [ -82.286377901298408, 52.308675570816717 ], [ -82.28789646862036, 52.310457232466298 ], [ -82.286443047327253, 52.310922624686128 ], [ -82.286456077561596, 52.311372035349955 ], [ -82.285722836611399, 52.311380019541453 ], [ -82.285735859766589, 52.311829430297202 ], [ -82.285002611051652, 52.311837410066815 ], [ -82.28505467740932, 52.313635053237292 ], [ -82.283601122171319, 52.314100411110424 ], [ -82.283614125113161, 52.31454982203158 ], [ -82.282880830834628, 52.314557788919721 ], [ -82.28286783531604, 52.314108377870213 ], [ -82.28140126057977, 52.314124297737095 ], [ -82.28064202722588, 52.313233427865953 ], [ -82.279175480132764, 52.313249319915307 ], [ -82.279162522753651, 52.312799908115174 ], [ -82.277695989142103, 52.312815781705709 ], [ -82.277683046949093, 52.312366369613152 ], [ -82.27694978705496, 52.312374299454603 ] ] ] } },
{ "type": "Feature", "properties": { "area_km2": 0.047499999999810825, "mock": true }, "geometry": { "type": "Polygon", "coordinates": [ [ [ -82.290829366868962, 52.31042521482437 ], [ -82.29081629279186, 52.309975804860457 ], [ -82.291549509073036, 52.309967789203455 ], [ -82.291562590571516, 52.310417199038248 ], [ -82.29229581392984, 52.31040917870186 ], [ -82.292321992802826, 52.311307998002881 ], [ -82.290868591164539, 52.311773444495891 ], [ -82.29088166661785, 52.312222854312999 ], [ -82.290148412883752, 52.312230866065164 ], [ -82.290907818556718, 52.313121673837117 ], [ -82.290174549977706, 52.313129685847422 ], [ -82.290187619040537, 52.31357909568348 ], [ -82.28870801178816, 52.313145696215919 ], [ -82.288694957914373, 52.312696286085213 ], [ -82.28942821975842, 52.312688283305256 ], [ -82.289402098196831, 52.311789463191573 ], [ -82.288668851197343, 52.311797465713681 ], [ -82.288655798354057, 52.311348055472891 ], [ -82.290109209821935, 52.310882636116517 ], [ -82.290096142822364, 52.310433226060248 ], [ -82.290829366868962, 52.31042521482437 ] ] ] } },
{ "type": "Feature", "properties": { "area_km2": 0.059999999999976718, "mock": true }, "geometry": { "type": "Polygon", "coordinates": [ [ [ -82.293906423761257, 52.315336625871574 ], [ -82.29391953166234, 52.315786034877959 ], [ -82.294652843057989, 52.315777999337513 ], [ -82.294705307808641, 52.317575634478011 ], [ -82.293251727480481, 52.318041110995438 ], [ -82.293264830026615, 52.318490519910931 ], [ -82.291798116418761, 52.318506569787665 ], [ -82.291785028722344, 52.318057160613591 ], [ -82.291051678826548, 52.318065178595418 ], [ -82.291012440077338, 52.316716950465413 ], [ -82.292466001234686, 52.316251501533863 ], [ -82.29245290783642, 52.315802092305503 ], [ -82.293186219921765, 52.315794065867287 ], [ -82.293173119444361, 52.315344656731526 ], [ -82.293906423761257, 52.315336625871574 ] ] ] } },
{ "type": "Feature", "properties": { "area_km2": 0.024999999999850114, "mock": true }, "geometry": { "type": "Polygon", "coordinates": [ [ [ -82.280823674219349, 52.319525185633687 ], [ -82.280797720551149, 52.318626363535444 ], [ -82.281531082673553, 52.3186184091469 ], [ -82.281518098926668, 52.318168998170947 ], [ -82.282984807296074, 52.318153075995497 ], [ -82.28374417335398, 52.31904392922587 ], [ -82.282290427823824, 52.319509271792199 ], [ -82.282303420021506, 52.319958682529922 ], [ -82.280823674219349, 52.319525185633687 ] ] ] } },
{ "type": "Feature", "properties": { "area_km2": 0.020000000000043656, "mock": true }, "geometry": { "type": "Polygon", "coordinates": [ [ [ -82.302864435338819, 52.320632787523522 ], [ -82.30285123453352, 52.320183380479691 ], [ -82.302117852699226, 52.32019146738488 ], [ -82.302824833965204, 52.319284566281787 ], [ -82.304291566889873, 52.319268379337657 ], [ -82.304304781850874, 52.319717786194197 ], [ -82.305038155216891, 52.31970968576416 ], [ -82.304331212816308, 52.320616599796978 ], [ -82.302864435338819, 52.320632787523522 ] ] ] } },
{ "type": "Feature", "properties": { "area_km2": 0.16000000000036815, "mock": true }, "geometry": { "type": "Polygon", "coordinates": [ [ [ -82.285223930928055, 52.319477389487872 ], [ -82.28669068042467, 52.319461421025139 ], [ -82.286703717175882, 52.319910830991908 ], [ -82.288903861123686, 52.319886843773219 ], [ -82.289663375690836, 52.320777657722601 ], [ -82.290396770827314, 52.320769648069515 ], [ -82.290409845738452, 52.321219057281709 ], [ -82.291143247956896, 52.321211042947553 ], [ -82.291156330638415, 52.321660451993893 ], [ -82.291889739938796, 52.321652432978532 ], [ -82.291902830391109, 52.322101841858974 ], [ -82.292636246773398, 52.322093818162259 ], [ -82.292649344996875, 52.322543226876711 ], [ -82.293382768461072, 52.322535198498485 ], [ -82.292675542478108, 52.323442044195538 ], [ -82.289008345720376, 52.323482119094592 ], [ -82.288995283942668, 52.32303270980784 ], [ -82.286794984042217, 52.323056699732028 ], [ -82.286035486945721, 52.322165867554787 ], [ -82.285302067469615, 52.322173850281935 ], [ -82.285289043855798, 52.321724440241297 ], [ -82.284555631463448, 52.321732418287688 ], [ -82.28450357014006, 52.319934777244193 ], [ -82.285236952828129, 52.319926799711929 ], [ -82.285223930928055, 52.319477389487872 ] ] ] } },
{ "type": "Feature", "properties": { "area_km2": 0.082500000000171714, "mock": true }, "geometry": { "type": "Polygon", "coordinates": [ [ [ -82.326332707148154, 52.320371599032434 ], [ -82.3270660848397, 52.320363361788154 ], [ -82.327106424500954, 52.321711569676125 ], [ -82.325653056619487, 52.322177443230117 ], [ -82.325666489382471, 52.322626846014316 ], [ -82.324199657972727, 52.322643299069739 ], [ -82.324186240062332, 52.322193896020423 ], [ -82.32271942209259, 52.322210330602722 ], [ -82.322706019387567, 52.321760927251809 ], [ -82.321972617299608, 52.321769137582649 ], [ -82.321932433578183, 52.320420926912192 ], [ -82.322665813388952, 52.320412716978204 ], [ -82.322652412094811, 52.319963313480017 ], [ -82.326319268727431, 52.319922196196721 ], [ -82.326332707148154, 52.320371599032434 ] ] ] } },
{ "type": "Feature", "properties": { "area_km2": 0.020000000000002911, "mock": true }, "geometry": { "type": "Polygon", "coordinates": [ [ [ -82.309517997056375, 52.322357422474866 ], [ -82.309504728023654, 52.321908016754072 ], [ -82.308771319619694, 52.321916145149004 ], [ -82.309478191005866, 52.321009205202124 ], [ -82.310958260247901, 52.321442340812645 ], [ -82.310971543783694, 52.321891746308097 ], [ -82.311704951139362, 52.32188360425706 ], [ -82.310998111904112, 52.32279055718864 ], [ -82.309517997056375, 52.322357422474866 ] ] ] } },
{ "type": "Feature", "properties": { "area_km2": 0.1149999999998603, "mock": true }, "geometry": { "type": "Polygon", "coordinates": [ [ [ -82.332987118161853, 52.322094906159307 ], [ -82.333747551622267, 52.322985430021561 ], [ -82.335947806651461, 52.322960565680035 ], [ -82.335961344093619, 52.323409966526704 ], [ -82.336694769150824, 52.323401669175041 ], [ -82.336721859957635, 52.324300470490392 ], [ -82.335268510863784, 52.324766462045908 ], [ -82.335282042303973, 52.325215862878757 ], [ -82.332348218258431, 52.325248990690234 ], [ -82.331587773106065, 52.324358458225404 ], [ -82.330120887949093, 52.324374985178835 ], [ -82.330107409209759, 52.323925583339026 ], [ -82.329373973526003, 52.323933839854206 ], [ -82.329347031964957, 52.323035035797979 ], [ -82.330800388169479, 52.322569116930353 ], [ -82.330786903422904, 52.322119715076248 ], [ -82.332987118161853, 52.322094906159307 ] ] ] } },
{ "type": "Feature", "properties": { "area_km2": 0.092500000000011642, "mock": true }, "geometry": { "type": "Polygon", "coordinates": [ [ [ -82.310530298916376, 52.331786798288341 ], [ -82.309770175047774, 52.330896124184569 ], [ -82.309036618079602, 52.330904255199314 ], [ -82.309743624056466, 52.329997314103316 ], [ -82.312677788992943, 52.329964745558968 ], [ -82.312691094033227, 52.330414150093198 ], [ -82.313424641822067, 52.330405996442387 ], [ -82.313451267813576, 52.331304805137734 ], [ -82.31271770516453, 52.331312959051317 ], [ -82.312731011255579, 52.331762363475214 ], [ -82.314211472366495, 52.332195454955901 ], [ -82.31422479401968, 52.332644859043391 ], [ -82.31495837825932, 52.332636695628096 ], [ -82.314971707694141, 52.333086099547259 ], [ -82.315705299013828, 52.333077931446574 ], [ -82.315731973798691, 52.333976738911296 ], [ -82.314998367616525, 52.333984907275209 ], [ -82.315011698104101, 52.334434311084017 ], [ -82.31354446982408, 52.334450634412924 ], [ -82.312784239122692, 52.333559980803024 ], [ -82.312050638969367, 52.333568130819643 ], [ -82.312024039197397, 52.332669321966648 ], [ -82.31275762448854, 52.332661172212674 ], [ -82.312744317696911, 52.332211767862326 ], [ -82.31201073983658, 52.332219917484991 ], [ -82.311997440825863, 52.331770512966571 ], [ -82.310530298916376, 52.331786798288341 ] ] ] } },
{ "type": "Feature", "properties": { "area_km2": 0.024999999999973807, "mock": true }, "geometry": { "type": "Polygon", "coordinates": [ [ [ -82.345185022494746, 52.337241455932073 ], [ -82.343704096440419, 52.336808756205855 ], [ -82.343690473980686, 52.336359357806032 ], [ -82.342956836689282, 52.336367700024006 ], [ -82.343663230137111, 52.335460560895712 ], [ -82.345130473916157, 52.335443863335243 ], [ -82.345144110522284, 52.335893261539788 ], [ -82.345877739305209, 52.335884905793812 ], [ -82.345905028458702, 52.336783701822952 ], [ -82.345171384811565, 52.336792057838217 ], [ -82.345185022494746, 52.337241455932073 ] ] ] } },
{ "type": "Feature", "properties": { "area_km2": 0.58999999999957942, "mock": true }, "geometry": { "type": "Polygon", "coordinates": [ [ [ -82.277630474271689, 52.437790704303964 ], [ -82.278365814032824, 52.437782757002743 ], [ -82.278339799522442, 52.436883952130202 ], [ -82.279797426412998, 52.436418642092846 ], [ -82.279784405062458, 52.435969239821581 ], [ -82.280519713886349, 52.435961279320502 ], [ -82.280506685402983, 52.435511877141003 ], [ -82.283434829310551, 52.435030588240728 ], [ -82.284143991455295, 52.434123801886891 ], [ -82.284879268310362, 52.434115814476129 ], [ -82.284866196348574, 52.433666412921916 ], [ -82.28560146538338, 52.433658421069545 ], [ -82.285588386291138, 52.433209019607588 ], [ -82.286323647505711, 52.433201023313742 ], [ -82.2863105612834, 52.432751621944078 ], [ -82.287781067726769, 52.432735615903447 ], [ -82.288490104172681, 52.431828803953074 ], [ -82.289225341580973, 52.431820789765553 ], [ -82.289212226496403, 52.431371388802496 ], [ -82.289947456084363, 52.431363370174225 ], [ -82.289934333871514, 52.430913969303809 ], [ -82.290669555639184, 52.430905946234859 ], [ -82.29065642629844, 52.430456545457169 ], [ -82.291391640245834, 52.430448517947717 ], [ -82.291378503777594, 52.429999117262845 ], [ -82.29211370990474, 52.429991085313063 ], [ -82.292100566309387, 52.429541684721023 ], [ -82.292835764616314, 52.429533648331038 ], [ -82.292822613894259, 52.429084247831938 ], [ -82.293557804380981, 52.429076207001913 ], [ -82.293544646532609, 52.428626806595801 ], [ -82.294279829199155, 52.428618761325858 ], [ -82.294266664224864, 52.42816936101282 ], [ -82.295737013570246, 52.428153257023951 ], [ -82.295750193490377, 52.428602657077278 ], [ -82.296485375114671, 52.428594598098641 ], [ -82.296564506777401, 52.4312909968681 ], [ -82.295107228377375, 52.431756511741533 ], [ -82.295120403604272, 52.432205911631215 ], [ -82.294385161494404, 52.432213962509408 ], [ -82.294398329594102, 52.432663362492271 ], [ -82.29366307966221, 52.432671408930084 ], [ -82.294424666835525, 52.433562162347918 ], [ -82.295159931370094, 52.433554111080163 ], [ -82.295199462263895, 52.434902310198922 ], [ -82.293742050702377, 52.435367808835487 ], [ -82.293755213757564, 52.435817208691311 ], [ -82.293019911149912, 52.435825251466859 ], [ -82.293033067075996, 52.436274651415751 ], [ -82.292297756645013, 52.436282689750179 ], [ -82.292310905441624, 52.436732089792017 ], [ -82.290840268586265, 52.436748153007436 ], [ -82.290827134742713, 52.436298752706499 ], [ -82.290091823271808, 52.43630677732839 ], [ -82.290104949638803, 52.43675617775876 ], [ -82.288634310705305, 52.436772213548601 ], [ -82.287872783190778, 52.435881422914058 ], [ -82.287137477812479, 52.43588942912335 ], [ -82.286428349711585, 52.436796232951323 ], [ -82.285693028689536, 52.436804230276998 ], [ -82.285719192739649, 52.437703032577794 ], [ -82.286454528715552, 52.43769503499415 ], [ -82.286467618735443, 52.43814443596056 ], [ -82.285732275282342, 52.438152433673224 ], [ -82.285745358170146, 52.43860183473199 ], [ -82.283539303308658, 52.438625800829378 ], [ -82.283526242853156, 52.438176399384076 ], [ -82.282055552844099, 52.438192353668683 ], [ -82.282042507687663, 52.437742951929401 ], [ -82.281307169644151, 52.437750922086344 ], [ -82.28132020732329, 52.438200323954185 ], [ -82.279114168698044, 52.438224207383413 ], [ -82.279127184288612, 52.438673609599853 ], [ -82.278391829915748, 52.438681561728735 ], [ -82.277630474271689, 52.437790704303964 ] ] ] } },
{ "type": "Feature", "properties": { "area_km2": 0.092499999999982541, "mock": true }, "geometry": { "type": "Polygon", "coordinates": [ [ [ -82.344586006607926, 52.438396953133413 ], [ -82.344572325205178, 52.437947562664171 ], [ -82.346042970208245, 52.437930831041847 ], [ -82.346805700194565, 52.438821238466254 ], [ -82.347541036746136, 52.438812860957761 ], [ -82.347554748778663, 52.439262250813243 ], [ -82.348290092445509, 52.439253868598577 ], [ -82.3483038123169, 52.439703258281966 ], [ -82.347568461172912, 52.439711640631835 ], [ -82.347595887046594, 52.440610420158393 ], [ -82.349080347317397, 52.441043039784084 ], [ -82.349094076114511, 52.441492429184663 ], [ -82.349829456444937, 52.441484037151163 ], [ -82.349121534795273, 52.442391207875211 ], [ -82.346179950027775, 52.442424731376484 ], [ -82.346166250419685, 52.441975341508964 ], [ -82.345430860802168, 52.441983710820359 ], [ -82.34540347762632, 52.44108493070469 ], [ -82.346860520585963, 52.440618798207389 ], [ -82.346846814945806, 52.440169408327414 ], [ -82.34387802502269, 52.439304093320693 ], [ -82.343850676088337, 52.438405312223104 ], [ -82.344586006607926, 52.438396953133413 ] ] ] } },
{ "type": "Feature", "properties": { "area_km2": 0.035000000000065486, "mock": true }, "geometry": { "type": "Polygon", "coordinates": [ [ [ -82.349925620517283, 52.444629760974983 ], [ -82.349939359691646, 52.445079149945137 ], [ -82.348454754792229, 52.44464654236522 ], [ -82.348427307447707, 52.443747763772912 ], [ -82.349884405168922, 52.443281593843238 ], [ -82.349870667444321, 52.442832204725562 ], [ -82.351341471887665, 52.442815406131494 ], [ -82.352104394249508, 52.443705777362453 ], [ -82.350647306545028, 52.444171974550422 ], [ -82.350661052836216, 52.444621363422009 ], [ -82.349925620517283, 52.444629760974983 ] ] ] } },
{ "type": "Feature", "properties": { "area_km2": 0.02249999999996944, "mock": true }, "geometry": { "type": "Polygon", "coordinates": [ [ [ -82.323571059104211, 52.448973570795381 ], [ -82.323584532207533, 52.449422964261593 ], [ -82.3228490118005, 52.449431193977489 ], [ -82.322875944109583, 52.450329981065074 ], [ -82.320669335865276, 52.450354643571295 ], [ -82.322086575113545, 52.448540631620475 ], [ -82.323571059104211, 52.448973570795381 ] ] ] } },
{ "type": "Feature", "properties": { "area_km2": 0.025000000000053844, "mock": true }, "geometry": { "type": "Polygon", "coordinates": [ [ [ -82.114696917993271, 52.013713353647837 ], [ -82.113228939541926, 52.013277668268849 ], [ -82.113217783908894, 52.012828206275735 ], [ -82.112489386799226, 52.012835087589075 ], [ -82.113195473518473, 52.011929282180979 ], [ -82.114652237680573, 52.011915506488549 ], [ -82.11466340732035, 52.012364968332683 ], [ -82.115391796258365, 52.012358073621641 ], [ -82.115414151005737, 52.013256996979713 ], [ -82.114685747476699, 52.013263891912302 ], [ -82.114696917993271, 52.013713353647837 ] ] ] } },
{ "type": "Feature", "properties": { "area_km2": 0.020000000000113503, "mock": true }, "geometry": { "type": "Polygon", "coordinates": [ [ [ -82.232004200377901, 52.013893585131527 ], [ -82.232732583539786, 52.013885964799798 ], [ -82.232720230269777, 52.013436522066002 ], [ -82.234189348893679, 52.013870710628929 ], [ -82.234214085583105, 52.014769595496567 ], [ -82.233485688478027, 52.014777225078433 ], [ -82.233498050012955, 52.015226667579967 ], [ -82.232028893297709, 52.014792470734285 ], [ -82.232004200377901, 52.013893585131527 ] ] ] } },
{ "type": "Feature", "properties": { "area_km2": 0.052500000000082946, "mock": true }, "geometry": { "type": "Polygon", "coordinates": [ [ [ -82.114741602982591, 52.015511200227991 ], [ -82.114752774960735, 52.015960661782543 ], [ -82.115481222267476, 52.015953766185127 ], [ -82.115503581694867, 52.016852688964008 ], [ -82.114775119794004, 52.016859584783035 ], [ -82.114797465796741, 52.017758507638781 ], [ -82.114068989008643, 52.017765399175829 ], [ -82.114080155150845, 52.018214860660123 ], [ -82.112623186102795, 52.018228630444632 ], [ -82.112612034556051, 52.017779168739033 ], [ -82.111883556891968, 52.01778604676521 ], [ -82.111872412934616, 52.017336584912911 ], [ -82.112600883301141, 52.017329706997266 ], [ -82.11255628119936, 52.015531859668265 ], [ -82.11328472208578, 52.015524977691449 ], [ -82.113273564993165, 52.015075515879289 ], [ -82.114741602982591, 52.015511200227991 ] ] ] } },
{ "type": "Feature", "properties": { "area_km2": 0.020000000000129511, "mock": true }, "geometry": { "type": "Polygon", "coordinates": [ [ [ -82.109775984752702, 52.020952888093056 ], [ -82.109753736839565, 52.020053964196492 ], [ -82.110482251868788, 52.020047099129648 ], [ -82.110471121050324, 52.019597637237403 ], [ -82.111939281053196, 52.02003335548396 ], [ -82.11196157275927, 52.020932278718142 ], [ -82.111233043715188, 52.02093915301392 ], [ -82.111244182706642, 52.021388614687204 ], [ -82.109775984752702, 52.020952888093056 ] ] ] } },
{ "type": "Feature", "properties": { "area_km2": 0.027500000000209548, "mock": true }, "geometry": { "type": "Polygon", "coordinates": [ [ [ -82.116366312025136, 52.022239320943498 ], [ -82.115637762836343, 52.02224622259677 ], [ -82.115648946500272, 52.022695683497545 ], [ -82.114180663580925, 52.022260012390319 ], [ -82.11416949480855, 52.021810551231724 ], [ -82.115615396386502, 52.0213473006866 ], [ -82.115604213600577, 52.020897839677239 ], [ -82.116332740891664, 52.0208909383567 ], [ -82.116321551099517, 52.020441477422011 ], [ -82.117050070798939, 52.020434571708321 ], [ -82.117800999278188, 52.021326582879674 ], [ -82.116355121354474, 52.021789860117423 ], [ -82.116366312025136, 52.022239320943498 ] ] ] } },
{ "type": "Feature", "properties": { "area_km2": 0.029999999999998545, "mock": true }, "geometry": { "type": "Polygon", "coordinates": [ [ [ -82.109809358805791, 52.022301273666542 ], [ -82.110537910330621, 52.022294408048083 ], [ -82.111288741587714, 52.023186461018533 ], [ -82.110560175754642, 52.023193331362194 ], [ -82.110571308903687, 52.023642792964957 ], [ -82.109103043214645, 52.023207058535974 ], [ -82.109114161763529, 52.023656520359346 ], [ -82.107657013459416, 52.023670229735373 ], [ -82.10690624586465, 52.022778153322832 ], [ -82.107634805852683, 52.022771305611805 ], [ -82.107623702485171, 52.022321843495767 ], [ -82.109080806989809, 52.022308134780666 ], [ -82.109091924956743, 52.022757596676406 ], [ -82.109820484072429, 52.022750735452028 ], [ -82.109809358805791, 52.022301273666542 ] ] ] } },
{ "type": "Feature", "properties": { "area_km2": 0.035000000000068393, "mock": true }, "geometry": { "type": "Polygon", "coordinates": [ [ [ -82.115009811164157, 52.026298267547297 ], [ -82.115020990161256, 52.026747728233154 ], [ -82.115749612647562, 52.026740829975708 ], [ -82.115043349033215, 52.027646649496333 ], [ -82.113586073976478, 52.027660432939051 ], [ -82.11283512094758, 52.02676839597509 ], [ -82.112106497292089, 52.02677527621227 ], [ -82.112084198000645, 52.025876353918889 ], [ -82.112812807053601, 52.025869473902873 ], [ -82.112801650544569, 52.025420012812482 ], [ -82.114270024283257, 52.025855700356026 ], [ -82.114281195686615, 52.026305161188887 ], [ -82.115009811164157, 52.026298267547297 ] ] ] } },
{ "type": "Feature", "properties": { "area_km2": 0.025000000000459842, "mock": true }, "geometry": { "type": "Polygon", "coordinates": [ [ [ -82.215283881838161, 52.095888700112127 ], [ -82.229878268017927, 52.095737337140577 ], [ -82.229884448627274, 52.095962055595521 ], [ -82.215289989149412, 52.096113419784039 ], [ -82.215283881838161, 52.095888700112127 ] ] ] } },
{ "type": "Feature", "properties": { "area_km2": 0.021250000000809816, "mock": true }, "geometry": { "type": "Polygon", "coordinates": [ [ [ -82.277162497438084, 52.102877171455532 ], [ -82.277168917277862, 52.103101885574922 ], [ -82.264761876535701, 52.103235648216184 ], [ -82.264755519020625, 52.103010933021309 ], [ -82.277162497438084, 52.102877171455532 ] ] ] } },
{ "type": "Feature", "properties": { "area_km2": 0.022355357326792349, "mock": true }, "geometry": { "type": "Polygon", "coordinates": [ [ [ -82.196491383502035, 52.1028244045403 ], [ -82.197221224098683, 52.102816994915948 ], [ -82.196515441511977, 52.103723288321724 ], [ -82.195055730040053, 52.103738094495647 ], [ -82.195043715544145, 52.103288652385054 ], [ -82.194313866669077, 52.10329604857737 ], [ -82.195019687496952, 52.102389768054586 ], [ -82.194289853288026, 52.10239716400902 ], [ -82.194283850139428, 52.10217244284415 ], [ -82.195743510909566, 52.102157646537336 ], [ -82.195780147164328, 52.102156137325018 ], [ -82.195816351749315, 52.102152368784843 ], [ -82.195851758201911, 52.10214637906202 ], [ -82.19588600813853, 52.102138228784504 ], [ -82.195905867504038, 52.102132025780222 ], [ -82.196491383502035, 52.1028244045403 ] ] ] } },
{ "type": "Feature", "properties": { "area_km2": 0.02125000000078435, "mock": true }, "geometry": { "type": "Polygon", "coordinates": [ [ [ -82.138354927542778, 52.113290457242137 ], [ -82.125944429524324, 52.113409628519925 ], [ -82.125938767630245, 52.113184902343612 ], [ -82.138349203274274, 52.11306573202414 ], [ -82.138354927542778, 52.113290457242137 ] ] ] } },
{ "type": "Feature", "properties": { "area_km2": 0.02892423098647234, "mock": true }, "geometry": { "type": "Polygon", "coordinates": [ [ [ -82.114241470103821, 52.112621688376557 ], [ -82.115712733952719, 52.113057335024607 ], [ -82.115723954930743, 52.113506788948897 ], [ -82.114993918818698, 52.113513695086688 ], [ -82.115005132752302, 52.113963149085869 ], [ -82.112815000637312, 52.113983840717601 ], [ -82.112803808719377, 52.113534386385638 ], [ -82.112073771432563, 52.113541274447122 ], [ -82.112781425763714, 52.112635477613203 ], [ -82.113511448080558, 52.112628585254349 ], [ -82.113505848855979, 52.112403858094055 ], [ -82.114235867210212, 52.112396961271727 ], [ -82.11427161737825, 52.112395541029734 ], [ -82.114306969288208, 52.112391970209899 ], [ -82.114341582476982, 52.112386283201722 ], [ -82.114375123596176, 52.112378534775019 ], [ -82.114407269622589, 52.112368799552435 ], [ -82.114437710969312, 52.112357171290753 ], [ -82.114454168481501, 52.112349412615004 ], [ -82.114241470103821, 52.112621688376557 ] ] ] } },
{ "type": "Feature", "properties": { "area_km2": 0.094999999999911239, "mock": true }, "geometry": { "type": "Polygon", "coordinates": [ [ [ -82.250675398831177, 52.082481070238963 ], [ -82.250687963137921, 52.082930504620833 ], [ -82.251417464435193, 52.082922761591135 ], [ -82.251430036395163, 52.083372195811897 ], [ -82.252876466041457, 52.082907261991174 ], [ -82.252889052649493, 52.083356695962749 ], [ -82.253618560282078, 52.083348939267786 ], [ -82.252914226854813, 52.084255563795978 ], [ -82.251442608684513, 52.083821629996024 ], [ -82.251455181303271, 52.084271064143557 ], [ -82.250725658033289, 52.084278807546745 ], [ -82.250750789609583, 52.085177675980916 ], [ -82.250021251360948, 52.085185415119248 ], [ -82.25003381031793, 52.085634849405849 ], [ -82.248574718183676, 52.085650314389454 ], [ -82.248562173876735, 52.085200879854206 ], [ -82.24783263464154, 52.085208605450845 ], [ -82.247744884964845, 52.082062561809593 ], [ -82.248474372930076, 52.082054837082389 ], [ -82.248461831252115, 52.081605402254254 ], [ -82.249933347874645, 52.082039374087834 ], [ -82.249945904528559, 52.082488808630728 ], [ -82.250675398831177, 52.082481070238963 ] ] ] } },
{ "type": "Feature", "properties": { "area_km2": 0.020000000000029102, "mock": true }, "geometry": { "type": "Polygon", "coordinates": [ [ [ -82.156547345587072, 52.110865594624229 ], [ -82.155817362931558, 52.110872753247442 ], [ -82.156524085122044, 52.109966699048172 ], [ -82.157984020171412, 52.109952368707312 ], [ -82.157995664924698, 52.110401816283009 ], [ -82.15872563932821, 52.110394644219781 ], [ -82.158018955347075, 52.111300711325519 ], [ -82.156558976276912, 52.111315042357809 ], [ -82.156547345587072, 52.110865594624229 ] ] ] } },
{ "type": "Feature", "properties": { "area_km2": 0.31750000000062717, "mock": true }, "geometry": { "type": "Polygon", "coordinates": [ [ [ -82.088690525872067, 52.112860390307752 ], [ -82.09159967350422, 52.1123839326428 ], [ -82.091588695560787, 52.111934474983251 ], [ -82.093048727413631, 52.11192094828322 ], [ -82.093037735082163, 52.111471490805116 ], [ -82.094497751106573, 52.111457946247342 ], [ -82.094486744387851, 52.111008488950944 ], [ -82.095946744582733, 52.110994926536009 ], [ -82.095935723477595, 52.110545469421631 ], [ -82.098855691048968, 52.110518290803995 ], [ -82.098844640883712, 52.11006883409059 ], [ -82.105414484919692, 52.1100074188479 ], [ -82.106122219936367, 52.109101660999755 ], [ -82.106852186187339, 52.109094810192957 ], [ -82.10760442769346, 52.109986865766444 ], [ -82.110524347303297, 52.109959398398424 ], [ -82.110535514863116, 52.110408853351778 ], [ -82.111265501371264, 52.110401975102867 ], [ -82.110557850861014, 52.111307763150023 ], [ -82.098147786114666, 52.111424005773578 ], [ -82.098158829811183, 52.111873462487999 ], [ -82.096698801999423, 52.111887052452502 ], [ -82.096709831309383, 52.11233650934934 ], [ -82.0959798096317, 52.112343297662449 ], [ -82.095990831892536, 52.112792754632366 ], [ -82.093800743111714, 52.112813092785018 ], [ -82.093092699621323, 52.113718777834649 ], [ -82.090902563349559, 52.113739062411199 ], [ -82.090913535105329, 52.114188520035036 ], [ -82.089453428141198, 52.114202020707182 ], [ -82.08946438550646, 52.114651478512059 ], [ -82.08727420088897, 52.114671695950776 ], [ -82.086565995653203, 52.115577342426562 ], [ -82.085835918575029, 52.11558406823103 ], [ -82.085846840103613, 52.116033526469231 ], [ -82.085116755399383, 52.116040247862294 ], [ -82.085127669874367, 52.11648970617248 ], [ -82.084397577544053, 52.116496423153983 ], [ -82.084408484965067, 52.116945881536154 ], [ -82.082948284766474, 52.116959302155919 ], [ -82.08219641372294, 52.116067088238431 ], [ -82.083645685623338, 52.115604218527295 ], [ -82.083634786399742, 52.115154759928942 ], [ -82.084364856996757, 52.11514804779101 ], [ -82.084353950719532, 52.11469858926452 ], [ -82.087263265541068, 52.114222237820762 ], [ -82.087971435514604, 52.113316587150479 ], [ -82.088701475037055, 52.113309848329386 ], [ -82.088690525872067, 52.112860390307752 ] ] ] } },
{ "type": "Feature", "properties": { "area_km2": 0.16500000000030704, "mock": true }, "geometry": { "type": "Polygon", "coordinates": [ [ [ -82.092428577407247, 52.116422287776246 ], [ -82.093136676440324, 52.115516606808335 ], [ -82.093866750644665, 52.115509835808858 ], [ -82.093855748668119, 52.115060378728494 ], [ -82.094585815244585, 52.115053603318486 ], [ -82.094574806217253, 52.114604146310974 ], [ -82.097484002183378, 52.114127543306559 ], [ -82.098191962637827, 52.113221832414489 ], [ -82.101112102843899, 52.113194596944972 ], [ -82.101101028925285, 52.112745140776951 ], [ -82.103291109017164, 52.112724667053804 ], [ -82.103302204950836, 52.113174122892538 ], [ -82.104032238404955, 52.113167289170256 ], [ -82.103324397690841, 52.114073034461597 ], [ -82.100404202258261, 52.114100325037882 ], [ -82.10041526970889, 52.114549781207131 ], [ -82.098955155573051, 52.11456339959895 ], [ -82.098966208635545, 52.115012855951122 ], [ -82.097506078662292, 52.115026456484465 ], [ -82.096798076198993, 52.115932163224031 ], [ -82.096067995810003, 52.115938952410616 ], [ -82.096079020382845, 52.116388409091599 ], [ -82.093169662081181, 52.116864978159526 ], [ -82.093180657871343, 52.117314435204364 ], [ -82.091720449878707, 52.11732796451529 ], [ -82.0910122938526, 52.11823363702505 ], [ -82.089552054770991, 52.118247139651587 ], [ -82.089563014722003, 52.11869659713161 ], [ -82.088832887409239, 52.118703341773461 ], [ -82.088843840306609, 52.119152799325867 ], [ -82.087372631922406, 52.118716817497081 ], [ -82.087361693993927, 52.118267359691849 ], [ -82.088091814539979, 52.118260624198385 ], [ -82.088080869557587, 52.11781116646538 ], [ -82.089541095107293, 52.117797682135468 ], [ -82.090249274305208, 52.116892018267315 ], [ -82.090979371680945, 52.116885265019945 ], [ -82.090968398199138, 52.116435807612689 ], [ -82.092428577407247, 52.116422287776246 ] ] ] } },
{ "type": "Feature", "properties": { "area_km2": 0.06249999999989523, "mock": true }, "geometry": { "type": "Polygon", "coordinates": [ [ [ -82.267484985302048, 52.134900787608316 ], [ -82.26747222846771, 52.13445136010931 ], [ -82.268202566303231, 52.134443507788312 ], [ -82.268215330483457, 52.134892935161034 ], [ -82.271136707859739, 52.13486148015356 ], [ -82.271149501758956, 52.135310906983605 ], [ -82.271879852610724, 52.135303031800525 ], [ -82.271175090563943, 52.136209760533738 ], [ -82.270444724683969, 52.136217631448162 ], [ -82.270457512243169, 52.136667058294819 ], [ -82.268996764784106, 52.136682786810518 ], [ -82.269009537985013, 52.137132213873521 ], [ -82.267548774492312, 52.137147924553432 ], [ -82.267536015985087, 52.136698497237738 ], [ -82.266805641083579, 52.136706345668138 ], [ -82.266792890257619, 52.136256918189524 ], [ -82.267523257812456, 52.136249069885366 ], [ -82.267497742470951, 52.135350215070652 ], [ -82.266767389608887, 52.135358063122339 ], [ -82.266754639786086, 52.134908635533762 ], [ -82.267484985302048, 52.134900787608316 ] ] ] } },
{ "type": "Feature", "properties": { "area_km2": 0.085000000000098955, "mock": true }, "geometry": { "type": "Polygon", "coordinates": [ [ [ -82.245624624254575, 52.136931983000473 ], [ -82.247072840506448, 52.136467113045519 ], [ -82.247060288374257, 52.136017682149216 ], [ -82.248521026383131, 52.136002225462178 ], [ -82.249276543568186, 52.136893351345464 ], [ -82.250006926442325, 52.136885611447688 ], [ -82.250032091130805, 52.137784472062208 ], [ -82.251505482812092, 52.138218408204594 ], [ -82.251518080676746, 52.138667838171102 ], [ -82.252248491949956, 52.1386600842077 ], [ -82.251543277397317, 52.139566697994333 ], [ -82.250812851097706, 52.139574447684495 ], [ -82.250800259920297, 52.139125017666551 ], [ -82.249339421026789, 52.13914050322979 ], [ -82.249326844875426, 52.138691072926115 ], [ -82.247135606105601, 52.138714266978226 ], [ -82.247123052327311, 52.138264836264881 ], [ -82.246392646093057, 52.138272558446268 ], [ -82.246367554219134, 52.137373696661342 ], [ -82.245637162350789, 52.137381414071953 ], [ -82.245624624254575, 52.136931983000473 ] ] ] } },
{ "type": "Feature", "properties": { "area_km2": 0.047499999999887951, "mock": true }, "geometry": { "type": "Polygon", "coordinates": [ [ [ -82.252361953739538, 52.142704951136395 ], [ -82.253092430819891, 52.142697191527141 ], [ -82.25238717110804, 52.143603810051168 ], [ -82.24945262123336, 52.143185374315784 ], [ -82.248696991940079, 52.142294251199488 ], [ -82.247966520227848, 52.142301983545195 ], [ -82.247953956465906, 52.141852553248896 ], [ -82.248684420828837, 52.141844821027561 ], [ -82.24867185004733, 52.141395390819049 ], [ -82.250132763085702, 52.141379913056198 ], [ -82.250145348565368, 52.14182934301575 ], [ -82.251606274981469, 52.141813846911724 ], [ -82.252361953739538, 52.142704951136395 ] ] ] } },
{ "type": "Feature", "properties": { "area_km2": 0.020000000000040746, "mock": true }, "geometry": { "type": "Polygon", "coordinates": [ [ [ -82.257690550934768, 52.150290820110655 ], [ -82.257677885654488, 52.149841392096278 ], [ -82.256947292946776, 52.149849180848989 ], [ -82.257652556090576, 52.148942535957659 ], [ -82.259113711099829, 52.148926945380964 ], [ -82.259126390420093, 52.149376373217763 ], [ -82.259856974778103, 52.149368571017654 ], [ -82.25915175005845, 52.150275228781503 ], [ -82.257690550934768, 52.150290820110655 ] ] ] } },
{ "type": "Feature", "properties": { "area_km2": 0.020000000000190629, "mock": true }, "geometry": { "type": "Polygon", "coordinates": [ [ [ -82.25405017616292, 52.15077914786032 ], [ -82.25403754731451, 52.150329719256774 ], [ -82.2554861065354, 52.149864744781425 ], [ -82.255473463644648, 52.149415316354762 ], [ -82.256204049663822, 52.149407536775847 ], [ -82.256959950874432, 52.15029860898867 ], [ -82.25551139331192, 52.150763601524943 ], [ -82.255524037197688, 52.151213029841777 ], [ -82.25405017616292, 52.15077914786032 ] ] ] } },
{ "type": "Feature", "properties": { "area_km2": 0.040000000000032017, "mock": true }, "geometry": { "type": "Polygon", "coordinates": [ [ [ -82.233617844538173, 52.15189376029663 ], [ -82.233630268479729, 52.152343192261405 ], [ -82.235091548162515, 52.152327898562135 ], [ -82.235079109513435, 52.151878466843399 ], [ -82.237271004528523, 52.151855492727961 ], [ -82.238026572001601, 52.152746688054982 ], [ -82.237295926275863, 52.152754355389639 ], [ -82.237308387639871, 52.153203786665642 ], [ -82.235116426439589, 52.153226761889911 ], [ -82.235103987137862, 52.152777330244284 ], [ -82.233642692747225, 52.152792624189608 ], [ -82.233655117340675, 52.153242056081282 ], [ -82.232924462302179, 52.153249696389516 ], [ -82.232168987493225, 52.152358467861355 ], [ -82.23289962814934, 52.152350832323798 ], [ -82.232887211561561, 52.15190140023612 ], [ -82.233617844538173, 52.15189376029663 ] ] ] } },
{ "type": "Feature", "properties": { "area_km2": 0.042500000000101866, "mock": true }, "geometry": { "type": "Polygon", "coordinates": [ [ [ -82.235900760831939, 52.181540881886207 ], [ -82.236631878590231, 52.18153322024061 ], [ -82.237387946235998, 52.182424412148976 ], [ -82.235938142445292, 52.182889169696651 ], [ -82.235950603637264, 52.183338598893684 ], [ -82.23521945608482, 52.183346256502617 ], [ -82.235231910236649, 52.183795685786393 ], [ -82.234500754990023, 52.183803338988611 ], [ -82.234513202101326, 52.184252768358988 ], [ -82.233782039160502, 52.184260417154391 ], [ -82.233794479230866, 52.184709846611312 ], [ -82.232319712299429, 52.184275701155222 ], [ -82.232307287290567, 52.183826271415825 ], [ -82.233757159999413, 52.183361558130976 ], [ -82.23374472090866, 52.18291212856446 ], [ -82.234475861747654, 52.182904480138298 ], [ -82.234463415616531, 52.182455050658305 ], [ -82.235194548761925, 52.182447397825513 ], [ -82.235182095590815, 52.181997968432157 ], [ -82.235913221042637, 52.181990311192884 ], [ -82.235900760831939, 52.181540881886207 ] ] ] } },
{ "type": "Feature", "properties": { "area_km2": 0.042500000000061121, "mock": true }, "geometry": { "type": "Polygon", "coordinates": [ [ [ -82.186338144745719, 52.21531688327655 ], [ -82.185606458860732, 52.215324236595229 ], [ -82.185618426622682, 52.215773671659875 ], [ -82.184143086147898, 52.215338929626768 ], [ -82.184107229035277, 52.213990623505033 ], [ -82.185558590956262, 52.213526495972886 ], [ -82.185546624765934, 52.213077060726384 ], [ -82.186278273745984, 52.213069707999509 ], [ -82.186266300489521, 52.212620272834975 ], [ -82.186997941774692, 52.212612915691636 ], [ -82.187753559094531, 52.213504423832305 ], [ -82.186302221202354, 52.213968578219436 ], [ -82.186338144745719, 52.21531688327655 ] ] ] } },
{ "type": "Feature", "properties": { "area_km2": 0.050000000000138246, "mock": true }, "geometry": { "type": "Polygon", "coordinates": [ [ [ -82.262699391457929, 52.223965235760303 ], [ -82.26271214125471, 52.224414657228721 ], [ -82.261235776795019, 52.223980886437808 ], [ -82.261184840028974, 52.222183199190212 ], [ -82.262635647497802, 52.221718127868897 ], [ -82.26262289971045, 52.221268706180744 ], [ -82.263354662236964, 52.221260874793956 ], [ -82.263367417407622, 52.221710296356044 ], [ -82.264099186982349, 52.22170246030727 ], [ -82.264150240550762, 52.22350014568476 ], [ -82.262699391457929, 52.223965235760303 ] ] ] } },
{ "type": "Feature", "properties": { "area_km2": 0.020000000000042199, "mock": true }, "geometry": { "type": "Polygon", "coordinates": [ [ [ -82.185989583218984, 52.229706140625929 ], [ -82.186721505410375, 52.229698783518252 ], [ -82.186709520510647, 52.22924934969943 ], [ -82.188185348848307, 52.229684055690136 ], [ -82.188209349143847, 52.230582922744453 ], [ -82.187477412806729, 52.230590289164496 ], [ -82.187489406039305, 52.231039722755668 ], [ -82.186013539187357, 52.230605008391336 ], [ -82.185989583218984, 52.229706140625929 ] ] ] } },
{ "type": "Feature", "properties": { "area_km2": 0.045000000000062573, "mock": true }, "geometry": { "type": "Polygon", "coordinates": [ [ [ -82.273227504432455, 52.2337423978096 ], [ -82.273959469051249, 52.233734499361624 ], [ -82.272546954384822, 52.235547967568436 ], [ -82.271070124891949, 52.235114323629837 ], [ -82.271018770443234, 52.23331664661864 ], [ -82.270286811862377, 52.233324526788344 ], [ -82.270273981481722, 52.232875107317049 ], [ -82.27100593267437, 52.232867227274227 ], [ -82.270993095242801, 52.232417807893142 ], [ -82.272469834047541, 52.232851453575442 ], [ -82.272482686592824, 52.233300872665893 ], [ -82.273214644161129, 52.233292978882858 ], [ -82.273227504432455, 52.2337423978096 ] ] ] } },
{ "type": "Feature", "properties": { "area_km2": 0.042500000000194993, "mock": true }, "geometry": { "type": "Polygon", "coordinates": [ [ [ -82.233750766720675, 52.235959877541141 ], [ -82.233688457032855, 52.233712749482081 ], [ -82.234420432232028, 52.233705096208077 ], [ -82.234407963887975, 52.233255670609914 ], [ -82.235884381647324, 52.233689776045978 ], [ -82.23594680217559, 52.235936902255666 ], [ -82.235214790685092, 52.235944565222546 ], [ -82.235227268384918, 52.236393990478263 ], [ -82.233750766720675, 52.235959877541141 ] ] ] } },
{ "type": "Feature", "properties": { "area_km2": 0.055000000000037838, "mock": true }, "geometry": { "type": "Polygon", "coordinates": [ [ [ -82.270453637493048, 52.239166976580023 ], [ -82.270492143809093, 52.240515233344681 ], [ -82.269760066653177, 52.240523111005579 ], [ -82.269785724433831, 52.241421948919104 ], [ -82.269053632157551, 52.241429822294528 ], [ -82.269066454161646, 52.24187924132309 ], [ -82.267589446594343, 52.241445555428044 ], [ -82.267551026952944, 52.240097297362588 ], [ -82.266818955841131, 52.240105156741024 ], [ -82.266806157358218, 52.239655737186077 ], [ -82.268257471534469, 52.239190594804953 ], [ -82.268244658942606, 52.238741175429844 ], [ -82.269708755137145, 52.238725434738747 ], [ -82.269721582510527, 52.239174853860419 ], [ -82.270453637493048, 52.239166976580023 ] ] ] } },
{ "type": "Feature", "properties": { "area_km2": 0.034999999999970895, "mock": true }, "geometry": { "type": "Polygon", "coordinates": [ [ [ -82.260319433824478, 52.243321630703598 ], [ -82.260332168463179, 52.243771051101191 ], [ -82.258855181068284, 52.243337255903668 ], [ -82.258817023514879, 52.241988993736435 ], [ -82.259549127882778, 52.241981183783381 ], [ -82.259536401974714, 52.241531763113514 ], [ -82.261000594922933, 52.241516129841351 ], [ -82.261013335615104, 52.241965550259522 ], [ -82.261745438979148, 52.241957726688717 ], [ -82.261770936152686, 52.24285656716328 ], [ -82.260319433824478, 52.243321630703598 ] ] ] } },
{ "type": "Feature", "properties": { "area_km2": 0.062499999999981085, "mock": true }, "geometry": { "type": "Polygon", "coordinates": [ [ [ -82.266882953300737, 52.242352253966331 ], [ -82.267615061371373, 52.242344393955172 ], [ -82.267653486061263, 52.243692651471072 ], [ -82.266202019345656, 52.244157787064935 ], [ -82.266214813799209, 52.244607206380046 ], [ -82.265482668092204, 52.244615057944699 ], [ -82.265495455488676, 52.245064477349587 ], [ -82.264763302052273, 52.245072324500924 ], [ -82.264776082391265, 52.245521743995525 ], [ -82.263298994172061, 52.245088005184392 ], [ -82.2632734640748, 52.244189165580359 ], [ -82.264005603396186, 52.244181327760884 ], [ -82.263980059854973, 52.243282488262736 ], [ -82.265431521866802, 52.242817379958844 ], [ -82.265418736150508, 52.2423679603708 ], [ -82.266150844893716, 52.242360109438209 ], [ -82.266138052121235, 52.241910689939928 ], [ -82.266870153136082, 52.241902834594526 ], [ -82.266882953300737, 52.242352253966331 ] ] ] } },
{ "type": "Feature", "properties": { "area_km2": 0.020000000000113503, "mock": true }, "geometry": { "type": "Polygon", "coordinates": [ [ [ -82.244237724539872, 52.244391355473823 ], [ -82.243505576229197, 52.244399070722473 ], [ -82.244212580222822, 52.243492509212523 ], [ -82.245676846280006, 52.243477065593368 ], [ -82.245689433059511, 52.243926488493635 ], [ -82.246421572985099, 52.243918759750251 ], [ -82.245714607610893, 52.244825334184483 ], [ -82.244250297194014, 52.244840778549637 ], [ -82.244237724539872, 52.244391355473823 ] ] ] } },
{ "type": "Feature", "properties": { "area_km2": 0.025000000000069848, "mock": true }, "geometry": { "type": "Polygon", "coordinates": [ [ [ -82.258377366881561, 52.252333470237097 ], [ -82.258390086025699, 52.252782890279867 ], [ -82.256925520681492, 52.252798493518107 ], [ -82.25691281633091, 52.252349073224096 ], [ -82.256180540554595, 52.252356867906151 ], [ -82.256887408631485, 52.251450232526217 ], [ -82.257619669280885, 52.251442433554374 ], [ -82.257606958535831, 52.250993013276116 ], [ -82.259084189577237, 52.251426821988261 ], [ -82.259109641655513, 52.252325661932183 ], [ -82.258377366881561, 52.252333470237097 ] ] ] } },
{ "type": "Feature", "properties": { "area_km2": 0.020000000000049478, "mock": true }, "geometry": { "type": "Polygon", "coordinates": [ [ [ -82.23204015991071, 52.253510393911448 ], [ -82.232015253877094, 52.252611544907076 ], [ -82.232747540563878, 52.252603900079208 ], [ -82.232735080641064, 52.252154475645341 ], [ -82.234212112954722, 52.252588596800123 ], [ -82.234237063371879, 52.253487445065453 ], [ -82.23350476254582, 52.253495099222043 ], [ -82.233517230848747, 52.253944523423165 ], [ -82.23204015991071, 52.253510393911448 ] ] ] } },
{ "type": "Feature", "properties": { "area_km2": 0.072500000000052384, "mock": true }, "geometry": { "type": "Polygon", "coordinates": [ [ [ -82.269502602866339, 52.257159466491999 ], [ -82.268770251419937, 52.257167339764109 ], [ -82.268783077825731, 52.257616757636988 ], [ -82.267318359124161, 52.257632490809478 ], [ -82.266560391185592, 52.256741514040883 ], [ -82.265828045790286, 52.25674936901973 ], [ -82.265776863256377, 52.254951694989849 ], [ -82.266509179059298, 52.25494384051693 ], [ -82.266496376869043, 52.254494422044353 ], [ -82.268693300065109, 52.254470831757466 ], [ -82.26870612444813, 52.254920249850166 ], [ -82.269438438903819, 52.254912377211959 ], [ -82.269502602866339, 52.257159466491999 ] ] ] } },
{ "type": "Feature", "properties": { "area_km2": 0.16500000000006984, "mock": true }, "geometry": { "type": "Polygon", "coordinates": [ [ [ -82.261523237979873, 52.259942336962581 ], [ -82.261497730126933, 52.259043499018745 ], [ -82.26223011453277, 52.259035670659493 ], [ -82.262217353709758, 52.2585862517587 ], [ -82.262949730380697, 52.258578418983546 ], [ -82.263707658295516, 52.259469418926713 ], [ -82.262975267161224, 52.259477256496218 ], [ -82.262988036054935, 52.259926675197647 ], [ -82.263720434589061, 52.259918837501914 ], [ -82.263733211218465, 52.260368256040479 ], [ -82.265930427004704, 52.260344715321331 ], [ -82.265943226170478, 52.260794133444207 ], [ -82.266675638160024, 52.260786277326886 ], [ -82.266726867790538, 52.262583948946066 ], [ -82.265274777717067, 52.263049075716424 ], [ -82.265287571500579, 52.263498493745971 ], [ -82.264555114433207, 52.263506341536953 ], [ -82.263797099403988, 52.262615348184084 ], [ -82.263064656467009, 52.262623186637121 ], [ -82.26235774121497, 52.263529857653459 ], [ -82.261625282804133, 52.263537687273441 ], [ -82.261638039916264, 52.263987105897542 ], [ -82.260173107285468, 52.264002751761247 ], [ -82.260160364976514, 52.263553332885174 ], [ -82.259427905560131, 52.263561148876917 ], [ -82.25941517098758, 52.263111729838386 ], [ -82.260147623002567, 52.263103913972522 ], [ -82.260122140059579, 52.262205076037382 ], [ -82.260854576937362, 52.262197255880707 ], [ -82.260071178193002, 52.260407399727796 ], [ -82.261523237979873, 52.259942336962581 ] ] ] } },
{ "type": "Feature", "properties": { "area_km2": 0.020000000000021827, "mock": true }, "geometry": { "type": "Polygon", "coordinates": [ [ [ -82.129754646110499, 52.263974132515536 ], [ -82.129743222366429, 52.263524692278381 ], [ -82.129010728629041, 52.263531699246165 ], [ -82.1297203757793, 52.262625811695479 ], [ -82.131185332742078, 52.262611784581672 ], [ -82.131196770690664, 52.2630612246653 ], [ -82.131929256123669, 52.263054204180541 ], [ -82.131219647490013, 52.263960104724021 ], [ -82.129754646110499, 52.263974132515536 ] ] ] } },
{ "type": "Feature", "properties": { "area_km2": 0.035000000000072758, "mock": true }, "geometry": { "type": "Polygon", "coordinates": [ [ [ -82.242593811639537, 52.264189084749511 ], [ -82.242631507623273, 52.265537350160344 ], [ -82.241899010616692, 52.265545057620756 ], [ -82.241911569202671, 52.265994479475403 ], [ -82.240434015613175, 52.265560458912105 ], [ -82.240421472162353, 52.265111036772893 ], [ -82.239688981568293, 52.265118730479884 ], [ -82.239663910460365, 52.264219885844064 ], [ -82.240396386249984, 52.264212192384875 ], [ -82.24038384378845, 52.263762770136047 ], [ -82.241848779574426, 52.263747369836757 ], [ -82.241861336839762, 52.264196791837577 ], [ -82.242593811639537, 52.264189084749511 ] ] ] } },
{ "type": "Feature", "properties": { "area_km2": 0.020000000000096042, "mock": true }, "geometry": { "type": "Polygon", "coordinates": [ [ [ -82.206311248899979, 52.277152842951615 ], [ -82.207043946995412, 52.277145355098007 ], [ -82.207031736047071, 52.276695928245651 ], [ -82.20850934222274, 52.27713036575512 ], [ -82.208533794715464, 52.278029218867715 ], [ -82.207801082446139, 52.278036716053265 ], [ -82.20781330176635, 52.278486142675654 ], [ -82.206335656943679, 52.278051696788268 ], [ -82.206311248899979, 52.277152842951615 ] ] ] } },
{ "type": "Feature", "properties": { "area_km2": 0.087500000000032011, "mock": true }, "geometry": { "type": "Polygon", "coordinates": [ [ [ -82.262983597253879, 52.285551320998479 ], [ -82.263716418234267, 52.28554348065088 ], [ -82.263754784390585, 52.2868917302741 ], [ -82.262301872194072, 52.287356823900808 ], [ -82.262314647098236, 52.287806240584551 ], [ -82.261581788388213, 52.287814072470184 ], [ -82.261594556216295, 52.288263489243484 ], [ -82.260861689758343, 52.288271316708482 ], [ -82.260874450509974, 52.288720733571239 ], [ -82.259395955835743, 52.28828695799811 ], [ -82.259383210243996, 52.287837540846816 ], [ -82.260116069960901, 52.287829722601323 ], [ -82.260090564959455, 52.286930888440779 ], [ -82.25935772006622, 52.286938706434405 ], [ -82.259319487313604, 52.285590454541321 ], [ -82.260772373894227, 52.285125397644222 ], [ -82.260759615827382, 52.284675980488622 ], [ -82.262225229824793, 52.284660323029549 ], [ -82.262983597253879, 52.285551320998479 ] ] ] } },
{ "type": "Feature", "properties": { "area_km2": 0.030000000000034926, "mock": true }, "geometry": { "type": "Polygon", "coordinates": [ [ [ -82.264602810615344, 52.290928630756227 ], [ -82.264615610448246, 52.291378046768159 ], [ -82.263136991099117, 52.290944319029776 ], [ -82.263124206429339, 52.290494902728518 ], [ -82.262391303579932, 52.290502739918232 ], [ -82.26309863809864, 52.289596070016195 ], [ -82.263831525785875, 52.289588228531947 ], [ -82.263818734712274, 52.289138812247188 ], [ -82.265297300150792, 52.289572531922509 ], [ -82.265335719868531, 52.29092077979864 ], [ -82.264602810615344, 52.290928630756227 ] ] ] } },
{ "type": "Feature", "properties": { "area_km2": 0.02500000000010914, "mock": true }, "geometry": { "type": "Polygon", "coordinates": [ [ [ -82.27342347730189, 52.291732948093703 ], [ -82.272716321392053, 52.292639678375181 ], [ -82.271250449993431, 52.29265546770398 ], [ -82.271237582424888, 52.292206052942767 ], [ -82.270504653631662, 52.292213940658947 ], [ -82.270478934337206, 52.291315110772487 ], [ -82.271211848303224, 52.291307223310397 ], [ -82.271198981750075, 52.290857808439249 ], [ -82.27267767521974, 52.291291434744558 ], [ -82.272690556938315, 52.291740849324718 ], [ -82.27342347730189, 52.291732948093703 ] ] ] } },
{ "type": "Feature", "properties": { "area_km2": 0.032500000000130966, "mock": true }, "geometry": { "type": "Polygon", "coordinates": [ [ [ -82.255947711345172, 52.295966078313299 ], [ -82.255240130772634, 52.29687270599478 ], [ -82.252282732130581, 52.296004998954182 ], [ -82.252257378189043, 52.295106163347889 ], [ -82.252990359868804, 52.295098388566366 ], [ -82.252977675983075, 52.294648970833585 ], [ -82.254456322227142, 52.295082825359465 ], [ -82.254469021277231, 52.295532242804967 ], [ -82.255202009370748, 52.295524454254185 ], [ -82.255214716170428, 52.295973871537612 ], [ -82.255947711345172, 52.295966078313299 ] ] ] } },
{ "type": "Feature", "properties": { "area_km2": 0.029999999999895225, "mock": true }, "geometry": { "type": "Polygon", "coordinates": [ [ [ -82.249540494815292, 52.302777323490361 ], [ -82.24880738538144, 52.302785077655351 ], [ -82.248820030762786, 52.303234495480361 ], [ -82.24735379605967, 52.303249990412318 ], [ -82.247341165515834, 52.302800572337652 ], [ -82.246608055084465, 52.302808312854985 ], [ -82.246582809830656, 52.301909476346673 ], [ -82.247315905425054, 52.301901736078726 ], [ -82.247303275878096, 52.301452317894416 ], [ -82.248769451233542, 52.301436823960906 ], [ -82.248782095616832, 52.301886241895616 ], [ -82.249515190213799, 52.30187848798046 ], [ -82.249540494815292, 52.302777323490361 ] ] ] } },
{ "type": "Feature", "properties": { "area_km2": 0.069999999999909773, "mock": true }, "geometry": { "type": "Polygon", "coordinates": [ [ [ -82.204843649879365, 52.331113779138462 ], [ -82.205577239624859, 52.33110629501153 ], [ -82.205589459784733, 52.331555717940233 ], [ -82.204855862607687, 52.33156320218778 ], [ -82.204880289028878, 52.332462048177184 ], [ -82.206359741345693, 52.332896497344244 ], [ -82.206371970224779, 52.33334592000665 ], [ -82.207105596486215, 52.333338426167892 ], [ -82.20713007007538, 52.334237271141959 ], [ -82.206396428948736, 52.334244765222245 ], [ -82.206408658793663, 52.334694187775426 ], [ -82.204941360708872, 52.334709162513647 ], [ -82.204929145729736, 52.334259739719172 ], [ -82.204195503637777, 52.334267220135793 ], [ -82.204146676666653, 52.332469528111666 ], [ -82.202667259902881, 52.332035050979968 ], [ -82.202655069148335, 52.331585627605705 ], [ -82.201921470686429, 52.331593093636762 ], [ -82.202630688601971, 52.330686780747968 ], [ -82.204831437472535, 52.33066435605275 ], [ -82.204843649879365, 52.331113779138462 ] ] ] } },
{ "type": "Feature", "properties": { "area_km2": 0.020000000000037835, "mock": true }, "geometry": { "type": "Polygon", "coordinates": [ [ [ -82.186058759682794, 52.342092985747563 ], [ -82.186034706429609, 52.341194135064541 ], [ -82.186768468015956, 52.341186766732328 ], [ -82.186756434428446, 52.340737341455032 ], [ -82.188235990237899, 52.34117201640057 ], [ -82.188260088108407, 52.342070866370683 ], [ -82.187526312283538, 52.342078244052232 ], [ -82.18753835425818, 52.342527669101663 ], [ -82.186058759682794, 52.342092985747563 ] ] ] } },
{ "type": "Feature", "properties": { "area_km2": 0.030000000000244473, "mock": true }, "geometry": { "type": "Polygon", "coordinates": [ [ [ -82.136749205841284, 52.365504406625377 ], [ -82.136760742719602, 52.365953837970203 ], [ -82.135280850734759, 52.365518522069117 ], [ -82.135246286604556, 52.364170227135013 ], [ -82.135980441969011, 52.364163172034317 ], [ -82.135968913752791, 52.363713740431002 ], [ -82.137448751786692, 52.364149048153671 ], [ -82.137460295199958, 52.364598479493139 ], [ -82.138194457099416, 52.364591410599267 ], [ -82.137483382938768, 52.365497342063563 ], [ -82.136749205841284, 52.365504406625377 ] ] ] } },
{ "type": "Feature", "properties": { "area_km2": 0.020000000000017462, "mock": true }, "geometry": { "type": "Polygon", "coordinates": [ [ [ -82.158592936034708, 52.386420760419078 ], [ -82.159327454451713, 52.386413558165323 ], [ -82.159315679897972, 52.38596413193595 ], [ -82.160796490354642, 52.386399139967985 ], [ -82.160820070218051, 52.387297991853096 ], [ -82.16008553750936, 52.387305203465942 ], [ -82.160097320450618, 52.387754629470422 ], [ -82.158616471160613, 52.38731961300136 ], [ -82.158592936034708, 52.386420760419078 ] ] ] } },
{ "type": "Feature", "properties": { "area_km2": 0.089999999999877761, "mock": true }, "geometry": { "type": "Polygon", "coordinates": [ [ [ -82.214884359854665, 52.402938214918279 ], [ -82.216353914957153, 52.402923102997931 ], [ -82.217113429931885, 52.403814371203062 ], [ -82.217848221594068, 52.403806803584516 ], [ -82.217872975737052, 52.404705634208653 ], [ -82.216415724867474, 52.405170180869263 ], [ -82.216428087827225, 52.405619596334269 ], [ -82.215693265659226, 52.405627155308586 ], [ -82.215705621480978, 52.406076570859049 ], [ -82.212766299697691, 52.406106761581299 ], [ -82.212753973731864, 52.405657345544 ], [ -82.212019149937163, 52.405664881687386 ], [ -82.211994513907783, 52.404766049260573 ], [ -82.213451798862948, 52.404301556868894 ], [ -82.213439466733632, 52.403852140807565 ], [ -82.214174260024279, 52.403844596018445 ], [ -82.21416192075705, 52.403395180042338 ], [ -82.214896706259395, 52.403387630809057 ], [ -82.214884359854665, 52.402938214918279 ] ] ] } },
{ "type": "Feature", "properties": { "area_km2": 0.067500000000037835, "mock": true }, "geometry": { "type": "Polygon", "coordinates": [ [ [ -82.194061114066571, 52.421132032731606 ], [ -82.194073256845542, 52.421581450668725 ], [ -82.194808350067305, 52.421574024491548 ], [ -82.194832651528529, 52.422472860017187 ], [ -82.193374571147743, 52.422937126229378 ], [ -82.193386707735939, 52.423386544140818 ], [ -82.191916459920023, 52.423401374607359 ], [ -82.191928581884298, 52.423850792721638 ], [ -82.189723185347233, 52.423873004510646 ], [ -82.189711085799033, 52.423423586038183 ], [ -82.18897596045359, 52.423430980710016 ], [ -82.188951777257969, 52.42253214341752 ], [ -82.189686887659889, 52.422524748984173 ], [ -82.189674789068917, 52.422075330402699 ], [ -82.192615197598329, 52.422045707456483 ], [ -82.193326027995539, 52.42113945422021 ], [ -82.194061114066571, 52.421132032731606 ] ] ] } },
{ "type": "Feature", "properties": { "area_km2": 0.034999999999844295, "mock": true }, "geometry": { "type": "Polygon", "coordinates": [ [ [ -82.003588729663321, 52.02999746848414 ], [ -82.002860027852321, 52.03000367341297 ], [ -82.002870083904398, 52.030453150092328 ], [ -82.001402623440896, 52.030016069752548 ], [ -82.001382541341172, 52.0291171158878 ], [ -82.000653853348553, 52.02912330709951 ], [ -82.000633786906761, 52.028224352892295 ], [ -82.001362460292697, 52.028218161879586 ], [ -82.001352420162661, 52.02776868482168 ], [ -82.002819806276037, 52.02820576633691 ], [ -82.002839916537795, 52.029104719946687 ], [ -82.0035686037414, 52.029098515217285 ], [ -82.003588729663321, 52.02999746848414 ] ] ] } },
{ "type": "Feature", "properties": { "area_km2": 0.027500000000104774, "mock": true }, "geometry": { "type": "Polygon", "coordinates": [ [ [ -82.05117513155794, 52.039023344069946 ], [ -82.051185675447073, 52.039472813255991 ], [ -82.049717455875765, 52.039036339575539 ], [ -82.049696398153955, 52.038137400677641 ], [ -82.051143501546662, 52.037674936295723 ], [ -82.051132958761571, 52.037225466965651 ], [ -82.051861766961153, 52.037218962870057 ], [ -82.052611689957516, 52.038111392473311 ], [ -82.05188286742073, 52.038117901285119 ], [ -82.051903968985116, 52.039016839556169 ], [ -82.05117513155794, 52.039023344069946 ] ] ] } },
{ "type": "Feature", "properties": { "area_km2": 0.040000000000004365, "mock": true }, "geometry": { "type": "Polygon", "coordinates": [ [ [ -82.058484727579611, 52.039857032343086 ], [ -82.05850596289423, 52.04075596843763 ], [ -82.057777098729602, 52.040762513937743 ], [ -82.057787709495827, 52.041211982036195 ], [ -82.054872220829125, 52.041238119381099 ], [ -82.054122199794591, 52.040345705165429 ], [ -82.054851058038309, 52.040339182307982 ], [ -82.05484047705842, 52.039889713717429 ], [ -82.057027028203663, 52.039870118415067 ], [ -82.057016425578254, 52.039420650103438 ], [ -82.057745268097634, 52.039414109426282 ], [ -82.05775587803052, 52.039863577632801 ], [ -82.058484727579611, 52.039857032343086 ] ] ] } },
{ "type": "Feature", "properties": { "area_km2": 0.082499999999807921, "mock": true }, "geometry": { "type": "Polygon", "coordinates": [ [ [ -81.988821446450643, 52.054398622014702 ], [ -81.989570411059077, 52.055291455112794 ], [ -81.988122095262625, 52.055753167981329 ], [ -81.987432613181667, 52.057557186410577 ], [ -81.986703459459861, 52.057563293684979 ], [ -81.9867232674452, 52.058462247185062 ], [ -81.985274819709034, 52.058923925487001 ], [ -81.985284709717291, 52.05937340234366 ], [ -81.983816466555083, 52.058936109049554 ], [ -81.983806591438395, 52.05848663196123 ], [ -81.985255040469568, 52.058024971666256 ], [ -81.985205596903086, 52.055777586487601 ], [ -81.986653944035268, 52.055315909307907 ], [ -81.98664404172834, 52.054866432325028 ], [ -81.987373151559069, 52.054860325639687 ], [ -81.987363242196963, 52.054410848719165 ], [ -81.988821446450643, 52.054398622014702 ] ] ] } },
{ "type": "Feature", "properties": { "area_km2": 0.075000000000010184, "mock": true }, "geometry": { "type": "Polygon", "coordinates": [ [ [ -81.919915736817003, 52.07248938438422 ], [ -81.91918632556505, 52.07249507508989 ], [ -81.918420021042252, 52.070702822794679 ], [ -81.917690638596184, 52.070708504108566 ], [ -81.918401575977356, 52.069803853336992 ], [ -81.919869547912441, 52.070241962100027 ], [ -81.920635902239439, 52.072034204871365 ], [ -81.922103969119973, 52.072472285188049 ], [ -81.922113229595254, 52.072921769263026 ], [ -81.922842647200738, 52.072916060412823 ], [ -81.922851915241566, 52.073365544360371 ], [ -81.923581339927239, 52.073359830905041 ], [ -81.923590615533982, 52.073809314725089 ], [ -81.924320047299773, 52.073803596664511 ], [ -81.924329330472858, 52.074253080356968 ], [ -81.925058769318781, 52.074247357691 ], [ -81.924347897548643, 52.075152047634887 ], [ -81.922879720820859, 52.0747139959891 ], [ -81.922870452051626, 52.074264512148517 ], [ -81.922141012476672, 52.074270221274084 ], [ -81.922131751273596, 52.07382073730605 ], [ -81.921402318779371, 52.073826441826427 ], [ -81.921393065142055, 52.073376957731035 ], [ -81.920663639728573, 52.073382657646377 ], [ -81.920654393656633, 52.072933173423678 ], [ -81.919924975323923, 52.072938868734106 ], [ -81.919915736817003, 52.07248938438422 ] ] ] } },
{ "type": "Feature", "properties": { "area_km2": 0.099999999999956346, "mock": true }, "geometry": { "type": "Polygon", "coordinates": [ [ [ -82.078687031793422, 52.12194350484291 ], [ -82.07941721450122, 52.121936822729381 ], [ -82.079406355329951, 52.121487363989715 ], [ -82.080866705206546, 52.121473986416106 ], [ -82.081575118176829, 52.120568373906728 ], [ -82.082305277718262, 52.120561674034221 ], [ -82.082294390034264, 52.12011221561697 ], [ -82.083024541948532, 52.120105511331928 ], [ -82.083013647208489, 52.11965605298645 ], [ -82.084473935496874, 52.119642631071471 ], [ -82.084484844919899, 52.120092089201073 ], [ -82.085214995976614, 52.120085371355252 ], [ -82.084506664624072, 52.120991005352053 ], [ -82.083046332285591, 52.121004427914691 ], [ -82.082337942483178, 52.121910049069534 ], [ -82.081607760915446, 52.121916749265345 ], [ -82.081618642398922, 52.122366207646095 ], [ -82.080888453203428, 52.122372903429046 ], [ -82.080899327629552, 52.122822361881397 ], [ -82.080169130806226, 52.122829053251337 ], [ -82.080179998174614, 52.123278511775261 ], [ -82.079449793723441, 52.123285198732034 ], [ -82.07946065403371, 52.123734657327454 ], [ -82.078000229591083, 52.123748017893483 ], [ -82.077291694357584, 52.12465360912234 ], [ -82.076561466738582, 52.124660278317698 ], [ -82.076572298528447, 52.125109737234453 ], [ -82.07510101064868, 52.124673603145325 ], [ -82.07509019382988, 52.124224143978168 ], [ -82.076539804010906, 52.123761360376008 ], [ -82.076528973073081, 52.12331190135108 ], [ -82.077259178662146, 52.123305232477527 ], [ -82.077248340665392, 52.122855773523817 ], [ -82.077978538627349, 52.122849100236792 ], [ -82.077967693572035, 52.122399641354349 ], [ -82.078697883906898, 52.122392963654008 ], [ -82.078687031793422, 52.12194350484291 ] ] ] } },
{ "type": "Feature", "properties": { "area_km2": 0.035000000000142611, "mock": true }, "geometry": { "type": "Polygon", "coordinates": [ [ [ -82.059238422131244, 52.13335874445248 ], [ -82.059990132753697, 52.134251103081397 ], [ -82.05854000924289, 52.134713685189865 ], [ -82.058550663582167, 52.13516314597284 ], [ -82.057820259681407, 52.135169700044457 ], [ -82.057830906951764, 52.135619160896894 ], [ -82.057100495423356, 52.135625710551061 ], [ -82.057111135624368, 52.136075171472847 ], [ -82.055639671529562, 52.135638796290714 ], [ -82.055629046304418, 52.135189335122412 ], [ -82.057079215858479, 52.13472678859948 ], [ -82.057068576494615, 52.134277327569698 ], [ -82.057798965978421, 52.13427077823161 ], [ -82.057788319545764, 52.133821317271206 ], [ -82.058518701402534, 52.133814763515865 ], [ -82.058508047901483, 52.133365302624888 ], [ -82.059238422131244, 52.13335874445248 ] ] ] } },
{ "type": "Feature", "properties": { "area_km2": 0.19749999999977591, "mock": true }, "geometry": { "type": "Polygon", "coordinates": [ [ [ -82.046281200286614, 52.141566422225459 ], [ -82.046270667000741, 52.141116960163522 ], [ -82.047001170892315, 52.141110477101655 ], [ -82.046990630531894, 52.140661015108044 ], [ -82.047721126796148, 52.140654527626729 ], [ -82.047710579361535, 52.140205065701501 ], [ -82.048441067998496, 52.140198573800909 ], [ -82.048430513490075, 52.139749111944155 ], [ -82.049160994499772, 52.139742615624385 ], [ -82.049150432917955, 52.139293153836192 ], [ -82.049880906300359, 52.139286653097422 ], [ -82.04987033764553, 52.13883719137781 ], [ -82.050600803400684, 52.138830686220196 ], [ -82.050579652223121, 52.13793176288236 ], [ -82.052029963630588, 52.137469277902468 ], [ -82.052019374036746, 52.137019816353124 ], [ -82.052749809561064, 52.137013298044671 ], [ -82.052739212895929, 52.136563836564207 ], [ -82.053469640793281, 52.136557313837535 ], [ -82.053459037057237, 52.136107852426022 ], [ -82.054189457327652, 52.136101325281324 ], [ -82.054941114465663, 52.13699371598058 ], [ -82.053490849099745, 52.137456236552644 ], [ -82.053501453670179, 52.13790569785624 ], [ -82.052771003725155, 52.137912220897682 ], [ -82.05278160122414, 52.138361682270201 ], [ -82.052051143651525, 52.138368200893233 ], [ -82.052061734078649, 52.138817662334667 ], [ -82.051331268878457, 52.138824176539138 ], [ -82.051352435865851, 52.139723099523628 ], [ -82.050621955687831, 52.139729609414118 ], [ -82.050653686199169, 52.141077993935205 ], [ -82.049203243597404, 52.141540462417524 ], [ -82.049213806564467, 52.141989924025872 ], [ -82.048483288800668, 52.141996420868189 ], [ -82.048504400863024, 52.142895344186044 ], [ -82.047053876841872, 52.143357786530281 ], [ -82.047064418861353, 52.143807248308093 ], [ -82.046333870860607, 52.143813731995778 ], [ -82.046354941024546, 52.144712655652192 ], [ -82.044904335576305, 52.145175071854226 ], [ -82.044914856643615, 52.145624533800948 ], [ -82.044184278404344, 52.145631004332223 ], [ -82.044194792394649, 52.146080466347065 ], [ -82.042723121098604, 52.145643931821105 ], [ -82.043411676096156, 52.143839621503908 ], [ -82.044142225201114, 52.143833155913292 ], [ -82.043390665853067, 52.142940696870681 ], [ -82.044841214967917, 52.142478299418876 ], [ -82.044830695832346, 52.142028837220472 ], [ -82.045561214978619, 52.142022362997956 ], [ -82.045550688767705, 52.14157290086775 ], [ -82.046281200286614, 52.141566422225459 ] ] ] } },
{ "type": "Feature", "properties": { "area_km2": 0.074999999999857389, "mock": true }, "geometry": { "type": "Polygon", "coordinates": [ [ [ -82.004052606305564, 52.148227253410433 ], [ -82.004062717192383, 52.148676720859463 ], [ -82.004793354438604, 52.148670498583954 ], [ -82.004813591717564, 52.14956943317425 ], [ -82.003362391868308, 52.150031341041924 ], [ -82.003402811829488, 52.151829210449698 ], [ -82.001951523978661, 52.152291101235981 ], [ -82.001961615184385, 52.152740568662381 ], [ -82.000500205908907, 52.15275297428272 ], [ -81.99974936286479, 52.151860234816901 ], [ -82.000480053186848, 52.151854038994919 ], [ -82.000459901522163, 52.150955103563795 ], [ -82.001190576868282, 52.150948903415589 ], [ -82.001170411550191, 52.150049968040641 ], [ -82.002621635054638, 52.149588087025414 ], [ -82.002601441904346, 52.148689151834901 ], [ -82.004052606305564, 52.148227253410433 ] ] ] } },
{ "type": "Feature", "properties": { "area_km2": 0.045000000000046565, "mock": true }, "geometry": { "type": "Polygon", "coordinates": [ [ [ -82.039237656263367, 52.152867570914637 ], [ -82.038506958150705, 52.152874006905854 ], [ -82.038517417706146, 52.153323469175895 ], [ -82.037056005945416, 52.153336327787983 ], [ -82.037066451062543, 52.153785790228945 ], [ -82.035594593088518, 52.153349168296756 ], [ -82.035573733100762, 52.152450242893806 ], [ -82.037024672238203, 52.151987940249477 ], [ -82.03701422821716, 52.151538477664765 ], [ -82.037744904811092, 52.151532051035247 ], [ -82.037734453708637, 52.151082588518008 ], [ -82.03846512267296, 52.15107615746642 ], [ -82.038475581130811, 52.151525619880175 ], [ -82.039206257176161, 52.151519184199593 ], [ -82.039237656263367, 52.152867570914637 ] ] ] } },
{ "type": "Feature", "properties": { "area_km2": 0.069999999999850113, "mock": true }, "geometry": { "type": "Polygon", "coordinates": [ [ [ -81.996246416320574, 52.158633166162367 ], [ -81.994784811524539, 52.158645501948428 ], [ -81.994794832847802, 52.159094969868491 ], [ -81.993333212281868, 52.159107287745314 ], [ -81.992582403375181, 52.158214503423054 ], [ -81.993313199334153, 52.158208351473 ], [ -81.993303193254135, 52.157758883283137 ], [ -81.99623638054257, 52.158183698404983 ], [ -81.996226345027907, 52.157734230611794 ], [ -81.996957132313554, 52.157728056127183 ], [ -81.996967175186839, 52.158177523821045 ], [ -81.997697969567582, 52.158171344710318 ], [ -81.997687919335675, 52.157721877115883 ], [ -81.998418706094085, 52.157715693577877 ], [ -81.998428763684615, 52.15816516107283 ], [ -81.999890351126766, 52.158152780217563 ], [ -81.99988027881902, 52.157703312921818 ], [ -82.002072635923838, 52.157684707987606 ], [ -82.002823624845135, 52.15857743104656 ], [ -82.002092824955668, 52.15858364194451 ], [ -82.002102919868918, 52.159033108869245 ], [ -81.999910496535165, 52.15905171470154 ], [ -81.999900423698804, 52.158602247477454 ], [ -81.998438821539068, 52.158614628531929 ], [ -81.998448879657417, 52.15906409595523 ], [ -81.997718070822572, 52.159070279791699 ], [ -81.997708020063214, 52.158620812268929 ], [ -81.99697721832365, 52.158626991479075 ], [ -81.996987261724001, 52.159076459101271 ], [ -81.996256452361877, 52.159082633883948 ], [ -81.996246416320574, 52.158633166162367 ] ] ] } },
{ "type": "Feature", "properties": { "area_km2": 0.12499999999957218, "mock": true }, "geometry": { "type": "Polygon", "coordinates": [ [ [ -81.986084697286898, 52.161865419390246 ], [ -81.986074762708839, 52.161415950500142 ], [ -81.986805612538888, 52.161409838603014 ], [ -81.986795670861412, 52.160960369775452 ], [ -81.987526513070449, 52.160954253449411 ], [ -81.987516564293941, 52.160504784684491 ], [ -81.988247398882024, 52.160498663929673 ], [ -81.988237443006838, 52.160049195227423 ], [ -81.988968269973967, 52.160043070044004 ], [ -81.988948344288517, 52.159144132729224 ], [ -81.989679156275415, 52.159138003215951 ], [ -81.98966918646569, 52.158688534603478 ], [ -81.991130794936268, 52.158676262193545 ], [ -81.991120810670338, 52.158226793742749 ], [ -81.991851607153833, 52.158220650846296 ], [ -81.992602401604955, 52.159113439893332 ], [ -81.991150764254073, 52.15957519898771 ], [ -81.99116074930599, 52.160024667331108 ], [ -81.990429923123742, 52.160030806095826 ], [ -81.990439901077991, 52.160480274502184 ], [ -81.989709067274234, 52.160486408838523 ], [ -81.989719038130445, 52.160935877307786 ], [ -81.988988196705165, 52.160942007215581 ], [ -81.988998160462941, 52.161391475747685 ], [ -81.988267311416124, 52.161397601226774 ], [ -81.98827726807508, 52.16184706982164 ], [ -81.987546411406697, 52.161853190871916 ], [ -81.987556360966451, 52.162302659529466 ], [ -81.986825496676502, 52.162308776150766 ], [ -81.986835439136655, 52.162758244870936 ], [ -81.986104567225112, 52.162764357063104 ], [ -81.986114502585295, 52.163213825845858 ], [ -81.985383623052144, 52.16321993360873 ], [ -81.985393551311958, 52.163669402453984 ], [ -81.98466266415717, 52.163675505787424 ], [ -81.984672585316233, 52.164124974695085 ], [ -81.983210795503197, 52.164137167975049 ], [ -81.982499699136227, 52.165042196119707 ], [ -81.981037878317466, 52.165054362624474 ], [ -81.980287212759009, 52.164161500201509 ], [ -81.981739112936467, 52.163699873844109 ], [ -81.981729221482226, 52.16325040450856 ], [ -81.98319098289025, 52.163238229731554 ], [ -81.983181076973707, 52.162788760556147 ], [ -81.984642822620074, 52.162776567864739 ], [ -81.985353839835852, 52.161871526858285 ], [ -81.986084697286898, 52.161865419390246 ] ] ] } },
{ "type": "Feature", "properties": { "area_km2": 0.074999999999979625, "mock": true }, "geometry": { "type": "Polygon", "coordinates": [ [ [ -81.972286525499513, 52.166025922186485 ], [ -81.972296322800702, 52.16647539257378 ], [ -81.973027258526713, 52.166469365630029 ], [ -81.972315918174459, 52.167374333241149 ], [ -81.966478044490728, 52.167871858375186 ], [ -81.966487783914658, 52.168321329392768 ], [ -81.96502584868918, 52.16833329801436 ], [ -81.965016123991759, 52.167883826804193 ], [ -81.964285163359364, 52.167889804226 ], [ -81.964996675362613, 52.16698488427663 ], [ -81.96718951154989, 52.166966925418429 ], [ -81.967179765530048, 52.166517454390011 ], [ -81.970103514080705, 52.166493446235769 ], [ -81.970093738866794, 52.166043975557955 ], [ -81.972286525499513, 52.166025922186485 ] ] ] } },
{ "type": "Feature", "properties": { "area_km2": 0.46500000000035646, "mock": true }, "geometry": { "type": "Polygon", "coordinates": [ [ [ -81.941653726173485, 52.169421280813481 ], [ -81.941644236607374, 52.168971806632783 ], [ -81.940913253182757, 52.168977639329562 ], [ -81.940894289524991, 52.16807869067344 ], [ -81.942346730488183, 52.167617546932952 ], [ -81.942337234555055, 52.167168072703504 ], [ -81.943068188027567, 52.167162231325293 ], [ -81.943077691323865, 52.167611705460722 ], [ -81.945270572333655, 52.167594153873083 ], [ -81.945982466923013, 52.16668934673374 ], [ -81.947444356393959, 52.166677614353496 ], [ -81.947434809420017, 52.166228140712171 ], [ -81.949627619658699, 52.166210508463053 ], [ -81.949618050847761, 52.165761035069785 ], [ -81.955465474854265, 52.165713817255956 ], [ -81.955455847396294, 52.165264344586781 ], [ -81.956917686150746, 52.165252495042459 ], [ -81.956908044221365, 52.164803022528254 ], [ -81.961293510233631, 52.164767365795576 ], [ -81.961283824386499, 52.164317893819394 ], [ -81.962745629635606, 52.16430597220986 ], [ -81.96273592931945, 52.163856500389819 ], [ -81.965659507315181, 52.163832603220584 ], [ -81.965669237077506, 52.164282074656114 ], [ -81.966400138300131, 52.164276088947972 ], [ -81.965688697368165, 52.165181017419961 ], [ -81.964226864709801, 52.16519297563746 ], [ -81.964236580513926, 52.165642447158206 ], [ -81.963505656440077, 52.165648419570999 ], [ -81.963515365136828, 52.166097891152113 ], [ -81.959129771175796, 52.166133631113638 ], [ -81.959139435952068, 52.166583103234153 ], [ -81.957677554542087, 52.166594980520209 ], [ -81.957687204846451, 52.167044452796098 ], [ -81.955494358744147, 52.167062235049229 ], [ -81.955503987212794, 52.167511707575585 ], [ -81.951849201842663, 52.167541254572214 ], [ -81.951858793747903, 52.167990727538296 ], [ -81.951127828554661, 52.167996623447138 ], [ -81.951156583689951, 52.169345042415898 ], [ -81.950425596154247, 52.169350934080633 ], [ -81.950444752774047, 52.170249880070955 ], [ -81.948992311450255, 52.170711123323962 ], [ -81.949001875659405, 52.171160596419298 ], [ -81.94827085791276, 52.171166474876131 ], [ -81.948289972354303, 52.172065421148929 ], [ -81.947558939626944, 52.172071295265745 ], [ -81.947568489858767, 52.172520768443157 ], [ -81.946096873420473, 52.172083029911775 ], [ -81.946058733917724, 52.170285136089994 ], [ -81.944587206106846, 52.169847378131827 ], [ -81.944577686835189, 52.169397904362995 ], [ -81.94311570700323, 52.169409601645818 ], [ -81.943106202709245, 52.168960127653051 ], [ -81.942375219782932, 52.168965969407282 ], [ -81.942384716712979, 52.169415443494032 ], [ -81.941653726173485, 52.169421280813481 ] ] ] } },
{ "type": "Feature", "properties": { "area_km2": 0.4775000000002908, "mock": true }, "geometry": { "type": "Polygon", "coordinates": [ [ [ -81.927286197758448, 52.181672915870593 ], [ -81.928017392146515, 52.181667166630241 ], [ -81.928008035868388, 52.181217691640775 ], [ -81.9302015954502, 52.181200417012711 ], [ -81.930914010713764, 52.180295700397664 ], [ -81.931645181764523, 52.180289928781846 ], [ -81.931635789379584, 52.179840454149151 ], [ -81.932366952815087, 52.179834678095702 ], [ -81.932357553308179, 52.179385203520333 ], [ -81.935282175106863, 52.179362054373868 ], [ -81.935994457982744, 52.178457307435224 ], [ -81.938187876780916, 52.17843988497534 ], [ -81.938900085977167, 52.177535120707589 ], [ -81.940362333966874, 52.17752347439729 ], [ -81.940352854651209, 52.177074000670913 ], [ -81.943277318173429, 52.177050654064665 ], [ -81.943989401874319, 52.176145859467944 ], [ -81.944720502147376, 52.176140007149634 ], [ -81.944710979377135, 52.175690533880264 ], [ -81.946173164439571, 52.175678815842616 ], [ -81.946885167605728, 52.174774003949253 ], [ -81.947616244778018, 52.174768133794892 ], [ -81.947606693292784, 52.174318660795912 ], [ -81.950521389309742, 52.173845662604506 ], [ -81.950511808862743, 52.173396189912744 ], [ -81.951973916248946, 52.173384400347189 ], [ -81.952685765231919, 52.172479553849058 ], [ -81.953416803564409, 52.17247364793284 ], [ -81.953407194411071, 52.172024175513734 ], [ -81.954138225126172, 52.172018265163395 ], [ -81.95412860886006, 52.171568792803654 ], [ -81.954859631957831, 52.171562878019323 ], [ -81.954840385453451, 52.170663933383146 ], [ -81.956292763830419, 52.170202618427268 ], [ -81.956283126481296, 52.169753146210496 ], [ -81.958476104366795, 52.169735348654036 ], [ -81.958466445178757, 52.169285876687951 ], [ -81.959928414440682, 52.169273989197642 ], [ -81.960640036893508, 52.168369095194166 ], [ -81.961371006162409, 52.16836314031891 ], [ -81.96136131828149, 52.167913668628529 ], [ -81.962823241329716, 52.167901745484208 ], [ -81.962832943937244, 52.168351216982728 ], [ -81.963563912442794, 52.16834524852181 ], [ -81.962852349916247, 52.169250159872611 ], [ -81.959938088356552, 52.169723460972442 ], [ -81.959226430353581, 52.170628350711475 ], [ -81.958495423503408, 52.170634292479093 ], [ -81.959245765233533, 52.171527294202448 ], [ -81.959976786559167, 52.171521347714503 ], [ -81.959986461744649, 52.171970819310744 ], [ -81.960717490181253, 52.171964868197968 ], [ -81.960005812877426, 52.172869762396033 ], [ -81.958543725781865, 52.172881651416766 ], [ -81.958534064819062, 52.172432179700664 ], [ -81.956340954370305, 52.1724499789756 ], [ -81.956350593237204, 52.172899450978129 ], [ -81.9548885036088, 52.172911294705834 ], [ -81.954898127997666, 52.173360766863276 ], [ -81.95343602262777, 52.173372592664023 ], [ -81.952724174904972, 52.174277443548753 ], [ -81.951262038558866, 52.174289242552867 ], [ -81.950550132159577, 52.175194080465673 ], [ -81.949819048624931, 52.175199968833354 ], [ -81.949828622711294, 52.175649441477134 ], [ -81.949097531558792, 52.175655325409807 ], [ -81.949107098529723, 52.176104798112569 ], [ -81.946192239697595, 52.176577761968538 ], [ -81.945480194082549, 52.177482569612771 ], [ -81.942565205752075, 52.177955444364983 ], [ -81.942574707668854, 52.17840491773832 ], [ -81.9403812933447, 52.178422421743008 ], [ -81.939669100375653, 52.179327194741305 ], [ -81.936753928239639, 52.179799926634146 ], [ -81.936763372205306, 52.180249400614592 ], [ -81.93456986350003, 52.180266797012621 ], [ -81.934579285607043, 52.180716271237394 ], [ -81.933116930495459, 52.180727846369436 ], [ -81.933126338111691, 52.18117732074483 ], [ -81.931663967274105, 52.181188877940251 ], [ -81.931673360398761, 52.181638352466003 ], [ -81.930210973836267, 52.181649891724163 ], [ -81.929498522957175, 52.182554604058502 ], [ -81.92876731432132, 52.182560362545878 ], [ -81.928776678706228, 52.18300983733586 ], [ -81.927314245957405, 52.183021340902812 ], [ -81.926601714500862, 52.183926035917956 ], [ -81.925870482772481, 52.18393177655858 ], [ -81.925889154298503, 52.184830726629102 ], [ -81.924435982013051, 52.185291669852226 ], [ -81.924445303646607, 52.185741144983012 ], [ -81.92297347261804, 52.18530311996782 ], [ -81.922964165971052, 52.184853644617142 ], [ -81.924417339480073, 52.184392719483832 ], [ -81.924398697925895, 52.183493768972937 ], [ -81.925851812226753, 52.183032826345553 ], [ -81.92584247732151, 52.182583351185592 ], [ -81.926573686939534, 52.182577610822143 ], [ -81.926564344909593, 52.182128135718955 ], [ -81.927295546912646, 52.182122390916973 ], [ -81.927286197758448, 52.181672915870593 ] ] ] } },
{ "type": "Feature", "properties": { "area_km2": 0.025618315587500658, "mock": true }, "geometry": { "type": "Polygon", "coordinates": [ [ [ -81.913540833096263, 52.188972914952181 ], [ -81.914994239262725, 52.188512105121085 ], [ -81.914975784981323, 52.187613152865865 ], [ -81.915412689755229, 52.187474621952468 ], [ -81.915403484070396, 52.187482196034139 ], [ -81.915384539155582, 52.187501579563538 ], [ -81.915368858920985, 52.18752203499777 ], [ -81.915356602083136, 52.187543355291297 ], [ -81.915347892708354, 52.187565324644382 ], [ -81.915342818956603, 52.187587720687283 ], [ -81.915341432189038, 52.187610316731053 ], [ -81.915359893842734, 52.188509268894983 ], [ -81.915362106971997, 52.18853128341334 ], [ -81.915367820246558, 52.188553058599652 ], [ -81.915376978649391, 52.18857438474646 ], [ -81.915389493984577, 52.188595056470497 ], [ -81.915405245726504, 52.188614874690721 ], [ -81.915424082180465, 52.188633648545533 ], [ -81.915445821943408, 52.188651197231053 ], [ -81.915470255650874, 52.188667351742311 ], [ -81.915497147993236, 52.188681956500908 ], [ -81.915526239981887, 52.18869487085351 ], [ -81.91555725144336, 52.188705970426312 ], [ -81.915589883717743, 52.188715148323006 ], [ -81.915623822534982, 52.188722316154234 ], [ -81.915658741041554, 52.188727404888922 ], [ -81.915694302948495, 52.188730365519056 ], [ -81.915730165770171, 52.188731169531771 ], [ -81.916461478313366, 52.188725491368885 ], [ -81.916466099468295, 52.188950229310201 ], [ -81.915734783238804, 52.188955907518782 ], [ -81.915753253719544, 52.189854859377782 ], [ -81.915021922501865, 52.189860533236946 ], [ -81.915049607921617, 52.191208961032402 ], [ -81.914612665536936, 52.191347490690731 ], [ -81.914621872147208, 52.191339916671332 ], [ -81.914640819006209, 52.191320533267742 ], [ -81.914656500891041, 52.191300077935516 ], [ -81.91466875907561, 52.191278757721804 ], [ -81.914677469488822, 52.191256788427623 ], [ -81.91468254397013, 52.191234392423645 ], [ -81.914683931161875, 52.191211796399323 ], [ -81.914656256802147, 52.189863368466931 ], [ -81.914654043947067, 52.189841353938952 ], [ -81.914648330847882, 52.189819578721945 ], [ -81.914639172529746, 52.1897982525226 ], [ -81.914626657196791, 52.189777580723117 ], [ -81.91461090538246, 52.189757762403133 ], [ -81.91459206878848, 52.189738988422661 ], [ -81.914570328823828, 52.189721439583955 ], [ -81.914545894857639, 52.189705284890394 ], [ -81.914519002202681, 52.189690679918911 ], [ -81.914489909849223, 52.189677765321804 ], [ -81.914458897970903, 52.189666665472195 ], [ -81.914426265226425, 52.189657487266338 ], [ -81.914392325883526, 52.189650319094177 ], [ -81.914357406792519, 52.189645229988209 ], [ -81.914321844238671, 52.189642268958558 ], [ -81.914285980703767, 52.189641464521202 ], [ -81.913554652688191, 52.189647129270369 ], [ -81.913540833096263, 52.188972914952181 ] ] ] } },
{ "type": "Feature", "properties": { "area_km2": 0.036152036160325633, "mock": true }, "geometry": { "type": "Polygon", "coordinates": [ [ [ -82.050516205347151, 52.135234992005451 ], [ -82.049055391146325, 52.135247996123596 ], [ -82.049065950235303, 52.135697458235541 ], [ -82.048335535370896, 52.135703953614829 ], [ -82.048356639682112, 52.136602877939779 ], [ -82.046906317600531, 52.137065317864369 ], [ -82.046916855749458, 52.137514780145715 ], [ -82.045445441842588, 52.137078277587804 ], [ -82.045434918668292, 52.136628815062011 ], [ -82.046885242131793, 52.136166393193804 ], [ -82.046874704811998, 52.135716930804584 ], [ -82.047605120229719, 52.135710444471179 ], [ -82.047584031722337, 52.134811519793502 ], [ -82.048314432166663, 52.134805029145966 ], [ -82.047750813449227, 52.134135703992101 ], [ -82.048072902775488, 52.134132841854772 ], [ -82.048720547746669, 52.134901942068382 ], [ -82.048739073939529, 52.134921469839028 ], [ -82.048760694998506, 52.134939753271723 ], [ -82.048785192080189, 52.134956607302648 ], [ -82.048812317229348, 52.134971861336183 ], [ -82.048841795888748, 52.134985360971541 ], [ -82.048873329678173, 52.13499696956584 ], [ -82.048906599414664, 52.135006569617126 ], [ -82.048941268343327, 52.135014063953854 ], [ -82.048976985546076, 52.135019376718397 ], [ -82.049013389493751, 52.135022454135019 ], [ -82.049050111705682, 52.13502326505413 ], [ -82.050510918558146, 52.135010261040577 ], [ -82.050516205347151, 52.135234992005451 ] ] ] } },
{ "type": "Feature", "properties": { "area_km2": 0.26373451491729888, "mock": true }, "geometry": { "type": "Polygon", "coordinates": [ [ [ -82.026515955337274, 52.139941898051404 ], [ -82.026505621617474, 52.13949243305732 ], [ -82.029427547510878, 52.139466963883081 ], [ -82.030178769521896, 52.140359514208022 ], [ -82.038944694194228, 52.140282615661945 ], [ -82.038934235242365, 52.1398331524532 ], [ -82.041125688199159, 52.139813826343833 ], [ -82.041115207470554, 52.13936436341006 ], [ -82.041845683889562, 52.139357912430135 ], [ -82.042597151167357, 52.140250382342977 ], [ -82.041146650481096, 52.140712752103546 ], [ -82.041157132034442, 52.14116221492948 ], [ -82.040426625937968, 52.141168661800698 ], [ -82.040447575167079, 52.142067587552155 ], [ -82.038996993068807, 52.142529931166507 ], [ -82.039007453666855, 52.142979394159575 ], [ -82.031691691011559, 52.142594063684072 ], [ -82.031681304203659, 52.1421445996233 ], [ -82.030220255219774, 52.142157371632109 ], [ -82.030209883387229, 52.141707907329959 ], [ -82.027287811562104, 52.141733396648895 ], [ -82.026536623590047, 52.140840827931832 ], [ -82.025161839282944, 52.140852786501512 ], [ -82.025963755597544, 52.140597305168065 ], [ -82.025995499259324, 52.140585910919157 ], [ -82.026025221493441, 52.140572611815728 ], [ -82.026052621454255, 52.140557542470965 ], [ -82.026077421802867, 52.140540855416198 ], [ -82.026099371514448, 52.140522719557005 ], [ -82.026118248418953, 52.140503318463431 ], [ -82.02613386144985, 52.140482848511944 ], [ -82.026146052578028, 52.140461516897602 ], [ -82.026154698411105, 52.140439539536857 ], [ -82.026159711442219, 52.140417138881993 ], [ -82.026161040935662, 52.140394541669544 ], [ -82.026150710620158, 52.139945076660226 ], [ -82.026515955337274, 52.139941898051404 ] ] ] } },
{ "type": "Feature", "properties": { "area_km2": 0.052500000000052387, "mock": true }, "geometry": { "type": "Polygon", "coordinates": [ [ [ -81.962606478718712, 52.191729654603691 ], [ -81.962596770231244, 52.191280184866699 ], [ -81.963328114776417, 52.191274216037378 ], [ -81.964078905790174, 52.192167181729623 ], [ -81.962625896458405, 52.192628593970497 ], [ -81.962635605710645, 52.193078063600318 ], [ -81.961904231415915, 52.193084028281369 ], [ -81.961913933548956, 52.19353349797148 ], [ -81.96045116944714, 52.193545413927659 ], [ -81.959739147798203, 52.194450304955026 ], [ -81.958266686903087, 52.194012724000444 ], [ -81.958257021387126, 52.19356325386709 ], [ -81.959710107004028, 52.193101895129104 ], [ -81.95970042724764, 52.192652425115703 ], [ -81.960431794932049, 52.192646474128161 ], [ -81.960422108056036, 52.192197004174801 ], [ -81.961153468112329, 52.192191048750601 ], [ -81.961143774117076, 52.191741578857425 ], [ -81.962606478718712, 52.191729654603691 ] ] ] } },
{ "type": "Feature", "properties": { "area_km2": 0.037499999999860305, "mock": true }, "geometry": { "type": "Polygon", "coordinates": [ [ [ -81.954628989570864, 52.194941308170598 ], [ -81.955360395902446, 52.194935388434232 ], [ -81.954648248628587, 52.195840249141597 ], [ -81.953175790801751, 52.195402604738305 ], [ -81.952463591648737, 52.196307452441495 ], [ -81.951000732461623, 52.196319251687861 ], [ -81.950250131430593, 52.195426202471381 ], [ -81.950981546651406, 52.195420309837587 ], [ -81.950971954124142, 52.194970838858922 ], [ -81.95243476905982, 52.19495904018229 ], [ -81.952425162034714, 52.194509569357841 ], [ -81.953897582986443, 52.194947223374065 ], [ -81.953887961211663, 52.1944977527398 ], [ -81.954619360421276, 52.194491837631553 ], [ -81.954628989570864, 52.194941308170598 ] ] ] } },
{ "type": "Feature", "properties": { "area_km2": 0.15750000000040454, "mock": true }, "geometry": { "type": "Polygon", "coordinates": [ [ [ -81.94077967032068, 52.197300283050531 ], [ -81.942242566032007, 52.197288610356594 ], [ -81.942233061007741, 52.196839138387283 ], [ -81.942964501113167, 52.196833295334386 ], [ -81.942954988962754, 52.196383823423432 ], [ -81.945880717381826, 52.196360406256403 ], [ -81.945871175979093, 52.195910934686715 ], [ -81.946602600082485, 52.195905069156481 ], [ -81.946612148860709, 52.196354540631752 ], [ -81.947343580088855, 52.196348670473974 ], [ -81.947362693149131, 52.197247613128546 ], [ -81.946631247169421, 52.197253483475293 ], [ -81.94664079669991, 52.197702954843557 ], [ -81.945177889236248, 52.197714682125962 ], [ -81.945187424264958, 52.198164153647326 ], [ -81.942993039063168, 52.198181710853213 ], [ -81.943002552212789, 52.19863118262149 ], [ -81.941539612742531, 52.198642864946159 ], [ -81.940827125420981, 52.199547643301678 ], [ -81.937910645737574, 52.200020408482345 ], [ -81.937920108245336, 52.200469880764857 ], [ -81.936457106273309, 52.20048150036795 ], [ -81.936466554274475, 52.200930972801871 ], [ -81.935003536554888, 52.200942574456299 ], [ -81.93501297004866, 52.201392047041317 ], [ -81.933549936582594, 52.201403630746441 ], [ -81.933540517844378, 52.200954157974991 ], [ -81.932809008117999, 52.200959942933395 ], [ -81.933521681109951, 52.20005521232514 ], [ -81.935716164539357, 52.200037830805755 ], [ -81.936428763758457, 52.199133082852363 ], [ -81.939345201666882, 52.198660354431631 ], [ -81.940057705236555, 52.197755584812882 ], [ -81.940789160842286, 52.197749755172083 ], [ -81.94077967032068, 52.197300283050531 ] ] ] } },
{ "type": "Feature", "properties": { "area_km2": 0.025000000000133877, "mock": true }, "geometry": { "type": "Polygon", "coordinates": [ [ [ -82.020629542999842, 52.202031221045608 ], [ -82.02060894838533, 52.201132298885931 ], [ -82.021340441801215, 52.201125969676568 ], [ -82.021330137522668, 52.200676508644811 ], [ -82.022793108788704, 52.200663836829115 ], [ -82.023545247104849, 52.20155641553643 ], [ -82.022092559069733, 52.202018557685577 ], [ -82.02210287153757, 52.202468018507751 ], [ -82.020629542999842, 52.202031221045608 ] ] ] } },
{ "type": "Feature", "properties": { "area_km2": 0.059999999999969439, "mock": true }, "geometry": { "type": "Polygon", "coordinates": [ [ [ -82.039126860877531, 52.210860787905794 ], [ -82.039116373498672, 52.210411330131244 ], [ -82.040590158458329, 52.210847893708191 ], [ -82.040600660874858, 52.211297351239274 ], [ -82.039869004841208, 52.211303800709473 ], [ -82.039889995739046, 52.212202715871477 ], [ -82.041363847681893, 52.2126392692998 ], [ -82.041395381215821, 52.213987641042415 ], [ -82.040663681167374, 52.213994095671239 ], [ -82.040674185515101, 52.214443552950833 ], [ -82.039200280242937, 52.214006991321881 ], [ -82.039189790935652, 52.213557533798785 ], [ -82.03845809744233, 52.213563974716934 ], [ -82.038447615792663, 52.213114517054215 ], [ -82.037715929406133, 52.213120953333146 ], [ -82.037694981696333, 52.212222037692761 ], [ -82.039147836461623, 52.211759703347163 ], [ -82.038395211673844, 52.210867228201877 ], [ -82.039126860877531, 52.210860787905794 ] ] ] } },
{ "type": "Feature", "properties": { "area_km2": 0.027499999999784631, "mock": true }, "geometry": { "type": "Polygon", "coordinates": [ [ [ -81.971366670971662, 52.224474863982451 ], [ -81.97137647961101, 52.224924330014161 ], [ -81.969902894452673, 52.22448690208504 ], [ -81.969883307496374, 52.223587969526832 ], [ -81.969151433625498, 52.223593981578084 ], [ -81.969863721569254, 52.222689036825685 ], [ -81.971337246599816, 52.223126465672955 ], [ -81.971347054466079, 52.223575931811851 ], [ -81.972078927564496, 52.223569906148136 ], [ -81.972098558844706, 52.224468838124722 ], [ -81.971366670971662, 52.224474863982451 ] ] ] } },
{ "type": "Feature", "properties": { "area_km2": 0.020000000000068394, "mock": true }, "geometry": { "type": "Polygon", "coordinates": [ [ [ -81.919615580841139, 52.235228965343808 ], [ -81.921070427677847, 52.234768077458618 ], [ -81.921061123671848, 52.234318605656853 ], [ -81.921793184064015, 52.234312890972028 ], [ -81.922543882037459, 52.23520611494753 ], [ -81.921089036423282, 52.235667020955326 ], [ -81.921098341162761, 52.236116492650297 ], [ -81.919624870550749, 52.235678437258187 ], [ -81.919615580841139, 52.235228965343808 ] ] ] } },
{ "type": "Feature", "properties": { "area_km2": 0.035000000000053842, "mock": true }, "geometry": { "type": "Polygon", "coordinates": [ [ [ -82.030176942387726, 52.235214897002898 ], [ -82.030187348839661, 52.235664354145328 ], [ -82.028723230519361, 52.235677123589227 ], [ -82.027970402668856, 52.234784586565034 ], [ -82.027238357609406, 52.234790959733672 ], [ -82.027949635479672, 52.233885671484202 ], [ -82.030145724672579, 52.233866525360312 ], [ -82.030156130304192, 52.234315982610397 ], [ -82.030888166879691, 52.234309591388339 ], [ -82.030908993746053, 52.235208505575038 ], [ -82.030176942387726, 52.235214897002898 ] ] ] } },
{ "type": "Feature", "properties": { "area_km2": 0.039999999999953434, "mock": true }, "geometry": { "type": "Polygon", "coordinates": [ [ [ -81.962182476844134, 52.239834654908762 ], [ -81.962201919661595, 52.240733587017537 ], [ -81.961469762118, 52.24073955280511 ], [ -81.961479476515251, 52.241189018902006 ], [ -81.959282980169178, 52.24120688931059 ], [ -81.959273287956123, 52.240757422925931 ], [ -81.958541129392472, 52.240763370552244 ], [ -81.958521760519403, 52.239864437484322 ], [ -81.959253904294144, 52.239858490049549 ], [ -81.959244212845221, 52.239409023557812 ], [ -81.961440620458006, 52.239391154300193 ], [ -81.961450334089363, 52.239840620504204 ], [ -81.962182476844134, 52.239834654908762 ] ] ] } },
{ "type": "Feature", "properties": { "area_km2": 0.052499999999951981, "mock": true }, "geometry": { "type": "Polygon", "coordinates": [ [ [ -81.954138532476009, 52.240349493873964 ], [ -81.954870685169311, 52.240343573585001 ], [ -81.954889980604591, 52.241242507537017 ], [ -81.955622147833736, 52.241236582516962 ], [ -81.955631803326725, 52.24168604934404 ], [ -81.956363977697094, 52.241680119688077 ], [ -81.95638330423489, 52.24257905304421 ], [ -81.955651115073977, 52.242584982891145 ], [ -81.955660771328297, 52.243034449611159 ], [ -81.954186735991001, 52.242596828963045 ], [ -81.954167453824894, 52.24169789503447 ], [ -81.952693477396579, 52.241260255354689 ], [ -81.952683851736595, 52.240810788110743 ], [ -81.951951690889189, 52.240816694873992 ], [ -81.951932455117216, 52.239917760088851 ], [ -81.952664601175556, 52.239911853515807 ], [ -81.952654976274445, 52.23946238616481 ], [ -81.954128892533106, 52.239900026749098 ], [ -81.954138532476009, 52.240349493873964 ] ] ] } },
{ "type": "Feature", "properties": { "area_km2": 0.040000000000002908, "mock": true }, "geometry": { "type": "Polygon", "coordinates": [ [ [ -81.938885084219947, 52.280930673918988 ], [ -81.939617908753235, 52.280924845074324 ], [ -81.938904084400434, 52.281829605804596 ], [ -81.937438404934696, 52.281841250228268 ], [ -81.936686609121566, 52.280948133171393 ], [ -81.935953783589966, 52.280953943828322 ], [ -81.93594431352308, 52.280504477457235 ], [ -81.935211495154547, 52.280510283473681 ], [ -81.935925374136517, 52.279605544608216 ], [ -81.93739098047871, 52.279593919309235 ], [ -81.938142767133414, 52.280487032126693 ], [ -81.938875584504459, 52.280481207922755 ], [ -81.938885084219947, 52.280930673918988 ] ] ] } },
{ "type": "Feature", "properties": { "area_km2": 0.020000000000082944, "mock": true }, "geometry": { "type": "Polygon", "coordinates": [ [ [ -81.936039025401769, 52.284999139564867 ], [ -81.936020081033021, 52.284100207428338 ], [ -81.936752958455159, 52.284094396116188 ], [ -81.936743479230984, 52.283644930088101 ], [ -81.938218712551233, 52.284082759849518 ], [ -81.938237701402812, 52.284981691423937 ], [ -81.937504809651941, 52.284987512018503 ], [ -81.937514297038277, 52.285436977846039 ], [ -81.936039025401769, 52.284999139564867 ] ] ] } },
{ "type": "Feature", "properties": { "area_km2": 0.085000000000180445, "mock": true }, "geometry": { "type": "Polygon", "coordinates": [ [ [ -81.962403509754509, 52.283888135318151 ], [ -81.962413248702475, 52.28433759798807 ], [ -81.963146124438993, 52.284331622873445 ], [ -81.963165617930841, 52.285230547913692 ], [ -81.962432727366931, 52.28523652322081 ], [ -81.96247168777019, 52.287034373257974 ], [ -81.961738767292971, 52.287040344402264 ], [ -81.961748500619549, 52.287489806918522 ], [ -81.960272925570678, 52.28705227304733 ], [ -81.960263207329291, 52.286602810303243 ], [ -81.959530293499185, 52.286608767708039 ], [ -81.959520582927837, 52.286159304832275 ], [ -81.958787676256705, 52.286165257593389 ], [ -81.958748866181239, 52.284367405350011 ], [ -81.959481743196662, 52.284361452972462 ], [ -81.959472033902358, 52.283911989918288 ], [ -81.962403509754509, 52.283888135318151 ] ] ] } },
{ "type": "Feature", "properties": { "area_km2": 0.37249999999972061, "mock": true }, "geometry": { "type": "Polygon", "coordinates": [ [ [ -82.059874108155753, 52.375209659629448 ], [ -82.060608465097815, 52.375203071763224 ], [ -82.060597697402159, 52.374753629659288 ], [ -82.061332046608442, 52.374747037337499 ], [ -82.062843906082193, 52.376531605932492 ], [ -82.06578141702721, 52.376505152827477 ], [ -82.066494138001005, 52.375599645822497 ], [ -82.067228499834698, 52.375593016792784 ], [ -82.067195995543315, 52.374244693358328 ], [ -82.066461656065542, 52.374251322067472 ], [ -82.066440002868262, 52.373352439384298 ], [ -82.065705678008229, 52.373359063318155 ], [ -82.065684040854165, 52.372460180277628 ], [ -82.067141827433531, 52.371997486915021 ], [ -82.067130994667863, 52.371548045518473 ], [ -82.067865289153673, 52.371541412889215 ], [ -82.06785444922302, 52.371091971563622 ], [ -82.068588735972824, 52.371085334480121 ], [ -82.068577888877584, 52.370635893225561 ], [ -82.069312167891411, 52.37062925168798 ], [ -82.070068170896647, 52.371521487634041 ], [ -82.069333877268264, 52.371528133947002 ], [ -82.069377299453947, 52.373325898033428 ], [ -82.070111622885761, 52.373319251291889 ], [ -82.070165944312464, 52.375566455054852 ], [ -82.070900304716687, 52.37555980321563 ], [ -82.070911177313164, 52.376009243753096 ], [ -82.069453299291695, 52.376471983799895 ], [ -82.069464157555714, 52.376921424479825 ], [ -82.068729774221524, 52.376928067516523 ], [ -82.068740625318725, 52.377377508267571 ], [ -82.068006234245672, 52.377384146849188 ], [ -82.0680170781757, 52.377833587671269 ], [ -82.067282679363771, 52.377840221797648 ], [ -82.067304353174165, 52.378739103547844 ], [ -82.066569939169796, 52.378745733325708 ], [ -82.066580769049594, 52.379195174253773 ], [ -82.064377502963751, 52.379215036532997 ], [ -82.06366468134857, 52.380120530769553 ], [ -82.061461367121808, 52.380140338937295 ], [ -82.060705387127427, 52.379248049081426 ], [ -82.059970963107958, 52.379254637903543 ], [ -82.059193519137906, 52.377463453976098 ], [ -82.057713990008025, 52.377027165610713 ], [ -82.057703250988865, 52.376577723226099 ], [ -82.059161257363215, 52.376115127458512 ], [ -82.059150504005018, 52.375665685214102 ], [ -82.059884868682872, 52.375659101803635 ], [ -82.059874108155753, 52.375209659629448 ] ] ] } },
{ "type": "Feature", "properties": { "area_km2": 0.034999999999978174, "mock": true }, "geometry": { "type": "Polygon", "coordinates": [ [ [ -81.948383481497103, 52.382450368768986 ], [ -81.946904860367709, 52.382012689384204 ], [ -81.946885629011803, 52.3811137748989 ], [ -81.946151148464139, 52.381119656671409 ], [ -81.946866398669457, 52.380214860271117 ], [ -81.948335329182086, 52.380203083416077 ], [ -81.949089069133592, 52.381096102201823 ], [ -81.949823548666487, 52.381090202176296 ], [ -81.949108345225284, 52.381995016117259 ], [ -81.948373850526494, 52.382000911769651 ], [ -81.948383481497103, 52.382450368768986 ] ] ] } },
{ "type": "Feature", "properties": { "area_km2": 0.70750000000041346, "mock": true }, "geometry": { "type": "Polygon", "coordinates": [ [ [ -82.080951859022477, 52.396147077204432 ], [ -82.080940876529937, 52.395697639687683 ], [ -82.079471491825757, 52.395711067150955 ], [ -82.079460524544359, 52.395261629381693 ], [ -82.078725839219402, 52.395268336157471 ], [ -82.07873679903993, 52.395717774034864 ], [ -82.078002105965183, 52.395724476353628 ], [ -82.078758719547707, 52.396616649681704 ], [ -82.079493427255827, 52.396609942581478 ], [ -82.078780641211168, 52.397515525184581 ], [ -82.074372299363205, 52.397555673209041 ], [ -82.073615757512187, 52.396663471554469 ], [ -82.072881047498242, 52.396670142132152 ], [ -82.07287014679018, 52.396220703464216 ], [ -82.072135443950216, 52.396227369369058 ], [ -82.072124550990623, 52.395777930557685 ], [ -82.071389855324668, 52.395784591789891 ], [ -82.071378970113159, 52.395335152835109 ], [ -82.070644281621227, 52.395341809394786 ], [ -82.070611650089901, 52.393993491992688 ], [ -82.0691314553262, 52.393557351352932 ], [ -82.069120593929171, 52.393107911896593 ], [ -82.06838594187964, 52.393114554225349 ], [ -82.068375088228692, 52.392665114625927 ], [ -82.067640443352914, 52.392671752282887 ], [ -82.067629597447663, 52.392222312540504 ], [ -82.066894959745625, 52.392228945525829 ], [ -82.066873283711402, 52.391330065719259 ], [ -82.06539321461743, 52.390893877397772 ], [ -82.065382392232166, 52.390444437190951 ], [ -82.064647783510395, 52.390451056055475 ], [ -82.064615340441478, 52.38910273489914 ], [ -82.065349926787789, 52.389096116354764 ], [ -82.06533910554343, 52.388646676004129 ], [ -82.066819098624606, 52.389082865573648 ], [ -82.066829935070714, 52.389532305674678 ], [ -82.069757438869445, 52.389056309242058 ], [ -82.069746572876724, 52.388606869533241 ], [ -82.071215726365551, 52.388593564197365 ], [ -82.071226607274298, 52.389043003691661 ], [ -82.071961191046654, 52.38903634407032 ], [ -82.07267398316975, 52.388130801289961 ], [ -82.071939414600138, 52.388137465260492 ], [ -82.071917639301475, 52.387238586306779 ], [ -82.07265219295607, 52.38723192255113 ], [ -82.072641298279933, 52.38678248312776 ], [ -82.075568555979359, 52.386306343868888 ], [ -82.075579480196296, 52.386755782897772 ], [ -82.076314024956119, 52.386749096431025 ], [ -82.076335889168249, 52.387647974165198 ], [ -82.077815955105635, 52.38808402570622 ], [ -82.077826902847477, 52.38853346426751 ], [ -82.076368687647417, 52.3889962904966 ], [ -82.076379621050108, 52.389445729201746 ], [ -82.075645031544425, 52.389452416315365 ], [ -82.075655957776945, 52.389901855092376 ], [ -82.074921360524939, 52.389908537749598 ], [ -82.074932279586903, 52.390357976598352 ], [ -82.076412422987218, 52.390794045101323 ], [ -82.076445227518121, 52.392142360677049 ], [ -82.073528500207502, 52.39306796206413 ], [ -82.073550312808706, 52.393966839652556 ], [ -82.074284977770205, 52.393960165155299 ], [ -82.074295891962365, 52.394409603787942 ], [ -82.078692961491029, 52.39392002230931 ], [ -82.078703920444951, 52.394369460294683 ], [ -82.080173260963633, 52.394356042610767 ], [ -82.080162287089223, 52.393906604841717 ], [ -82.081631611530412, 52.393893169114747 ], [ -82.082388266116681, 52.394785319255902 ], [ -82.083122942533677, 52.394778589763291 ], [ -82.083144951414567, 52.395677464254206 ], [ -82.084625353018438, 52.396113428113793 ], [ -82.084636373106434, 52.39656286505199 ], [ -82.083901667426247, 52.396569604109196 ], [ -82.083956734914963, 52.398816788803408 ], [ -82.082498247510159, 52.399279691355488 ], [ -82.082509247244133, 52.399729128367468 ], [ -82.08102874457677, 52.399293138813874 ], [ -82.081017760057534, 52.398843701549104 ], [ -82.080283015618789, 52.398850418321388 ], [ -82.080272038851319, 52.398400980912285 ], [ -82.081006775827859, 52.39839426424831 ], [ -82.080984808237133, 52.397495389538747 ], [ -82.081719530000328, 52.397488668525938 ], [ -82.081686558401458, 52.396140356516732 ], [ -82.080951859022477, 52.396147077204432 ] ] ] } },
{ "type": "Feature", "properties": { "area_km2": 0.06250000000014698, "mock": true }, "geometry": { "type": "Polygon", "coordinates": [ [ [ -81.955265641672298, 52.394981900237958 ], [ -81.955275347164303, 52.39543135534543 ], [ -81.954540630732311, 52.395437290375114 ], [ -81.954569726356638, 52.396785655770792 ], [ -81.955304465175431, 52.396779720453992 ], [ -81.955323878462181, 52.397678630348153 ], [ -81.95458912471787, 52.397684565856366 ], [ -81.954598824282002, 52.398134020845688 ], [ -81.953129301100361, 52.398145878355436 ], [ -81.953119616462359, 52.397696423174899 ], [ -81.952384861951558, 52.397702344985234 ], [ -81.952326804258774, 52.395005612580768 ], [ -81.953061513995209, 52.394999691343358 ], [ -81.953051831144094, 52.394550235913364 ], [ -81.954521234927668, 52.394538379933131 ], [ -81.954530932702184, 52.394987835171939 ], [ -81.955265641672298, 52.394981900237958 ] ] ] } },
{ "type": "Feature", "properties": { "area_km2": 0.027355347151742281, "mock": true }, "geometry": { "type": "Polygon", "coordinates": [ [ [ -82.015364298020515, 52.420104437061255 ], [ -82.013904381765656, 52.420566498818445 ], [ -82.013914692472198, 52.421015944056819 ], [ -82.012444434805246, 52.421028542668573 ], [ -82.012434139043833, 52.420579097226998 ], [ -82.011699017275546, 52.420585389577042 ], [ -82.012413548335559, 52.419680206236507 ], [ -82.013148654887786, 52.419673909520078 ], [ -82.0131435036444, 52.419449186800861 ], [ -82.014613708461567, 52.419436579761651 ], [ -82.014649709924541, 52.419435188504906 ], [ -82.014685314986949, 52.419431646434283 ], [ -82.01472018074756, 52.4194259876624 ], [ -82.01475397142552, 52.419418266687131 ], [ -82.014777374371164, 52.419411251751328 ], [ -82.015364298020515, 52.420104437061255 ] ] ] } },
{ "type": "Feature", "properties": { "area_km2": 0.044999999999941795, "mock": true }, "geometry": { "type": "Polygon", "coordinates": [ [ [ -81.956146071582893, 52.401717782171254 ], [ -81.956880891989641, 52.401711836668355 ], [ -81.956900340766452, 52.402610745395016 ], [ -81.95616550542988, 52.402616691089662 ], [ -81.956184940301583, 52.403515599865507 ], [ -81.955450089778225, 52.403521541185022 ], [ -81.955459800132772, 52.403970995615289 ], [ -81.953990083387026, 52.403982864744975 ], [ -81.953980387963711, 52.403533410123302 ], [ -81.953245536672924, 52.403539337742075 ], [ -81.953226161523801, 52.402640428200655 ], [ -81.954686131866865, 52.402179114145795 ], [ -81.954676430001101, 52.401729659477226 ], [ -81.95541125091998, 52.401723723107551 ], [ -81.955401541845362, 52.401274268499073 ], [ -81.956136355043654, 52.401268327658578 ], [ -81.956146071582893, 52.401717782171254 ] ] ] } },
{ "type": "Feature", "properties": { "area_km2": 0.035000000000026191, "mock": true }, "geometry": { "type": "Polygon", "coordinates": [ [ [ -82.056856955833055, 52.402658469737901 ], [ -82.056878437155461, 52.403557350727269 ], [ -82.056143608635423, 52.403563917889485 ], [ -82.05615434225669, 52.404013358436174 ], [ -82.054684669438444, 52.404026479272567 ], [ -82.054673950746619, 52.403577038514285 ], [ -82.053939121378249, 52.403583591976876 ], [ -82.053906989391223, 52.402235269169573 ], [ -82.054641796366582, 52.402228716023998 ], [ -82.054631078805031, 52.401779275122053 ], [ -82.056111409469466, 52.402215596033884 ], [ -82.056122142241833, 52.402665036688326 ], [ -82.056856955833055, 52.402658469737901 ] ] ] } },
{ "type": "Feature", "properties": { "area_km2": 0.12750000000021536, "mock": true }, "geometry": { "type": "Polygon", "coordinates": [ [ [ -82.085536526621539, 52.403297669550426 ], [ -82.085525494711021, 52.402848233261103 ], [ -82.086260304286768, 52.402841483549835 ], [ -82.086249265203165, 52.402392047333322 ], [ -82.090658071755996, 52.402351453828373 ], [ -82.090669155622805, 52.402800889390299 ], [ -82.091403963157234, 52.402794107715103 ], [ -82.091392871826599, 52.402344672262522 ], [ -82.092127671604814, 52.402337886130496 ], [ -82.092138770399259, 52.402787321473639 ], [ -82.092873577348684, 52.4027805306659 ], [ -82.092906897880283, 52.404128836150669 ], [ -82.091448331403868, 52.404591849165115 ], [ -82.091459424196628, 52.40504128443758 ], [ -82.089989734191292, 52.405054844314954 ], [ -82.089277030422593, 52.405960488496277 ], [ -82.087807308804912, 52.405974021410252 ], [ -82.087796252753378, 52.40552458566377 ], [ -82.087061398972466, 52.405531345161549 ], [ -82.087050350677487, 52.405081909270045 ], [ -82.087785196993337, 52.405075149881249 ], [ -82.08776308634765, 52.404176278208169 ], [ -82.086282383327074, 52.40374035587481 ], [ -82.08627134366138, 52.403290919730324 ], [ -82.085536526621539, 52.403297669550426 ] ] ] } },
{ "type": "Feature", "properties": { "area_km2": 0.060000000000091674, "mock": true }, "geometry": { "type": "Polygon", "coordinates": [ [ [ -81.938185503075673, 52.421191547993594 ], [ -81.938920651001482, 52.42118571261183 ], [ -81.93893974816892, 52.422084623026919 ], [ -81.938204585295921, 52.422090458596927 ], [ -81.938214126783507, 52.422539913845213 ], [ -81.936743785334926, 52.422551571463195 ], [ -81.936734258795155, 52.422102116026885 ], [ -81.934528767160131, 52.422119567896623 ], [ -81.934519263292785, 52.421670112143275 ], [ -81.933784106386597, 52.421675920199455 ], [ -81.935216377092331, 52.419866476522849 ], [ -81.936696155148425, 52.42030429392581 ], [ -81.936705680683261, 52.420753749504442 ], [ -81.938175962342982, 52.420742092638534 ], [ -81.938185503075673, 52.421191547993594 ] ] ] } },
{ "type": "Feature", "properties": { "area_km2": 0.50500000000039869, "mock": true }, "geometry": { "type": "Polygon", "coordinates": [ [ [ -81.928808032547224, 52.429806660204711 ], [ -81.928798584234485, 52.42935720430863 ], [ -81.928063298248546, 52.429362977387726 ], [ -81.928053857661979, 52.428913521362958 ], [ -81.927318578904007, 52.428919289777774 ], [ -81.927309146043228, 52.428469833624391 ], [ -81.926573874513224, 52.428475597375069 ], [ -81.92656444937785, 52.428026141093163 ], [ -81.925829185075827, 52.428031900179853 ], [ -81.925819767665473, 52.427582443769495 ], [ -81.925084510591446, 52.427588198192332 ], [ -81.925075100905701, 52.4271387416536 ], [ -81.924339851059699, 52.427144491412719 ], [ -81.924330449098179, 52.426695034745705 ], [ -81.922859963614442, 52.426706520366018 ], [ -81.922105962176502, 52.425813342323671 ], [ -81.92137073376729, 52.425819073521886 ], [ -81.922087204841418, 52.424914428185218 ], [ -81.923567024510476, 52.425352409348868 ], [ -81.924283443010239, 52.424447750877235 ], [ -81.925018648003046, 52.424442001674528 ], [ -81.925009240054464, 52.4239925448869 ], [ -81.926489057244027, 52.424430489557743 ], [ -81.926498480390805, 52.424879946124143 ], [ -81.927233692113603, 52.42487418311714 ], [ -81.927243122984137, 52.425323639555003 ], [ -81.92871356063371, 52.425312099643342 ], [ -81.928704114812788, 52.424862643391592 ], [ -81.929439325788778, 52.424856866673075 ], [ -81.929420419944577, 52.423957954249225 ], [ -81.928685223918364, 52.423963730781423 ], [ -81.92867577884482, 52.423514274422963 ], [ -81.930136695925555, 52.423053260767041 ], [ -81.930117777127592, 52.422154348245115 ], [ -81.92938261124786, 52.422160128974696 ], [ -81.929354257342794, 52.420811759645332 ], [ -81.930089400801734, 52.420805979195457 ], [ -81.930079942525353, 52.420356522774433 ], [ -81.931559686971056, 52.420794404586189 ], [ -81.931578634166129, 52.421693316948186 ], [ -81.932313791823077, 52.4216875226019 ], [ -81.931635481748302, 52.424390053180325 ], [ -81.932370684250827, 52.424384258273285 ], [ -81.932389650394228, 52.425283169879144 ], [ -81.933124867596717, 52.425277370214594 ], [ -81.933134358518942, 52.425726825870633 ], [ -81.933869582946443, 52.425721021541911 ], [ -81.93391707869236, 52.427968298820225 ], [ -81.935397116408538, 52.428406130675015 ], [ -81.935425662476078, 52.429754495945858 ], [ -81.934690371263159, 52.429760310259795 ], [ -81.934747425308984, 52.432457040403506 ], [ -81.934012088978534, 52.432462850708447 ], [ -81.934021591385672, 52.432912305701585 ], [ -81.932550903016022, 52.432923912783508 ], [ -81.932541415565865, 52.432474457603163 ], [ -81.93180607848403, 52.432480254192896 ], [ -81.93177764006947, 52.431131888157857 ], [ -81.930297546008561, 52.43069401145884 ], [ -81.930288082242228, 52.430244555820352 ], [ -81.929552781800425, 52.43025033822849 ], [ -81.929543325761102, 52.429800882461151 ], [ -81.928808032547224, 52.429806660204711 ] ] ] } },
{ "type": "Feature", "properties": { "area_km2": 0.20999999999991414, "mock": true }, "geometry": { "type": "Polygon", "coordinates": [ [ [ -82.097149797399879, 52.427015927606227 ], [ -82.097138637943857, 52.426566494867316 ], [ -82.096403436599601, 52.426573314332487 ], [ -82.096381133518676, 52.425674448526578 ], [ -82.09489962369274, 52.425238640130253 ], [ -82.094877352270515, 52.424339773668635 ], [ -82.095612516833754, 52.424332963892923 ], [ -82.095601374089952, 52.423883530717895 ], [ -82.097806843595976, 52.42386307430202 ], [ -82.097818008759376, 52.424312507147107 ], [ -82.099288335237773, 52.424298846467757 ], [ -82.100045874085851, 52.425190874194328 ], [ -82.100781051534682, 52.425184032209565 ], [ -82.100792247476591, 52.425633464505594 ], [ -82.102997800471755, 52.42561291080051 ], [ -82.103009019130724, 52.426062342728962 ], [ -82.105949782209905, 52.42603487336649 ], [ -82.10593853365539, 52.425585441881061 ], [ -82.106673716210111, 52.425578563226345 ], [ -82.106684972238483, 52.426027994600837 ], [ -82.107420161970182, 52.426021111265179 ], [ -82.107442689865834, 52.426919973683916 ], [ -82.106707485185851, 52.426926857241611 ], [ -82.106718742104874, 52.427376288507915 ], [ -82.103777890520035, 52.427403777480478 ], [ -82.103065116864173, 52.428309501830469 ], [ -82.101594658803364, 52.428323210197007 ], [ -82.101583453614637, 52.42787377822772 ], [ -82.100848231615728, 52.427880625444942 ], [ -82.100859429329546, 52.428330057524668 ], [ -82.100124199560369, 52.428336900281927 ], [ -82.100113009321475, 52.427887468091839 ], [ -82.098642563847733, 52.427901139674582 ], [ -82.097885005924198, 52.42700910346084 ], [ -82.097149797399879, 52.427015927606227 ] ] ] } },
{ "type": "Feature", "properties": { "area_km2": 0.10249999999986903, "mock": true }, "geometry": { "type": "Polygon", "coordinates": [ [ [ -81.922897513137855, 52.428504347561841 ], [ -81.922888125385583, 52.428054890816213 ], [ -81.924358655726735, 52.428043404640121 ], [ -81.924368058432265, 52.428492861200475 ], [ -81.925103330707529, 52.428487111163122 ], [ -81.92512215181651, 52.429386023991682 ], [ -81.923660973082676, 52.42984697641252 ], [ -81.92367036930294, 52.430296432923349 ], [ -81.92293506662331, 52.430302174188888 ], [ -81.923689162487051, 52.431195345838354 ], [ -81.922953844851989, 52.431201087289089 ], [ -81.922972624071377, 52.432100000247111 ], [ -81.924452693944119, 52.432537968643842 ], [ -81.924462099130267, 52.432987424848676 ], [ -81.923000794758238, 52.433448369417526 ], [ -81.923010185482624, 52.433897825736551 ], [ -81.921530083961031, 52.433459839529377 ], [ -81.921520708442003, 52.433010382989764 ], [ -81.922256056485537, 52.433004650312284 ], [ -81.922237291232392, 52.432105737311382 ], [ -81.920757257513245, 52.431667740986114 ], [ -81.920710424725286, 52.429420456759821 ], [ -81.922171620642175, 52.428959540688467 ], [ -81.922162240119107, 52.42851008388584 ], [ -81.922897513137855, 52.428504347561841 ] ] ] } },
{ "type": "Feature", "properties": { "area_km2": 0.024999999999933062, "mock": true }, "geometry": { "type": "Polygon", "coordinates": [ [ [ -81.932636301330987, 52.436969007806027 ], [ -81.931165477329358, 52.436980598283206 ], [ -81.931156002586945, 52.436531143236053 ], [ -81.930420597691381, 52.436536931522554 ], [ -81.93113705385197, 52.435632233035015 ], [ -81.931872443537586, 52.435626440362988 ], [ -81.931862962065324, 52.435176985302519 ], [ -81.933343222158257, 52.435614841302147 ], [ -81.933362215773101, 52.436513750942098 ], [ -81.932626811628012, 52.436519552945811 ], [ -81.932636301330987, 52.436969007806027 ] ] ] } },
{ "type": "Feature", "properties": { "area_km2": 0.097499999999604181, "mock": true }, "geometry": { "type": "Polygon", "coordinates": [ [ [ -82.047613203955521, 52.446795135782743 ], [ -82.048348753660235, 52.446788617901632 ], [ -82.048327412447208, 52.445889741061599 ], [ -82.049787795927543, 52.445427253736092 ], [ -82.050544707886317, 52.446319598730192 ], [ -82.05128024898012, 52.446313062659932 ], [ -82.051290949661464, 52.446762500640673 ], [ -82.049830538221059, 52.447225006574115 ], [ -82.049841224499332, 52.447674444693895 ], [ -82.04910566039031, 52.447680971932904 ], [ -82.049116339466423, 52.44813041012209 ], [ -82.048380767591496, 52.448136932892524 ], [ -82.048391439465107, 52.448586371151038 ], [ -82.047655859824232, 52.448592889452762 ], [ -82.047677189446958, 52.449491766072477 ], [ -82.046216649646269, 52.449954227840358 ], [ -82.046227300190921, 52.450403666270589 ], [ -82.044745443487926, 52.449967233055489 ], [ -82.044734808194235, 52.449517794379574 ], [ -82.04547040392886, 52.449511294163955 ], [ -82.045449119214041, 52.448612416914202 ], [ -82.044713538448761, 52.448618916920083 ], [ -82.044692269825717, 52.447720039317126 ], [ -82.045427835622448, 52.447713539520947 ], [ -82.045417194247861, 52.447264100770496 ], [ -82.047623867500633, 52.4472445742541 ], [ -82.047613203955521, 52.446795135782743 ] ] ] } },
{ "type": "Feature", "properties": { "area_km2": 0.11000000000056608, "mock": true }, "geometry": { "type": "Polygon", "coordinates": [ [ [ -82.043327342029585, 52.452227413862943 ], [ -82.044041725096562, 52.451322044928659 ], [ -82.0447773510529, 52.451315548867996 ], [ -82.044766714917245, 52.450866110299714 ], [ -82.045502333107365, 52.450859609769516 ], [ -82.045512976728574, 52.451309048232915 ], [ -82.04624860212337, 52.451302543023438 ], [ -82.046269905180097, 52.452201419632772 ], [ -82.047751851991862, 52.452637833111083 ], [ -82.047762519195601, 52.453087271115926 ], [ -82.037463326796939, 52.453178061718837 ], [ -82.037452764402559, 52.452728622249317 ], [ -82.038188415334233, 52.452722167046105 ], [ -82.038167276409354, 52.451823288207763 ], [ -82.03890291208981, 52.451816828638314 ], [ -82.038892335559893, 52.451367389269556 ], [ -82.04183484554548, 52.451341505664189 ], [ -82.042591700540726, 52.452233900984091 ], [ -82.043327342029585, 52.452227413862943 ] ] ] } },
{ "type": "Feature", "properties": { "area_km2": 0.037499999999933059, "mock": true }, "geometry": { "type": "Polygon", "coordinates": [ [ [ -81.866128123130622, 52.007261548286799 ], [ -81.866119445347934, 52.006812052312959 ], [ -81.864662737685165, 52.006822753977296 ], [ -81.863917072399332, 52.005929105485322 ], [ -81.868287106484658, 52.00589697450831 ], [ -81.869032857947346, 52.006790594950942 ], [ -81.868304505138724, 52.006795966045608 ], [ -81.86831320480718, 52.007245461760959 ], [ -81.866128123130622, 52.007261548286799 ] ] ] } },
{ "type": "Feature", "properties": { "area_km2": 0.035000000000078579, "mock": true }, "geometry": { "type": "Polygon", "coordinates": [ [ [ -81.863951695533942, 52.007727090483137 ], [ -81.863969008460145, 52.008626082768906 ], [ -81.862520883284077, 52.009086254363822 ], [ -81.862529525720959, 52.009535750589436 ], [ -81.861072728244991, 52.009546408253364 ], [ -81.86032708829768, 52.008652737330124 ], [ -81.861775222351923, 52.008192592632561 ], [ -81.861766587889107, 52.007743096214718 ], [ -81.862494957330213, 52.007737765473799 ], [ -81.862486315797824, 52.007288269106091 ], [ -81.863214677717352, 52.007282933947963 ], [ -81.863223326545224, 52.007732430229929 ], [ -81.863951695533942, 52.007727090483137 ] ] ] } },
{ "type": "Feature", "properties": { "area_km2": 0.020000000000056754, "mock": true }, "geometry": { "type": "Polygon", "coordinates": [ [ [ -81.855519870927623, 52.023972746564709 ], [ -81.856248505162668, 52.023967453288911 ], [ -81.856239921207063, 52.02351795743094 ], [ -81.857705772958525, 52.023956853220611 ], [ -81.85772297075458, 52.024855844489331 ], [ -81.856994322363647, 52.024861146946705 ], [ -81.857002914296288, 52.025310642613043 ], [ -81.855537024907363, 52.024871738344316 ], [ -81.855519870927623, 52.023972746564709 ] ] ] } },
{ "type": "Feature", "properties": { "area_km2": 0.020000000000023284, "mock": true }, "geometry": { "type": "Polygon", "coordinates": [ [ [ -81.803105937526766, 52.027039032086208 ], [ -81.803834631257857, 52.027034062741009 ], [ -81.803826571831948, 52.026584561155225 ], [ -81.805292018086988, 52.027024110531904 ], [ -81.805308166789345, 52.027923113277431 ], [ -81.804579458871558, 52.027928091795133 ], [ -81.804587526235068, 52.028377593194811 ], [ -81.803122042402663, 52.027938035311386 ], [ -81.803105937526766, 52.027039032086208 ] ] ] } },
{ "type": "Feature", "properties": { "area_km2": 0.18999999999989087, "mock": true }, "geometry": { "type": "Polygon", "coordinates": [ [ [ -81.782757367157828, 52.030322870326991 ], [ -81.782741669280867, 52.02942386304116 ], [ -81.782012932990582, 52.029428702093114 ], [ -81.782005091665567, 52.028979198319448 ], [ -81.781276362475353, 52.028984032787015 ], [ -81.781237195452618, 52.02673651300011 ], [ -81.782686733182771, 52.026277336427803 ], [ -81.782678885990421, 52.025827832484559 ], [ -81.784144102880802, 52.02626764589418 ], [ -81.784151964886831, 52.026717149646338 ], [ -81.784880656731403, 52.026712297542282 ], [ -81.784888526247542, 52.027161801181123 ], [ -81.78561722519045, 52.027156944492766 ], [ -81.7856329794499, 52.0280559515083 ], [ -81.784904265897794, 52.028060808352791 ], [ -81.784920006372062, 52.028959815383082 ], [ -81.784191278003988, 52.028964667877084 ], [ -81.784199141244855, 52.029414171417208 ], [ -81.785664490443182, 52.029853965115286 ], [ -81.78567236870704, 52.030303468428684 ], [ -81.787129868245032, 52.030293740438616 ], [ -81.78713776132679, 52.030743243560302 ], [ -81.788587366956591, 52.03028399442131 ], [ -81.788595274649964, 52.03073349738635 ], [ -81.789324031001158, 52.030728617539062 ], [ -81.78933194620754, 52.031178120390337 ], [ -81.788603182550347, 52.031183000316055 ], [ -81.78861899897214, 52.032082006069409 ], [ -81.787169335720037, 52.03254125569363 ], [ -81.787177229834938, 52.032990758638604 ], [ -81.785719642621231, 52.033000487566873 ], [ -81.785727522328827, 52.033449990632896 ], [ -81.784269919676063, 52.03345970168823 ], [ -81.784262054582442, 52.033010198466137 ], [ -81.783533260254103, 52.033015047154876 ], [ -81.784246325012859, 52.032111191915924 ], [ -81.784975104521877, 52.032106338875927 ], [ -81.784959361163132, 52.031207332340394 ], [ -81.78349397440634, 52.030767530124677 ], [ -81.783486117853798, 52.030318026612647 ], [ -81.782757367157828, 52.030322870326991 ] ] ] } },
{ "type": "Feature", "properties": { "area_km2": 0.080000000000088764, "mock": true }, "geometry": { "type": "Polygon", "coordinates": [ [ [ -81.795874848064159, 52.03023499392701 ], [ -81.795858887188629, 52.029335989465991 ], [ -81.796587619542663, 52.029331064787549 ], [ -81.79657963211308, 52.028881562583173 ], [ -81.799502546866094, 52.029311321007583 ], [ -81.800247326713475, 52.030205377305023 ], [ -81.800976072420951, 52.030200425427701 ], [ -81.800992136413413, 52.031099428636004 ], [ -81.80026337609435, 52.031104380672524 ], [ -81.800271401099891, 52.031553882303179 ], [ -81.799542633264693, 52.031558829912328 ], [ -81.79953461556525, 52.03110932820212 ], [ -81.797348332719395, 52.031124143749516 ], [ -81.797356328500541, 52.03157364569784 ], [ -81.79589879094425, 52.031583500353264 ], [ -81.795890809775301, 52.031133998246553 ], [ -81.795162047989791, 52.031138918734676 ], [ -81.795146100890321, 52.030239914256953 ], [ -81.795874848064159, 52.03023499392701 ] ] ] } },
{ "type": "Feature", "properties": { "area_km2": 0.040000000000011644, "mock": true }, "geometry": { "type": "Polygon", "coordinates": [ [ [ -81.86612020416905, 52.044574950590217 ], [ -81.866128893740438, 52.045024443666215 ], [ -81.864670944063192, 52.045035150942404 ], [ -81.863924633835936, 52.044141511113423 ], [ -81.863195673052061, 52.04414685330741 ], [ -81.863907299695839, 52.043242524267718 ], [ -81.865365191339151, 52.043231826697266 ], [ -81.865356509988345, 52.04278233339312 ], [ -81.866823082073267, 52.043221111092201 ], [ -81.866849171355156, 52.044569590274868 ], [ -81.86612020416905, 52.044574950590217 ] ] ] } },
{ "type": "Feature", "properties": { "area_km2": 0.024999999999978172, "mock": true }, "geometry": { "type": "Polygon", "coordinates": [ [ [ -81.786169115385931, 52.058622105929722 ], [ -81.784710693739171, 52.05863182573097 ], [ -81.784702817104304, 52.058182324487575 ], [ -81.783973613289092, 52.058187177543104 ], [ -81.78468706445345, 52.057283321894815 ], [ -81.785416253427513, 52.057278464484156 ], [ -81.785408370094373, 52.056828963212851 ], [ -81.786874630756046, 52.057268736129359 ], [ -81.786890427311405, 52.05816773825314 ], [ -81.786161224115645, 52.058172604842596 ], [ -81.786169115385931, 52.058622105929722 ] ] ] } },
{ "type": "Feature", "properties": { "area_km2": 0.030000000000062574, "mock": true }, "geometry": { "type": "Polygon", "coordinates": [ [ [ -81.888994591562181, 52.058340869174096 ], [ -81.888265404558183, 52.058346367493257 ], [ -81.88827432070066, 52.058795856850146 ], [ -81.886815931358257, 52.058806840131979 ], [ -81.886807029849834, 52.058357350598506 ], [ -81.88607784214588, 52.058362835384607 ], [ -81.886060054461879, 52.057463856034651 ], [ -81.886789227532347, 52.057458371424886 ], [ -81.886780326723269, 52.057008881784732 ], [ -81.888238657531772, 52.056997899209158 ], [ -81.888247572973739, 52.057447388672763 ], [ -81.888976745344294, 52.057441890530392 ], [ -81.888994591562181, 52.058340869174096 ] ] ] } },
{ "type": "Feature", "properties": { "area_km2": 0.16499999999997236, "mock": true }, "geometry": { "type": "Polygon", "coordinates": [ [ [ -81.77317523444448, 52.066350471309278 ], [ -81.773167471438143, 52.065900969426423 ], [ -81.772438139919061, 52.06590575160736 ], [ -81.77241487408223, 52.064557245516298 ], [ -81.771685564322155, 52.064562022954206 ], [ -81.771677816769824, 52.064112520776426 ], [ -81.772407119209561, 52.064107743415335 ], [ -81.772399364540021, 52.063658241279057 ], [ -81.773865723479474, 52.064098175156204 ], [ -81.773873492992806, 52.064547677103342 ], [ -81.774602802142908, 52.06454288612828 ], [ -81.774610579180248, 52.064992387963066 ], [ -81.775339895447146, 52.064987592398552 ], [ -81.775363249744132, 52.066336097459775 ], [ -81.776092587769739, 52.066331297151272 ], [ -81.776100380264509, 52.066780798690552 ], [ -81.777559070345703, 52.066771184381039 ], [ -81.778304044610721, 52.067665372965848 ], [ -81.779033403782961, 52.067660554374335 ], [ -81.77831967496067, 52.068564375333231 ], [ -81.779786252514327, 52.069004234303009 ], [ -81.779794082845868, 52.069453735243371 ], [ -81.780523470896441, 52.069448907315653 ], [ -81.78053914682026, 52.070347908935204 ], [ -81.779809744124393, 52.070352737018169 ], [ -81.779817575071363, 52.070802237852604 ], [ -81.778358754418491, 52.07081188063372 ], [ -81.777613726033167, 52.069917693085152 ], [ -81.776884329840655, 52.069922503037581 ], [ -81.776876528594272, 52.069473001822736 ], [ -81.775417750241544, 52.069482608033461 ], [ -81.774672802813285, 52.068588401370349 ], [ -81.773943427771727, 52.068593193038701 ], [ -81.774641689366845, 52.066790394949166 ], [ -81.77317523444448, 52.066350471309278 ] ] ] } },
{ "type": "Feature", "properties": { "area_km2": 0.14999999999964783, "mock": true }, "geometry": { "type": "Polygon", "coordinates": [ [ [ -81.793668360048031, 52.070260231671746 ], [ -81.793660390175191, 52.069810732289348 ], [ -81.795127157362515, 52.070250399488529 ], [ -81.795135142089748, 52.070699898677496 ], [ -81.797323358460602, 52.07068511631573 ], [ -81.798036735671545, 52.069781182056019 ], [ -81.798766125853973, 52.069776241221092 ], [ -81.79877414698494, 52.070225740048933 ], [ -81.800232941364371, 52.070215844680561 ], [ -81.800240977350967, 52.070665343313934 ], [ -81.800970381547742, 52.070660388780269 ], [ -81.800978425067797, 52.071109887298626 ], [ -81.800249013548083, 52.071114841911957 ], [ -81.800273123402647, 52.072463337493843 ], [ -81.798822278183735, 52.072922732273454 ], [ -81.798830300785781, 52.073372230853799 ], [ -81.797371403039094, 52.07338210928107 ], [ -81.796625952800014, 52.072488044051795 ], [ -81.795896518049943, 52.072492971822633 ], [ -81.795888525162411, 52.072043472854226 ], [ -81.795159097526522, 52.072048396032315 ], [ -81.793732126547624, 52.073856225458535 ], [ -81.792265254327205, 52.073416541593843 ], [ -81.792249341162531, 52.072517542972889 ], [ -81.792978776957668, 52.072512637770039 ], [ -81.792962849979759, 52.071613639165463 ], [ -81.79369227091928, 52.071608729606893 ], [ -81.793676330129657, 52.070709731018816 ], [ -81.792946923836311, 52.070714640419517 ], [ -81.79293896107751, 52.07026514099352 ], [ -81.793668360048031, 52.070260231671746 ] ] ] } },
{ "type": "Feature", "properties": { "area_km2": 0.050000000000080036, "mock": true }, "geometry": { "type": "Polygon", "coordinates": [ [ [ -81.79745950438334, 52.0783265930786 ], [ -81.798189033937447, 52.078321655248551 ], [ -81.798205069744398, 52.079220651684238 ], [ -81.797475525537678, 52.079225589673094 ], [ -81.797491547531564, 52.080124586126189 ], [ -81.796761988461512, 52.080129519759033 ], [ -81.796769992446315, 52.080579018011889 ], [ -81.79531085902326, 52.080588871891564 ], [ -81.795302869692478, 52.080139373480257 ], [ -81.794573309993865, 52.08014429356863 ], [ -81.794557346613729, 52.079245296481766 ], [ -81.795286891658876, 52.079240376551624 ], [ -81.795270914462535, 52.078341379481593 ], [ -81.796000444645685, 52.078336455195121 ], [ -81.795992449035424, 52.077886956686264 ], [ -81.797451494121006, 52.077877094728315 ], [ -81.79745950438334, 52.0783265930786 ] ] ] } },
{ "type": "Feature", "properties": { "area_km2": 0.02499999999996071, "mock": true }, "geometry": { "type": "Polygon", "coordinates": [ [ [ -81.78169250561885, 52.09461606246964 ], [ -81.78023290900596, 52.094625731541228 ], [ -81.780225067176247, 52.094176232578448 ], [ -81.779495275894519, 52.094181060260787 ], [ -81.779479607517331, 52.093282062074032 ], [ -81.780209384133371, 52.093277234546974 ], [ -81.780201542920224, 52.092827735478274 ], [ -81.781668936748758, 52.093267565941858 ], [ -81.781676792832897, 52.093717064819757 ], [ -81.782406576164561, 52.093712223663886 ], [ -81.78169250561885, 52.09461606246964 ] ] ] } },
{ "type": "Feature", "properties": { "area_km2": 0.31999999999998691, "mock": true }, "geometry": { "type": "Polygon", "coordinates": [ [ [ -81.878121071027763, 52.098882319298532 ], [ -81.878103417368834, 52.097983344240205 ], [ -81.879554246243927, 52.09752297562877 ], [ -81.879545405325572, 52.097073488185771 ], [ -81.880275225323217, 52.097068040982812 ], [ -81.880266377303144, 52.096618553591874 ], [ -81.880996189735484, 52.096613101959299 ], [ -81.880960770642318, 52.094815152390858 ], [ -81.880230987541722, 52.094820603672758 ], [ -81.880222140681042, 52.094371116104135 ], [ -81.880951916449192, 52.094365664909901 ], [ -81.880934208759058, 52.093466689841343 ], [ -81.882384862109632, 52.093006286841359 ], [ -81.882375994181288, 52.092556799393769 ], [ -81.8831057399249, 52.092551335000515 ], [ -81.883114615184923, 52.09300082236021 ], [ -81.883844368027582, 52.092995353362433 ], [ -81.88386213390929, 52.093894327799312 ], [ -81.88313236640272, 52.093899796973005 ], [ -81.883185625639229, 52.096596719958278 ], [ -81.882455813903704, 52.096602185142501 ], [ -81.882473554176798, 52.097501159362366 ], [ -81.883942091901886, 52.09793971100575 ], [ -81.883950977287597, 52.09838919785097 ], [ -81.884680817892203, 52.098383723280179 ], [ -81.88469860403076, 52.099282696687851 ], [ -81.885428459070795, 52.099277217423356 ], [ -81.885437359824223, 52.099726703985759 ], [ -81.884707497449682, 52.099732183338396 ], [ -81.884716391101691, 52.100181669953365 ], [ -81.883256650984052, 52.100192615281522 ], [ -81.883265530199338, 52.100642102036986 ], [ -81.881805774480895, 52.100653029469726 ], [ -81.881796909935474, 52.100203542538523 ], [ -81.881067039062557, 52.100208999390333 ], [ -81.88035486794054, 52.101113425902078 ], [ -81.881084753715697, 52.101107973392708 ], [ -81.881102469297517, 52.10200694725291 ], [ -81.879651511641185, 52.10246733515649 ], [ -81.879642668173474, 52.102017848104353 ], [ -81.878912767263657, 52.102023291752943 ], [ -81.878921603395639, 52.102472778892604 ], [ -81.87819169491847, 52.102478218110562 ], [ -81.878209353205236, 52.103377192458254 ], [ -81.876758321030479, 52.103837544984408 ], [ -81.876767136079408, 52.104287032244159 ], [ -81.876037197563534, 52.104292458256623 ], [ -81.876046005506808, 52.104741945568151 ], [ -81.874577319839347, 52.10430329672613 ], [ -81.874568526800061, 52.103853809204765 ], [ -81.876019582369636, 52.103393483527036 ], [ -81.876010775118985, 52.102943996108955 ], [ -81.876740691625812, 52.10293857035829 ], [ -81.876696622157326, 52.100691133171253 ], [ -81.877426501755238, 52.100685703338975 ], [ -81.877391220999826, 52.098887753299124 ], [ -81.878121071027763, 52.098882319298532 ] ] ] } },
{ "type": "Feature", "properties": { "area_km2": 0.020000000000053843, "mock": true }, "geometry": { "type": "Polygon", "coordinates": [ [ [ -81.797170459232035, 52.103053885584536 ], [ -81.797154430482607, 52.102154892578305 ], [ -81.797884348801261, 52.102149955056269 ], [ -81.797876327405419, 52.101700458579529 ], [ -81.799344184807637, 52.102140066457089 ], [ -81.799360257576097, 52.103039058986425 ], [ -81.798630325005135, 52.103044005704319 ], [ -81.798638354368563, 52.103493501995523 ], [ -81.797170459232035, 52.103053885584536 ] ] ] } },
{ "type": "Feature", "properties": { "area_km2": 0.08750000000000728, "mock": true }, "geometry": { "type": "Polygon", "coordinates": [ [ [ -81.886950581315546, 52.102412649296461 ], [ -81.886941664490891, 52.101963163123813 ], [ -81.888401460955833, 52.101952171910824 ], [ -81.889149236734752, 52.102845641306459 ], [ -81.888419324181882, 52.102851143867014 ], [ -81.888437188344412, 52.103750115680974 ], [ -81.887707260885179, 52.103755613900184 ], [ -81.887725111311241, 52.104654585748769 ], [ -81.888455053443508, 52.104649087352698 ], [ -81.888463986344277, 52.10509857313523 ], [ -81.88773403687523, 52.105104071619735 ], [ -81.887742962673173, 52.105553557455146 ], [ -81.884823133111141, 52.105575506560442 ], [ -81.884814236661228, 52.105126020372026 ], [ -81.884084286024247, 52.105131496263652 ], [ -81.884057620083595, 52.103783037220921 ], [ -81.885508574251133, 52.103322595205228 ], [ -81.885499671631081, 52.10287310892722 ], [ -81.886229585119281, 52.102867624439469 ], [ -81.886220675396743, 52.102418138214126 ], [ -81.886950581315546, 52.102412649296461 ] ] ] } },
{ "type": "Feature", "properties": { "area_km2": 0.099999999999710418, "mock": true }, "geometry": { "type": "Polygon", "coordinates": [ [ [ -81.883416512474881, 52.108283371441708 ], [ -81.884146514708164, 52.108277899452638 ], [ -81.884137624197038, 52.107828413389413 ], [ -81.885597613287857, 52.107817456030268 ], [ -81.885606518475342, 52.108266941917236 ], [ -81.886336520008854, 52.10826145637094 ], [ -81.88632760748321, 52.107811970572165 ], [ -81.887787595172796, 52.107800986098916 ], [ -81.888535457981064, 52.108694458115544 ], [ -81.887084361737848, 52.109154937619792 ], [ -81.887093282303184, 52.109604423223601 ], [ -81.8863632589877, 52.109609913553939 ], [ -81.886398914230895, 52.111407855966931 ], [ -81.884947707900892, 52.111868309466026 ], [ -81.884956607849844, 52.112317795121285 ], [ -81.883487586242566, 52.111879259372067 ], [ -81.883469816403164, 52.110980287602722 ], [ -81.884199862669632, 52.110974815085598 ], [ -81.884190970759974, 52.110525329235635 ], [ -81.883460931832857, 52.110530801664758 ], [ -81.883452047495453, 52.110081315691218 ], [ -81.88418207908343, 52.11007584335011 ], [ -81.884173187639988, 52.109626357429057 ], [ -81.883443163390979, 52.109631829682151 ], [ -81.883416512474881, 52.108283371441708 ] ] ] } },
{ "type": "Feature", "properties": { "area_km2": 0.047500000000002908, "mock": true }, "geometry": { "type": "Polygon", "coordinates": [ [ [ -81.878368319453074, 52.111467955192133 ], [ -81.877638263988999, 52.111473391640352 ], [ -81.87764709030705, 52.111922878208794 ], [ -81.876178152366876, 52.111484250977888 ], [ -81.876151718837576, 52.110135790535367 ], [ -81.87542168469821, 52.110141213163011 ], [ -81.87613409763965, 52.109236816729407 ], [ -81.878324154637482, 52.109220522254098 ], [ -81.878332987137469, 52.109670008912751 ], [ -81.879063013012754, 52.109664568294946 ], [ -81.879080693385617, 52.110563541330677 ], [ -81.87835065283214, 52.11056898212351 ], [ -81.878368319453074, 52.111467955192133 ] ] ] } },
{ "type": "Feature", "properties": { "area_km2": 0.025000000000151339, "mock": true }, "geometry": { "type": "Polygon", "coordinates": [ [ [ -81.882793038177169, 52.113682671009613 ], [ -81.882810796130471, 52.114581642528371 ], [ -81.882080690676545, 52.1145871067095 ], [ -81.882089562661278, 52.115036592503458 ], [ -81.880620479071084, 52.114598021511362 ], [ -81.880611622000757, 52.114148535506295 ], [ -81.881341720578774, 52.114143080453161 ], [ -81.881323992453517, 52.113244108511921 ], [ -81.882054076117896, 52.113238649114358 ], [ -81.882045205063534, 52.112789163178242 ], [ -81.882775281155006, 52.112783699348661 ], [ -81.883523128716732, 52.11367720248429 ], [ -81.882793038177169, 52.113682671009613 ] ] ] } },
{ "type": "Feature", "properties": { "area_km2": 0.020000000000004365, "mock": true }, "geometry": { "type": "Polygon", "coordinates": [ [ [ -81.887950746635198, 52.152754875683293 ], [ -81.887932860763442, 52.151855911264825 ], [ -81.88866357454495, 52.151850408099925 ], [ -81.888654624604186, 52.151400925925934 ], [ -81.89012500140332, 52.151839388191711 ], [ -81.89014293141777, 52.152738352078458 ], [ -81.889412203391871, 52.152743864473024 ], [ -81.889421161394537, 52.153193346451772 ], [ -81.887950746635198, 52.152754875683293 ] ] ] } },
{ "type": "Feature", "properties": { "area_km2": 0.024999999999839928, "mock": true }, "geometry": { "type": "Polygon", "coordinates": [ [ [ -81.888770992152544, 52.15724419141565 ], [ -81.88804019007398, 52.157249695643188 ], [ -81.888753086869144, 52.156345227885105 ], [ -81.890223628127288, 52.156783687809359 ], [ -81.89024156331746, 52.157682650914111 ], [ -81.890972372050015, 52.157677133016755 ], [ -81.890259499448902, 52.158581613876684 ], [ -81.888788898375651, 52.158143154804016 ], [ -81.888770992152544, 52.15724419141565 ] ] ] } },
{ "type": "Feature", "properties": { "area_km2": 0.10999999999993743, "mock": true }, "geometry": { "type": "Polygon", "coordinates": [ [ [ -81.891116005237492, 52.164868831315644 ], [ -81.890385078729594, 52.164874350633795 ], [ -81.890367136007541, 52.163975388666437 ], [ -81.891098047790791, 52.163969869525921 ], [ -81.891053158297339, 52.161722464429566 ], [ -81.890322283322249, 52.161727983126056 ], [ -81.890286405411047, 52.159930058053973 ], [ -81.889555559643682, 52.159935571867841 ], [ -81.88953763682062, 52.159036608941094 ], [ -81.890268467867614, 52.159031095304641 ], [ -81.890259499448902, 52.158581613876684 ], [ -81.891730129255379, 52.159020054449947 ], [ -81.891748096239553, 52.159919016843915 ], [ -81.892478941300297, 52.15991348944776 ], [ -81.892514907540587, 52.161711413453403 ], [ -81.893245781808361, 52.161705881173738 ], [ -81.893308783346527, 52.164852246191792 ], [ -81.892577857546144, 52.164857779094646 ], [ -81.892586851348113, 52.165307259758329 ], [ -81.891124984314274, 52.165318312157197 ], [ -81.891116005237492, 52.164868831315644 ] ] ] } },
{ "type": "Feature", "properties": { "area_km2": 0.035000000000100409, "mock": true }, "geometry": { "type": "Polygon", "coordinates": [ [ [ -81.84442133071262, 52.169707800805945 ], [ -81.844438351110568, 52.170606772819539 ], [ -81.843707321553495, 52.170612003333773 ], [ -81.843715824722082, 52.171061489371588 ], [ -81.841522712616239, 52.171077153990431 ], [ -81.841514231543982, 52.170627667700536 ], [ -81.840783201095363, 52.170632880097457 ], [ -81.841497270067265, 52.169728695014456 ], [ -81.842228285562953, 52.169723478256103 ], [ -81.842219797793589, 52.169273991943882 ], [ -81.843681813386752, 52.16926354500773 ], [ -81.843690315885823, 52.169713031151851 ], [ -81.84442133071262, 52.169707800805945 ] ] ] } },
{ "type": "Feature", "properties": { "area_km2": 0.027500000000055296, "mock": true }, "geometry": { "type": "Polygon", "coordinates": [ [ [ -81.876638767555718, 52.17217007471266 ], [ -81.876647603088458, 52.172619556748536 ], [ -81.875916546715118, 52.172624986986634 ], [ -81.875925375113738, 52.173074469074379 ], [ -81.87445443327347, 52.17263583387416 ], [ -81.874445619838312, 52.172186351576357 ], [ -81.875898890613058, 52.171726022704604 ], [ -81.875890062909576, 52.171276540510355 ], [ -81.876621097185932, 52.171271110534398 ], [ -81.876612262348885, 52.170821628392034 ], [ -81.87734328902809, 52.170816193974233 ], [ -81.878092014842636, 52.171709718926479 ], [ -81.876638767555718, 52.17217007471266 ] ] ] } },
{ "type": "Feature", "properties": { "area_km2": 0.020000000000081491, "mock": true }, "geometry": { "type": "Polygon", "coordinates": [ [ [ -81.783370643763917, 52.190358503748804 ], [ -81.783354842936276, 52.189459521137884 ], [ -81.784086192526104, 52.189454663363492 ], [ -81.784078285049645, 52.18900517208327 ], [ -81.785548891082698, 52.189444934217029 ], [ -81.785564736154825, 52.190343916358401 ], [ -81.784833372232285, 52.190348783354573 ], [ -81.784841287706016, 52.190798274450657 ], [ -81.783370643763917, 52.190358503748804 ] ] ] } },
{ "type": "Feature", "properties": { "area_km2": 0.12927989305575271, "mock": true }, "geometry": { "type": "Polygon", "coordinates": [ [ [ -81.822514300064839, 52.210771153165595 ], [ -81.823245992534623, 52.210766051229093 ], [ -81.823237683790779, 52.21031656589517 ], [ -81.823969368659633, 52.210311459504979 ], [ -81.823961052751528, 52.209861974217908 ], [ -81.824692730019464, 52.209856863374171 ], [ -81.825391086564608, 52.208053807151053 ], [ -81.826122733867138, 52.208048687565473 ], [ -81.826098215632797, 52.206726759080226 ], [ -81.826466113383802, 52.206836569022322 ], [ -81.826488557436306, 52.208046126071899 ], [ -81.826490727746545, 52.208068142359721 ], [ -81.826496400241908, 52.208089921944286 ], [ -81.826505520298056, 52.208111255075771 ], [ -81.826518000088427, 52.208131936303658 ], [ -81.826533719429747, 52.208151766455373 ], [ -81.826552526939324, 52.208170554554435 ], [ -81.826574241492892, 52.208188119659773 ], [ -81.826598653968802, 52.208204292608279 ], [ -81.826625529261904, 52.208218917644011 ], [ -81.826654608547798, 52.208231853918313 ], [ -81.826685611775375, 52.208242976846314 ], [ -81.826718240364031, 52.208252179306747 ], [ -81.826752180079183, 52.208259372673687 ], [ -81.82678710405871, 52.208264487670121 ], [ -81.826822675960926, 52.208267475035157 ], [ -81.826858553203934, 52.208268305998402 ], [ -81.827590203759129, 52.208263177300651 ], [ -81.82760273192028, 52.208937404785615 ], [ -81.826871070292341, 52.208942533607214 ], [ -81.826887760510715, 52.209841503628425 ], [ -81.826156083899264, 52.209846628079426 ], [ -81.826172760229312, 52.210745598124099 ], [ -81.824717700547097, 52.211205318882463 ], [ -81.824726024493572, 52.211654803981119 ], [ -81.823262610677062, 52.2116650217908 ], [ -81.822547507690075, 52.212569094476052 ], [ -81.821815785469482, 52.21257419220489 ], [ -81.821824080537297, 52.213023677526152 ], [ -81.81890542569343, 52.213493509020417 ], [ -81.81891369166074, 52.213942994598497 ], [ -81.817450200524164, 52.213953140647888 ], [ -81.817458451940027, 52.214402626353944 ], [ -81.815986708520583, 52.213963268551524 ], [ -81.815978472089725, 52.21351378264707 ], [ -81.816710210815657, 52.213508721044946 ], [ -81.816701967217199, 52.213059235186641 ], [ -81.818165429251422, 52.213049098536516 ], [ -81.818880629094224, 52.212145052074042 ], [ -81.820344060291873, 52.212134888533441 ], [ -81.820335780426419, 52.211685402977523 ], [ -81.821799195987495, 52.211675221456275 ], [ -81.822514300064839, 52.210771153165595 ] ] ] } },
{ "type": "Feature", "properties": { "area_km2": 0.068884914298158614, "mock": true }, "geometry": { "type": "Polygon", "coordinates": [ [ [ -81.823162914916153, 52.206271196298196 ], [ -81.823171221696086, 52.206720681950472 ], [ -81.820244716258941, 52.20674105952844 ], [ -81.820252993732439, 52.207190545473374 ], [ -81.817326455292047, 52.207210850814064 ], [ -81.817334703457448, 52.207660337050505 ], [ -81.816603060923867, 52.20766540212886 ], [ -81.815854951584924, 52.20677148983755 ], [ -81.816586579572331, 52.206766429457545 ], [ -81.816578339221209, 52.206316943068842 ], [ -81.818041579784492, 52.206306808866152 ], [ -81.818033324888205, 52.205857322605233 ], [ -81.820228161964138, 52.205842087532481 ], [ -81.820219885142834, 52.205392601481442 ], [ -81.822780500092918, 52.205374775929933 ], [ -81.822788802746246, 52.205824261694026 ], [ -81.822790971108006, 52.205846278066261 ], [ -81.822796641501185, 52.205868057845613 ], [ -81.822805759321739, 52.205889391280373 ], [ -81.82281823676459, 52.205910072917099 ], [ -81.82283395366909, 52.205929903579275 ], [ -81.822852758676007, 52.205948692285517 ], [ -81.822874470685193, 52.2059662580889 ], [ -81.822898880599467, 52.205982431819592 ], [ -81.82292575333841, 52.205997057714121 ], [ -81.822954830102148, 52.206009994915576 ], [ -81.822985830863914, 52.206021118830115 ], [ -81.823018457066837, 52.20603032232701 ], [ -81.823052394499314, 52.206037516770344 ], [ -81.823087316321221, 52.206042632872716 ], [ -81.823122886211607, 52.206045621362627 ], [ -81.823158761607999, 52.206046453458818 ], [ -81.824987798055957, 52.206033680932102 ], [ -81.824991960590111, 52.206258423668693 ], [ -81.823162914916153, 52.206271196298196 ] ] ] } },
{ "type": "Feature", "properties": { "area_km2": 0.048749999999756981, "mock": true }, "geometry": { "type": "Polygon", "coordinates": [ [ [ -81.83755860887095, 52.193582655386287 ], [ -81.837567057053874, 52.194032140372322 ], [ -81.835372811260129, 52.194047695459474 ], [ -81.835364385203363, 52.193598210223072 ], [ -81.833901568318396, 52.193608557448876 ], [ -81.833909979624366, 52.194058042851829 ], [ -81.832447147105128, 52.194068372111573 ], [ -81.831698952375532, 52.193174558601818 ], [ -81.832430354215319, 52.193169400937727 ], [ -81.832421958101122, 52.192719915297737 ], [ -81.835355959367845, 52.193148724951257 ], [ -81.835347533753591, 52.192699239644028 ], [ -81.837541713170609, 52.192683685307976 ], [ -81.837550160909871, 52.193133170364824 ], [ -81.838647260932547, 52.193125377772752 ], [ -81.838655719956378, 52.193574862668775 ], [ -81.83755860887095, 52.193582655386287 ] ] ] } },
{ "type": "Feature", "properties": { "area_km2": 0.034999999999965073, "mock": true }, "geometry": { "type": "Polygon", "coordinates": [ [ [ -81.822174122975625, 52.192342222102376 ], [ -81.822905512913792, 52.192337123531935 ], [ -81.822897213111602, 52.191887636747659 ], [ -81.825822741184083, 52.191867197465761 ], [ -81.826570796226505, 52.192761049023574 ], [ -81.825839400005037, 52.192766170340988 ], [ -81.8258477297436, 52.193215656725521 ], [ -81.822922113171998, 52.193236096994362 ], [ -81.822174122975625, 52.192342222102376 ] ] ] } },
{ "type": "Feature", "properties": { "area_km2": 0.069999999999802096, "mock": true }, "geometry": { "type": "Polygon", "coordinates": [ [ [ -81.817802275788026, 52.193271692942027 ], [ -81.817794027176063, 52.192822205655574 ], [ -81.819265087555024, 52.193261545336611 ], [ -81.818550194404537, 52.194165595709443 ], [ -81.815632737268615, 52.194635342732639 ], [ -81.814917748449432, 52.195539371286792 ], [ -81.812723415946692, 52.195554505517663 ], [ -81.812731614223694, 52.196003993161398 ], [ -81.811260526534824, 52.195564572337609 ], [ -81.811252343225533, 52.195115084496507 ], [ -81.8119837806628, 52.195110053434242 ], [ -81.811975590192375, 52.194660565638777 ], [ -81.813438449669434, 52.194650490076278 ], [ -81.814153454534917, 52.193746470284765 ], [ -81.815616283215817, 52.193736367847606 ], [ -81.815608056513469, 52.193286880352026 ], [ -81.817802275788026, 52.193271692942027 ] ] ] } },
{ "type": "Feature", "properties": { "area_km2": 0.062499999999787545, "mock": true }, "geometry": { "type": "Polygon", "coordinates": [ [ [ -81.786399209004898, 52.196182424287613 ], [ -81.786407141934873, 52.196631914768084 ], [ -81.784936289604474, 52.196192164850657 ], [ -81.784920453875799, 52.195293183470248 ], [ -81.785651898926901, 52.195288315612274 ], [ -81.785643973998148, 52.194838824947482 ], [ -81.790764031884194, 52.194804623554163 ], [ -81.790772008446794, 52.195254113668447 ], [ -81.791503451827623, 52.19524920954251 ], [ -81.790787962200412, 52.196153093791047 ], [ -81.786399209004898, 52.196182424287613 ] ] ] } },
{ "type": "Feature", "properties": { "area_km2": 0.059999999999925786, "mock": true }, "geometry": { "type": "Polygon", "coordinates": [ [ [ -81.809066190805808, 52.19557963856645 ], [ -81.810537257654204, 52.196019086834021 ], [ -81.809822143220885, 52.196923084820121 ], [ -81.808359207831614, 52.196933115856623 ], [ -81.808367362492447, 52.197382603879547 ], [ -81.80763588709948, 52.197387612677865 ], [ -81.807644034597232, 52.197837100746078 ], [ -81.806181068415142, 52.197847104902422 ], [ -81.805465836375873, 52.198751076693078 ], [ -81.804002839402699, 52.198761053967459 ], [ -81.803255133489643, 52.197867058808768 ], [ -81.803986617540701, 52.197862077132982 ], [ -81.803978506929184, 52.197412588662743 ], [ -81.80544145963762, 52.197402611870174 ], [ -81.80543333448496, 52.196953123525191 ], [ -81.806896271585799, 52.196943128758328 ], [ -81.807611445889904, 52.1960391482612 ], [ -81.809074352200696, 52.196029126614725 ], [ -81.809066190805808, 52.19557963856645 ] ] ] } },
{ "type": "Feature", "properties": { "area_km2": 0.042500000000053842, "mock": true }, "geometry": { "type": "Polygon", "coordinates": [ [ [ -81.8208520962324, 52.199993679747031 ], [ -81.820104032466205, 52.199099793053335 ], [ -81.82083553370191, 52.199094706853778 ], [ -81.82082725276284, 52.198645220354088 ], [ -81.82448471878709, 52.198619721756522 ], [ -81.825232861965986, 52.199513580413701 ], [ -81.824501354660171, 52.199518693899627 ], [ -81.824509672924393, 52.199968179918109 ], [ -81.8208520962324, 52.199993679747031 ] ] ] } },
{ "type": "Feature", "properties": { "area_km2": 0.027500000000088766, "mock": true }, "geometry": { "type": "Polygon", "coordinates": [ [ [ -81.816462997027131, 52.200024129914382 ], [ -81.815715020496057, 52.199130215036256 ], [ -81.816446523032496, 52.199125156040843 ], [ -81.816438286359656, 52.198675669051035 ], [ -81.818632770537207, 52.198660465105341 ], [ -81.819380797413999, 52.199554361346863 ], [ -81.818649288366061, 52.199559438560129 ], [ -81.818657547605838, 52.200008925234464 ], [ -81.816462997027131, 52.200024129914382 ] ] ] } },
{ "type": "Feature", "properties": { "area_km2": 0.11750000000042927, "mock": true }, "geometry": { "type": "Polygon", "coordinates": [ [ [ -81.808424451114846, 52.200529019050421 ], [ -81.80841629495481, 52.200079531274888 ], [ -81.811342371447907, 52.200059448804375 ], [ -81.811334185989367, 52.199609961316781 ], [ -81.812805408405438, 52.200049380363929 ], [ -81.812090276353118, 52.200953391558421 ], [ -81.81135874300989, 52.200958423673555 ], [ -81.811366929113348, 52.201407911055135 ], [ -81.809172305658279, 52.201422980437009 ], [ -81.808457077896989, 52.202326969799103 ], [ -81.807725521343883, 52.202331979484384 ], [ -81.807733671195635, 52.202781467163838 ], [ -81.806270542688736, 52.202791473091715 ], [ -81.80627867799538, 52.20324096089692 ], [ -81.804083961494371, 52.20325593601985 ], [ -81.804092074875371, 52.203705424030765 ], [ -81.802620816094631, 52.203265896761422 ], [ -81.802604619489898, 52.202366920312926 ], [ -81.80405962262985, 52.201907471775115 ], [ -81.804051510101147, 52.201457983622888 ], [ -81.806246138050668, 52.201443009464157 ], [ -81.806238003598594, 52.20099352151761 ], [ -81.807701073072849, 52.200983516233961 ], [ -81.807692924077202, 52.200534028413159 ], [ -81.808424451114846, 52.200529019050421 ] ] ] } },
{ "type": "Feature", "properties": { "area_km2": 0.024999999999839928, "mock": true }, "geometry": { "type": "Polygon", "coordinates": [ [ [ -81.774104934473485, 52.204355488104824 ], [ -81.777015635259659, 52.203437273467763 ], [ -81.777762911008963, 52.204331435751904 ], [ -81.777031316113337, 52.204336255292489 ], [ -81.777039156849085, 52.204785746151948 ], [ -81.775575951679315, 52.204795371783064 ], [ -81.775583777859694, 52.205244862762186 ], [ -81.77411274568739, 52.204804979273874 ], [ -81.774104934473485, 52.204355488104824 ] ] ] } },
{ "type": "Feature", "properties": { "area_km2": 0.087499999999768624, "mock": true }, "geometry": { "type": "Polygon", "coordinates": [ [ [ -81.784434327142961, 52.209232244754965 ], [ -81.785166001163361, 52.209227379003003 ], [ -81.785189774415713, 52.210575847738617 ], [ -81.784458078247212, 52.210580713725584 ], [ -81.784489749297791, 52.212378671859057 ], [ -81.783758023387819, 52.212383533623068 ], [ -81.783765934286563, 52.21283302314648 ], [ -81.782294570944643, 52.212393243542259 ], [ -81.782239303834842, 52.209246814796167 ], [ -81.783694743678069, 52.208787616165424 ], [ -81.783686834649274, 52.208338126324442 ], [ -81.782955174977616, 52.208342982848464 ], [ -81.782939372306899, 52.207444002904268 ], [ -81.784394746127987, 52.206984795764839 ], [ -81.784402661915138, 52.207434285633418 ], [ -81.785134306407485, 52.207429420194778 ], [ -81.784434327142961, 52.209232244754965 ] ] ] } },
{ "type": "Feature", "properties": { "area_km2": 0.4450000000002316, "mock": true }, "geometry": { "type": "Polygon", "coordinates": [ [ [ -81.906831357349077, 52.21869472600455 ], [ -81.906822202461626, 52.218245251187973 ], [ -81.907554001467176, 52.218239626013855 ], [ -81.907544839434962, 52.217790151252295 ], [ -81.908276630814569, 52.21778452163197 ], [ -81.908258292702257, 52.216885572183372 ], [ -81.909712661734631, 52.216424825099189 ], [ -81.909703478511673, 52.215975350467438 ], [ -81.910435239629081, 52.215969707600202 ], [ -81.911130210953772, 52.214166162040698 ], [ -81.911861942052326, 52.214160510464488 ], [ -81.911843533959484, 52.213261561355061 ], [ -81.913297747447714, 52.212800770532581 ], [ -81.913288529239949, 52.212351296071105 ], [ -81.914020230079984, 52.212345631251196 ], [ -81.914011004731691, 52.211896156845299 ], [ -81.914742697946721, 52.211890487580796 ], [ -81.914733465458283, 52.211441013230584 ], [ -81.915465151048352, 52.211435339521636 ], [ -81.915446672034633, 52.210536390897104 ], [ -81.916900759051302, 52.210075556055074 ], [ -81.91689150538781, 52.209626081836682 ], [ -81.917623160721433, 52.209620394886812 ], [ -81.917613899919502, 52.209170920724418 ], [ -81.918345547628434, 52.209165229330758 ], [ -81.918327011991977, 52.208266281082352 ], [ -81.919780994939913, 52.207805411061806 ], [ -81.919771712968881, 52.207355937032027 ], [ -81.920503330423145, 52.207350232399733 ], [ -81.920484752451713, 52.206451284417057 ], [ -81.921938653726841, 52.205990388054275 ], [ -81.921929350591299, 52.205540914157773 ], [ -81.922660937792472, 52.205535196288579 ], [ -81.922651627521603, 52.205085722448516 ], [ -81.923383207098595, 52.205080000136718 ], [ -81.923373889692797, 52.204630526353164 ], [ -81.924105461645652, 52.204624799598918 ], [ -81.924096137105266, 52.204175325871901 ], [ -81.924827701433983, 52.204169594675335 ], [ -81.92481836975945, 52.203720121004984 ], [ -81.925549926464029, 52.203714385366226 ], [ -81.925540587655718, 52.203264911752598 ], [ -81.926272136736188, 52.203259171671824 ], [ -81.926262790794496, 52.202809698114947 ], [ -81.926994332250885, 52.202803953592316 ], [ -81.926984979176183, 52.202354480092282 ], [ -81.927716513008505, 52.202348731127913 ], [ -81.927707152801204, 52.201899257684794 ], [ -81.928438679009446, 52.201893504278857 ], [ -81.928429311669902, 52.201444030892731 ], [ -81.929892348592134, 52.201432510663935 ], [ -81.929882966742937, 52.200983037427619 ], [ -81.930614477456757, 52.200977270604987 ], [ -81.930623866683774, 52.201426743748499 ], [ -81.931355384528842, 52.201420972299019 ], [ -81.931383575824029, 52.202769391236998 ], [ -81.929929878452896, 52.203230403252917 ], [ -81.929939261534116, 52.203679876311092 ], [ -81.928476150827734, 52.203691397467104 ], [ -81.927763317732527, 52.204596097809109 ], [ -81.927031747006112, 52.204601847236191 ], [ -81.927041101309072, 52.205051320558105 ], [ -81.926309522957553, 52.205057065543109 ], [ -81.926318870126593, 52.20550653892186 ], [ -81.925587284149984, 52.205512279464642 ], [ -81.925596624184706, 52.205961752900187 ], [ -81.924865030582993, 52.205967489000599 ], [ -81.924874363482985, 52.206416962492852 ], [ -81.924142762256125, 52.206422694150724 ], [ -81.924152088021046, 52.20687216769965 ], [ -81.923420479169025, 52.206877894914847 ], [ -81.923429797798462, 52.207327368520339 ], [ -81.92269818132128, 52.207333091292725 ], [ -81.922707492814865, 52.207782564954726 ], [ -81.921975868712494, 52.207788283284138 ], [ -81.921985173069828, 52.2082377570026 ], [ -81.921253541342253, 52.208243470888888 ], [ -81.921262838562939, 52.208692944663696 ], [ -81.920531199210131, 52.208698654106719 ], [ -81.920540489293785, 52.209148127937858 ], [ -81.91980884231576, 52.209153832937481 ], [ -81.919818125261997, 52.209603306824818 ], [ -81.919086470658712, 52.209609007380884 ], [ -81.91839189097972, 52.211412599328803 ], [ -81.916937776135995, 52.211873452572597 ], [ -81.916947031014885, 52.212322926613012 ], [ -81.916215331145324, 52.212328609576339 ], [ -81.916233826866559, 52.213227557733319 ], [ -81.914779630325725, 52.21368838462579 ], [ -81.914788864026818, 52.214137858798054 ], [ -81.914057133896549, 52.214143528518896 ], [ -81.914075587258949, 52.215042476939203 ], [ -81.912621309013275, 52.215503277476223 ], [ -81.91263052153198, 52.21595275177976 ], [ -81.91189876113944, 52.215958408256348 ], [ -81.911907966515727, 52.216407882615371 ], [ -81.911176198496932, 52.216413534646506 ], [ -81.911185396730403, 52.216863009060923 ], [ -81.910453621085324, 52.216868656646461 ], [ -81.910462812175638, 52.217318131116208 ], [ -81.909731028904261, 52.217323774255981 ], [ -81.909740212850963, 52.217773248781015 ], [ -81.909008421953288, 52.217778887474871 ], [ -81.90902677579983, 52.218677836599774 ], [ -81.9075723262537, 52.219138575430293 ], [ -81.907581489008024, 52.219588050085164 ], [ -81.90684966784552, 52.219593675530966 ], [ -81.906858823454527, 52.220043150240819 ], [ -81.906126994665442, 52.220048771240045 ], [ -81.906136143128734, 52.220498246004844 ], [ -81.904672470057236, 52.220509474572665 ], [ -81.903958886489789, 52.221414032015723 ], [ -81.903227034581107, 52.221419635136989 ], [ -81.903236154218092, 52.221869110156334 ], [ -81.901763330045199, 52.221430827767406 ], [ -81.901754225421158, 52.220981352532277 ], [ -81.903208796025922, 52.220520684991584 ], [ -81.903199677107679, 52.220071209865566 ], [ -81.903931506856949, 52.220065607014909 ], [ -81.903922380792196, 52.219616131943511 ], [ -81.905386024799128, 52.219604912811384 ], [ -81.906099550717556, 52.218700346732305 ], [ -81.906831357349077, 52.21869472600455 ] ] ] } },
{ "type": "Feature", "properties": { "area_km2": 0.047262282793883711, "mock": true }, "geometry": { "type": "Polygon", "coordinates": [ [ [ -81.809294790899401, 52.208165290557737 ], [ -81.811489746468169, 52.208150217536719 ], [ -81.812205004688295, 52.207246210549393 ], [ -81.813668277368677, 52.207236130444642 ], [ -81.813660066326023, 52.206786643765909 ], [ -81.815123323381272, 52.206776545682274 ], [ -81.815871418173856, 52.2076704626718 ], [ -81.814416350880848, 52.208130056678172 ], [ -81.814424569952351, 52.20857954316962 ], [ -81.811870934700593, 52.208990489073031 ], [ -81.811863765443334, 52.208597188173478 ], [ -81.811861602331888, 52.208575171588919 ], [ -81.811855936920907, 52.208553391273433 ], [ -81.811846823776378, 52.20853205698284 ], [ -81.811834350667368, 52.208511374177206 ], [ -81.811818637720648, 52.208491542042225 ], [ -81.811799836263702, 52.208472751570937 ], [ -81.811778127367148, 52.208455183724411 ], [ -81.811753720100896, 52.20843900768908 ], [ -81.81172684952061, 52.208424379247418 ], [ -81.811697774404024, 52.208411439277747 ], [ -81.811666774758734, 52.208400312397551 ], [ -81.81163414912568, 52.208391105763383 ], [ -81.811600211704132, 52.208383908038975 ], [ -81.811565289325884, 52.208378788541403 ], [ -81.811529718307852, 52.208375796573492 ], [ -81.811493841213377, 52.208374960949143 ], [ -81.809298874571908, 52.208390034091487 ], [ -81.809262136835315, 52.208391423579073 ], [ -81.809225812281085, 52.208395073811516 ], [ -81.809190268575563, 52.208400947842279 ], [ -81.809155865481941, 52.208408986216185 ], [ -81.809122951219052, 52.20841910757116 ], [ -81.809091858936739, 52.208431209461786 ], [ -81.809079752571506, 52.208437046127621 ], [ -81.809294790899401, 52.208165290557737 ] ] ] } },
{ "type": "Feature", "properties": { "area_km2": 0.15013491429857434, "mock": true }, "geometry": { "type": "Polygon", "coordinates": [ [ [ -81.804303097597355, 52.215392099913231 ], [ -81.80429497867361, 52.214942612820913 ], [ -81.811604419664548, 52.214443029744089 ], [ -81.811596227323335, 52.213993543387609 ], [ -81.814523215651548, 52.213973378309369 ], [ -81.814514993988936, 52.213523892242144 ], [ -81.815246733147404, 52.213518839712812 ], [ -81.81599494516783, 52.214412754420614 ], [ -81.815263191457078, 52.214417811649156 ], [ -81.81527142093617, 52.214867297564346 ], [ -81.813807898097281, 52.214877398574508 ], [ -81.813816113023123, 52.215326884616928 ], [ -81.811620804992572, 52.215342002351044 ], [ -81.811628997979426, 52.215791488601489 ], [ -81.810165443446039, 52.215801544569395 ], [ -81.810173621877823, 52.216251030946388 ], [ -81.807978266311437, 52.21626608111481 ], [ -81.807986422801989, 52.216715567698763 ], [ -81.802863867292331, 52.216750526531499 ], [ -81.802855762499547, 52.216301039384717 ], [ -81.800294506677218, 52.216318435154832 ], [ -81.800290467284938, 52.216093691428171 ], [ -81.802851710183006, 52.216076295798096 ], [ -81.802887554322822, 52.216074969620308 ], [ -81.802923014232547, 52.216071491800029 ], [ -81.8029577484089, 52.216065895831072 ], [ -81.802991422338238, 52.216058235606468 ], [ -81.803023711718311, 52.216048584899404 ], [ -81.803054305581526, 52.216037036652779 ], [ -81.803082909289941, 52.216023702083895 ], [ -81.803109247372831, 52.216008709613497 ], [ -81.803133066179711, 52.215992203628872 ], [ -81.803154136323087, 52.215974343093229 ], [ -81.803172254887642, 52.215955300014798 ], [ -81.803187247384258, 52.215935257790207 ], [ -81.80319896943044, 52.215914409438248 ], [ -81.803207308140614, 52.215892955740877 ], [ -81.803212183213077, 52.215871103309645 ], [ -81.803213547703251, 52.215849062595822 ], [ -81.803205439643762, 52.215399575418488 ], [ -81.804303097597355, 52.215392099913231 ] ] ] } },
{ "type": "Feature", "properties": { "area_km2": 0.027500000000094588, "mock": true }, "geometry": { "type": "Polygon", "coordinates": [ [ [ -81.898881297067192, 52.223700536019521 ], [ -81.898890373575071, 52.224150011400859 ], [ -81.898158475668964, 52.224155583298653 ], [ -81.898167545027249, 52.224605058734149 ], [ -81.896694679142087, 52.22416671348072 ], [ -81.896685624797882, 52.223717237830471 ], [ -81.898140337667215, 52.223256632321018 ], [ -81.898131269023736, 52.222807156778885 ], [ -81.898863144766793, 52.222801585150201 ], [ -81.898854068974259, 52.222352109662225 ], [ -81.899585937091572, 52.222346533585714 ], [ -81.900335986343265, 52.223239903552823 ], [ -81.898881297067192, 52.223700536019521 ] ] ] } },
{ "type": "Feature", "properties": { "area_km2": 0.024999999999886495, "mock": true }, "geometry": { "type": "Polygon", "coordinates": [ [ [ -81.844647857510765, 52.29737615758404 ], [ -81.845380972251959, 52.297370912365743 ], [ -81.845372413480945, 52.296921436195127 ], [ -81.846838627447568, 52.296910932277953 ], [ -81.847588896380429, 52.297804625292486 ], [ -81.846131219826205, 52.298264614663331 ], [ -81.846139786693413, 52.298714090643173 ], [ -81.844664960887755, 52.298275109988069 ], [ -81.844647857510765, 52.29737615758404 ] ] ] } },
{ "type": "Feature", "properties": { "area_km2": 0.057500000000008732, "mock": true }, "geometry": { "type": "Polygon", "coordinates": [ [ [ -81.922784876451573, 52.423110864267876 ], [ -81.923520059516065, 52.423105124483818 ], [ -81.922803646756975, 52.424009778505706 ], [ -81.922068448495793, 52.424015513904564 ], [ -81.922087204841418, 52.424914428185218 ], [ -81.920607414330973, 52.424476428333982 ], [ -81.920598051231607, 52.424026970991079 ], [ -81.919862852228988, 52.424032692678743 ], [ -81.919853496851246, 52.423583235208021 ], [ -81.919118305076594, 52.423588952233089 ], [ -81.919108957420121, 52.423139494634604 ], [ -81.918373772873423, 52.423145206997205 ], [ -81.91909026284678, 52.422240579331017 ], [ -81.922030938772608, 52.422217684916681 ], [ -81.922784876451573, 52.423110864267876 ] ] ] } },
{ "type": "Feature", "properties": { "area_km2": 0.025529893055321492, "mock": true }, "geometry": { "type": "Polygon", "coordinates": [ [ [ -81.870213969640332, 52.441940096829185 ], [ -81.870205113455327, 52.441490634637326 ], [ -81.869469613682327, 52.441496044274231 ], [ -81.869460765213745, 52.441046581959689 ], [ -81.868725272690071, 52.441051986935967 ], [ -81.868716431937528, 52.4406025244988 ], [ -81.867980946663167, 52.440607924814621 ], [ -81.868698751132214, 52.439703599518261 ], [ -81.869434221208735, 52.439698194803555 ], [ -81.870187401786282, 52.440591710147324 ], [ -81.870922886360276, 52.440586296111654 ], [ -81.87093174956054, 52.441035758287029 ], [ -81.87235932647549, 52.441025236513006 ], [ -81.872179891611196, 52.4412513236922 ], [ -81.870936181248382, 52.441260489361426 ], [ -81.870900156995461, 52.441261836950098 ], [ -81.870864522349834, 52.441265335833052 ], [ -81.87082962048764, 52.441270952314646 ], [ -81.870795787528294, 52.441278632305902 ], [ -81.870763349297718, 52.441288301845375 ], [ -81.870732618190573, 52.441299867811374 ], [ -81.870703890161892, 52.441313218818784 ], [ -81.870677441876907, 52.441328226291638 ], [ -81.870653528046716, 52.441344745701379 ], [ -81.870632378975259, 52.441362617958646 ], [ -81.870614198341343, 52.441381670945347 ], [ -81.870599161237038, 52.441401721172198 ], [ -81.87058741248137, 52.441422575545737 ], [ -81.870579065225456, 52.441444033227917 ], [ -81.870574199862659, 52.441465887570232 ], [ -81.87057286325421, 52.441487928103818 ], [ -81.87058172318072, 52.441937390252022 ], [ -81.870213969640332, 52.441940096829185 ] ] ] } },
{ "type": "Feature", "properties": { "area_km2": 0.23500000000003055, "mock": true }, "geometry": { "type": "Polygon", "coordinates": [ [ [ -81.802946870772615, 52.42398536081263 ], [ -81.802955037352191, 52.424434832054416 ], [ -81.803690265636874, 52.424429837183041 ], [ -81.803698439907848, 52.424879308309016 ], [ -81.804433675452913, 52.424874308786158 ], [ -81.804441857415682, 52.425323779796209 ], [ -81.805177100221101, 52.42531877562174 ], [ -81.80518528987605, 52.425768246515794 ], [ -81.804450039594258, 52.425773250770966 ], [ -81.804466404598912, 52.426672192614717 ], [ -81.803731139147956, 52.42667719246014 ], [ -81.80449913719832, 52.428470075878984 ], [ -81.803763841838304, 52.428475076047 ], [ -81.803788371120604, 52.429823488366843 ], [ -81.803053053111029, 52.429828484205117 ], [ -81.803069392087451, 52.430727425736521 ], [ -81.802334058905444, 52.430732417164059 ], [ -81.802350383786191, 52.431631358715464 ], [ -81.801615035431155, 52.431636345732009 ], [ -81.801631346214691, 52.432535287303224 ], [ -81.800895982685986, 52.432540269908493 ], [ -81.800904130920912, 52.432989740721595 ], [ -81.79942525498393, 52.432550221402458 ], [ -81.799408989076028, 52.43165127934946 ], [ -81.800871539270887, 52.431191857257666 ], [ -81.800855244735445, 52.430292915314141 ], [ -81.800119918386685, 52.430297892945724 ], [ -81.799997848923326, 52.423555822669471 ], [ -81.801460125897904, 52.42309639377072 ], [ -81.80221164974833, 52.423990351032643 ], [ -81.802946870772615, 52.42398536081263 ] ] ] } },
{ "type": "Feature", "properties": { "area_km2": 0.060000000000279399, "mock": true }, "geometry": { "type": "Polygon", "coordinates": [ [ [ -81.819188332977305, 52.427470174201865 ], [ -81.819229999192586, 52.429717519698499 ], [ -81.817767691041908, 52.430177167972325 ], [ -81.817776010207481, 52.43062663709464 ], [ -81.8170406813732, 52.430631719959209 ], [ -81.817048993279641, 52.431081189128228 ], [ -81.815570023047059, 52.430641871972909 ], [ -81.81556172631673, 52.430192402604867 ], [ -81.816297048110897, 52.430187328965744 ], [ -81.816280440350553, 52.429288390287425 ], [ -81.817015746969446, 52.429283312240408 ], [ -81.816982504167015, 52.427485434787862 ], [ -81.818444731820122, 52.427025796347813 ], [ -81.818453056926742, 52.427475265635159 ], [ -81.819188332977305, 52.427470174201865 ] ] ] } },
{ "type": "Feature", "properties": { "area_km2": 0.31000000000010186, "mock": true }, "geometry": { "type": "Polygon", "coordinates": [ [ [ -81.857605582188626, 52.436637873820366 ], [ -81.859067683153853, 52.436177734300493 ], [ -81.859041461022457, 52.434829342334645 ], [ -81.860503487184403, 52.434369185245004 ], [ -81.859733115484872, 52.432576677799574 ], [ -81.860468468657388, 52.432571329343418 ], [ -81.86045971460301, 52.432121865279527 ], [ -81.861195060065668, 52.4321165123377 ], [ -81.861203821598991, 52.43256597631526 ], [ -81.862674526788581, 52.43255525654294 ], [ -81.862683303511261, 52.433004720312169 ], [ -81.864154022732919, 52.432993982078678 ], [ -81.864145231052063, 52.432544518482658 ], [ -81.864880582836008, 52.432539142594536 ], [ -81.864854186748829, 52.431190751854224 ], [ -81.865589515864613, 52.431185371654479 ], [ -81.865580710154802, 52.430735908090362 ], [ -81.867060173399153, 52.431174597539737 ], [ -81.867068994298194, 52.431624060894677 ], [ -81.867804330194971, 52.431618666892653 ], [ -81.86781315880539, 52.432068130125167 ], [ -81.867077815429937, 52.432073524214175 ], [ -81.867130747107439, 52.434770303387715 ], [ -81.865668777707043, 52.435230542138342 ], [ -81.865659969906318, 52.434781078892875 ], [ -81.864924580957137, 52.434786459786963 ], [ -81.864933381277794, 52.435235923119237 ], [ -81.864197984616382, 52.435241299527682 ], [ -81.864224364530017, 52.436589689572223 ], [ -81.862762304435392, 52.437049892642172 ], [ -81.862771083473788, 52.437499356057394 ], [ -81.862035648713615, 52.437504719181099 ], [ -81.862044420502343, 52.437954182647452 ], [ -81.85909390736073, 52.437526125947819 ], [ -81.859085165727819, 52.437076662100786 ], [ -81.857614308629053, 52.437087337875028 ], [ -81.856896318343303, 52.43799159707816 ], [ -81.855425429938776, 52.438002245759442 ], [ -81.855434134625284, 52.438451709965726 ], [ -81.853963230339033, 52.438462340526826 ], [ -81.853210413597338, 52.437568719985741 ], [ -81.854672591670379, 52.437108634550462 ], [ -81.854663895153777, 52.436659170152261 ], [ -81.855399317257124, 52.436653852928316 ], [ -81.855390613489163, 52.436204388580528 ], [ -81.856126027882127, 52.436199066869754 ], [ -81.856117316863234, 52.435749602572386 ], [ -81.857596855978414, 52.436188409730327 ], [ -81.857605582188626, 52.436637873820366 ] ] ] } },
{ "type": "Feature", "properties": { "area_km2": 0.23250000000009458, "mock": true }, "geometry": { "type": "Polygon", "coordinates": [ [ [ -81.782519786365711, 52.433112821870566 ], [ -81.783990538801561, 52.433103080541727 ], [ -81.784741882701141, 52.4339971480385 ], [ -81.786212663793961, 52.433987378960524 ], [ -81.786932041146684, 52.43308354301611 ], [ -81.78841081234556, 52.433523218952338 ], [ -81.788426855566073, 52.434422163112536 ], [ -81.787691458278431, 52.434427063734205 ], [ -81.787699472725635, 52.434876535840502 ], [ -81.78622066306913, 52.434436851259939 ], [ -81.786228662555331, 52.434886323524132 ], [ -81.785493257153519, 52.434891210507011 ], [ -81.785525227284793, 52.436689099526895 ], [ -81.787004105748352, 52.43712879236665 ], [ -81.787012113982598, 52.437578264340594 ], [ -81.787747563849237, 52.437573367738565 ], [ -81.787755579776658, 52.438022839598268 ], [ -81.786292666043082, 52.438482100369562 ], [ -81.786300667428932, 52.43893157231674 ], [ -81.78556519469366, 52.438936460009167 ], [ -81.78558118313353, 52.439835403955549 ], [ -81.786316670833955, 52.439830516105374 ], [ -81.786324672853155, 52.44027998794688 ], [ -81.785589177669848, 52.440284875875875 ], [ -81.785597172417098, 52.440734347760994 ], [ -81.784118186670625, 52.440294638013363 ], [ -81.784110207100071, 52.439845165935552 ], [ -81.783374718767462, 52.43985004006538 ], [ -81.783366746890124, 52.439400567873712 ], [ -81.782631265829892, 52.439405437351581 ], [ -81.782591447008656, 52.437158075472198 ], [ -81.78111261090838, 52.436718327285028 ], [ -81.781064926286462, 52.434021490715125 ], [ -81.782527747819159, 52.433562294633845 ], [ -81.782519786365711, 52.433112821870566 ] ] ] } },
{ "type": "Feature", "properties": { "area_km2": 0.53750000000036091, "mock": true }, "geometry": { "type": "Polygon", "coordinates": [ [ [ -81.80701700688725, 52.445534901598741 ], [ -81.80626501479523, 52.444640979997622 ], [ -81.807727921459303, 52.444181472663281 ], [ -81.807719700487979, 52.443732003458017 ], [ -81.808455249119774, 52.443726977676768 ], [ -81.808447020881118, 52.443277508517291 ], [ -81.80918256181161, 52.44327247824323 ], [ -81.80914962109307, 52.44147460157722 ], [ -81.808414110097516, 52.441479631526704 ], [ -81.808389429289093, 52.440131223413388 ], [ -81.809124917835533, 52.440126193707322 ], [ -81.80902612435591, 52.434732559052982 ], [ -81.808290725588151, 52.434737587785499 ], [ -81.808274278009151, 52.433838648020348 ], [ -81.809009661816546, 52.433833619450056 ], [ -81.808984969636057, 52.43248520978112 ], [ -81.809720330787286, 52.432480176882009 ], [ -81.809703855460882, 52.431581237088714 ], [ -81.810439201436438, 52.431576199779997 ], [ -81.810406223476875, 52.429778320095032 ], [ -81.811868596044334, 52.429318762565757 ], [ -81.811860337359832, 52.42886929268375 ], [ -81.812595637812123, 52.42886424214786 ], [ -81.812603903974491, 52.429313711948403 ], [ -81.813339211686596, 52.429308656759424 ], [ -81.813355759621842, 52.430207596091584 ], [ -81.814091082071997, 52.430202536167769 ], [ -81.814115928047798, 52.431550944656465 ], [ -81.813380583161717, 52.431556004825133 ], [ -81.813413684270941, 52.433353882642542 ], [ -81.811951194872762, 52.433813459445254 ], [ -81.812000764630042, 52.436510275879385 ], [ -81.811265336809171, 52.436515323227624 ], [ -81.811290102186135, 52.437863731212623 ], [ -81.812025552451317, 52.437858683620121 ], [ -81.811323125738056, 52.439661608032068 ], [ -81.812058605931711, 52.439656560113818 ], [ -81.812132989018224, 52.44370178016073 ], [ -81.811397441473943, 52.443706828811919 ], [ -81.811413958478667, 52.444605766374927 ], [ -81.812149520991923, 52.444600717560839 ], [ -81.812157787305935, 52.445050186207979 ], [ -81.810694898654106, 52.445509748199527 ], [ -81.810719654647073, 52.446858154311933 ], [ -81.809256691141357, 52.447317698678262 ], [ -81.809264928820312, 52.447767167439096 ], [ -81.808529313038733, 52.447772198524767 ], [ -81.808521082845772, 52.447322729682753 ], [ -81.807049865603261, 52.447332777967958 ], [ -81.807058080824191, 52.447782246972096 ], [ -81.805586847742504, 52.44779227712074 ], [ -81.805595048207778, 52.448241746251448 ], [ -81.804859423856016, 52.448246754544563 ], [ -81.804892197934265, 52.450044631037862 ], [ -81.804156543419367, 52.450049635079147 ], [ -81.804164729992266, 52.450499104195046 ], [ -81.802685233741613, 52.450059629436559 ], [ -81.802677062358853, 52.449610160124159 ], [ -81.801941414683469, 52.449615150359769 ], [ -81.801933251003192, 52.449165680931593 ], [ -81.803396352726438, 52.448706226744129 ], [ -81.803388174504079, 52.448256757406533 ], [ -81.80412379928805, 52.448251758262934 ], [ -81.804091058612826, 52.446453880882515 ], [ -81.80701700688725, 52.445534901598741 ] ] ] } },
{ "type": "Feature", "properties": { "area_km2": 0.11250000000002038, "mock": true }, "geometry": { "type": "Polygon", "coordinates": [ [ [ -81.801721070908897, 52.437479463423912 ], [ -81.801737387287361, 52.438378404078385 ], [ -81.800274609063351, 52.438837837240811 ], [ -81.800307185403383, 52.440635718628535 ], [ -81.798844317602658, 52.441095134284694 ], [ -81.798868707857523, 52.442443545330853 ], [ -81.798133178873584, 52.442448511409481 ], [ -81.798141301903655, 52.442897981767828 ], [ -81.796662120262923, 52.442458429845281 ], [ -81.796621583160899, 52.44021107672485 ], [ -81.797357075156498, 52.440206120193665 ], [ -81.797332733014386, 52.438857708138315 ], [ -81.798068202348219, 52.438852747273785 ], [ -81.7980519603597, 52.437953805887361 ], [ -81.800977474709313, 52.437034976452857 ], [ -81.800985625094157, 52.437484446913388 ], [ -81.801721070908897, 52.437479463423912 ] ] ] } },
{ "type": "Feature", "properties": { "area_km2": 0.047944059582896582, "mock": true }, "geometry": { "type": "Polygon", "coordinates": [ [ [ -81.845430318569768, 52.453807542340634 ], [ -81.846183259044466, 52.454701209458655 ], [ -81.826318619264185, 52.45484165504601 ], [ -81.826293379710762, 52.453493256013928 ], [ -81.826733140612319, 52.453355060798081 ], [ -81.826720890051817, 52.453365397240972 ], [ -81.826702685509972, 52.45338444353618 ], [ -81.826687624376277, 52.453404488237204 ], [ -81.826675851701168, 52.453425338303816 ], [ -81.826667480866092, 52.453446792939474 ], [ -81.826662592491516, 52.453468645524971 ], [ -81.826661233660275, 52.453490685608401 ], [ -81.826678067295902, 52.454389618248818 ], [ -81.82668025115737, 52.454411633568348 ], [ -81.826685956699336, 52.454433412107278 ], [ -81.826695128979281, 52.454454744125847 ], [ -81.826707679667734, 52.454475424184238 ], [ -81.826723487898704, 52.454495253121145 ], [ -81.826742401433506, 52.45451403997177 ], [ -81.826764238126827, 52.454531603807041 ], [ -81.826788787680741, 52.454547775476065 ], [ -81.826815813669981, 52.454562399235229 ], [ -81.826845055818836, 52.454575334248162 ], [ -81.826876232507743, 52.454586455942085 ], [ -81.826909043485514, 52.454595657207634 ], [ -81.826943172761005, 52.454602849430394 ], [ -81.826978291646498, 52.45460796334433 ], [ -81.827014061923137, 52.454610949698989 ], [ -81.827050139098532, 52.45461177973371 ], [ -81.84323606695925, 52.454497494508679 ], [ -81.843272102946557, 52.454496155300674 ], [ -81.843307750539566, 52.454492664685326 ], [ -81.843342666427461, 52.454487056279739 ], [ -81.843376514346573, 52.454479384096693 ], [ -81.843408968318926, 52.454469722024591 ], [ -81.843439715791831, 52.454458163115739 ], [ -81.843468460647955, 52.454444818690185 ], [ -81.843494926057218, 52.454429817263588 ], [ -81.843518857142925, 52.454413303309508 ], [ -81.843540023436319, 52.454395435867916 ], [ -81.843558221096089, 52.454376387013575 ], [ -81.843573274871474, 52.454356340198721 ], [ -81.843585039789858, 52.454335488486379 ], [ -81.843593402552841, 52.454314032690888 ], [ -81.84359828262717, 52.454292179443989 ], [ -81.843599633020162, 52.454270139204816 ], [ -81.84359104385149, 52.453820674829913 ], [ -81.845430318569768, 52.453807542340634 ] ] ] } },
{ "type": "Feature", "properties": { "area_km2": 0.049999999999950522, "mock": true }, "geometry": { "type": "Polygon", "coordinates": [ [ [ -81.823233207231738, 52.447221240425257 ], [ -81.824704414831658, 52.447210990859539 ], [ -81.824696020170009, 52.446761523784886 ], [ -81.825431616152159, 52.446756392223023 ], [ -81.825440018299446, 52.44720585921489 ], [ -81.826175621545531, 52.447200722995731 ], [ -81.826192441477076, 52.448099656707754 ], [ -81.826928059473047, 52.44809451574821 ], [ -81.826209262296359, 52.448998590278556 ], [ -81.824729600145758, 52.448559391871569 ], [ -81.824721204819525, 52.448109924902866 ], [ -81.823985586158344, 52.448115052138419 ], [ -81.823993973998341, 52.448564519189866 ], [ -81.822522721039689, 52.448574760102197 ], [ -81.822514348172177, 52.448125292885535 ], [ -81.821778728847605, 52.44813040639707 ], [ -81.82176199874732, 52.447231471692881 ], [ -81.823224827541367, 52.446771773185255 ], [ -81.823233207231738, 52.447221240425257 ] ] ] } },
{ "type": "Feature", "properties": { "area_km2": 0.020000000000027648, "mock": true }, "geometry": { "type": "Polygon", "coordinates": [ [ [ -81.878465467276484, 52.449970584039932 ], [ -81.877729827876124, 52.449976045658239 ], [ -81.878447582025274, 52.449071662826007 ], [ -81.879918830172528, 52.449060726217887 ], [ -81.879927787652605, 52.449510186666096 ], [ -81.880663418857992, 52.449504711411734 ], [ -81.87994570332188, 52.450409107456224 ], [ -81.878474410256075, 52.450420044593706 ], [ -81.878465467276484, 52.449970584039932 ] ] ] } },
{ "type": "Feature", "properties": { "area_km2": 0.027499999999905413, "mock": true }, "geometry": { "type": "Polygon", "coordinates": [ [ [ -81.7270218404053, 52.009101317852718 ], [ -81.727029125228654, 52.009550828838286 ], [ -81.72556500926467, 52.009110299774385 ], [ -81.725550469377552, 52.008211277408876 ], [ -81.726999987078926, 52.007752784684634 ], [ -81.726992703017984, 52.007303273558151 ], [ -81.727721089115533, 52.007298776131073 ], [ -81.728464072520936, 52.0081932961292 ], [ -81.727735672021083, 52.008197798204264 ], [ -81.727750255689799, 52.00909682013652 ], [ -81.7270218404053, 52.009101317852718 ] ] ] } },
{ "type": "Feature", "properties": { "area_km2": 0.084999999999809367, "mock": true }, "geometry": { "type": "Polygon", "coordinates": [ [ [ -81.684175269685952, 52.017899493009033 ], [ -81.684182127370903, 52.018349007463321 ], [ -81.684910699563233, 52.018344774101756 ], [ -81.684924430074616, 52.019243802768855 ], [ -81.684195843279241, 52.019248036266497 ], [ -81.68420955990554, 52.020147064929127 ], [ -81.683480958326896, 52.020151294057392 ], [ -81.683487809607101, 52.020600808403955 ], [ -81.681301981889462, 52.020613468959453 ], [ -81.681295152515844, 52.020163954409405 ], [ -81.680566550221101, 52.020168165515805 ], [ -81.680525621541889, 52.017471077071619 ], [ -81.681254180027409, 52.017466866371279 ], [ -81.681247351904787, 52.017017351575277 ], [ -81.682711296462088, 52.017458431455481 ], [ -81.682718139365491, 52.01790794608079 ], [ -81.684175269685952, 52.017899493009033 ] ] ] } },
{ "type": "Feature", "properties": { "area_km2": 0.024999999999986904, "mock": true }, "geometry": { "type": "Polygon", "coordinates": [ [ [ -81.617171301478322, 52.02006776428145 ], [ -81.616455050250494, 52.020970619450694 ], [ -81.614997800609359, 52.020978235286513 ], [ -81.61499163576147, 52.020528714873983 ], [ -81.614263018001523, 52.02053251597215 ], [ -81.61425070339476, 52.019633474919829 ], [ -81.614979306549799, 52.01962967394384 ], [ -81.61497314218596, 52.019180153426248 ], [ -81.616436512375643, 52.0196220584752 ], [ -81.61644269150554, 52.020071578835392 ], [ -81.617171301478322, 52.02006776428145 ] ] ] } },
{ "type": "Feature", "properties": { "area_km2": 0.020000000000052386, "mock": true }, "geometry": { "type": "Polygon", "coordinates": [ [ [ -81.605549943513751, 52.022825383360939 ], [ -81.604821287157662, 52.022829126185691 ], [ -81.605537802578212, 52.021926341203752 ], [ -81.607001170594742, 52.022368363252653 ], [ -81.607007255749096, 52.022817884193216 ], [ -81.607735911627955, 52.022814127850239 ], [ -81.607019426535672, 52.023716925969318 ], [ -81.605556014219871, 52.023274904387023 ], [ -81.605549943513751, 52.022825383360939 ] ] ] } },
{ "type": "Feature", "properties": { "area_km2": 0.077499999999938882, "mock": true }, "geometry": { "type": "Polygon", "coordinates": [ [ [ -81.743991549608069, 52.02203248650838 ], [ -81.744720172148092, 52.022027883065903 ], [ -81.744727637766417, 52.022477391274258 ], [ -81.746184896865245, 52.022468170724316 ], [ -81.746192377284544, 52.022917678749231 ], [ -81.746921013843149, 52.022913061641532 ], [ -81.746935989875254, 52.023812077437171 ], [ -81.746207338710533, 52.023816694693267 ], [ -81.746222300919726, 52.02471571049626 ], [ -81.745493634952297, 52.024720323394753 ], [ -81.745501109046884, 52.025169831317498 ], [ -81.744036302430771, 52.024729535673622 ], [ -81.744021384042313, 52.02383051942622 ], [ -81.742556635658673, 52.023390205061055 ], [ -81.742541747653149, 52.022491188306603 ], [ -81.741813117225504, 52.02249577830603 ], [ -81.741798244604325, 52.021596761263034 ], [ -81.742526860426935, 52.02159217141115 ], [ -81.742519417106067, 52.021142662910528 ], [ -81.743984091487533, 52.021582978190757 ], [ -81.743991549608069, 52.02203248650838 ] ] ] } },
{ "type": "Feature", "properties": { "area_km2": 0.062500000000112049, "mock": true }, "geometry": { "type": "Polygon", "coordinates": [ [ [ -81.683597454481784, 52.02779303317017 ], [ -81.684339903672935, 52.028687830213542 ], [ -81.685068643846179, 52.028683595286758 ], [ -81.685089252285408, 52.030032135809975 ], [ -81.684360490194152, 52.030036370940962 ], [ -81.684367352727151, 52.030485884446485 ], [ -81.682909813393138, 52.030494341323241 ], [ -81.682167362408592, 52.029599535547156 ], [ -81.681438606906156, 52.029603752582126 ], [ -81.68143177395649, 52.029154238734755 ], [ -81.680703025581209, 52.02915845119503 ], [ -81.680689374829967, 52.028259423259492 ], [ -81.681418108593746, 52.028255210934631 ], [ -81.68141127618064, 52.027805696981872 ], [ -81.683597454481784, 52.02779303317017 ] ] ] } },
{ "type": "Feature", "properties": { "area_km2": 0.04, "mock": true }, "geometry": { "type": "Polygon", "coordinates": [ [ [ -81.763848075967559, 52.032694752585073 ], [ -81.763855736261874, 52.033144257997279 ], [ -81.764584536076924, 52.033139531005574 ], [ -81.763871057452107, 52.034043268715806 ], [ -81.762413427991376, 52.03405270948069 ], [ -81.761669335614272, 52.033158411928376 ], [ -81.760940534998227, 52.03316312089072 ], [ -81.760932903932002, 52.032713615175325 ], [ -81.760204110423217, 52.032718319554732 ], [ -81.760917642398823, 52.031814603638693 ], [ -81.76237519958994, 52.031805181660992 ], [ -81.763119283258987, 52.032699474993564 ], [ -81.763848075967559, 52.032694752585073 ] ] ] } },
{ "type": "Feature", "properties": { "area_km2": 0.025000000000052387, "mock": true }, "geometry": { "type": "Polygon", "coordinates": [ [ [ -81.756825810951582, 52.048474468731968 ], [ -81.759757258290165, 52.049354712990102 ], [ -81.759043427133491, 52.050258420386271 ], [ -81.756111934317346, 52.049378158681662 ], [ -81.756825810951582, 52.048474468731968 ] ] ] } },
{ "type": "Feature", "properties": { "area_km2": 0.034999999999997089, "mock": true }, "geometry": { "type": "Polygon", "coordinates": [ [ [ -81.67228839930074, 52.051234829258192 ], [ -81.673017508031677, 52.051230667604457 ], [ -81.673010754272411, 52.050781154634848 ], [ -81.674475724962775, 52.051222330765512 ], [ -81.674502800294732, 52.05302038175671 ], [ -81.673773662654668, 52.053024552699632 ], [ -81.673780424614591, 52.053474065426713 ], [ -81.672315386843493, 52.053032881053113 ], [ -81.67228839930074, 52.051234829258192 ] ] ] } },
{ "type": "Feature", "properties": { "area_km2": 0.025000000000100407, "mock": true }, "geometry": { "type": "Polygon", "coordinates": [ [ [ -81.750339641158959, 52.053011480580032 ], [ -81.750324581096024, 52.052112469963888 ], [ -81.75105369176093, 52.052107825477442 ], [ -81.751046154710053, 52.051658320191137 ], [ -81.752504360817255, 52.051649017836525 ], [ -81.753248581764936, 52.05254336998216 ], [ -81.751797891553238, 52.053002186797919 ], [ -81.751805436512015, 52.053451691903703 ], [ -81.750339641158959, 52.053011480580032 ] ] ] } },
{ "type": "Feature", "properties": { "area_km2": 0.074999999999965081, "mock": true }, "geometry": { "type": "Polygon", "coordinates": [ [ [ -81.751091379976074, 52.054355351380025 ], [ -81.751098918211326, 52.054804856454744 ], [ -81.752557226738816, 52.054795553053239 ], [ -81.752564779804487, 52.055245057943154 ], [ -81.753293941088145, 52.0552403994012 ], [ -81.75257988652929, 52.056144067617169 ], [ -81.751113995274096, 52.055703866498419 ], [ -81.750399889299416, 52.056607521634213 ], [ -81.74967070527498, 52.05661216235621 ], [ -81.749678229862852, 52.057061667403921 ], [ -81.748212336635106, 52.056621430266709 ], [ -81.748197317318628, 52.055722419767513 ], [ -81.747468147337599, 52.055727046807242 ], [ -81.747445641787479, 52.054378530570879 ], [ -81.748174789818904, 52.054373903754332 ], [ -81.748167281045596, 52.053924398346069 ], [ -81.748896421564211, 52.053919767093163 ], [ -81.748903937653637, 52.054369272426946 ], [ -81.751091379976074, 52.054355351380025 ] ] ] } },
{ "type": "Feature", "properties": { "area_km2": 0.020000000000085855, "mock": true }, "geometry": { "type": "Polygon", "coordinates": [ [ [ -81.705940567245392, 52.058230878216776 ], [ -81.705933481335833, 52.057781368895611 ], [ -81.705204271005414, 52.057785734571965 ], [ -81.705919310073455, 52.056882350147731 ], [ -81.707384801079996, 52.05732311479268 ], [ -81.707391901439735, 52.057772624008443 ], [ -81.708121111212833, 52.057768244797678 ], [ -81.707406102717087, 52.058671642334446 ], [ -81.705940567245392, 52.058230878216776 ] ] ] } },
{ "type": "Feature", "properties": { "area_km2": 0.039999999999981085, "mock": true }, "geometry": { "type": "Polygon", "coordinates": [ [ [ -81.750505353925021, 52.062900588049061 ], [ -81.751234640211536, 52.062895941770243 ], [ -81.750520423457317, 52.063799596972764 ], [ -81.748332519493957, 52.063813509183539 ], [ -81.748325006589639, 52.06336400451562 ], [ -81.747595712194865, 52.063368632820158 ], [ -81.747573196621957, 52.062020118381703 ], [ -81.748302469057336, 52.062015490300411 ], [ -81.7482949569401, 52.061565985491519 ], [ -81.749761013337618, 52.062006220601738 ], [ -81.749768540290802, 52.062455725226357 ], [ -81.750497819454893, 52.062451083534334 ], [ -81.750505353925021, 52.062900588049061 ] ] ] } },
{ "type": "Feature", "properties": { "area_km2": 0.060000000000014549, "mock": true }, "geometry": { "type": "Polygon", "coordinates": [ [ [ -81.714791616391267, 52.064471252289401 ], [ -81.71552093408414, 52.064466826896989 ], [ -81.715535302004014, 52.06536584261044 ], [ -81.716264634150619, 52.06536141256305 ], [ -81.715549670676623, 52.066264858183118 ], [ -81.714820323699129, 52.066269283860137 ], [ -81.714827500996094, 52.06671879166484 ], [ -81.713368791834, 52.066727629622534 ], [ -81.712625126494785, 52.065833025761357 ], [ -81.711895786087879, 52.065837433316233 ], [ -81.711874343741869, 52.064488908733736 ], [ -81.712603662185529, 52.064484501391455 ], [ -81.712596507790579, 52.064034993197808 ], [ -81.714062298510413, 52.064475673169284 ], [ -81.71405512947409, 52.064026165117575 ], [ -81.714784440034293, 52.064021744308775 ], [ -81.714791616391267, 52.064471252289401 ] ] ] } },
{ "type": "Feature", "properties": { "area_km2": 0.0275000000001266, "mock": true }, "geometry": { "type": "Polygon", "coordinates": [ [ [ -81.75494928310836, 52.066918177695605 ], [ -81.754926543177774, 52.065569666345652 ], [ -81.75565587219856, 52.065564992542974 ], [ -81.755648285297909, 52.065115488764285 ], [ -81.757114529643701, 52.065555631399889 ], [ -81.757137335465586, 52.066904142072858 ], [ -81.756407984878734, 52.066908825126575 ], [ -81.756415579896, 52.067358328688968 ], [ -81.75494928310836, 52.066918177695605 ] ] ] } },
{ "type": "Feature", "properties": { "area_km2": 0.032500000000125144, "mock": true }, "geometry": { "type": "Polygon", "coordinates": [ [ [ -81.749099425089554, 52.066056398730503 ], [ -81.749114468099592, 52.066955407459005 ], [ -81.749843820667323, 52.066950769533477 ], [ -81.749129511897777, 52.067854416046522 ], [ -81.747663269530392, 52.067414174231885 ], [ -81.747648255412756, 52.06651516527603 ], [ -81.746918909576053, 52.066519789588696 ], [ -81.746911410133521, 52.066070284983567 ], [ -81.746182071421714, 52.066074904709211 ], [ -81.746896411837824, 52.065171275667517 ], [ -81.748362573079277, 52.065611527502568 ], [ -81.74837008696764, 52.066061031994224 ], [ -81.749099425089554, 52.066056398730503 ] ] ] } },
{ "type": "Feature", "properties": { "area_km2": 0.069999999999885043, "mock": true }, "geometry": { "type": "Polygon", "coordinates": [ [ [ -81.766626572422595, 52.067292354212078 ], [ -81.766641968066494, 52.068191359109548 ], [ -81.765190911448684, 52.06865034104208 ], [ -81.765198595130144, 52.069099843555016 ], [ -81.763732155901323, 52.068659802526582 ], [ -81.763709149996217, 52.06731129431973 ], [ -81.762242783986892, 52.066871234338464 ], [ -81.762956811753853, 52.065967509312287 ], [ -81.765874147128457, 52.065948588168673 ], [ -81.766618874903088, 52.066842851710405 ], [ -81.767348222684532, 52.066838105477707 ], [ -81.767355927525543, 52.067287607903054 ], [ -81.766626572422595, 52.067292354212078 ] ] ] } },
{ "type": "Feature", "properties": { "area_km2": 0.050000000000030562, "mock": true }, "geometry": { "type": "Polygon", "coordinates": [ [ [ -81.769806823491209, 52.082556395561973 ], [ -81.770536426831029, 52.082551628596278 ], [ -81.770551909478428, 52.083450630329018 ], [ -81.77201890114776, 52.083890583204607 ], [ -81.771304774750874, 52.084794360798817 ], [ -81.769845494988019, 52.084803900012453 ], [ -81.769100400253549, 52.083909661018311 ], [ -81.768370774523333, 52.083914419182946 ], [ -81.768355335441342, 52.083015417061276 ], [ -81.76762572416591, 52.083020170557511 ], [ -81.76833989716846, 52.082116414798421 ], [ -81.769069493585363, 52.082111656939844 ], [ -81.769061767424461, 52.081662155831978 ], [ -81.769791356311046, 52.081657393534734 ], [ -81.769806823491209, 52.082556395561973 ] ] ] } },
{ "type": "Feature", "properties": { "area_km2": 0.024999999999966532, "mock": true }, "geometry": { "type": "Polygon", "coordinates": [ [ [ -81.754697421934495, 52.095241516978909 ], [ -81.754682251403267, 52.094342513740294 ], [ -81.753952453049379, 52.094347183320856 ], [ -81.754667081667222, 52.093443510360679 ], [ -81.756134247880723, 52.093883659505671 ], [ -81.756149447347397, 52.094782662513971 ], [ -81.75687925243767, 52.094777979306372 ], [ -81.756164647610831, 52.095681665381221 ], [ -81.754697421934495, 52.095241516978909 ] ] ] } },
{ "type": "Feature", "properties": { "area_km2": 0.25750000000025175, "mock": true }, "geometry": { "type": "Polygon", "coordinates": [ [ [ -81.759366360030413, 52.112294421280872 ], [ -81.759358723060714, 52.111844921471359 ], [ -81.761548971759893, 52.111830795458381 ], [ -81.762294387125166, 52.11272507672485 ], [ -81.763754580882306, 52.112715627438533 ], [ -81.763762262299593, 52.113165126722429 ], [ -81.76449236621734, 52.113160395222899 ], [ -81.764507744338985, 52.114059393532635 ], [ -81.765237862738047, 52.114054657360484 ], [ -81.765260953458338, 52.115403154331993 ], [ -81.764530813033517, 52.115407890732698 ], [ -81.764546193171299, 52.116306888689707 ], [ -81.763816037860025, 52.116311620722016 ], [ -81.763823720888666, 52.116761119723741 ], [ -81.760903068260191, 52.116780002948964 ], [ -81.760910722118638, 52.117229502219153 ], [ -81.757982412420816, 52.116798813840568 ], [ -81.757237014272363, 52.115904505859071 ], [ -81.756506864297876, 52.115909192608179 ], [ -81.756476428686042, 52.114111193079104 ], [ -81.757206549292121, 52.114106506631536 ], [ -81.75719131800011, 52.113207506806198 ], [ -81.758643899218072, 52.112748620837166 ], [ -81.758636269389157, 52.112299120987338 ], [ -81.759366360030413, 52.112294421280872 ] ] ] } },
{ "type": "Feature", "properties": { "area_km2": 0.042499999999893769, "mock": true }, "geometry": { "type": "Polygon", "coordinates": [ [ [ -81.770410676334023, 52.117617364520278 ], [ -81.768958059724241, 52.118076395217713 ], [ -81.768965794962881, 52.118525893543982 ], [ -81.768235604149112, 52.118530653083603 ], [ -81.768243332246954, 52.118980151451133 ], [ -81.766775221913832, 52.118540158599529 ], [ -81.766767508705485, 52.118090660043805 ], [ -81.767497692580932, 52.118085909622835 ], [ -81.767474532140156, 52.116737413973276 ], [ -81.768204693783986, 52.116732659260698 ], [ -81.76819696669925, 52.116283160716762 ], [ -81.769657274693571, 52.116273637882294 ], [ -81.769665016463634, 52.116723136273059 ], [ -81.770395177499054, 52.116718367998018 ], [ -81.770410676334023, 52.117617364520278 ] ] ] } },
{ "type": "Feature", "properties": { "area_km2": 0.062499999999967984, "mock": true }, "geometry": { "type": "Polygon", "coordinates": [ [ [ -81.633909130905721, 52.121577011868347 ], [ -81.63317886915523, 52.121580935270984 ], [ -81.633191609819661, 52.12247995744589 ], [ -81.63392188626193, 52.12247603391701 ], [ -81.633928264190899, 52.12292554488883 ], [ -81.633197980402471, 52.12292946848082 ], [ -81.633204351152344, 52.123378979480719 ], [ -81.631737412324611, 52.122937302098222 ], [ -81.632454970140557, 52.122034365319657 ], [ -81.630988082902135, 52.121592678347113 ], [ -81.630975386978861, 52.120693655654335 ], [ -81.631705634538932, 52.120689745943388 ], [ -81.631686569867355, 52.119341211830267 ], [ -81.632416795225723, 52.11933729778638 ], [ -81.632410433323841, 52.118887786408273 ], [ -81.633877245441795, 52.119329456133798 ], [ -81.633909130905721, 52.121577011868347 ] ] ] } },
{ "type": "Feature", "properties": { "area_km2": 0.027499999999871943, "mock": true }, "geometry": { "type": "Polygon", "coordinates": [ [ [ -81.753669653683929, 52.120872393503113 ], [ -81.753677235901904, 52.121321893210336 ], [ -81.754407474797262, 52.121317223642883 ], [ -81.753692400934341, 52.122220892519032 ], [ -81.752224325241855, 52.121780718602388 ], [ -81.752216757514915, 52.121331218780405 ], [ -81.751486518023654, 52.121335874783014 ], [ -81.751478957839879, 52.120886374850897 ], [ -81.750748725495129, 52.120891026257077 ], [ -81.751463838067082, 52.119987374880935 ], [ -81.752931847259859, 52.120427558656417 ], [ -81.752939421934499, 52.120877058473916 ], [ -81.753669653683929, 52.120872393503113 ] ] ] } },
{ "type": "Feature", "properties": { "area_km2": 0.15250000000009023, "mock": true }, "geometry": { "type": "Polygon", "coordinates": [ [ [ -81.728959006894925, 52.128220497171547 ], [ -81.728937001337485, 52.12687199199641 ], [ -81.728206667443217, 52.126876504176849 ], [ -81.72819201272776, 52.125977500405611 ], [ -81.728922331927677, 52.125972988370357 ], [ -81.728914997511296, 52.125523486504541 ], [ -81.730382969750295, 52.125963950732576 ], [ -81.730390319053171, 52.126413452417829 ], [ -81.731120645022543, 52.126408926742485 ], [ -81.731128001865414, 52.126858428319721 ], [ -81.731858334989084, 52.126853898049013 ], [ -81.731865699372321, 52.127303399518183 ], [ -81.732596039650318, 52.127298864651962 ], [ -81.732632901203758, 52.129546371104958 ], [ -81.73410104224746, 52.129986788112824 ], [ -81.734115818004554, 52.130885790084911 ], [ -81.734846216488208, 52.130881241065396 ], [ -81.734875799725415, 52.13267924429438 ], [ -81.734145371844022, 52.132683793606638 ], [ -81.734152760788362, 52.133133294399059 ], [ -81.73268451550004, 52.132692878660649 ], [ -81.73267714144896, 52.132243377686855 ], [ -81.731946720336509, 52.132247913355648 ], [ -81.731931987513491, 52.13134891115655 ], [ -81.731201580906713, 52.131353442156112 ], [ -81.731172146974515, 52.12955543704394 ], [ -81.729704048669575, 52.129114983379345 ], [ -81.729689362639803, 52.128215980250566 ], [ -81.728959006894925, 52.128220497171547 ] ] ] } },
{ "type": "Feature", "properties": { "area_km2": 0.029999999999858848, "mock": true }, "geometry": { "type": "Polygon", "coordinates": [ [ [ -81.737111595187443, 52.135362571683814 ], [ -81.73638112378633, 52.13536713500703 ], [ -81.736388535946787, 52.135816635368421 ], [ -81.734920180401033, 52.135376248081656 ], [ -81.734912783136735, 52.134926747538472 ], [ -81.734182318503812, 52.134931297216674 ], [ -81.734167539258479, 52.134032295878256 ], [ -81.734897989190188, 52.134027746346455 ], [ -81.734890592507924, 52.133578245697628 ], [ -81.736358888471401, 52.134018633711655 ], [ -81.736366300048644, 52.13446813417864 ], [ -81.737096756748244, 52.134463571002264 ], [ -81.737111595187443, 52.135362571683814 ] ] ] } },
{ "type": "Feature", "properties": { "area_km2": 0.14249999999967694, "mock": true }, "geometry": { "type": "Polygon", "coordinates": [ [ [ -81.736139786542367, 52.165038646983703 ], [ -81.737594268530529, 52.164580017169378 ], [ -81.737601700706108, 52.165029515168911 ], [ -81.738332657495491, 52.165024942468428 ], [ -81.738369858120208, 52.167272431570154 ], [ -81.737638864509975, 52.167277004638571 ], [ -81.737653731397103, 52.168176000180033 ], [ -81.736922722862076, 52.168180568866404 ], [ -81.736937575799132, 52.169079564414098 ], [ -81.7362065523387, 52.169084128718112 ], [ -81.736967284012422, 52.170877555087074 ], [ -81.737698336741232, 52.170872985959548 ], [ -81.736982139288742, 52.171776550212371 ], [ -81.735512590778228, 52.171336177480171 ], [ -81.735497765356712, 52.170437181990799 ], [ -81.734028275581423, 52.16999679044747 ], [ -81.734020878088515, 52.169547292468273 ], [ -81.733289846484752, 52.16955183872787 ], [ -81.733260287915797, 52.167753846166377 ], [ -81.734714888120052, 52.167295251621304 ], [ -81.734707484427432, 52.166845753504141 ], [ -81.735438471452298, 52.16684119862542 ], [ -81.736139786542367, 52.165038646983703 ] ] ] } },
{ "type": "Feature", "properties": { "area_km2": 0.15999999999971479, "mock": true }, "geometry": { "type": "Polygon", "coordinates": [ [ [ -81.73135474666617, 52.185297868893798 ], [ -81.731362121468706, 52.185747365933715 ], [ -81.732093418943577, 52.185742830635668 ], [ -81.732100801312484, 52.186192327567383 ], [ -81.731369496464865, 52.186196862938438 ], [ -81.731384247038108, 52.187095856842362 ], [ -81.732115566631776, 52.187091321325319 ], [ -81.732130332726427, 52.187990314942482 ], [ -81.732861666873092, 52.187985774746949 ], [ -81.732876448490771, 52.188884768077223 ], [ -81.733607797190942, 52.188880223202929 ], [ -81.732891230884675, 52.189783761266767 ], [ -81.727010988282757, 52.188021969401767 ], [ -81.726235710539314, 52.185329488571995 ], [ -81.725504418893422, 52.185333987540659 ], [ -81.726221064727056, 52.184430493368794 ], [ -81.726952341436075, 52.184425990013025 ], [ -81.726959671618275, 52.184875487559736 ], [ -81.728422239203141, 52.184866467107291 ], [ -81.728429584322583, 52.185315964473638 ], [ -81.73135474666617, 52.185297868893798 ] ] ] } },
{ "type": "Feature", "properties": { "area_km2": 0.067499999999908328, "mock": true }, "geometry": { "type": "Polygon", "coordinates": [ [ [ -81.741719943396276, 52.192875390733754 ], [ -81.741727424752511, 52.193324886146634 ], [ -81.740996004451006, 52.193329481619159 ], [ -81.741010953000753, 52.194228472487239 ], [ -81.742481312233352, 52.194668771946077 ], [ -81.742488801751961, 52.195118267144103 ], [ -81.743220251165226, 52.195113662308493 ], [ -81.743235245546046, 52.196012652450662 ], [ -81.741779799747164, 52.196471353051109 ], [ -81.74178728267519, 52.196920848182359 ], [ -81.740316855676525, 52.19648054049798 ], [ -81.741033377297413, 52.195576958525372 ], [ -81.740301919917968, 52.195581549834067 ], [ -81.740286984943836, 52.194682559029388 ], [ -81.738816646663139, 52.194242232147857 ], [ -81.738801742369731, 52.193343240836825 ], [ -81.740257117348534, 52.192884576997614 ], [ -81.740249650939859, 52.192435081401683 ], [ -81.741719943396276, 52.192875390733754 ] ] ] } },
{ "type": "Feature", "properties": { "area_km2": 0.60249999999970016, "mock": true }, "geometry": { "type": "Polygon", "coordinates": [ [ [ -81.746877495274703, 52.195090570126474 ], [ -81.746869961497154, 52.194641075374271 ], [ -81.749803287002393, 52.195072014776322 ], [ -81.751235870724258, 52.193264732473423 ], [ -81.752706297783135, 52.19370490432221 ], [ -81.752713890173482, 52.194154398546374 ], [ -81.75490818523518, 52.194140380479745 ], [ -81.755624372934093, 52.193236710842513 ], [ -81.757087205405057, 52.193227334032777 ], [ -81.757079569159714, 52.192777840190104 ], [ -81.757810977718918, 52.192773145060919 ], [ -81.757795691079139, 52.191874157420983 ], [ -81.759250820325192, 52.191415260144346 ], [ -81.759243162757414, 52.190965766387663 ], [ -81.759974541213538, 52.190961057962113 ], [ -81.759966876472234, 52.190511564245952 ], [ -81.760698247352508, 52.190506851363388 ], [ -81.760690575438019, 52.190057357687849 ], [ -81.76215330184526, 52.190047918476246 ], [ -81.762160988508526, 52.19049741199985 ], [ -81.762892358783887, 52.19049268551889 ], [ -81.762915442109019, 52.191841165650033 ], [ -81.761460337203317, 52.192300107994029 ], [ -81.761475697999259, 52.193199094805578 ], [ -81.760744283069954, 52.193203812676551 ], [ -81.76075962992094, 52.194102799499007 ], [ -81.76223017756125, 52.194542852126325 ], [ -81.761514103518692, 52.195446561217686 ], [ -81.760051199697173, 52.195455993185455 ], [ -81.759335066843107, 52.196359689142319 ], [ -81.758603599675425, 52.196364393943632 ], [ -81.758611252279422, 52.196813887353201 ], [ -81.754953876544832, 52.196837343730962 ], [ -81.754961492463053, 52.197286837482878 ], [ -81.754230009338002, 52.197291515232209 ], [ -81.754252836159438, 52.198639996502443 ], [ -81.752797419627356, 52.199098832687106 ], [ -81.752805014410626, 52.199548326488575 ], [ -81.749147409351309, 52.199571603760369 ], [ -81.74840078691544, 52.198677257074898 ], [ -81.747669279865647, 52.198681894242746 ], [ -81.74695284393232, 52.199585515711803 ], [ -81.746221321729919, 52.199590143960329 ], [ -81.746228850305442, 52.20003963839968 ], [ -81.744758276732185, 52.199599386854409 ], [ -81.744750763111213, 52.199149892231041 ], [ -81.744019247694695, 52.199154506802316 ], [ -81.743989224695738, 52.197356527659693 ], [ -81.745444676295989, 52.196897799852351 ], [ -81.7454296368646, 52.195998810296615 ], [ -81.746161100242787, 52.195994187177789 ], [ -81.746146046847713, 52.19509519763006 ], [ -81.746877495274703, 52.195090570126474 ] ] ] } },
{ "type": "Feature", "properties": { "area_km2": 0.20000000000028084, "mock": true }, "geometry": { "type": "Polygon", "coordinates": [ [ [ -81.660691904352532, 52.204145870522922 ], [ -81.665081564366943, 52.204121212641489 ], [ -81.665088275462026, 52.204570714581465 ], [ -81.666551508820945, 52.204562458872566 ], [ -81.666558234854861, 52.205011960644562 ], [ -81.668021482269637, 52.205003686661108 ], [ -81.668766602598581, 52.205898545905328 ], [ -81.669498240626311, 52.205894397441512 ], [ -81.669504996717521, 52.206343898841666 ], [ -81.670968287004058, 52.206335588173651 ], [ -81.670975058036731, 52.206785089404953 ], [ -81.671706710295339, 52.206780927200526 ], [ -81.670988600635638, 52.207684091762346 ], [ -81.669525266055899, 52.207692402831775 ], [ -81.669518509432336, 52.207242901536787 ], [ -81.668055188907502, 52.207251194329338 ], [ -81.668048447225786, 52.206801692865803 ], [ -81.666585140757078, 52.206809967382064 ], [ -81.666578414016513, 52.206360465750265 ], [ -81.661456887495007, 52.206389283218435 ], [ -81.660738575689578, 52.207292386145348 ], [ -81.660006913401304, 52.207296480380116 ], [ -81.66001357405321, 52.207745982537631 ], [ -81.659281904207504, 52.207750072302453 ], [ -81.659288557651692, 52.208199574490763 ], [ -81.658556880248554, 52.208203659785461 ], [ -81.658563526484642, 52.208653162004502 ], [ -81.65709352491875, 52.208211816766998 ], [ -81.657086893622619, 52.207762314381604 ], [ -81.657818563992024, 52.207758238224422 ], [ -81.657805287157487, 52.20685923347979 ], [ -81.659261944923486, 52.20640156552728 ], [ -81.659255292178301, 52.205952063198794 ], [ -81.659986932495244, 52.205947973697334 ], [ -81.659966953163547, 52.204599466699143 ], [ -81.660698571161049, 52.204595372859842 ], [ -81.660691904352532, 52.204145870522922 ] ] ] } },
{ "type": "Feature", "properties": { "area_km2": 0.029999999999988359, "mock": true }, "geometry": { "type": "Polygon", "coordinates": [ [ [ -81.666618777110386, 52.209057475015186 ], [ -81.665887086697836, 52.209061605802255 ], [ -81.66589380711541, 52.209511107290226 ], [ -81.66443041099447, 52.209519355388899 ], [ -81.664423705343296, 52.209069853768135 ], [ -81.663692014401732, 52.209073970946989 ], [ -81.663678618393661, 52.208174967467762 ], [ -81.664410294569365, 52.208170850421489 ], [ -81.664403589446593, 52.207721348695593 ], [ -81.665866926504179, 52.207713101128029 ], [ -81.665873646392214, 52.208162602721146 ], [ -81.666605322038961, 52.208158472067105 ], [ -81.666618777110386, 52.209057475015186 ] ] ] } },
{ "type": "Feature", "properties": { "area_km2": 0.080000000000024732, "mock": true }, "geometry": { "type": "Polygon", "coordinates": [ [ [ -81.684904067290134, 52.208503231352992 ], [ -81.684186198546641, 52.209406475114832 ], [ -81.681259423456765, 52.209423406779301 ], [ -81.681266299100869, 52.209872906820344 ], [ -81.679071193736632, 52.209885558143412 ], [ -81.679064340242363, 52.209436057898706 ], [ -81.677600950532337, 52.209444469297821 ], [ -81.676855593257315, 52.208549667192564 ], [ -81.67758727361587, 52.208545468432355 ], [ -81.677580435427032, 52.208095967947017 ], [ -81.684165484103531, 52.208057975598948 ], [ -81.684172388736528, 52.208507475472658 ], [ -81.684904067290134, 52.208503231352992 ] ] ] } },
{ "type": "Feature", "properties": { "area_km2": 0.057499999999995631, "mock": true }, "geometry": { "type": "Polygon", "coordinates": [ [ [ -81.657106788033573, 52.209110821432667 ], [ -81.656388344386144, 52.21001389790726 ], [ -81.655656636753122, 52.210017965320048 ], [ -81.655663254152898, 52.210467467661282 ], [ -81.654931538962373, 52.210471530603257 ], [ -81.654938149152088, 52.210921032974881 ], [ -81.652742980387828, 52.210933194778555 ], [ -81.652749568598949, 52.211382697310924 ], [ -81.651286107122303, 52.211390782628179 ], [ -81.650541244179692, 52.210495812992008 ], [ -81.651272960409116, 52.210491777268047 ], [ -81.651266387311509, 52.210042274535461 ], [ -81.653461512811901, 52.210030140340905 ], [ -81.654180016221318, 52.209127081487814 ], [ -81.65564340247505, 52.209118960532443 ], [ -81.655636785596712, 52.208669458086099 ], [ -81.657106788033573, 52.209110821432667 ] ] ] } },
{ "type": "Feature", "properties": { "area_km2": 0.095000000000296861, "mock": true }, "geometry": { "type": "Polygon", "coordinates": [ [ [ -81.753856005981987, 52.218422362128543 ], [ -81.753848395429102, 52.217972869881628 ], [ -81.755312041016026, 52.217963511989808 ], [ -81.755319666341876, 52.218413004086074 ], [ -81.756783325900443, 52.218403627894197 ], [ -81.756790966199944, 52.218853119804294 ], [ -81.757522803064887, 52.218848424826753 ], [ -81.757545747328876, 52.220196900118886 ], [ -81.756813888302815, 52.220201595323196 ], [ -81.756821529405258, 52.220651087092385 ], [ -81.753162194330372, 52.220674495426216 ], [ -81.753154590165153, 52.22022500328017 ], [ -81.751690869510298, 52.22023433469942 ], [ -81.75168328031944, 52.219784842367908 ], [ -81.750951427080125, 52.219789501196054 ], [ -81.750943845475717, 52.219340008754308 ], [ -81.75239994080178, 52.218881194383691 ], [ -81.75239234482234, 52.218431702021597 ], [ -81.753856005981987, 52.218422362128543 ] ] ] } },
{ "type": "Feature", "properties": { "area_km2": 0.04499999999998254, "mock": true }, "geometry": { "type": "Polygon", "coordinates": [ [ [ -81.685159939558716, 52.225134699487093 ], [ -81.683702939819867, 52.22559268685449 ], [ -81.683709844140552, 52.226042185428241 ], [ -81.682977877149, 52.226046423136033 ], [ -81.682984774260703, 52.226495921742924 ], [ -81.681520824953239, 52.226504383678375 ], [ -81.681513942622459, 52.226054884935238 ], [ -81.680781975087811, 52.226059109026643 ], [ -81.68076822574902, 52.225160111299097 ], [ -81.682225241898664, 52.224702160069363 ], [ -81.682218352901501, 52.224252661253985 ], [ -81.683689131722716, 52.22469368960175 ], [ -81.68368222794625, 52.224244190922747 ], [ -81.684414165196614, 52.224239948949382 ], [ -81.685159939558716, 52.225134699487093 ] ] ] } },
{ "type": "Feature", "properties": { "area_km2": 0.050000000000001453, "mock": true }, "geometry": { "type": "Polygon", "coordinates": [ [ [ -81.652135531308886, 52.269376332455401 ], [ -81.652868216310907, 52.269372283663145 ], [ -81.652881423186244, 52.270271279718301 ], [ -81.653614122833503, 52.270267226249551 ], [ -81.653627345223214, 52.271166222034097 ], [ -81.652894630756236, 52.271170275633445 ], [ -81.652901234801746, 52.271619773538482 ], [ -81.651429201301468, 52.271178369193514 ], [ -81.651422612249547, 52.270728871123069 ], [ -81.650689904672106, 52.270732911018726 ], [ -81.650683323203225, 52.270283412848229 ], [ -81.649950622862463, 52.27028744813272 ], [ -81.649930901722442, 52.268938953216164 ], [ -81.650663579835054, 52.268934918126654 ], [ -81.650656999058455, 52.268485419816102 ], [ -81.652128935540873, 52.268926834310093 ], [ -81.652135531308886, 52.269376332455401 ] ] ] } },
{ "type": "Feature", "properties": { "area_km2": 0.032499999999873401, "mock": true }, "geometry": { "type": "Polygon", "coordinates": [ [ [ -81.661731179188621, 52.323266875619325 ], [ -81.661744591352146, 52.324165861825804 ], [ -81.662478179631165, 52.324161750409317 ], [ -81.662484893410863, 52.324611243393761 ], [ -81.661751297698729, 52.324615354876507 ], [ -81.661758004221838, 52.325064847892229 ], [ -81.660284105744978, 52.32462356417728 ], [ -81.660277414264669, 52.324174070994275 ], [ -81.659543825456581, 52.324178168746265 ], [ -81.659537141585332, 52.323728675462185 ], [ -81.658803560034229, 52.323732768593366 ], [ -81.659523774370683, 52.322829688789056 ], [ -81.66099090721427, 52.322821489126696 ], [ -81.660997605598695, 52.323270982348625 ], [ -81.661731179188621, 52.323266875619325 ] ] ] } },
{ "type": "Feature", "properties": { "area_km2": 0.047499999999954891, "mock": true }, "geometry": { "type": "Polygon", "coordinates": [ [ [ -81.663245375566916, 52.326405098678542 ], [ -81.663258819939031, 52.327304084129665 ], [ -81.663992459900172, 52.32729996313865 ], [ -81.663272265019074, 52.328203069440733 ], [ -81.662538610011808, 52.32820718600906 ], [ -81.662545325382453, 52.328656678678421 ], [ -81.661071299467082, 52.328215405479277 ], [ -81.661064599142591, 52.327765912642441 ], [ -81.660330951040223, 52.32777001547818 ], [ -81.660310873428017, 52.326421536559259 ], [ -81.661044499227501, 52.32641743392189 ], [ -81.661037799608579, 52.32596794094502 ], [ -81.662505035810426, 52.325959722137078 ], [ -81.662511750297156, 52.326409214981503 ], [ -81.663245375566916, 52.326405098678542 ] ] ] } },
{ "type": "Feature", "properties": { "area_km2": 0.14999999999963184, "mock": true }, "geometry": { "type": "Polygon", "coordinates": [ [ [ -81.668222929736629, 52.364587029388773 ], [ -81.668216148048373, 52.364137539986565 ], [ -81.666740882565719, 52.363696344350572 ], [ -81.667461577058319, 52.36279322061732 ], [ -81.671132710256217, 52.362772429768633 ], [ -81.671173578659207, 52.365469364677189 ], [ -81.670439307675409, 52.365473532372292 ], [ -81.670452917009783, 52.366372510529402 ], [ -81.671187202895908, 52.366368342699928 ], [ -81.671200827850555, 52.367267320582599 ], [ -81.670466527061308, 52.36727148854645 ], [ -81.670473332356025, 52.367720977502458 ], [ -81.671948769036845, 52.368162125664952 ], [ -81.67195558959466, 52.368611614416473 ], [ -81.672689912380847, 52.368607437126876 ], [ -81.671969231249449, 52.369510591814453 ], [ -81.670493749316023, 52.369069444160395 ], [ -81.670486943483382, 52.368619955309413 ], [ -81.669018296654826, 52.36862827795408 ], [ -81.669011505905985, 52.368178788933925 ], [ -81.668277189675479, 52.368182943346177 ], [ -81.668243275873465, 52.365935497385379 ], [ -81.667508996722646, 52.365939646901097 ], [ -81.667488672938518, 52.364591178703805 ], [ -81.668222929736629, 52.364587029388773 ] ] ] } },
{ "type": "Feature", "properties": { "area_km2": 0.030000000000098954, "mock": true }, "geometry": { "type": "Polygon", "coordinates": [ [ [ -81.766422002338615, 52.395458026762071 ], [ -81.765687249065977, 52.395462788093397 ], [ -81.766406428746777, 52.394559071953708 ], [ -81.767875904823015, 52.394549535899984 ], [ -81.768626260924066, 52.395443715370845 ], [ -81.769361013374407, 52.395438935774713 ], [ -81.768641880118878, 52.396342669576867 ], [ -81.767172344746214, 52.396352215378414 ], [ -81.766422002338615, 52.395458026762071 ] ] ] } },
{ "type": "Feature", "properties": { "area_km2": 0.037500000000090225, "mock": true }, "geometry": { "type": "Polygon", "coordinates": [ [ [ -81.706185920656196, 52.396732258063764 ], [ -81.704716351738341, 52.396741027565419 ], [ -81.70472351225618, 52.397190511039518 ], [ -81.70324678206542, 52.396749778800725 ], [ -81.703239636665032, 52.396300295150468 ], [ -81.702504859010276, 52.396304663847751 ], [ -81.70249772126239, 52.395855180091985 ], [ -81.703232491453008, 52.395850811465117 ], [ -81.703225346429335, 52.395401327744693 ], [ -81.706164395450458, 52.395383807855325 ], [ -81.706913522109431, 52.396278383166134 ], [ -81.706178745398461, 52.396282774696033 ], [ -81.706185920656196, 52.396732258063764 ] ] ] } },
{ "type": "Feature", "properties": { "area_km2": 0.060000000000232832, "mock": true }, "geometry": { "type": "Polygon", "coordinates": [ [ [ -81.680468356754915, 52.396883087121154 ], [ -81.681216990915217, 52.397777826710872 ], [ -81.681951796341252, 52.397773590238913 ], [ -81.68195872582082, 52.398223075797247 ], [ -81.682693538529307, 52.398218834690084 ], [ -81.681972585328054, 52.399122046808849 ], [ -81.679026372962909, 52.39868948035317 ], [ -81.679033272945745, 52.399138966114265 ], [ -81.678298444394883, 52.39914318452302 ], [ -81.678291551877621, 52.398693698693876 ], [ -81.677556730610604, 52.398697912467597 ], [ -81.677536076544484, 52.397349454566168 ], [ -81.678270875416004, 52.397345240996266 ], [ -81.678263983625541, 52.396895755027039 ], [ -81.680468356754915, 52.396883087121154 ] ] ] } },
{ "type": "Feature", "properties": { "area_km2": 0.065000000000148425, "mock": true }, "geometry": { "type": "Polygon", "coordinates": [ [ [ -81.687144305210197, 52.400890201874979 ], [ -81.688621015420239, 52.401331135024911 ], [ -81.688628013561527, 52.40178061968475 ], [ -81.68936288434459, 52.401776336923163 ], [ -81.688642010397686, 52.40267958889936 ], [ -81.687172238410483, 52.402688140995991 ], [ -81.687179222170855, 52.403137625688643 ], [ -81.685702465686731, 52.40269667482216 ], [ -81.68569549704462, 52.402247189956839 ], [ -81.687158271442101, 52.401789171505534 ], [ -81.687151288234091, 52.401339686707779 ], [ -81.684197925521374, 52.400457765014337 ], [ -81.684184020121904, 52.399558794623715 ], [ -81.684918854677633, 52.399554539610023 ], [ -81.684911894787163, 52.399105054430777 ], [ -81.687865181001143, 52.399986958753246 ], [ -81.687144305210197, 52.400890201874979 ] ] ] } },
{ "type": "Feature", "properties": { "area_km2": 0.046643916557464124, "mock": true }, "geometry": { "type": "Polygon", "coordinates": [ [ [ -81.735051499431961, 52.409143042997719 ], [ -81.735771526657842, 52.40823951221531 ], [ -81.736506497239674, 52.408234936035107 ], [ -81.737256455993986, 52.409129314014237 ], [ -81.737991441119689, 52.40912472854933 ], [ -81.737998943070806, 52.409574207786562 ], [ -81.738366439294339, 52.409571913303914 ], [ -81.738381451260068, 52.410470871598953 ], [ -81.738006445219725, 52.410023686988652 ], [ -81.736543932297806, 52.410482332960385 ], [ -81.736551419901744, 52.410931812240051 ], [ -81.73581640450081, 52.410936388863121 ], [ -81.735066443773206, 52.410042002027787 ], [ -81.734374820465263, 52.410046299942152 ], [ -81.734654347087655, 52.40969555449994 ], [ -81.734668371957738, 52.409675550635448 ], [ -81.734679167063518, 52.409654810963595 ], [ -81.734686631171982, 52.409633529983196 ], [ -81.734690694288858, 52.409611907269259 ], [ -81.73469131831493, 52.409590145601314 ], [ -81.734688497403113, 52.409568449061688 ], [ -81.734682258013095, 52.409547021121639 ], [ -81.734672658663001, 52.409526062733192 ], [ -81.734659789380501, 52.409505770444653 ], [ -81.734643770858213, 52.409486334557336 ], [ -81.734624753321896, 52.409467937340963 ], [ -81.734602915121314, 52.409450751324414 ], [ -81.734578461057737, 52.409434937677737 ], [ -81.734551620463193, 52.409420644700781 ], [ -81.734522645049736, 52.409408006432486 ], [ -81.734491806548959, 52.409397141393875 ], [ -81.734459394163721, 52.40938815147662 ], [ -81.734425711856034, 52.409381120987618 ], [ -81.734391075496731, 52.409376115858336 ], [ -81.734355809903192, 52.409373183026503 ], [ -81.734320245793555, 52.409372349995984 ], [ -81.733812380321183, 52.409375503203556 ], [ -81.73362490408185, 52.409151903665283 ], [ -81.735051499431961, 52.409143042997719 ] ] ] } },
{ "type": "Feature", "properties": { "area_km2": 0.026018916557612855, "mock": true }, "geometry": { "type": "Polygon", "coordinates": [ [ [ -81.730760440553894, 52.416362052975124 ], [ -81.732238098566782, 52.416802436628608 ], [ -81.73151786116243, 52.417705945363757 ], [ -81.73004760325226, 52.417715032275332 ], [ -81.730040179945831, 52.417265552860755 ], [ -81.729305058170326, 52.417270089388431 ], [ -81.729290664722598, 52.416397657241085 ], [ -81.72986427791011, 52.416568622036756 ], [ -81.729896992688523, 52.416577200117871 ], [ -81.729930911076181, 52.416583803111983 ], [ -81.729965714980139, 52.41658836909491 ], [ -81.730001078002545, 52.416590855245964 ], [ -81.730036668501768, 52.416591238249538 ], [ -81.730072152702803, 52.416589514513745 ], [ -81.730107197827564, 52.416585700204188 ], [ -81.730141475215859, 52.416579831092214 ], [ -81.730174663407894, 52.416571962219571 ], [ -81.730206451158949, 52.416562167382068 ], [ -81.73023654035849, 52.416550538437583 ], [ -81.730264648825951, 52.4165371844445 ], [ -81.730290512957112, 52.416522230638883 ], [ -81.730313890196243, 52.41650581726001 ], [ -81.730334561310855, 52.416488098235128 ], [ -81.730352332447609, 52.416469239735811 ], [ -81.730367036950227, 52.416449418619607 ], [ -81.730378536922288, 52.416428820771323 ], [ -81.730386724520372, 52.416407639359818 ], [ -81.730391522965206, 52.416386073026402 ], [ -81.730392887261573, 52.416364324021892 ], [ -81.730365477313086, 52.414705302713138 ], [ -81.730731159429439, 52.4145906619108 ], [ -81.730760440553894, 52.416362052975124 ] ] ] } },
{ "type": "Feature", "properties": { "area_km2": 0.34499999999997233, "mock": true }, "geometry": { "type": "Polygon", "coordinates": [ [ [ -81.705680605489917, 52.411120096612613 ], [ -81.707143463169231, 52.410661831271668 ], [ -81.707849695522398, 52.40885950414058 ], [ -81.709312455900545, 52.408401212134102 ], [ -81.709305245844789, 52.407951729962072 ], [ -81.710775185830286, 52.407942902103052 ], [ -81.710782410824862, 52.408392384132732 ], [ -81.714457294798223, 52.408370234180879 ], [ -81.714450032456725, 52.407920752508439 ], [ -81.715919969768237, 52.407911860691776 ], [ -81.716669507827447, 52.40880637081024 ], [ -81.715206811215978, 52.409264753581382 ], [ -81.715214081601928, 52.409714235076898 ], [ -81.716691363804983, 52.410154814866132 ], [ -81.716684078287031, 52.409705333549248 ], [ -81.718154074203696, 52.409696413746865 ], [ -81.718161374661904, 52.410145894919879 ], [ -81.718896379801691, 52.410141428093638 ], [ -81.71891099623646, 52.411040390190301 ], [ -81.718175976155862, 52.411044857160633 ], [ -81.718183277191613, 52.411494338228358 ], [ -81.716713221511569, 52.411503258606203 ], [ -81.715992751206272, 52.412406674403243 ], [ -81.715257707943962, 52.41241112331322 ], [ -81.715264979672071, 52.412860604563129 ], [ -81.713794877629695, 52.412869488818984 ], [ -81.713045327884316, 52.411974961128521 ], [ -81.712310291327299, 52.411979391690508 ], [ -81.712317532979085, 52.412428873261796 ], [ -81.711582488759944, 52.412433299326089 ], [ -81.711596957693502, 52.413332262506152 ], [ -81.712332016855555, 52.413327836299104 ], [ -81.712339259080267, 52.413777317765124 ], [ -81.711604192446472, 52.413781744043582 ], [ -81.711611427390224, 52.41423122554594 ], [ -81.710876353093667, 52.414235647326343 ], [ -81.710869125621883, 52.413786165752676 ], [ -81.709398991401102, 52.413794995462752 ], [ -81.708649514463559, 52.412900439784181 ], [ -81.707914461821133, 52.41290484307374 ], [ -81.708635105681751, 52.412001475964345 ], [ -81.707900067981925, 52.412005879111881 ], [ -81.707892871346985, 52.411556397078328 ], [ -81.706429992013113, 52.412014671699701 ], [ -81.705680605489917, 52.411120096612613 ] ] ] } },
{ "type": "Feature", "properties": { "area_km2": 0.050000000000132425, "mock": true }, "geometry": { "type": "Polygon", "coordinates": [ [ [ -81.685890688497636, 52.414832752944555 ], [ -81.686625776636504, 52.414828486457843 ], [ -81.686632757898252, 52.415277970273507 ], [ -81.68589766228682, 52.415282236829043 ], [ -81.685911610416909, 52.416181204492943 ], [ -81.686646720974096, 52.416176937799804 ], [ -81.686653702788206, 52.416626421510401 ], [ -81.685918584757871, 52.416630688272377 ], [ -81.685925559282737, 52.417080172016739 ], [ -81.684448348145565, 52.416639208086607 ], [ -81.684434429539905, 52.415740240217929 ], [ -81.683699325904527, 52.415744493132998 ], [ -81.683692374349789, 52.415295009077518 ], [ -81.682957278003855, 52.41529925735432 ], [ -81.682943390389354, 52.414400289001271 ], [ -81.683678471790273, 52.414396040861511 ], [ -81.683671520785481, 52.413946556700964 ], [ -81.685141668092825, 52.413938046850085 ], [ -81.685890688497636, 52.414832752944555 ] ] ] } }
]
}
