{
"type": "FeatureCollection",
"name": "normal_MOCK-2024-08-05_water",
"crs": { "type": "name", "properties": { "name": "urn:ogc:def:crs:OGC:1.3:CRS84" } },
"features": [
{ "type": "Feature", "properties": { "area_km2": 1.485 }, "geometry": { "type": "Polygon", "coordinates": [ [ [ -81.843231774162092, 52.45427276231333 ], [ -81.843223188737738, 52.453823297896101 ], [ -81.841743197495546, 52.453384314100369 ], [ -81.841717488189673, 52.452035920023285 ], [ -81.840981807292181, 52.452041153235179 ], [ -81.840947561333053, 52.4502432936332 ], [ -81.840211910158999, 52.450248521932423 ], [ -81.840177697760794, 52.448450661427543 ], [ -81.841640372483184, 52.447990735883387 ], [ -81.840887639602187, 52.447097037968973 ], [ -81.841623238146582, 52.447091805685709 ], [ -81.841606104714216, 52.44619287534664 ], [ -81.842341688061836, 52.446187638657889 ], [ -81.84233311419969, 52.445738173519821 ], [ -81.843068689836016, 52.445732932341322 ], [ -81.843787088261294, 52.444828756544794 ], [ -81.846729327754872, 52.44480772847033 ], [ -81.846737946072366, 52.44525719317069 ], [ -81.848944645759303, 52.445241373832047 ], [ -81.848936004988005, 52.444791909386893 ], [ -81.848200446138023, 52.444797186988758 ], [ -81.848191813079112, 52.444347722423103 ], [ -81.846712091802047, 52.443908798963541 ], [ -81.846686239578219, 52.442560404438161 ], [ -81.845950717465541, 52.442565667893284 ], [ -81.845942107995754, 52.442116202895861 ], [ -81.845206593139366, 52.442121461692473 ], [ -81.845197991379976, 52.441671996574854 ], [ -81.84446248377985, 52.441677250713077 ], [ -81.844453889730474, 52.441227785475341 ], [ -81.842974309959402, 52.440788814419463 ], [ -81.842957152924626, 52.439889883428656 ], [ -81.843692631046977, 52.439884638775972 ], [ -81.843684045386809, 52.439435173312127 ], [ -81.842948574746742, 52.439440417880213 ], [ -81.842939996795167, 52.438990952296429 ], [ -81.841460507038988, 52.438551961755941 ], [ -81.841434820109995, 52.437203564179477 ], [ -81.8406993862001, 52.437208794606107 ], [ -81.840682277672272, 52.436309862542991 ], [ -81.839202900135788, 52.435870843087592 ], [ -81.839185822883707, 52.434971910475355 ], [ -81.838450425701069, 52.43497712676276 ], [ -81.838441894893066, 52.434527660319468 ], [ -81.836962599190144, 52.434088612362117 ], [ -81.836945568618063, 52.433189678962734 ], [ -81.83621020068037, 52.433194881197032 ], [ -81.836201693210654, 52.432745414360411 ], [ -81.834730971620971, 52.432755804944875 ], [ -81.834739464131886, 52.433205271949099 ], [ -81.834004095521479, 52.433210460466853 ], [ -81.83402955195902, 52.434558861518632 ], [ -81.83476494300885, 52.434553672749786 ], [ -81.834798917981729, 52.436351539989346 ], [ -81.834063497009922, 52.436356729093006 ], [ -81.834080470878718, 52.4372556626682 ], [ -81.833345034720807, 52.437260847366424 ], [ -81.833353514509682, 52.437710314184649 ], [ -81.83261807064666, 52.437715494393572 ], [ -81.83189955688222, 52.438619603894161 ], [ -81.830428638112465, 52.438629941780853 ], [ -81.83043708864453, 52.43907940882692 ], [ -81.831172555622999, 52.439074242086775 ], [ -81.831924954040517, 52.439968004426099 ], [ -81.835602359285645, 52.439942078425773 ], [ -81.835610862864698, 52.440391544780873 ], [ -81.837081838358742, 52.440381142199861 ], [ -81.83709035712765, 52.440830608351803 ], [ -81.837825852020373, 52.440825400117241 ], [ -81.838578414832327, 52.441719119170891 ], [ -81.837842905198528, 52.441724332147068 ], [ -81.837859959276614, 52.442623264035532 ], [ -81.836397421809608, 52.44308314266231 ], [ -81.83642296038451, 52.444431540627896 ], [ -81.835687405173331, 52.444436740386614 ], [ -81.835695910996364, 52.444886206388368 ], [ -81.834960348076223, 52.444891401656868 ], [ -81.834968846638958, 52.445340867707088 ], [ -81.83423327600984, 52.445346058485221 ], [ -81.833514673014719, 52.446250177018456 ], [ -81.83204350069677, 52.446260536038018 ], [ -81.831290991254761, 52.445366775855888 ], [ -81.829819847536854, 52.445377107096057 ], [ -81.829811401367465, 52.444927640461209 ], [ -81.828331840750351, 52.444488486401653 ], [ -81.82836556599446, 52.446286353535918 ], [ -81.829845187382261, 52.446725506788709 ], [ -81.829887424915924, 52.448972838903387 ], [ -81.830623056771813, 52.448967674903962 ], [ -81.83063996831909, 52.449866607335963 ], [ -81.832119732390154, 52.450305731275243 ], [ -81.8321366752253, 52.451204663161612 ], [ -81.831401006381142, 52.451209836727919 ], [ -81.831417935135264, 52.452108768639938 ], [ -81.830682251092455, 52.45211393779789 ], [ -81.829963466521932, 52.453018034484714 ], [ -81.827756367458406, 52.453033501279847 ], [ -81.827764795175582, 52.453482967528508 ], [ -81.82702908755428, 52.453488114058992 ], [ -81.827045928678558, 52.454387046616418 ], [ -81.843231774162092, 52.45427276231333 ] ] ] } },
{ "type": "Feature", "properties": { "area_km2": 4.1625 }, "geometry": { "type": "Polygon", "coordinates": [ [ [ -81.887311187492514, 52.450803606732656 ], [ -81.887302154435602, 52.450354147277437 ], [ -81.889509085130499, 52.45033757001444 ], [ -81.889500029852414, 52.449888110791207 ], [ -81.890235665453204, 52.449882575976517 ], [ -81.890208478594332, 52.448534198361934 ], [ -81.890944091497687, 52.448528659240594 ], [ -81.890935022203948, 52.448079200054167 ], [ -81.891670627382297, 52.448073656447733 ], [ -81.891652474541985, 52.447174738147353 ], [ -81.89238806451003, 52.447169190145502 ], [ -81.892378980964025, 52.446719731031628 ], [ -81.893841046934625, 52.446259162514131 ], [ -81.893813753546766, 52.444910785390881 ], [ -81.895275744672574, 52.444450199332231 ], [ -81.895230186858882, 52.442202904137474 ], [ -81.895965693301818, 52.442197334252683 ], [ -81.89594745689358, 52.441298416106143 ], [ -81.893740981740535, 52.441315111501439 ], [ -81.893731886344753, 52.440865652105629 ], [ -81.892251836483027, 52.440427299712887 ], [ -81.892224597346839, 52.439078920668692 ], [ -81.892960052373908, 52.439073369704651 ], [ -81.892932792949594, 52.437724990609837 ], [ -81.89439455643921, 52.437264415910882 ], [ -81.894376355245114, 52.43636549662461 ], [ -81.893640945583854, 52.436371056196442 ], [ -81.893631852827284, 52.435921596410424 ], [ -81.892151970189559, 52.435483241656776 ], [ -81.892133815795162, 52.434584321549096 ], [ -81.891398435335063, 52.434589867045553 ], [ -81.891371227977473, 52.43324148634963 ], [ -81.890635869716249, 52.433247027005727 ], [ -81.890617747631808, 52.432348106185678 ], [ -81.889882404089349, 52.432353642091179 ], [ -81.889873350884258, 52.431904181538656 ], [ -81.888393640030813, 52.431465778689315 ], [ -81.88911087883379, 52.430561330645062 ], [ -81.888375564727141, 52.430566857050238 ], [ -81.888366527432922, 52.430117396177486 ], [ -81.886886891359737, 52.429678974008773 ], [ -81.886868847872549, 52.428780051729859 ], [ -81.887604132545604, 52.428774534823816 ], [ -81.887577046669008, 52.427426151406465 ], [ -81.886841784426522, 52.427431668045557 ], [ -81.886823743318885, 52.426532745412054 ], [ -81.887558990608653, 52.426527228950917 ], [ -81.887504828142269, 52.423830460733171 ], [ -81.886769625705952, 52.423835976660463 ], [ -81.886742570110925, 52.422487591805961 ], [ -81.887477750123182, 52.422482076145556 ], [ -81.887468724592921, 52.422032614545408 ], [ -81.888930028714142, 52.421572108234535 ], [ -81.888911948948632, 52.420673185213197 ], [ -81.889647098350252, 52.420667656198759 ], [ -81.889638051351653, 52.420218194724072 ], [ -81.891099272785382, 52.419757661832314 ], [ -81.891090211317817, 52.419308200465252 ], [ -81.890355084813393, 52.419313738351633 ], [ -81.890346031057661, 52.418864276859786 ], [ -81.888866753706878, 52.418425877039212 ], [ -81.888839639422301, 52.417077491709215 ], [ -81.888104549564659, 52.417083015440944 ], [ -81.888086489510286, 52.416184091532095 ], [ -81.88954759448697, 52.415723578026373 ], [ -81.889520462078949, 52.414375192325402 ], [ -81.890255506631291, 52.414369659990314 ], [ -81.890246455501568, 52.413920198108265 ], [ -81.885101190929021, 52.413958827883384 ], [ -81.885092192331754, 52.413509365342868 ], [ -81.882887097791865, 52.413525852161946 ], [ -81.882896073977363, 52.413975314968361 ], [ -81.881425994825733, 52.413986283513964 ], [ -81.880708863151057, 52.414890686970395 ], [ -81.879238752698441, 52.41490162845561 ], [ -81.879229813394574, 52.414452165278398 ], [ -81.878494765285581, 52.414457629079337 ], [ -81.878485833688288, 52.41400816577854 ], [ -81.877750792814609, 52.414013624922454 ], [ -81.877741868923493, 52.413564161498201 ], [ -81.876262892696815, 52.413125602267883 ], [ -81.87622726018644, 52.411327747371232 ], [ -81.87474837383445, 52.410889168635045 ], [ -81.874730589335158, 52.409990240552119 ], [ -81.873251762502392, 52.409551642734733 ], [ -81.873234009284388, 52.408652714088717 ], [ -81.872499056403058, 52.408658140200046 ], [ -81.872490187613479, 52.408208675736383 ], [ -81.871755241966653, 52.408214097192243 ], [ -81.871746380879088, 52.407764632605705 ], [ -81.870267657903028, 52.407325996842289 ], [ -81.87024996676675, 52.406427067142822 ], [ -81.869515050291113, 52.406432474545937 ], [ -81.869506212540202, 52.405983009555854 ], [ -81.868771303298942, 52.405988412304161 ], [ -81.868762473248253, 52.405538947191538 ], [ -81.868027571241399, 52.405544345285165 ], [ -81.86801874889052, 52.405094880050058 ], [ -81.867283854118085, 52.405100273489168 ], [ -81.867275039466648, 52.404650808131677 ], [ -81.866540151928632, 52.404656196916406 ], [ -81.865787665418921, 52.403762649965024 ], [ -81.8650527923498, 52.403768029441437 ], [ -81.865079168407064, 52.405116426401634 ], [ -81.864344272706163, 52.405121801570836 ], [ -81.864353057721814, 52.405571267240099 ], [ -81.863618154322225, 52.405576637928412 ], [ -81.862900791547943, 52.406480935627734 ], [ -81.862165872750936, 52.406486297353858 ], [ -81.862157109674413, 52.406036831495811 ], [ -81.860678538411491, 52.405598075006004 ], [ -81.860661043281638, 52.40469914276747 ], [ -81.859926153660879, 52.404704490445447 ], [ -81.859934893643569, 52.405153956668663 ], [ -81.859199996325444, 52.405159299865375 ], [ -81.859217462047752, 52.406058232377937 ], [ -81.85848254956494, 52.406063571179345 ], [ -81.85852618056083, 52.40831090227173 ], [ -81.859996079975232, 52.408300219239891 ], [ -81.860004821801681, 52.408749685179892 ], [ -81.862944647736853, 52.408728263954529 ], [ -81.862953419668486, 52.409177729513665 ], [ -81.863688383043183, 52.409172362700566 ], [ -81.863697162674967, 52.409621828137723 ], [ -81.864432133286996, 52.409616456669845 ], [ -81.864440920619316, 52.41006592198498 ], [ -81.865175898468692, 52.410060545862166 ], [ -81.865928481323181, 52.410954095348139 ], [ -81.868877282069377, 52.411381990892728 ], [ -81.868886115147362, 52.411831455544863 ], [ -81.869621121480208, 52.411826051663752 ], [ -81.869629962261044, 52.412275516193318 ], [ -81.870364975830725, 52.412270107656418 ], [ -81.870373824314868, 52.412719572063331 ], [ -81.871108845121356, 52.412714158870472 ], [ -81.87111770130916, 52.413163623154659 ], [ -81.871852729352455, 52.413158205305727 ], [ -81.871861593244319, 52.413607669467119 ], [ -81.872596628524406, 52.41360224696195 ], [ -81.872605500120741, 52.414051711000454 ], [ -81.873340542637578, 52.414046283838907 ], [ -81.874093358698801, 52.41493977972889 ], [ -81.875563472444881, 52.41492890221037 ], [ -81.875572374628248, 52.415378365792016 ], [ -81.877051419738876, 52.415816933191998 ], [ -81.877087091534776, 52.417614786319483 ], [ -81.876351990418215, 52.417620237028821 ], [ -81.876369812782258, 52.418519163555757 ], [ -81.87490847654297, 52.418979515003059 ], [ -81.874926270424552, 52.419878441668601 ], [ -81.875661409375169, 52.419872999659418 ], [ -81.875679219142441, 52.420771926007667 ], [ -81.876414372805286, 52.420766479252926 ], [ -81.876423285515031, 52.421215942286047 ], [ -81.875688124378371, 52.421221389128632 ], [ -81.875750467606665, 52.42436762998328 ], [ -81.875015253912764, 52.424373072870267 ], [ -81.875033053426904, 52.425271998685396 ], [ -81.874297824547241, 52.425277437177222 ], [ -81.873580365982505, 52.426181797122425 ], [ -81.872845121682062, 52.426187226647869 ], [ -81.872836243766187, 52.425737763565927 ], [ -81.872101006707624, 52.425743188432953 ], [ -81.872109877147466, 52.426192651602392 ], [ -81.869904142140612, 52.426208899040475 ], [ -81.869921838864144, 52.427107825797208 ], [ -81.869186578442111, 52.427113232642469 ], [ -81.869195419677311, 52.427562696054927 ], [ -81.867733709695145, 52.428022959757655 ], [ -81.8677690180822, 52.429820813608487 ], [ -81.868504323833477, 52.429815415382961 ], [ -81.868495488909772, 52.429365952060451 ], [ -81.869230786950354, 52.429360549350548 ], [ -81.86922194478224, 52.428911086079772 ], [ -81.870683668319188, 52.428450803988468 ], [ -81.870692525208554, 52.428900267120163 ], [ -81.872163104700348, 52.428889429875085 ], [ -81.872171976778191, 52.429338892796551 ], [ -81.874377866692427, 52.429322602380992 ], [ -81.874386761437123, 52.429772065004272 ], [ -81.875857368495659, 52.429761181694573 ], [ -81.87586627843055, 52.430210644106864 ], [ -81.877336899504499, 52.430199742335354 ], [ -81.877345824630353, 52.430649204536358 ], [ -81.879551776908897, 52.43063281732811 ], [ -81.879560724704618, 52.431082279229358 ], [ -81.880296049137115, 52.431076807595105 ], [ -81.880305004647184, 52.431526269372632 ], [ -81.88178463846323, 52.431964773777665 ], [ -81.881802580579816, 52.432863696802038 ], [ -81.881067226705582, 52.432869177933306 ], [ -81.88107619063976, 52.433318639480724 ], [ -81.882546913109749, 52.433307672469304 ], [ -81.882555892238983, 52.433757133804384 ], [ -81.884035623045079, 52.434195609449979 ], [ -81.884044617607387, 52.434645070536966 ], [ -81.883309234526294, 52.434650565738707 ], [ -81.883318221846039, 52.435100026878878 ], [ -81.882582831047984, 52.435105517596924 ], [ -81.881865385443177, 52.436009926270735 ], [ -81.880385614869752, 52.435571423775542 ], [ -81.880412489197354, 52.436919807938537 ], [ -81.88114791062705, 52.436914330584123 ], [ -81.881156876689815, 52.437363791812558 ], [ -81.880421447779227, 52.437369269255328 ], [ -81.87970392154277, 52.438273664829197 ], [ -81.878233032615881, 52.438284597203811 ], [ -81.878224096005155, 52.437835135693277 ], [ -81.876744299685029, 52.43739658787829 ], [ -81.876717536858962, 52.436048202499606 ], [ -81.875982128975409, 52.436053652242265 ], [ -81.875991042201548, 52.436503114158498 ], [ -81.875255626602339, 52.43650855941646 ], [ -81.875264532582889, 52.436958021385109 ], [ -81.873802576971912, 52.437418360467362 ], [ -81.873793685718283, 52.436968898358707 ], [ -81.873058261934034, 52.436974329986469 ], [ -81.873049378395734, 52.436524867754748 ], [ -81.872313961857884, 52.436530294722296 ], [ -81.871560808634257, 52.435636792197514 ], [ -81.868610361098447, 52.435208972490706 ], [ -81.868619199052489, 52.435658435352813 ], [ -81.867883796073642, 52.435663834710446 ], [ -81.867901457720208, 52.436562760502632 ], [ -81.868636875660087, 52.436557360970816 ], [ -81.868663392320329, 52.437905749132213 ], [ -81.870869712069123, 52.4378895223157 ], [ -81.870860850505593, 52.43744005989241 ], [ -81.871596282473334, 52.437434641895287 ], [ -81.871605151518054, 52.437884104231188 ], [ -81.872340590732989, 52.437878681573828 ], [ -81.872349467493066, 52.438328143786826 ], [ -81.873084913955182, 52.438322716469102 ], [ -81.873093798431015, 52.438772178559113 ], [ -81.87457360528866, 52.439210771908883 ], [ -81.874582505197196, 52.439660233752718 ], [ -81.873847036758846, 52.439665670479364 ], [ -81.87386482231588, 52.440564594236179 ], [ -81.873129338678439, 52.440570026564963 ], [ -81.872411611371561, 52.441474378285989 ], [ -81.870940612994659, 52.441485220426976 ], [ -81.870949476662645, 52.441934682531503 ], [ -81.872429368873597, 52.4423733021098 ], [ -81.872420490005453, 52.441923840215608 ], [ -81.873155996325565, 52.44191841219741 ], [ -81.873873715446337, 52.441014056061462 ], [ -81.876080187397648, 52.440997731372171 ], [ -81.876071271819626, 52.440548269810236 ], [ -81.876806754517347, 52.440542819188394 ], [ -81.876797831692244, 52.440093357678968 ], [ -81.877533306672248, 52.440087902571882 ], [ -81.877524376600462, 52.439638441115008 ], [ -81.878986366089293, 52.43917805604142 ], [ -81.878995310889266, 52.439627517357508 ], [ -81.879730777679768, 52.4396220486191 ], [ -81.879739730197812, 52.440071509811538 ], [ -81.880475204234173, 52.440066036411743 ], [ -81.881228613708302, 52.440959480363993 ], [ -81.879766589169193, 52.441419893176175 ], [ -81.879793450266646, 52.442768276221862 ], [ -81.879057931097464, 52.442773745577838 ], [ -81.878340290337547, 52.443678132566269 ], [ -81.876133685805982, 52.443694499999708 ], [ -81.876160438186375, 52.445042883835164 ], [ -81.877631553014155, 52.445031976258747 ], [ -81.87764048591383, 52.445481437290418 ], [ -81.879102666899129, 52.445021050386394 ], [ -81.879111614767723, 52.445470511241787 ], [ -81.880591705751158, 52.445909027540338 ], [ -81.879874046317568, 52.446813423445242 ], [ -81.880609632608653, 52.446807948720824 ], [ -81.880618596392182, 52.447257409257908 ], [ -81.882098762225851, 52.447695906234188 ], [ -81.882116720918447, 52.448594826777395 ], [ -81.883587951727066, 52.448583844600037 ], [ -81.883596946400772, 52.449033304641311 ], [ -81.884332568935122, 52.449027806602111 ], [ -81.884341571332342, 52.449477266519224 ], [ -81.885077201115323, 52.449471763816611 ], [ -81.885086211236469, 52.449921223609508 ], [ -81.885821848268037, 52.44991571624336 ], [ -81.885830866113494, 52.450365175911962 ], [ -81.887311187492514, 52.450803606732656 ] ], [ [ -81.888728205233804, 52.448095803426746 ], [ -81.887992599099391, 52.448101328735355 ], [ -81.887983559987035, 52.447651869156481 ], [ -81.886503338070753, 52.447213446079878 ], [ -81.886494314405709, 52.446763986252051 ], [ -81.887229898560932, 52.44675847035932 ], [ -81.887947405922702, 52.445854030486352 ], [ -81.88868297463145, 52.445848505623417 ], [ -81.888692020274533, 52.446297965255006 ], [ -81.890172232796857, 52.446736361046 ], [ -81.890181293887565, 52.447185820428182 ], [ -81.889445703201616, 52.44719135470713 ], [ -81.888728205233804, 52.448095803426746 ] ], [ [ -81.882807404059875, 52.44634203679486 ], [ -81.88207182596399, 52.446347525153527 ], [ -81.882062847683855, 52.445898064722428 ], [ -81.881327276835862, 52.445903548418435 ], [ -81.880573779839722, 52.445010106218092 ], [ -81.881309335955351, 52.445004627272972 ], [ -81.882026936932334, 52.444100222643577 ], [ -81.883498018042957, 52.444089242237773 ], [ -81.883480034153578, 52.443190321339948 ], [ -81.88421555938568, 52.443184824453688 ], [ -81.884206560313473, 52.442735364040288 ], [ -81.885668581297168, 52.442274896453036 ], [ -81.885677595098343, 52.442724356724334 ], [ -81.887157657937664, 52.443162791172 ], [ -81.887175716663904, 52.444061711181568 ], [ -81.886440177415423, 52.444067226540419 ], [ -81.886449199651949, 52.444516686580997 ], [ -81.885713652681446, 52.444522197454951 ], [ -81.884996120723244, 52.445426624085279 ], [ -81.883524995656529, 52.445437623318654 ], [ -81.882807404059875, 52.44634203679486 ] ], [ [ -81.88713960016436, 52.442263871020607 ], [ -81.886404090849766, 52.442269386023575 ], [ -81.886395069803442, 52.441819925805731 ], [ -81.884915059583662, 52.441381481482416 ], [ -81.88490605397854, 52.440932021015946 ], [ -81.885641541320567, 52.440926515426455 ], [ -81.88635898799815, 52.44002208457978 ], [ -81.887094459899799, 52.440016570021619 ], [ -81.887103487476324, 52.440466030292335 ], [ -81.888583488308726, 52.440904447335591 ], [ -81.888592531326779, 52.441353907357239 ], [ -81.887857037454566, 52.441359431328998 ], [ -81.88713960016436, 52.442263871020607 ] ], [ [ -81.882672642477843, 52.43960012793459 ], [ -81.881937176633301, 52.439605614965352 ], [ -81.881928201905865, 52.439156154002582 ], [ -81.880448324943004, 52.438717652993027 ], [ -81.880439365652052, 52.438268191782569 ], [ -81.881174809524978, 52.438262714163073 ], [ -81.881892305363849, 52.437358309797062 ], [ -81.882627733801115, 52.437352823208847 ], [ -81.882636715062546, 52.437802284224894 ], [ -81.884116582649028, 52.438240757956464 ], [ -81.884125579347227, 52.438690218724375 ], [ -81.88339012894032, 52.438695714723963 ], [ -81.882672642477843, 52.43960012793459 ] ] ] } },
{ "type": "Feature", "properties": { "area_km2": 1.055 }, "geometry": { "type": "Polygon", "coordinates": [ [ [ -81.746932736567558, 52.416260995912943 ], [ -81.746925141976604, 52.415811518096142 ], [ -81.748395330984494, 52.415802221567816 ], [ -81.74838772164901, 52.41535274386581 ], [ -81.749122808379653, 52.415348088822334 ], [ -81.749842646952089, 52.414444474000319 ], [ -81.751312789519915, 52.414435141366837 ], [ -81.751297512480036, 52.413536186318218 ], [ -81.75203256851853, 52.413531513298175 ], [ -81.751994342088807, 52.411284125438186 ], [ -81.75125932340525, 52.411288798081415 ], [ -81.751228775770542, 52.409490886859125 ], [ -81.751963764573716, 52.409486214517329 ], [ -81.752683450688167, 52.408582582086439 ], [ -81.75194847702555, 52.408587258845934 ], [ -81.751940833553803, 52.408137780957496 ], [ -81.751205867158887, 52.408142453073239 ], [ -81.751198231357691, 52.407692975074305 ], [ -81.749720692239848, 52.407252827265744 ], [ -81.749705451518267, 52.406353870791108 ], [ -81.748970514394856, 52.406358528901357 ], [ -81.748962901803708, 52.405909050536181 ], [ -81.74969783145886, 52.40590439250105 ], [ -81.749674972486119, 52.404555957419959 ], [ -81.751137152195739, 52.404097149816948 ], [ -81.751083718496403, 52.400950800870852 ], [ -81.750348871380865, 52.400955467214061 ], [ -81.750356496696668, 52.401404945815663 ], [ -81.748886786930555, 52.401414264950901 ], [ -81.748879176546922, 52.400964786199005 ], [ -81.748144328828872, 52.400969438840754 ], [ -81.747394290608241, 52.400075129006105 ], [ -81.745924624033975, 52.400084411154374 ], [ -81.745917044114293, 52.399634931997348 ], [ -81.744439826882584, 52.39919471638656 ], [ -81.74372012267429, 52.400098300124085 ], [ -81.744454956660377, 52.400093675034533 ], [ -81.745204935954234, 52.400988003736032 ], [ -81.744470087235939, 52.400992633541918 ], [ -81.743750354759158, 52.401896217296596 ], [ -81.742280626461081, 52.4019054543704 ], [ -81.742288170047388, 52.402354933724624 ], [ -81.741553298133397, 52.402359545484906 ], [ -81.741568370969006, 52.403258504236682 ], [ -81.7408334839226, 52.403263111578141 ], [ -81.740848542618551, 52.404162070337968 ], [ -81.73938625277205, 52.404620751090569 ], [ -81.739393767680852, 52.40507023053101 ], [ -81.740128684993905, 52.405065632028048 ], [ -81.74013620756881, 52.4055151113592 ], [ -81.741613594245081, 52.405955379648631 ], [ -81.741636208566149, 52.407303816880201 ], [ -81.740901254308326, 52.407308424890438 ], [ -81.740908785343962, 52.407757903971664 ], [ -81.741643747070697, 52.407753295887112 ], [ -81.742393801142498, 52.408647640993898 ], [ -81.741658824676151, 52.408652253795523 ], [ -81.740938911472398, 52.40955581994519 ], [ -81.740203919669412, 52.409560423758428 ], [ -81.740196395309127, 52.409110944743503 ], [ -81.738733935468417, 52.409569617679125 ], [ -81.738748954904167, 52.410468575900119 ], [ -81.73948396204382, 52.410463981075864 ], [ -81.73949147952905, 52.410913460059561 ], [ -81.738756464919078, 52.410918054957925 ], [ -81.738036455793804, 52.411821603445723 ], [ -81.738771485543054, 52.411817012968122 ], [ -81.738778996152107, 52.412266491920512 ], [ -81.740249069998043, 52.412257297110109 ], [ -81.740241544447173, 52.411807818306002 ], [ -81.741704062263722, 52.411349126677393 ], [ -81.74171160255753, 52.411798605368048 ], [ -81.743189215306899, 52.412238852660913 ], [ -81.74246927580225, 52.413142427683553 ], [ -81.743204326773437, 52.413137809568752 ], [ -81.743211882805582, 52.413587287969975 ], [ -81.74468957026761, 52.414027516100539 ], [ -81.744704713216024, 52.414926472428867 ], [ -81.745439793475811, 52.414921840307734 ], [ -81.74544737272177, 52.415371318344469 ], [ -81.746182460253891, 52.415366681579101 ], [ -81.746197634290496, 52.416265637397572 ], [ -81.746932736567558, 52.416260995912943 ] ] ] } },
{ "type": "Feature", "properties": { "area_km2": 1.1475 }, "geometry": { "type": "Polygon", "coordinates": [ [ [ -81.952781835408956, 52.416129982082126 ], [ -81.95277214802266, 52.415680528231448 ], [ -81.953507201210144, 52.415674602599999 ], [ -81.953497506608556, 52.415225148809242 ], [ -81.954232552069641, 52.41521921870455 ], [ -81.954222850253146, 52.414769764973791 ], [ -81.954957887987845, 52.414763830395962 ], [ -81.955673492720067, 52.413858984063957 ], [ -81.957143537027633, 52.413847092448115 ], [ -81.957124075426691, 52.41294818550368 ], [ -81.957859082256036, 52.412942233034862 ], [ -81.957849344370942, 52.412492779605174 ], [ -81.958584343473987, 52.412486822663979 ], [ -81.959299837443339, 52.411581954572519 ], [ -81.960034821093856, 52.411575988687026 ], [ -81.96078933924052, 52.4124689244302 ], [ -81.962259335130739, 52.412456969432561 ], [ -81.963013913290155, 52.413349890556859 ], [ -81.963748925529373, 52.413343901443994 ], [ -81.963729329989135, 52.412444996161526 ], [ -81.962994332689007, 52.412450985081215 ], [ -81.963709735482297, 52.411546090736415 ], [ -81.962974753120477, 52.411552079462936 ], [ -81.962955174584465, 52.41065317370203 ], [ -81.962220206902074, 52.41065915766734 ], [ -81.962190863438735, 52.409310798469015 ], [ -81.961455917903265, 52.409316777577004 ], [ -81.961446144732506, 52.408867324343156 ], [ -81.958516133186379, 52.409340648330542 ], [ -81.958506389887276, 52.408891194711742 ], [ -81.95777145053323, 52.408897150884449 ], [ -81.957761714958764, 52.408447697133951 ], [ -81.95702678281576, 52.408453648642904 ], [ -81.956272409907243, 52.407560687592458 ], [ -81.954812279401068, 52.408022021593851 ], [ -81.954802574209452, 52.40757256738862 ], [ -81.953323047486776, 52.407134974482304 ], [ -81.953293979015697, 52.40578661097198 ], [ -81.951833875309376, 52.406247908193627 ], [ -81.951824201007739, 52.405798453463575 ], [ -81.951089311621061, 52.405804367858437 ], [ -81.950335104006825, 52.40491136773764 ], [ -81.948130478353193, 52.404929069245561 ], [ -81.948120842147048, 52.404479613932502 ], [ -81.946641484352568, 52.404041936373403 ], [ -81.94659338305577, 52.401794658146002 ], [ -81.947328206777328, 52.40178877200934 ], [ -81.947318579814095, 52.401339316351915 ], [ -81.946583763557285, 52.401345202393671 ], [ -81.946574144312365, 52.400895746605727 ], [ -81.945094921904598, 52.400458048786689 ], [ -81.945066111235832, 52.399109680533471 ], [ -81.946526051891539, 52.398648467131679 ], [ -81.946497199481655, 52.397300099019816 ], [ -81.945762450144983, 52.397305979641473 ], [ -81.945752840644843, 52.396856523438132 ], [ -81.943548613504078, 52.396874137623527 ], [ -81.943558200615868, 52.397323594110908 ], [ -81.942823450267099, 52.397329456468853 ], [ -81.943596551590431, 52.399121419704315 ], [ -81.942861771388479, 52.399127282440396 ], [ -81.942880933464579, 52.400026195212511 ], [ -81.942146138082265, 52.40003205357128 ], [ -81.942155712035003, 52.400481509998393 ], [ -81.942890514881498, 52.400475651545143 ], [ -81.942919260647869, 52.401824020329414 ], [ -81.942184435407626, 52.401829879066078 ], [ -81.941507018683126, 52.404532470976484 ], [ -81.942241888968653, 52.404526616240048 ], [ -81.942261042175417, 52.40542552834652 ], [ -81.944465696313799, 52.40540793616713 ], [ -81.944456097185153, 52.404958480415381 ], [ -81.945925850412962, 52.404946729648984 ], [ -81.945935464474275, 52.405396185211238 ], [ -81.947414860868605, 52.405833871323161 ], [ -81.947463010915968, 52.408081147473027 ], [ -81.948942512357263, 52.408518813771565 ], [ -81.948961804533369, 52.409417723530694 ], [ -81.948226854389489, 52.409423620417051 ], [ -81.948236493390809, 52.409873075338282 ], [ -81.947501535524523, 52.409878967751752 ], [ -81.947511167311546, 52.410328422732398 ], [ -81.946776201722827, 52.410334310672852 ], [ -81.946785826295169, 52.410783765712821 ], [ -81.946050852984001, 52.410789649180103 ], [ -81.945335099449409, 52.411694438431724 ], [ -81.94386512168397, 52.411706182904396 ], [ -81.943884312850258, 52.412605093493241 ], [ -81.943149308649112, 52.412610959066328 ], [ -81.942433466494393, 52.413515730895625 ], [ -81.941698446848164, 52.413521587520712 ], [ -81.941688873042125, 52.413072132031736 ], [ -81.938748821814301, 52.413095512469035 ], [ -81.938767909918639, 52.413994424165523 ], [ -81.93950293804366, 52.413988585720695 ], [ -81.939512489943681, 52.414438041421384 ], [ -81.940247525287148, 52.414432198313627 ], [ -81.940237965916793, 52.413982742707169 ], [ -81.940972993537869, 52.413976895124968 ], [ -81.940982560378529, 52.414426350637122 ], [ -81.94465773204729, 52.414397043723426 ], [ -81.945411989707182, 52.415290078417158 ], [ -81.946147037969567, 52.415284198569829 ], [ -81.946862832010936, 52.414379404750392 ], [ -81.949802961740858, 52.414355822157646 ], [ -81.949812618479271, 52.414805276496736 ], [ -81.950547657746029, 52.414799369331512 ], [ -81.950557322209704, 52.415248823539699 ], [ -81.951292368692194, 52.415242911710351 ], [ -81.951302040881487, 52.415692365787578 ], [ -81.952781835408956, 52.416129982082126 ] ] ] } },
{ "type": "Feature", "properties": { "area_km2": 1.6075 }, "geometry": { "type": "Polygon", "coordinates": [ [ [ -81.701341762101052, 52.415641161923332 ], [ -81.701334631201149, 52.415191679534431 ], [ -81.702804814420261, 52.41518294992845 ], [ -81.70352559967759, 52.414279613810699 ], [ -81.7050029197611, 52.414720339175958 ], [ -81.704995751876169, 52.414270857069482 ], [ -81.705730827692022, 52.414266471844684 ], [ -81.7057236525241, 52.413816989773878 ], [ -81.706458720678725, 52.413812600050406 ], [ -81.707179408988921, 52.412909241794083 ], [ -81.705702128155622, 52.412468543351054 ], [ -81.70570930275592, 52.412918025527048 ], [ -81.704246355612341, 52.413376273265385 ], [ -81.704239195766078, 52.412926790983065 ], [ -81.702761943306442, 52.412486055703646 ], [ -81.703482685995624, 52.411582719588154 ], [ -81.702012622701005, 52.411591457205915 ], [ -81.701263332543988, 52.410696853717369 ], [ -81.699793298003854, 52.410705563639972 ], [ -81.699786184113123, 52.410256080724984 ], [ -81.698309065001041, 52.409815289141626 ], [ -81.699029855895674, 52.408911979597129 ], [ -81.69755987999217, 52.408920661546276 ], [ -81.696839058843352, 52.409823962233318 ], [ -81.695369051938499, 52.409832617049979 ], [ -81.695361983243586, 52.409383133645242 ], [ -81.693884936964764, 52.408942286468509 ], [ -81.693870830385478, 52.408043319205227 ], [ -81.694605804424441, 52.408039003497223 ], [ -81.695326642564851, 52.40713571609583 ], [ -81.697531518188782, 52.40712272827453 ], [ -81.697538608359196, 52.407572211645039 ], [ -81.699008539445629, 52.407563530115944 ], [ -81.699001434336978, 52.40711404688544 ], [ -81.704146134943997, 52.407083518122128 ], [ -81.704138977740456, 52.406634035348908 ], [ -81.703404028544355, 52.406638410235132 ], [ -81.703396878998205, 52.406188927356304 ], [ -81.701919860557339, 52.405748180228429 ], [ -81.701912726324792, 52.405298697138576 ], [ -81.702647653492278, 52.405294331600011 ], [ -81.702640511979737, 52.404844848545508 ], [ -81.704103194553412, 52.404386620956842 ], [ -81.704088882599407, 52.403487654954553 ], [ -81.701884191275624, 52.403500764428571 ], [ -81.701891324755778, 52.40395024765867 ], [ -81.701156419803922, 52.403954608418253 ], [ -81.701149293791261, 52.403505125117839 ], [ -81.698209701977007, 52.40352252219779 ], [ -81.698202606021582, 52.403073038581759 ], [ -81.697467715067134, 52.403077376362496 ], [ -81.696718662444411, 52.402182741958676 ], [ -81.697453538651629, 52.402178408885341 ], [ -81.698174224070655, 52.401275103767055 ], [ -81.704045951265286, 52.40079075610609 ], [ -81.704766479327731, 52.399887411147567 ], [ -81.704031642329696, 52.399891789542735 ], [ -81.703282511893136, 52.398997196526111 ], [ -81.70401733414856, 52.398992822839112 ], [ -81.704737833858204, 52.398089477882472 ], [ -81.703261073431349, 52.397648745996079 ], [ -81.703268219396875, 52.398098229541155 ], [ -81.702533411883536, 52.398102598520275 ], [ -81.702540550572323, 52.398552082100743 ], [ -81.701070920050938, 52.398560806499205 ], [ -81.701078043997228, 52.399010290185302 ], [ -81.697403927083698, 52.399032021611134 ], [ -81.697396840464222, 52.398582537574605 ], [ -81.696662023985624, 52.398586870088963 ], [ -81.695913064502321, 52.397692229578851 ], [ -81.691504250184181, 52.39771810052374 ], [ -81.690783485454659, 52.398621365794675 ], [ -81.691518303420793, 52.398617069815707 ], [ -81.692267190110357, 52.399511738282882 ], [ -81.691532357398401, 52.399516038967484 ], [ -81.691539384665106, 52.399965523490806 ], [ -81.690804544302082, 52.399969819677622 ], [ -81.690083728978678, 52.40087308051578 ], [ -81.690818584459038, 52.400868788757712 ], [ -81.690825604815174, 52.401318273245188 ], [ -81.692302365627754, 52.401759160202289 ], [ -81.69233050938054, 52.403557097107011 ], [ -81.691595609469076, 52.403561398415874 ], [ -81.691602638403452, 52.404010882623815 ], [ -81.690867730839045, 52.404015179434218 ], [ -81.690874752490956, 52.404464663676414 ], [ -81.69013983727362, 52.404468955988222 ], [ -81.69014685164268, 52.404918440264602 ], [ -81.689411928772373, 52.404922728077665 ], [ -81.689418935858157, 52.405372212388144 ], [ -81.688684005334906, 52.405376495702306 ], [ -81.688691005137045, 52.405825980046849 ], [ -81.687956066960808, 52.405830258861961 ], [ -81.687235098883306, 52.406733501968795 ], [ -81.685765191734845, 52.406742037033695 ], [ -81.68575822143886, 52.406292552483649 ], [ -81.684288328492897, 52.406301069138081 ], [ -81.684281373317987, 52.405851584415657 ], [ -81.682804554521155, 52.405410597765673 ], [ -81.682041893827218, 52.403616899765382 ], [ -81.682776796132529, 52.403612657837392 ], [ -81.683497805223624, 52.402709441304303 ], [ -81.682762918036033, 52.402713687663102 ], [ -81.682755979262183, 52.402264202523412 ], [ -81.681279295615454, 52.40182319608995 ], [ -81.681265448848876, 52.40092422536199 ], [ -81.680530590980268, 52.400928457744875 ], [ -81.680537506805777, 52.401377943194632 ], [ -81.679802641288305, 52.40138217107836 ], [ -81.679809549829429, 52.401831656561249 ], [ -81.680544422813611, 52.401827428609352 ], [ -81.680551339003799, 52.402276913989049 ], [ -81.679816458552693, 52.402281142009137 ], [ -81.679837185815472, 52.403629598142686 ], [ -81.680572088668498, 52.403625369918032 ], [ -81.680613592922072, 52.406322280830409 ], [ -81.681348540401828, 52.406318047628382 ], [ -81.681383169642359, 52.408565472084284 ], [ -81.682118154285845, 52.408561233972293 ], [ -81.6821458908463, 52.410359172633214 ], [ -81.682880905187531, 52.410354929678924 ], [ -81.682901731940376, 52.411703383101575 ], [ -81.683636768511022, 52.411699135372892 ], [ -81.683629818605979, 52.411249651002208 ], [ -81.684364847522346, 52.411245398773012 ], [ -81.68437180489839, 52.411694883075114 ], [ -81.685841877122527, 52.411686364772265 ], [ -81.685820960719866, 52.410337912173013 ], [ -81.686555974143843, 52.410333646374355 ], [ -81.686548994906914, 52.409884162173341 ], [ -81.688012012268445, 52.409426132909019 ], [ -81.688019006261726, 52.409875617007252 ], [ -81.6894960259973, 52.410316537491099 ], [ -81.689524064319627, 52.412114472841068 ], [ -81.690259106704872, 52.412110183921442 ], [ -81.690273141918055, 52.41300915124787 ], [ -81.691008199061173, 52.413004857620592 ], [ -81.6910152244171, 52.413454341161994 ], [ -81.695425608208623, 52.413428483026209 ], [ -81.695432678581355, 52.413877966115521 ], [ -81.698372960603507, 52.413860635691783 ], [ -81.69838006105104, 52.414310118466531 ], [ -81.699115138561027, 52.414305774366994 ], [ -81.699122246668068, 52.414755257036639 ], [ -81.699857331462866, 52.414750908297485 ], [ -81.699864447229814, 52.415200390861919 ], [ -81.701341762101052, 52.415641161923332 ] ], [ [ -81.694676419465452, 52.412533837715735 ], [ -81.693941370722158, 52.412538154119837 ], [ -81.693934315851394, 52.412088670786076 ], [ -81.692457193007073, 52.411647806239827 ], [ -81.692450153450253, 52.411198322696983 ], [ -81.693185180152028, 52.411194015639687 ], [ -81.693906098228666, 52.410290737100595 ], [ -81.694641109617336, 52.410286421044553 ], [ -81.69464817121451, 52.410735904448877 ], [ -81.696125285098901, 52.411176741720695 ], [ -81.69613236201036, 52.411626224915473 ], [ -81.695397328582146, 52.411630550318471 ], [ -81.694676419465452, 52.412533837715735 ] ] ] } },
{ "type": "Feature", "properties": { "area_km2": 0.6825 }, "geometry": { "type": "Polygon", "coordinates": [ [ [ -81.767406283516664, 52.409836516192826 ], [ -81.767398482575999, 52.409387040009321 ], [ -81.7681334668993, 52.409382267160133 ], [ -81.768117850696385, 52.408483314841504 ], [ -81.767382881311789, 52.408488087536739 ], [ -81.767375080988202, 52.408038611247662 ], [ -81.768110042903743, 52.408033838629386 ], [ -81.768102235316974, 52.407584362382082 ], [ -81.767367280870289, 52.407589134923398 ], [ -81.767351681251483, 52.406690182169278 ], [ -81.768086620761039, 52.406685409781893 ], [ -81.768078813791846, 52.406235933429009 ], [ -81.768813745627284, 52.406231156550625 ], [ -81.768805931395875, 52.405781680239578 ], [ -81.770267950551229, 52.405322636741253 ], [ -81.770260121796568, 52.4048731605141 ], [ -81.769525212776969, 52.404877946296864 ], [ -81.769493929690995, 52.403080040727524 ], [ -81.768759050333855, 52.403084821634152 ], [ -81.768743424961187, 52.402185868484082 ], [ -81.769478289385162, 52.40218108773167 ], [ -81.769470469541503, 52.401731611180942 ], [ -81.770205326293024, 52.401726825938397 ], [ -81.77019749918945, 52.401277349429648 ], [ -81.770932348268531, 52.401272559697112 ], [ -81.770924513905442, 52.400823083230392 ], [ -81.771659355312096, 52.400818289008029 ], [ -81.772378498543191, 52.399914537488925 ], [ -81.770908845798886, 52.399924130191337 ], [ -81.770158366766779, 52.399029966357809 ], [ -81.7672191176989, 52.399049078075343 ], [ -81.767211321692997, 52.398599601047174 ], [ -81.765733929984052, 52.398159652134524 ], [ -81.765710588602062, 52.396811220272333 ], [ -81.764233271536611, 52.396371252185254 ], [ -81.764248801986369, 52.397270207172319 ], [ -81.764983585524448, 52.397265454666872 ], [ -81.76499135852076, 52.397714932030979 ], [ -81.764256567518316, 52.397719684613072 ], [ -81.763537293059883, 52.39862338755762 ], [ -81.762802486718854, 52.398628131159519 ], [ -81.762052193283438, 52.397733914959801 ], [ -81.760582609439211, 52.397743379024661 ], [ -81.760598066470507, 52.398642334564791 ], [ -81.759863259313263, 52.398647059899723 ], [ -81.759870980669547, 52.399096537693218 ], [ -81.758409057444041, 52.399555452725494 ], [ -81.759159308737821, 52.4004496919353 ], [ -81.760621253545608, 52.399990767611108 ], [ -81.760628982978176, 52.400440245222853 ], [ -81.762106400971305, 52.400880257666159 ], [ -81.762114145743382, 52.401329735054894 ], [ -81.761379294201021, 52.401334469981435 ], [ -81.761387031711138, 52.401783947411353 ], [ -81.760652172498624, 52.401788677846987 ], [ -81.760659902746383, 52.402238155318017 ], [ -81.759197884295787, 52.40269708022803 ], [ -81.759221032071608, 52.404045512781543 ], [ -81.760683094712505, 52.403586587519975 ], [ -81.760690825775555, 52.404036064850274 ], [ -81.762168364865701, 52.404476075790946 ], [ -81.762183857881553, 52.405375029970301 ], [ -81.762918776422197, 52.405370289788642 ], [ -81.76294979477791, 52.407168197419381 ], [ -81.762214846364401, 52.407172937906822 ], [ -81.762238089871488, 52.408521368489801 ], [ -81.762973060691735, 52.408516627772983 ], [ -81.762980816405332, 52.408966104487163 ], [ -81.765185750046143, 52.408951854696802 ], [ -81.76593629931385, 52.409846048339482 ], [ -81.767406283516664, 52.409836516192826 ] ] ] } },
{ "type": "Feature", "properties": { "area_km2": 1.145 }, "geometry": { "type": "Polygon", "coordinates": [ [ [ -81.730025333920281, 52.41636659392622 ], [ -81.729995644218249, 52.414568675635785 ], [ -81.731458360629659, 52.414110110236187 ], [ -81.731436051166, 52.412761671483906 ], [ -81.732898692861696, 52.41230308840025 ], [ -81.732868890674382, 52.410505170019022 ], [ -81.733603899392762, 52.410500611744823 ], [ -81.734323978119306, 52.409597089794723 ], [ -81.733588984537704, 52.409601652490501 ], [ -81.732839091630353, 52.408707251075867 ], [ -81.731369133363515, 52.408716353330746 ], [ -81.7306490082469, 52.409619857587458 ], [ -81.727716426391623, 52.410087469817086 ], [ -81.72770902882246, 52.409637989586329 ], [ -81.726974033478186, 52.409642511164442 ], [ -81.726224273264862, 52.408748067315543 ], [ -81.726959253864493, 52.408743550451767 ], [ -81.727679440496317, 52.407840068312204 ], [ -81.730611873938315, 52.407372457369078 ], [ -81.730589595703023, 52.406024016816644 ], [ -81.731324530317096, 52.406019472981619 ], [ -81.731317097162034, 52.405569992800515 ], [ -81.732052024111894, 52.40556544447081 ], [ -81.73277205527171, 52.404661931399126 ], [ -81.732037143453894, 52.404666484149956 ], [ -81.731287366501633, 52.403772071724916 ], [ -81.729082674089852, 52.403785688427817 ], [ -81.728362581426126, 52.404689179386779 ], [ -81.726885367486162, 52.404248744781725 ], [ -81.726892755247349, 52.404698225506735 ], [ -81.725430301309615, 52.405156734190832 ], [ -81.72542292828939, 52.404707253355348 ], [ -81.724688014518733, 52.404711760427894 ], [ -81.723938384966985, 52.403817300865732 ], [ -81.72246858632586, 52.403826291881614 ], [ -81.722461243758048, 52.403376810650514 ], [ -81.721726351614308, 52.40338129923451 ], [ -81.720976804590464, 52.402486820393996 ], [ -81.720241926994234, 52.402491299698255 ], [ -81.719521674023554, 52.403394737580712 ], [ -81.718051887998698, 52.403403673639978 ], [ -81.718044590427354, 52.402954191940573 ], [ -81.717309704593376, 52.402958653046795 ], [ -81.717302414681399, 52.402509171240361 ], [ -81.716567536122199, 52.402513627707137 ], [ -81.716560253869204, 52.40206414579373 ], [ -81.715825382584796, 52.402068597621209 ], [ -81.715818107990401, 52.40161911560093 ], [ -81.715083243980786, 52.401623562789254 ], [ -81.714333861031349, 52.400729040977673 ], [ -81.712864161920237, 52.400737912231378 ], [ -81.712856917765265, 52.400288429819412 ], [ -81.711380003789927, 52.39984780007164 ], [ -81.711372774948217, 52.399398317446746 ], [ -81.712107602583615, 52.399393893451993 ], [ -81.712085894806123, 52.39804544558082 ], [ -81.711351089566492, 52.398049869361564 ], [ -81.711343861487038, 52.397600386596331 ], [ -81.71207865926182, 52.397595962886932 ], [ -81.712056953773327, 52.396247514594776 ], [ -81.710580182966837, 52.395806874042265 ], [ -81.710587402820053, 52.396256357019077 ], [ -81.709852627057799, 52.396260771381492 ], [ -81.709859839637062, 52.396710254394407 ], [ -81.710594622863582, 52.396705839960802 ], [ -81.710616284136279, 52.398054288575509 ], [ -81.709881478515712, 52.398058703222681 ], [ -81.709888691855596, 52.398508186095277 ], [ -81.709153878579784, 52.398512596246761 ], [ -81.708433462502768, 52.399415967755679 ], [ -81.706956621282217, 52.398975282421546 ], [ -81.706963805140518, 52.399424765508044 ], [ -81.706228976175197, 52.399429157533689 ], [ -81.706236152757185, 52.399878640655928 ], [ -81.704773641167122, 52.400336894376174 ], [ -81.704780803195348, 52.400786377569709 ], [ -81.706985357851806, 52.400773214557049 ], [ -81.706992542467731, 52.401222697503243 ], [ -81.708469459296111, 52.401663381952588 ], [ -81.708483859342181, 52.402562347385818 ], [ -81.707748978491949, 52.402566749042364 ], [ -81.707756171332662, 52.403016231777343 ], [ -81.709233155742282, 52.403456906312549 ], [ -81.709240363897209, 52.403906388835345 ], [ -81.707777750992747, 52.404364679771888 ], [ -81.707071585746306, 52.406167007596558 ], [ -81.70854146712044, 52.406158207715755 ], [ -81.708534265483621, 52.405708725297281 ], [ -81.709269198417516, 52.405704318575751 ], [ -81.709276407522779, 52.406153800923164 ], [ -81.714420985005631, 52.406122825467804 ], [ -81.715170462161694, 52.407017345577493 ], [ -81.715905415783482, 52.407012897528446 ], [ -81.715898139078917, 52.406563415894141 ], [ -81.721777701379395, 52.406527667621766 ], [ -81.72178503783384, 52.406977148679545 ], [ -81.723262293001554, 52.407417646662843 ], [ -81.723291701282818, 52.409215569823054 ], [ -81.724026690129577, 52.409211071160726 ], [ -81.72403405015443, 52.409660551790459 ], [ -81.72476904627699, 52.40965604848693 ], [ -81.724776413965984, 52.410105529008952 ], [ -81.726253803391941, 52.410545988891876 ], [ -81.7255335440084, 52.411449462201332 ], [ -81.726268569623571, 52.411444949469384 ], [ -81.726275953031418, 52.411894429705484 ], [ -81.727010985922718, 52.411889912331752 ], [ -81.727018376996313, 52.412339392459891 ], [ -81.728495863346964, 52.412779823806517 ], [ -81.72851067635473, 52.413678783595351 ], [ -81.727775613968191, 52.413683310399144 ], [ -81.727797812528792, 52.415031750038096 ], [ -81.72853289733132, 52.415027223015272 ], [ -81.728547712292425, 52.415926182452999 ], [ -81.730025333920281, 52.41636659392622 ] ] ] } },
{ "type": "Feature", "properties": { "area_km2": 7.4025 }, "geometry": { "type": "Polygon", "coordinates": [ [ [ -82.014608549814199, 52.419211857135146 ], [ -82.014587915904897, 52.418312966539638 ], [ -82.0153229992262, 52.418306656420526 ], [ -82.015312675208293, 52.417857211170841 ], [ -82.016047750785987, 52.417850896584447 ], [ -82.016037419569187, 52.417401451400799 ], [ -82.016772487403287, 52.417395132347288 ], [ -82.016762148987993, 52.416945687229749 ], [ -82.017497209078513, 52.416939363709268 ], [ -82.017486863465109, 52.416489918657909 ], [ -82.018946607604406, 52.416027813231516 ], [ -82.018925887860718, 52.415128923358104 ], [ -82.019660917250519, 52.415122586539802 ], [ -82.020375197836728, 52.414217355545212 ], [ -82.02111021173998, 52.414211009794464 ], [ -82.021120593338026, 52.4146604545139 ], [ -82.022590635262446, 52.414647749102258 ], [ -82.022580238725041, 52.414198304587735 ], [ -82.023315251806437, 52.414191945131748 ], [ -82.023325655813522, 52.414641389543725 ], [ -82.025530715819869, 52.414622283457248 ], [ -82.025520289403815, 52.414172839353405 ], [ -82.026255301386669, 52.414166461623829 ], [ -82.026265735272347, 52.414615905624828 ], [ -82.028470791978194, 52.41459674471681 ], [ -82.028449879664834, 52.413697857296988 ], [ -82.029184883076582, 52.413691461397043 ], [ -82.02989894512551, 52.41278617377835 ], [ -82.031368920692358, 52.4127733595503 ], [ -82.031358435625464, 52.41232391612796 ], [ -82.033563374495372, 52.412304660835389 ], [ -82.03357388196855, 52.412754103947194 ], [ -82.035054377455765, 52.413190686906383 ], [ -82.03504385476765, 52.412741244037818 ], [ -82.035778840751107, 52.412734807230947 ], [ -82.036492752038555, 52.411829480426626 ], [ -82.037962692741985, 52.411816584388262 ], [ -82.037973244749224, 52.412266026912903 ], [ -82.038708222152181, 52.412259571937696 ], [ -82.038718781906354, 52.412709014322367 ], [ -82.040199325784428, 52.413145532599827 ], [ -82.040231052368611, 52.41449385880572 ], [ -82.039496038177461, 52.414500323438226 ], [ -82.039517175688488, 52.415399207604636 ], [ -82.041722262243553, 52.41537979937597 ], [ -82.041732853827213, 52.415829241092375 ], [ -82.043202925074468, 52.415816279221595 ], [ -82.043916732571205, 52.41491090859197 ], [ -82.046121791684357, 52.414891418444292 ], [ -82.046132427807464, 52.415340859568595 ], [ -82.047613132097212, 52.415777283963223 ], [ -82.047602480753724, 52.415327843084739 ], [ -82.048337506805652, 52.415321327990078 ], [ -82.048326848273305, 52.414871887180759 ], [ -82.049061866574434, 52.414865367622753 ], [ -82.049775538495069, 52.413959962190738 ], [ -82.051245543812655, 52.413946900653961 ], [ -82.051192108802212, 52.411699697814875 ], [ -82.052651337212581, 52.411237178595101 ], [ -82.052629935873156, 52.410338297558134 ], [ -82.05114936586584, 52.409901934897327 ], [ -82.051127996088084, 52.409003053223117 ], [ -82.051862916175011, 52.408996516761967 ], [ -82.052555040071979, 52.407192212797632 ], [ -82.05182015013348, 52.407198753404309 ], [ -82.051809459327814, 52.406749312475135 ], [ -82.050329017945771, 52.406312938600522 ], [ -82.050318342635322, 52.405863497388808 ], [ -82.051053210739497, 52.405856966232385 ], [ -82.051042528244921, 52.405407525090077 ], [ -82.051777388601906, 52.405400989472135 ], [ -82.052490854671774, 52.404495567316722 ], [ -82.051756009527139, 52.404502107290597 ], [ -82.051734631579635, 52.403603224965423 ], [ -82.050254296682695, 52.403166849364545 ], [ -82.050232950283032, 52.402267966402562 ], [ -82.04949814161651, 52.402274492150141 ], [ -82.049487476302744, 52.401825050510062 ], [ -82.048007222949423, 52.401388646209753 ], [ -82.047953976635796, 52.399141436240228 ], [ -82.048688733620466, 52.399134920360865 ], [ -82.048667422134955, 52.398236036331888 ], [ -82.049402163913655, 52.398229516096961 ], [ -82.049370176405887, 52.396881190099656 ], [ -82.050104895517393, 52.396874665614661 ], [ -82.050094226115291, 52.396425223648954 ], [ -82.049359514465436, 52.396431748028739 ], [ -82.049338191427637, 52.395532863779209 ], [ -82.048603494419453, 52.395539383383358 ], [ -82.048592840783144, 52.39508994109962 ], [ -82.049327530330274, 52.395083421600582 ], [ -82.04931686951393, 52.394633979386057 ], [ -82.04858218742767, 52.394640498779978 ], [ -82.048560881559141, 52.393741614032983 ], [ -82.047826214113229, 52.393748128651701 ], [ -82.047815569060432, 52.393298686119309 ], [ -82.047080908794214, 52.393305196068098 ], [ -82.046324988823798, 52.392412815859835 ], [ -82.045590342917038, 52.392419316469223 ], [ -82.045600965028939, 52.39286875938808 ], [ -82.044131657455864, 52.392881747122011 ], [ -82.044121050263826, 52.392432303993751 ], [ -82.043386403517758, 52.392438790908891 ], [ -82.042672941315729, 52.393344159898135 ], [ -82.043407603261315, 52.393337677338714 ], [ -82.044163480709543, 52.394230076291485 ], [ -82.043428804122485, 52.394236563625007 ], [ -82.04343940497219, 52.394686006714323 ], [ -82.042704720644963, 52.394692489587335 ], [ -82.041991208732057, 52.395597854384143 ], [ -82.040521808837923, 52.395610797721879 ], [ -82.040511237273961, 52.395161354286635 ], [ -82.039031294824213, 52.394724835475287 ], [ -82.039010182932273, 52.39382594800864 ], [ -82.036806168863507, 52.39384530013556 ], [ -82.036795635716175, 52.393395856036392 ], [ -82.0353157885868, 52.392959290078934 ], [ -82.035284236402546, 52.391610956835706 ], [ -82.033814965793212, 52.391623816131734 ], [ -82.033804463871846, 52.391174371438254 ], [ -82.032324720348328, 52.390737767332219 ], [ -82.032282776208362, 52.388939987228156 ], [ -82.031548184689512, 52.388946400279401 ], [ -82.031527229194211, 52.388047509805432 ], [ -82.030068537854518, 52.388509767263557 ], [ -82.03005807516125, 52.388060321802079 ], [ -82.028578472523719, 52.387623669838732 ], [ -82.02855757834665, 52.38672477832398 ], [ -82.03001622714558, 52.386262539597645 ], [ -82.029995304792067, 52.385363648280332 ], [ -82.029260772106753, 52.385370046813499 ], [ -82.029229413013923, 52.384021709259152 ], [ -82.028494902422949, 52.384028102919423 ], [ -82.028463568177372, 52.382679764733204 ], [ -82.02552561253529, 52.38270529250503 ], [ -82.025515198159866, 52.382255845959691 ], [ -82.024780716018384, 52.382262216391865 ], [ -82.024770309372897, 52.381812769707999 ], [ -82.023290967717713, 52.381376049752738 ], [ -82.023259794978685, 52.380027708763045 ], [ -82.022525349290632, 52.380034064993303 ], [ -82.022556499664901, 52.381382406290427 ], [ -82.021822031338445, 52.381388758265089 ], [ -82.021842784711964, 52.382287652488841 ], [ -82.021108301201224, 52.382294000105148 ], [ -82.021118670842441, 52.382743447265625 ], [ -82.0196600430925, 52.383205576342242 ], [ -82.019670398368035, 52.383655023635519 ], [ -82.020404904792926, 52.383648684839009 ], [ -82.020415267797702, 52.384098131994271 ], [ -82.021149781405825, 52.384091788532075 ], [ -82.021905051395976, 52.384984334300221 ], [ -82.02117052314793, 52.384990682530585 ], [ -82.021180894428966, 52.385440129476116 ], [ -82.020446358450684, 52.385446473245132 ], [ -82.019732535752496, 52.386351706642991 ], [ -82.018263432602126, 52.386364371770888 ], [ -82.018253090603679, 52.385914924488326 ], [ -82.0175185460769, 52.385921250104495 ], [ -82.017508211808149, 52.385471802684144 ], [ -82.016028817769538, 52.385034992361412 ], [ -82.016008180420485, 52.384136096934135 ], [ -82.013804633058172, 52.384155017796786 ], [ -82.013814929226939, 52.384604465833384 ], [ -82.012335600126264, 52.384167608887623 ], [ -82.01235616290829, 52.385066505331039 ], [ -82.011621631122352, 52.385072794233956 ], [ -82.011631905462792, 52.385522242503363 ], [ -82.010897365949035, 52.385528526943929 ], [ -82.010907633103017, 52.385977975278855 ], [ -82.009448790859182, 52.386439979172714 ], [ -82.009459043639069, 52.386889427638472 ], [ -82.010193606066139, 52.386883152021881 ], [ -82.010203866574102, 52.387332600350682 ], [ -82.010938436188567, 52.387326320068851 ], [ -82.011693557192118, 52.388218931367994 ], [ -82.010958972932031, 52.388225216416537 ], [ -82.010244911310295, 52.389130393307909 ], [ -82.008765464931102, 52.388693492600694 ], [ -82.008796205758699, 52.390041837657087 ], [ -82.009530820665063, 52.390035565896675 ], [ -82.00954107560699, 52.390485014076113 ], [ -82.008082070899093, 52.390947001580443 ], [ -82.008123034771785, 52.392744794605832 ], [ -82.009602610935076, 52.393181702401066 ], [ -82.009623124873826, 52.394080598223056 ], [ -82.008888442827356, 52.394086870893673 ], [ -82.008898692741298, 52.394536318852118 ], [ -82.009633382248751, 52.394530046080355 ], [ -82.010409133535347, 52.396321559409806 ], [ -82.011878570889252, 52.396308990229485 ], [ -82.01186829004746, 52.395859542819231 ], [ -82.012603000856274, 52.395853251482244 ], [ -82.013317120677513, 52.394948061057839 ], [ -82.014051816020853, 52.394941760793152 ], [ -82.014062118704686, 52.395391207970448 ], [ -82.014796821237795, 52.395384903038803 ], [ -82.014807131654706, 52.395834350078651 ], [ -82.016286876440503, 52.396271173116254 ], [ -82.016328181610902, 52.39806895996005 ], [ -82.015593434849606, 52.398075274633285 ], [ -82.015603754360072, 52.39852472135653 ], [ -82.014868999864049, 52.398531031565724 ], [ -82.014154855081316, 52.39943623095499 ], [ -82.015634714523728, 52.399873061311439 ], [ -82.015655355993175, 52.400771954435683 ], [ -82.01492056418077, 52.400778265153669 ], [ -82.014930877859754, 52.401227711763838 ], [ -82.016400476140191, 52.401215085558057 ], [ -82.016410805019191, 52.40166453192883 ], [ -82.017890761218311, 52.402101333384998 ], [ -82.017901105570786, 52.402550779480244 ], [ -82.017166284718698, 52.402557104304861 ], [ -82.017176621879273, 52.40300655046628 ], [ -82.015717286931874, 52.403468632949071 ], [ -82.015727609707454, 52.403918079242651 ], [ -82.017207634996183, 52.40435488873571 ], [ -82.017228311770239, 52.405253780736267 ], [ -82.016493445854877, 52.405260101605883 ], [ -82.016503777184937, 52.405709547654389 ], [ -82.015044346276014, 52.406171622112709 ], [ -82.015075297919296, 52.4075199605469 ], [ -82.013615792346073, 52.407982017610621 ], [ -82.013636398810675, 52.408880910056183 ], [ -82.012901471802962, 52.408887208903508 ], [ -82.012187122204878, 52.409792395891806 ], [ -82.010717236962662, 52.409804971154124 ], [ -82.010737785857131, 52.410703864125111 ], [ -82.011472743549717, 52.410697578575082 ], [ -82.01148302587157, 52.411147024905532 ], [ -82.012217990761286, 52.411140734686185 ], [ -82.012228280822711, 52.411590180879394 ], [ -82.013708529994815, 52.412027032488098 ], [ -82.013729141350041, 52.412925924289311 ], [ -82.012269443781861, 52.413387965294298 ], [ -82.012310611082924, 52.415185749136491 ], [ -82.011575578970167, 52.415192040268877 ], [ -82.01158586400372, 52.415641486241398 ], [ -82.010850824149529, 52.415647772906567 ], [ -82.010861101983878, 52.416097218944685 ], [ -82.010126054388252, 52.416103501142473 ], [ -82.010136325023012, 52.416552947246132 ], [ -82.008676470042076, 52.417014944408081 ], [ -82.00868672627648, 52.417464390642586 ], [ -82.009421796826118, 52.417458117278827 ], [ -82.009432060802226, 52.417907563376382 ], [ -82.010167138552433, 52.417901285342374 ], [ -82.010922774682072, 52.418793894421881 ], [ -82.012382664309413, 52.418331869482316 ], [ -82.013138352468943, 52.419224464072698 ], [ -82.014608549814199, 52.419211857135146 ] ], [ [ -82.018584169794593, 52.400297219765065 ], [ -82.01784938653536, 52.400303548645887 ], [ -82.017839043546317, 52.399854102371584 ], [ -82.016359163347047, 52.399417299716909 ], [ -82.016348835829433, 52.3989678531671 ], [ -82.017083597244024, 52.398961533724282 ], [ -82.017797674316611, 52.398056316916225 ], [ -82.018532420260641, 52.398049988545644 ], [ -82.01854276962176, 52.398499434861151 ], [ -82.020022640176052, 52.398936210293733 ], [ -82.020033005008884, 52.399385656333308 ], [ -82.019298237222202, 52.399391994142015 ], [ -82.018584169794593, 52.400297219765065 ] ] ] } },
{ "type": "Feature", "properties": { "area_km2": 0.625 }, "geometry": { "type": "Polygon", "coordinates": [ [ [ -82.33074645131255, 52.320771509292889 ], [ -82.330732967985512, 52.32032210729141 ], [ -82.331466343550886, 52.320313842737029 ], [ -82.331425873423825, 52.318965636910981 ], [ -82.332159226359181, 52.3189573682046 ], [ -82.332078251145347, 52.316260956356885 ], [ -82.33281155918084, 52.316252683898774 ], [ -82.332784555437442, 52.315353879921275 ], [ -82.333517848270986, 52.315345603178862 ], [ -82.333450308016936, 52.313098593256875 ], [ -82.331250539790176, 52.313123407832592 ], [ -82.331264024863316, 52.313572810290466 ], [ -82.329810966676064, 52.314038733541828 ], [ -82.329837908905617, 52.314937538805701 ], [ -82.329104621720589, 52.314945792660829 ], [ -82.329118085944046, 52.315395195370492 ], [ -82.328384790981602, 52.315403444807721 ], [ -82.328398248136097, 52.315852847613435 ], [ -82.326945084964038, 52.316318736135322 ], [ -82.326931642302398, 52.315869333100849 ], [ -82.326198338854837, 52.315877569018106 ], [ -82.326184903970272, 52.315428165814133 ], [ -82.32545160759247, 52.315436397047797 ], [ -82.32543818048461, 52.314986993674367 ], [ -82.324704891176623, 52.314995220224617 ], [ -82.323944778051228, 52.314104634836696 ], [ -82.322478227361884, 52.314121064653612 ], [ -82.322464831004353, 52.313671660640019 ], [ -82.321731562553396, 52.313679868590178 ], [ -82.321718173970822, 52.313230464407546 ], [ -82.320238277471248, 52.31279746190804 ], [ -82.320211531755419, 52.311898652830223 ], [ -82.319478291936747, 52.311906846600436 ], [ -82.319438198266567, 52.31055863231164 ], [ -82.318704980360693, 52.310566821135723 ], [ -82.318691623928402, 52.310117416167266 ], [ -82.317958413092214, 52.310125600309348 ], [ -82.31794506443228, 52.309676195172237 ], [ -82.317211860665765, 52.309684374632482 ], [ -82.317198519777818, 52.309234969326802 ], [ -82.316465323081019, 52.309243144105345 ], [ -82.315705474992441, 52.308352503085558 ], [ -82.312772742661451, 52.308385137449072 ], [ -82.312825927414679, 52.310182761901714 ], [ -82.312092713773922, 52.310190909643083 ], [ -82.312185748610503, 52.313336751937982 ], [ -82.313652279447297, 52.313320450066811 ], [ -82.313665586382399, 52.313769855699178 ], [ -82.315865402278476, 52.313745368368338 ], [ -82.315852073075732, 52.313295963130471 ], [ -82.316585336917285, 52.313287791717151 ], [ -82.316598673542572, 52.313737196823375 ], [ -82.318078566839304, 52.31417024488735 ], [ -82.318105271536652, 52.315069054388772 ], [ -82.321025057126832, 52.314586880508891 ], [ -82.321038439343411, 52.315036284713258 ], [ -82.32251841854972, 52.315469276473486 ], [ -82.322558612910711, 52.316817487962012 ], [ -82.324025252679462, 52.316801056556841 ], [ -82.324038666352919, 52.317250460047987 ], [ -82.324771993131847, 52.317242237386225 ], [ -82.324785414582465, 52.317691640708077 ], [ -82.325518748432302, 52.317683413362573 ], [ -82.325532177660463, 52.318132816515039 ], [ -82.326265518581224, 52.318124584485631 ], [ -82.326278955587313, 52.318573987468646 ], [ -82.32701230357894, 52.318565750755212 ], [ -82.327025748363354, 52.319015153568685 ], [ -82.327759103425848, 52.319006912171062 ], [ -82.327772555988986, 52.319456314814936 ], [ -82.328505918122289, 52.319448068732981 ], [ -82.328519378464534, 52.319897471207163 ], [ -82.329252747668647, 52.319889220440743 ], [ -82.329266215790383, 52.320338622745147 ], [ -82.33074645131255, 52.320771509292889 ] ] ] } },
{ "type": "Feature", "properties": { "area_km2": 1.4575 }, "geometry": { "type": "Polygon", "coordinates": [ [ [ -81.788602155961783, 52.237975114672395 ], [ -81.789318353397462, 52.237071247171428 ], [ -81.791514745311488, 52.237056539991002 ], [ -81.791506749237527, 52.236607053159638 ], [ -81.792238872061233, 52.236602141764699 ], [ -81.79223086880333, 52.23615265497714 ], [ -81.792962984022637, 52.236147739121151 ], [ -81.792954973581189, 52.235698252377439 ], [ -81.793687081196097, 52.235693332060563 ], [ -81.793679063571503, 52.235243845360777 ], [ -81.795135231180836, 52.234784504689152 ], [ -81.795079011684635, 52.231638097665765 ], [ -81.793606914430484, 52.23119846347425 ], [ -81.793590883605177, 52.230299489333383 ], [ -81.790662806728875, 52.230319139563406 ], [ -81.790670792470024, 52.230768626967901 ], [ -81.788474710434087, 52.230783317215554 ], [ -81.787758595646849, 52.231687180219801 ], [ -81.787026552889913, 52.23169206350849 ], [ -81.787018603688907, 52.231242575780726 ], [ -81.785546598124029, 52.230802840662733 ], [ -81.78547519962855, 52.22675744779422 ], [ -81.78474323754692, 52.226762316602247 ], [ -81.784719463969324, 52.225413851442454 ], [ -81.785451403881936, 52.225408982869602 ], [ -81.785419679137348, 52.223611029142766 ], [ -81.786151589285581, 52.223606156345333 ], [ -81.786127775750131, 52.222257690915072 ], [ -81.786859663524893, 52.222252813815111 ], [ -81.786851718708917, 52.221803325346301 ], [ -81.787583598887025, 52.221798443787044 ], [ -81.78756769510602, 52.220899466900754 ], [ -81.78829956029999, 52.22089458096103 ], [ -81.788291601335558, 52.220445092543599 ], [ -81.789023458933087, 52.220440202144957 ], [ -81.789015492790625, 52.219990713770969 ], [ -81.789747342791784, 52.21998581891355 ], [ -81.789739369471661, 52.21953633058309 ], [ -81.790471211876437, 52.219531431267036 ], [ -81.791187078513261, 52.218627550962381 ], [ -81.792650732727296, 52.218617729959405 ], [ -81.793366540482907, 52.217713836534173 ], [ -81.794830163890211, 52.217703988624649 ], [ -81.794822139915951, 52.217254500671338 ], [ -81.796285747708282, 52.217244634772179 ], [ -81.796277709173438, 52.216795146942381 ], [ -81.797741301349703, 52.216785263054206 ], [ -81.797733248255071, 52.216335775348206 ], [ -81.799928612775886, 52.216320915727977 ], [ -81.799920537737009, 52.215871428225896 ], [ -81.802847657919685, 52.215851552202629 ], [ -81.802839553552715, 52.215402064985213 ], [ -81.80137600865649, 52.215412011910303 ], [ -81.801367919272124, 52.21496252449743 ], [ -81.800636153889997, 52.214967491074923 ], [ -81.799888239702625, 52.214073477864382 ], [ -81.800619990527892, 52.214068515983293 ], [ -81.800611909165269, 52.2136190283845 ], [ -81.801343652393967, 52.213614062046865 ], [ -81.801335563859553, 52.213164574492701 ], [ -81.802067299491682, 52.213159603698656 ], [ -81.802059203785859, 52.212710116189172 ], [ -81.802790931821463, 52.212705140938873 ], [ -81.803506439336189, 52.211801186347891 ], [ -81.804969864808101, 52.211791213486975 ], [ -81.804961740207091, 52.211341726192344 ], [ -81.805693445239754, 52.211336733038074 ], [ -81.806408871965147, 52.210432760974143 ], [ -81.809327461781123, 52.209963238580272 ], [ -81.809319293738881, 52.209513751627654 ], [ -81.810050967956073, 52.209508731580399 ], [ -81.810042792746145, 52.209059244673256 ], [ -81.811506125771658, 52.209049191133374 ], [ -81.811497936012358, 52.208599704352736 ], [ -81.809302958298034, 52.208614777616397 ], [ -81.808587619307133, 52.209518767139159 ], [ -81.807124269800809, 52.209528784554941 ], [ -81.807132415695662, 52.209978271749563 ], [ -81.804213801165176, 52.210447739954652 ], [ -81.804221917956482, 52.210897227400274 ], [ -81.803490219880288, 52.210902211402185 ], [ -81.803498329501721, 52.211351698892706 ], [ -81.802766623829413, 52.211356678438797 ], [ -81.802774726280589, 52.211806165974146 ], [ -81.802043013012153, 52.21181114106426 ], [ -81.802051108292673, 52.212260628644394 ], [ -81.801319387428109, 52.212265599278382 ], [ -81.801327475537605, 52.212715086903202 ], [ -81.800595747076869, 52.212720053080943 ], [ -81.800603828014943, 52.213169540750378 ], [ -81.799872091958051, 52.213174502471702 ], [ -81.799880165724289, 52.213623990185702 ], [ -81.799148422071227, 52.213628947450459 ], [ -81.799156488665261, 52.214078435208947 ], [ -81.798424737415999, 52.214083388016995 ], [ -81.797709090240446, 52.214987312018337 ], [ -81.79624555714571, 52.214997195270051 ], [ -81.796253594835903, 52.215446683241098 ], [ -81.794790046126778, 52.215456548504939 ], [ -81.794074303158567, 52.216360450644139 ], [ -81.792610723644543, 52.216370289004225 ], [ -81.792618725040668, 52.216819777265876 ], [ -81.791155129914799, 52.216829597636412 ], [ -81.790439291144935, 52.217733477907686 ], [ -81.788975665217365, 52.217743271371631 ], [ -81.788983630313496, 52.218192759922083 ], [ -81.788251809649609, 52.21819764992707 ], [ -81.788259767568647, 52.218647138520971 ], [ -81.787527939309342, 52.218652024067403 ], [ -81.787535890050904, 52.219101512704647 ], [ -81.786804054196168, 52.219106393792359 ], [ -81.786088090695131, 52.220010247825535 ], [ -81.784624388395571, 52.220019987627722 ], [ -81.784616466784044, 52.219570498747139 ], [ -81.783144871796082, 52.219130731170324 ], [ -81.783042104507416, 52.213287370018755 ], [ -81.782310363414055, 52.213292222866443 ], [ -81.782341950842095, 52.215090181091455 ], [ -81.781610180003071, 52.215095029714924 ], [ -81.781625960191505, 52.215994008771858 ], [ -81.780894174374907, 52.215998853014568 ], [ -81.781704873571528, 52.220488901939781 ], [ -81.780973013891739, 52.220493746962461 ], [ -81.781004555498455, 52.222291703553857 ], [ -81.780272666060782, 52.222296544350655 ], [ -81.779572262230076, 52.224099337259752 ], [ -81.778840342824722, 52.224104169291905 ], [ -81.778848207406284, 52.224553658444073 ], [ -81.778116280405328, 52.224558486015759 ], [ -81.778124137804397, 52.225007975210389 ], [ -81.777392203207825, 52.225012798321437 ], [ -81.777400053423975, 52.225462287558443 ], [ -81.776668111231771, 52.225467106208711 ], [ -81.776675954264618, 52.225916595488037 ], [ -81.775944004476784, 52.225921409677397 ], [ -81.775227711607528, 52.226825198090992 ], [ -81.773763781443691, 52.226834804086472 ], [ -81.773771595534143, 52.227284293569618 ], [ -81.772307649768663, 52.227293881564798 ], [ -81.772315449283681, 52.227743371167065 ], [ -81.770851487917668, 52.227752941161349 ], [ -81.770859272856455, 52.228202430882448 ], [ -81.768663307101946, 52.22821675206329 ], [ -81.768671070072898, 52.228666241979724 ], [ -81.765743083315471, 52.228685273649255 ], [ -81.765750816926328, 52.229134763836882 ], [ -81.764294526577103, 52.229593742895652 ], [ -81.764309965248827, 52.230492723400253 ], [ -81.763577938079763, 52.230497461197309 ], [ -81.763585650328054, 52.230946951473044 ], [ -81.767245821102051, 52.230923216712739 ], [ -81.767238071894681, 52.230473726819177 ], [ -81.77236225067783, 52.230440308040272 ], [ -81.772354449933047, 52.229990818649547 ], [ -81.77455050130888, 52.229976428458556 ], [ -81.774558324228281, 52.23042591761758 ], [ -81.776030210142807, 52.230865790275139 ], [ -81.776045886577506, 52.231764768107212 ], [ -81.77751783142206, 52.232204621881472 ], [ -81.777509978111169, 52.231755133173479 ], [ -81.77897406881938, 52.231745480081933 ], [ -81.778966200930711, 52.231295991494086 ], [ -81.779698238582711, 52.231291158216955 ], [ -81.779690363508919, 52.230841669671676 ], [ -81.78042239356212, 52.230836831933075 ], [ -81.78041451130359, 52.230387343430408 ], [ -81.781870659170735, 52.229928166109381 ], [ -81.781878556005083, 52.230377654491321 ], [ -81.782610578044654, 52.230372803212958 ], [ -81.782618482478156, 52.230822291481502 ], [ -81.784090460142153, 52.231262063227497 ], [ -81.784106299616226, 52.232161039275297 ], [ -81.78703450229979, 52.232141551200968 ], [ -81.78704245191858, 52.232591038858153 ], [ -81.788506566792492, 52.23258126742671 ], [ -81.788498602388955, 52.23213177992686 ], [ -81.792890897627373, 52.232102357157025 ], [ -81.792898906384949, 52.232551844183128 ], [ -81.794371041653861, 52.232991486951235 ], [ -81.794387089792522, 52.233890460509905 ], [ -81.793655011961818, 52.233895385049642 ], [ -81.792938953329823, 52.234799278784131 ], [ -81.791474767043013, 52.234809105481283 ], [ -81.791482762276459, 52.235258592453803 ], [ -81.790018560362199, 52.235268401149256 ], [ -81.790026541018378, 52.23571788824443 ], [ -81.788570289555864, 52.23617716615513 ], [ -81.788586222340086, 52.237076140484341 ], [ -81.787854091073328, 52.237081029256963 ], [ -81.787870009905816, 52.237980003602466 ], [ -81.788602155961783, 52.237975114672395 ] ] ] } },
{ "type": "Feature", "properties": { "area_km2": 4.48 }, "geometry": { "type": "Polygon", "coordinates": [ [ [ -81.799754005155677, 52.247340431336376 ], [ -81.799745922860794, 52.246890946191137 ], [ -81.801210503878011, 52.246881015299657 ], [ -81.801202406998641, 52.246431530279033 ], [ -81.803399254732426, 52.24641660011843 ], [ -81.803391135871138, 52.245967115302903 ], [ -81.804123410624271, 52.245962129579475 ], [ -81.804839418489664, 52.245058169898641 ], [ -81.806303937335471, 52.245048176065218 ], [ -81.806295789523801, 52.244598691465328 ], [ -81.807028041227937, 52.244593687816902 ], [ -81.807019886232993, 52.244144203262252 ], [ -81.808484374203189, 52.244134182502393 ], [ -81.809200264136692, 52.243230196579432 ], [ -81.811396949453041, 52.243215118240869 ], [ -81.811388750720198, 52.242765634065186 ], [ -81.812853191727044, 52.242755559295631 ], [ -81.812844978416493, 52.242306075246852 ], [ -81.814309403766671, 52.24229598247527 ], [ -81.814301175879237, 52.241846498553656 ], [ -81.815033380833668, 52.241841445437643 ], [ -81.815041616117483, 52.242290929277885 ], [ -81.816506040169543, 52.242280809259952 ], [ -81.817221737141651, 52.241376775212707 ], [ -81.819418326563834, 52.241361547995254 ], [ -81.819410047337158, 52.240912064574069 ], [ -81.823803175925548, 52.240881488027576 ], [ -81.82379485254215, 52.240432005063397 ], [ -81.825259212198887, 52.240421776719522 ], [ -81.825250874243267, 52.239972293884676 ], [ -81.827447389897912, 52.239956917561088 ], [ -81.827439029975579, 52.23950743493846 ], [ -81.830367684857166, 52.239486869935931 ], [ -81.830359295574311, 52.239037387609073 ], [ -81.831823606902887, 52.239027078030503 ], [ -81.832538939963257, 52.238122952168908 ], [ -81.834735360267075, 52.238107440625676 ], [ -81.835450619382215, 52.237203297293803 ], [ -81.837646992659529, 52.237187731768124 ], [ -81.837638530538655, 52.236738250097275 ], [ -81.839111240399447, 52.237177332050244 ], [ -81.839102763490615, 52.236727850546835 ], [ -81.84056699555147, 52.236717432836102 ], [ -81.840558504077848, 52.236267951465031 ], [ -81.841290612379879, 52.236262735883535 ], [ -81.842005708606877, 52.235358553249782 ], [ -81.843469894519586, 52.23534809972351 ], [ -81.84346137414272, 52.234898618582569 ], [ -81.84419345937016, 52.234893385093947 ], [ -81.844908474720043, 52.233989185014671 ], [ -81.846372614482291, 52.233978695676434 ], [ -81.84636406520687, 52.233529214766769 ], [ -81.847096127358554, 52.233523963372789 ], [ -81.847079014697229, 52.232625001616285 ], [ -81.847811061839579, 52.232619745852041 ], [ -81.848525967427534, 52.231715523988861 ], [ -81.84999003101899, 52.23170499010272 ], [ -81.849972861024682, 52.23080602874068 ], [ -81.850704877699258, 52.230800755158612 ], [ -81.851419695491941, 52.229896515873477 ], [ -81.852883698147338, 52.229885946354337 ], [ -81.852875084376748, 52.229436465889378 ], [ -81.853607077974317, 52.229431174406614 ], [ -81.853589836331281, 52.228532213540795 ], [ -81.854321814921477, 52.228526917689742 ], [ -81.855036522987874, 52.227622656633628 ], [ -81.857973039645586, 52.228050890380779 ], [ -81.857964375050855, 52.22760141037196 ], [ -81.858696337497932, 52.227596087460206 ], [ -81.858687665741186, 52.227146607501631 ], [ -81.859419620570705, 52.22714128013714 ], [ -81.859410941652328, 52.226691800228885 ], [ -81.86086614237918, 52.226231652284362 ], [ -81.860116831310052, 52.225338028731848 ], [ -81.860848756126558, 52.225332692634126 ], [ -81.860840063342863, 52.22488321275582 ], [ -81.861571980542294, 52.224877872205923 ], [ -81.861563280598475, 52.224428392378137 ], [ -81.862295190180845, 52.224423047376227 ], [ -81.863009670779761, 52.22351873841874 ], [ -81.863741565128024, 52.223513384513225 ], [ -81.863750286778966, 52.223962864153535 ], [ -81.865945990612317, 52.223946774950896 ], [ -81.865937246797174, 52.223497295569636 ], [ -81.8666691402277, 52.223491923512746 ], [ -81.86666038925442, 52.223042444182482 ], [ -81.867392275067189, 52.223037067674341 ], [ -81.867383516936158, 52.222587588395179 ], [ -81.868115395131156, 52.222582207435906 ], [ -81.868106629842785, 52.222132728207889 ], [ -81.868838500420054, 52.222127342797648 ], [ -81.869552811332326, 52.221222994634317 ], [ -81.871016521785165, 52.221212201473357 ], [ -81.871730773832766, 52.220307840250818 ], [ -81.873194453351871, 52.220297020213586 ], [ -81.873159191372622, 52.218499104812793 ], [ -81.873891001240352, 52.218493688337048 ], [ -81.874587493519499, 52.216690352053604 ], [ -81.876042209483614, 52.216230018384543 ], [ -81.876033366186874, 52.215780539617398 ], [ -81.875301601325845, 52.215785969179628 ], [ -81.875275094982214, 52.214437532402997 ], [ -81.876006837690454, 52.214432103102986 ], [ -81.875997995322891, 52.213982624193875 ], [ -81.876729730414979, 52.213977190445014 ], [ -81.876720880896016, 52.213527711587872 ], [ -81.877452608371996, 52.213522273390303 ], [ -81.877443751702003, 52.213072794585216 ], [ -81.87817547156186, 52.213067351939095 ], [ -81.87816660774125, 52.212617873186112 ], [ -81.878898319985026, 52.212612426091574 ], [ -81.878889449014181, 52.212162947390794 ], [ -81.879621153641864, 52.21215749584799 ], [ -81.879612275521154, 52.21170801719947 ], [ -81.880343972532785, 52.211702561208554 ], [ -81.881057884238956, 52.21079814362966 ], [ -81.883252928876118, 52.21078173536241 ], [ -81.883235100445432, 52.209882778696539 ], [ -81.881780666450595, 52.210343200251621 ], [ -81.881771767116433, 52.209893721724761 ], [ -81.880299548515765, 52.209455167872491 ], [ -81.880290664412456, 52.209005689098746 ], [ -81.881022316897656, 52.209000229099352 ], [ -81.881736172117186, 52.208095807262275 ], [ -81.882467809372372, 52.208090338368109 ], [ -81.882476715152876, 52.208539816948957 ], [ -81.883208359555425, 52.208534343431396 ], [ -81.883217272951299, 52.208983821888623 ], [ -81.884689504210087, 52.209422339316298 ], [ -81.884680575816787, 52.208972861071032 ], [ -81.886143877744232, 52.208961882111772 ], [ -81.886134934822579, 52.208512404007735 ], [ -81.886866578052633, 52.208506907813479 ], [ -81.887580306384422, 52.207602451123257 ], [ -81.889043562143897, 52.207591436412727 ], [ -81.88903459040354, 52.207141958556448 ], [ -81.889766210549098, 52.20713644448719 ], [ -81.889757231663765, 52.206686966684138 ], [ -81.890488844192873, 52.206681448168602 ], [ -81.891202469901529, 52.205776969760841 ], [ -81.892665664257706, 52.205765910410747 ], [ -81.892656656559751, 52.205316432856854 ], [ -81.89338824600307, 52.205310896468639 ], [ -81.894101791004658, 52.204406400687859 ], [ -81.897019035157314, 52.203934715238248 ], [ -81.897732484464228, 52.203030197733057 ], [ -81.900649599130062, 52.202558423009606 ], [ -81.901362952751342, 52.201653883785774 ], [ -81.902826007626601, 52.201642699080487 ], [ -81.902816898762751, 52.201193222460873 ], [ -81.904279937924883, 52.201182019799269 ], [ -81.904270814544375, 52.200732543324413 ], [ -81.905733837992273, 52.200721322707089 ], [ -81.905724700095902, 52.200271846377291 ], [ -81.90718770782847, 52.20026060780485 ], [ -81.907178555417033, 52.199811131620386 ], [ -81.908641547433177, 52.199799875093461 ], [ -81.908632380507498, 52.199350399054588 ], [ -81.909363868777277, 52.199344764081069 ], [ -81.90934552089405, 52.198445812078006 ], [ -81.910799278869021, 52.197985053019615 ], [ -81.910780902925552, 52.197086101166299 ], [ -81.911512353588549, 52.197080453046063 ], [ -81.911503158602613, 52.196630977156936 ], [ -81.91295683495558, 52.19617019175567 ], [ -81.912947625701122, 52.195720715977394 ], [ -81.912216197648917, 52.195726372891244 ], [ -81.91220699601179, 52.195276896986336 ], [ -81.910734967288889, 52.194838720910234 ], [ -81.910707408801613, 52.193490292329592 ], [ -81.911438800461198, 52.193484644936596 ], [ -81.911429607406632, 52.193035168762783 ], [ -81.912160991450264, 52.19302951692795 ], [ -81.912142591316751, 52.192130564655486 ], [ -81.912873960370305, 52.192124908470007 ], [ -81.912864753291942, 52.191675432371412 ], [ -81.914318254341566, 52.191214630633127 ], [ -81.914290591041876, 52.189866202563884 ], [ -81.913559259339806, 52.189871867358647 ], [ -81.912846339860423, 52.19077648006747 ], [ -81.91138364575437, 52.190787787359852 ], [ -81.911392837602108, 52.191237263711621 ], [ -81.910661482813381, 52.191242910650153 ], [ -81.910670667528677, 52.191692387057202 ], [ -81.909939305125008, 52.191698029554104 ], [ -81.909948482707492, 52.19214750601639 ], [ -81.909217112688864, 52.192153144071519 ], [ -81.909226283138125, 52.192602620588971 ], [ -81.908494905504512, 52.192608254202156 ], [ -81.908504068820207, 52.193057730774711 ], [ -81.907772683571579, 52.193063359945839 ], [ -81.907059595936985, 52.193967937984844 ], [ -81.905596794739623, 52.193979174025003 ], [ -81.905605929277186, 52.194428650852835 ], [ -81.904874520943622, 52.19443426216386 ], [ -81.904161352663891, 52.195338822851951 ], [ -81.902698505297906, 52.195350023169645 ], [ -81.902707611052662, 52.195799500251589 ], [ -81.89979096044101, 52.196271324255015 ], [ -81.899077659637129, 52.197175854545982 ], [ -81.897614749922781, 52.197186992116656 ], [ -81.897623804999057, 52.197636469685058 ], [ -81.896892342408677, 52.197642031759742 ], [ -81.896901390346088, 52.198091509382131 ], [ -81.896169920141446, 52.198097067012725 ], [ -81.896178960939594, 52.198546544689037 ], [ -81.895447483120677, 52.198552097875414 ], [ -81.894734057864497, 52.19945660213147 ], [ -81.892539578011593, 52.199473221422416 ], [ -81.892548582634731, 52.199922699438297 ], [ -81.891085580128504, 52.199933756474366 ], [ -81.891094570232752, 52.200383234632675 ], [ -81.889631552026785, 52.200394273710728 ], [ -81.889640527611348, 52.20084375201121 ], [ -81.88672340516861, 52.20131525473321 ], [ -81.886732351711402, 52.201764733317162 ], [ -81.886000819179472, 52.201770228184472 ], [ -81.88600975857868, 52.202219706821339 ], [ -81.884555602930192, 52.202680161907963 ], [ -81.88457345338648, 52.203579119357471 ], [ -81.883841890635495, 52.203584600974992 ], [ -81.883850808835916, 52.204034079734726 ], [ -81.883119238471394, 52.204039556905869 ], [ -81.883128149526542, 52.204489035718233 ], [ -81.881673889866249, 52.204949455585762 ], [ -81.88169168362667, 52.205848413385176 ], [ -81.880960083041302, 52.205853877304264 ], [ -81.880968972891694, 52.206303356238664 ], [ -81.879514631582879, 52.206763749722363 ], [ -81.879532382927891, 52.20766270776501 ], [ -81.878800752120128, 52.207668158430288 ], [ -81.878809620761203, 52.208117637486112 ], [ -81.877355197796149, 52.208578004581852 ], [ -81.877372906716573, 52.209476962866511 ], [ -81.876641245684837, 52.209482400276222 ], [ -81.87594494599486, 52.211285749993742 ], [ -81.875213254969665, 52.211291178681968 ], [ -81.875222088561017, 52.211740657891454 ], [ -81.873767510106831, 52.212200981183557 ], [ -81.873071052633705, 52.214004313826727 ], [ -81.872339316382181, 52.214009724894275 ], [ -81.872348121830314, 52.214459204239667 ], [ -81.871616377963576, 52.214464610857988 ], [ -81.871625176258902, 52.21491409025495 ], [ -81.870893424776938, 52.214919492423888 ], [ -81.870179240810415, 52.215823849091592 ], [ -81.867983939981528, 52.215840015291029 ], [ -81.867269682168754, 52.216744354538037 ], [ -81.864342551177813, 52.216765828503441 ], [ -81.864351276777626, 52.217215308589473 ], [ -81.861432808866027, 52.217686190706559 ], [ -81.861441505382047, 52.218135671066207 ], [ -81.860709698989666, 52.218141010326541 ], [ -81.86071838834836, 52.218590490736688 ], [ -81.859254760107419, 52.218601155818099 ], [ -81.859263434922411, 52.219050636364486 ], [ -81.858531613074021, 52.219055962185358 ], [ -81.857817111766423, 52.219960244798337 ], [ -81.855621599855951, 52.219976181939778 ], [ -81.855630238421682, 52.22042566280782 ], [ -81.854898393277438, 52.220430966199103 ], [ -81.8549070246833, 52.220880447117068 ], [ -81.854175171925462, 52.220885746056283 ], [ -81.853460552884641, 52.22179000252877 ], [ -81.851996816688342, 52.22180057806046 ], [ -81.852005419224895, 52.222250059212918 ], [ -81.849077914571978, 52.222271156164645 ], [ -81.848363169718894, 52.223175382105786 ], [ -81.846899386039254, 52.223185894618602 ], [ -81.846907937537566, 52.22363537625845 ], [ -81.844712238169322, 52.22365111124715 ], [ -81.843997382495147, 52.224555311016204 ], [ -81.841801636108485, 52.224570992054659 ], [ -81.841810136560142, 52.225020474178358 ], [ -81.840346289741248, 52.2250309056815 ], [ -81.83963132323656, 52.225935079270592 ], [ -81.837435506334657, 52.225950679376865 ], [ -81.836720465937702, 52.226854835508284 ], [ -81.835256556890201, 52.226865204144715 ], [ -81.835264991951249, 52.227314686844878 ], [ -81.833801067237729, 52.227325037494026 ], [ -81.833809487740524, 52.227774520325447 ], [ -81.832345547362081, 52.227784852986716 ], [ -81.832353953305812, 52.228234335949125 ], [ -81.829434416942448, 52.228704430398636 ], [ -81.828719169844888, 52.229608538509446 ], [ -81.825799504099578, 52.230078543482684 ], [ -81.825807844627249, 52.230528027013257 ], [ -81.825075827783195, 52.23053314618253 ], [ -81.825084161138633, 52.230982629760142 ], [ -81.824352136684197, 52.230987744472657 ], [ -81.824360462867006, 52.231437228097263 ], [ -81.823628430802188, 52.231442338352863 ], [ -81.823636749811982, 52.231891822024366 ], [ -81.82290471013674, 52.231896927822937 ], [ -81.822913021973136, 52.232346411541293 ], [ -81.82218097468747, 52.232351512882644 ], [ -81.82218927935007, 52.232800996647782 ], [ -81.821457224453951, 52.232806093531792 ], [ -81.821465521942386, 52.233255577343606 ], [ -81.820733459435814, 52.233260669770118 ], [ -81.820017962771544, 52.234164725502495 ], [ -81.818553807098979, 52.234174887984921 ], [ -81.818562075669533, 52.234624372018231 ], [ -81.817829990114191, 52.234629446531571 ], [ -81.817838251508803, 52.23507893061123 ], [ -81.817106158343137, 52.235084000666397 ], [ -81.817114412561409, 52.235533484792349 ], [ -81.816382311785404, 52.235538550389215 ], [ -81.816390558826981, 52.23598803456138 ], [ -81.815658450440608, 52.23599309569979 ], [ -81.815666690305079, 52.236442579918091 ], [ -81.814934574308324, 52.236447636597887 ], [ -81.814942806995305, 52.236897120862274 ], [ -81.814210683388154, 52.236902173083323 ], [ -81.814218908897274, 52.23735165739371 ], [ -81.813486777679714, 52.237356705155854 ], [ -81.813494996010562, 52.237806189512177 ], [ -81.812762857182577, 52.237811232815275 ], [ -81.812771068334783, 52.238260717217472 ], [ -81.812038921896345, 52.238265756061367 ], [ -81.811323168614365, 52.239169759387622 ], [ -81.809126682990808, 52.239184835541124 ], [ -81.809134857814215, 52.23963432024226 ], [ -81.808402688114469, 52.239639336626411 ], [ -81.808410855757259, 52.240088821373 ], [ -81.807678678447402, 52.240093833297202 ], [ -81.807686838909191, 52.240543318089152 ], [ -81.806954653989195, 52.240548325553284 ], [ -81.806962807269599, 52.240997810390546 ], [ -81.806230614739448, 52.241002813394445 ], [ -81.805514699614207, 52.241906781748106 ], [ -81.804050283899457, 52.241916765373027 ], [ -81.804058408236884, 52.242366250426144 ], [ -81.803326192662638, 52.242371235507321 ], [ -81.803334309816918, 52.242820720605387 ], [ -81.802602086632632, 52.242825701225676 ], [ -81.802610196603396, 52.243275186368635 ], [ -81.801877965809069, 52.243280162527874 ], [ -81.801161925794048, 52.244184104646187 ], [ -81.799697433552538, 52.244194034578193 ], [ -81.799705514572864, 52.244643519935302 ], [ -81.79897326073592, 52.244648478169019 ], [ -81.798981334570968, 52.245097963570643 ], [ -81.797524870716643, 52.245557352098899 ], [ -81.797540989855079, 52.246456323044583 ], [ -81.796808705790028, 52.24646126797235 ], [ -81.796816758278538, 52.246910753471873 ], [ -81.799754005155677, 52.247340431336376 ] ], [ [ -81.817929141180201, 52.24002325315422 ], [ -81.816464791955084, 52.240033390520111 ], [ -81.816456542962641, 52.239583906666091 ], [ -81.81572437542016, 52.239588968456495 ], [ -81.814975739906956, 52.238695057566346 ], [ -81.815707892875821, 52.238690000479401 ], [ -81.81569965192854, 52.238240516437855 ], [ -81.816431797286015, 52.238235454891949 ], [ -81.816423549160689, 52.237785970896539 ], [ -81.817155686906801, 52.237780904891821 ], [ -81.817147431603843, 52.237331420942624 ], [ -81.817879561738579, 52.23732635047925 ], [ -81.817871299258371, 52.23687686657636 ], [ -81.818603421781773, 52.236871791654451 ], [ -81.818595152124701, 52.236422307797923 ], [ -81.819327267036769, 52.236417228417636 ], [ -81.819318990203215, 52.235967744607549 ], [ -81.820051097503978, 52.23596266076904 ], [ -81.820042813494325, 52.235513177005444 ], [ -81.820774913183797, 52.235508088708869 ], [ -81.820766621998445, 52.235058604991828 ], [ -81.821498714076625, 52.235053512237336 ], [ -81.821490415715971, 52.234604028566956 ], [ -81.822222500182889, 52.234598931354661 ], [ -81.822214194647316, 52.234149447730978 ], [ -81.822946271502985, 52.234144346061058 ], [ -81.822937958792863, 52.233694862484164 ], [ -81.823670028037284, 52.233689756356753 ], [ -81.824385442728214, 52.23278567875883 ], [ -81.825849550553215, 52.232775444135477 ], [ -81.825841208929631, 52.232325960781772 ], [ -81.826573255121247, 52.232320836743398 ], [ -81.827288588936398, 52.231416741682246 ], [ -81.831672371351004, 52.230936393084583 ], [ -81.831663971473219, 52.230486910251429 ], [ -81.833128000981404, 52.230476585670083 ], [ -81.833119586542082, 52.230027102967775 ], [ -81.835315606972188, 52.230011582302595 ], [ -81.835307170581203, 52.2295620998148 ], [ -81.838967163240682, 52.229536141677613 ], [ -81.838958690117892, 52.229086659572367 ], [ -81.840422670843182, 52.229076244712829 ], [ -81.841137670951454, 52.228172066661394 ], [ -81.842601620776563, 52.228161624905162 ], [ -81.843316561986953, 52.227257433768536 ], [ -81.84478048091016, 52.227246965117402 ], [ -81.84477194978308, 52.226797483507582 ], [ -81.846235853030379, 52.226786996871226 ], [ -81.846227307348556, 52.226337515394818 ], [ -81.847691194918838, 52.226327010773872 ], [ -81.847682634683082, 52.225877529431187 ], [ -81.849146506575238, 52.225867006826221 ], [ -81.849137931786359, 52.225417525617516 ], [ -81.851333715767339, 52.225401707927688 ], [ -81.851325119037327, 52.224952226938228 ], [ -81.852788959118016, 52.224941659290849 ], [ -81.852797570625611, 52.225391140110169 ], [ -81.854270051090609, 52.225830034753329 ], [ -81.854278677829058, 52.226279515331321 ], [ -81.853546736187553, 52.226284810756077 ], [ -81.853563975565578, 52.227183771976279 ], [ -81.85283201891869, 52.227189063033066 ], [ -81.852840631557669, 52.227638543675205 ], [ -81.852108667294743, 52.227643830278616 ], [ -81.852117272770087, 52.228093310970443 ], [ -81.851385300891081, 52.22809859312035 ], [ -81.851393899202392, 52.228548073861788 ], [ -81.849938523743006, 52.229008105591475 ], [ -81.84995569193272, 52.229907067236937 ], [ -81.84922368981465, 52.229912336110267 ], [ -81.849232266856916, 52.230361816964695 ], [ -81.848500257122524, 52.230367081383861 ], [ -81.848508826998994, 52.230816562287615 ], [ -81.847776809648252, 52.230821822252459 ], [ -81.847785372358572, 52.231271303205489 ], [ -81.847053347391466, 52.231276558715869 ], [ -81.847061902935224, 52.231726039718083 ], [ -81.846329870351752, 52.231731290773844 ], [ -81.846338418728564, 52.232180771825206 ], [ -81.845606378528686, 52.232186018426205 ], [ -81.845614919738196, 52.232635499526623 ], [ -81.844882871921911, 52.232640741672718 ], [ -81.844891405963679, 52.233090222822106 ], [ -81.844159350530973, 52.233095460513141 ], [ -81.843444334060678, 52.233999656194456 ], [ -81.841980192505758, 52.234010109215788 ], [ -81.841988697649285, 52.234459590595861 ], [ -81.840524540414791, 52.234470025626713 ], [ -81.839809428061827, 52.235374199490366 ], [ -81.837613145510318, 52.235389804872284 ], [ -81.837621606964063, 52.235839286649338 ], [ -81.831773187103266, 52.236330184322391 ], [ -81.831057866844006, 52.237234305760673 ], [ -81.829593614230731, 52.237244605594874 ], [ -81.829601995237454, 52.237694088146142 ], [ -81.828137726954594, 52.237704369985138 ], [ -81.828146093392633, 52.238153852666592 ], [ -81.8259496671363, 52.238169241620881 ], [ -81.825958011610155, 52.238618724514744 ], [ -81.822297259826001, 52.238644282376384 ], [ -81.822305567544575, 52.239093765646416 ], [ -81.819376932606289, 52.239114130535768 ], [ -81.819385210962636, 52.23956361409838 ], [ -81.817920877397, 52.239573769463441 ], [ -81.817929141180201, 52.24002325315422 ] ] ] } },
{ "type": "Feature", "properties": { "area_km2": 2.05 }, "geometry": { "type": "Polygon", "coordinates": [ [ [ -81.827586027815087, 52.20803843478798 ], [ -81.827569324587373, 52.207139464648833 ], [ -81.828300956469647, 52.207134331622179 ], [ -81.828999125262698, 52.205331254018624 ], [ -81.829730727182536, 52.205326112252457 ], [ -81.8297223546341, 52.204876627236359 ], [ -81.830453948953746, 52.204871481018039 ], [ -81.830445569245114, 52.204421996049398 ], [ -81.831177155964596, 52.204416845379065 ], [ -81.831168769096138, 52.203967360457938 ], [ -81.831900348215441, 52.203962205335742 ], [ -81.831891954187554, 52.2035127204622 ], [ -81.832623525706708, 52.203507560888298 ], [ -81.832615124519791, 52.203058076062419 ], [ -81.833346688438823, 52.203052912036945 ], [ -81.833338280093244, 52.202603427258794 ], [ -81.834069836412155, 52.202598258781897 ], [ -81.834061420908299, 52.202148774051551 ], [ -81.834792969627102, 52.202143601123382 ], [ -81.834784546965381, 52.201694116440905 ], [ -81.836239191783534, 52.2012342725968 ], [ -81.83622231805245, 52.200335303388322 ], [ -81.836953836592755, 52.200330117190695 ], [ -81.836945392681457, 52.199880632616832 ], [ -81.83767690362194, 52.199875441968594 ], [ -81.83766845255451, 52.19942595744287 ], [ -81.838399955895156, 52.199420762344168 ], [ -81.838391497671964, 52.198971277866669 ], [ -81.839122993412801, 52.198966078317646 ], [ -81.83983754364175, 52.198061905508382 ], [ -81.841300504501604, 52.198051484076167 ], [ -81.841292017436388, 52.197601999827626 ], [ -81.842023490155029, 52.197596782394839 ], [ -81.842014995935813, 52.197147298194857 ], [ -81.842746461054517, 52.197142076312417 ], [ -81.842737959681685, 52.196692592161078 ], [ -81.843469417200467, 52.196687365829128 ], [ -81.843460908674402, 52.196237881726482 ], [ -81.84419235859329, 52.196232650945177 ], [ -81.844183842914376, 52.195783166891317 ], [ -81.844915285233384, 52.1957779316608 ], [ -81.844906762402019, 52.195328447655776 ], [ -81.845638197121161, 52.195323207976195 ], [ -81.845629667137729, 52.194873724020084 ], [ -81.846361094257006, 52.194868479891575 ], [ -81.847075432354913, 52.193964263549098 ], [ -81.849992505122259, 52.193493740692134 ], [ -81.849983931784308, 52.193044257101818 ], [ -81.850715328054306, 52.193038986113258 ], [ -81.850706747566633, 52.192589502572346 ], [ -81.851438136236467, 52.192584227135747 ], [ -81.851429548599455, 52.192134743644317 ], [ -81.852160929669182, 52.192129463759834 ], [ -81.852152334883186, 52.191679980317936 ], [ -81.852883708352792, 52.191674695985746 ], [ -81.852875106418253, 52.191225212593444 ], [ -81.853606472287751, 52.191219923813655 ], [ -81.853597863205025, 52.190770440471034 ], [ -81.85432922147443, 52.190765147243823 ], [ -81.854320605243913, 52.190315663950955 ], [ -81.855051955913268, 52.190310366276442 ], [ -81.855043332535331, 52.18986088303339 ], [ -81.855774675604621, 52.18985558091174 ], [ -81.855766045079662, 52.189406097718582 ], [ -81.85649738054893, 52.189400791149936 ], [ -81.856488742877332, 52.188951308006722 ], [ -81.857220070746592, 52.188945996991244 ], [ -81.857211425928753, 52.188496513898045 ], [ -81.858665406903555, 52.188036395484026 ], [ -81.85864808891256, 52.187137429462709 ], [ -81.859379386609405, 52.187132105193264 ], [ -81.859370720582675, 52.186682622215102 ], [ -81.860102010679768, 52.186677293499471 ], [ -81.860093337508545, 52.186227810571616 ], [ -81.860824620005886, 52.186222477409942 ], [ -81.860815939690511, 52.185772994532449 ], [ -81.861547214588157, 52.185767656924888 ], [ -81.862261099824508, 52.184863349267992 ], [ -81.863723618992523, 52.184852651738616 ], [ -81.863714909875881, 52.184403169098758 ], [ -81.864446161745789, 52.184397813622915 ], [ -81.864437445486786, 52.183948331033804 ], [ -81.865168689756842, 52.183942971112735 ], [ -81.865159966355847, 52.183493488574392 ], [ -81.865891203026067, 52.183488124208239 ], [ -81.865882472483463, 52.183038641720763 ], [ -81.866613701553888, 52.18303327290969 ], [ -81.86660496387006, 52.182583790473146 ], [ -81.86733618534069, 52.182578417217272 ], [ -81.868049902421788, 52.181674074796739 ], [ -81.86951231473401, 52.181663305975732 ], [ -81.869503548259047, 52.181213823779061 ], [ -81.870234746700234, 52.181208432658771 ], [ -81.870225973085809, 52.180758950513393 ], [ -81.870957163927102, 52.180753554948978 ], [ -81.87167077852277, 52.179849190803942 ], [ -81.873133129574882, 52.179838377368803 ], [ -81.87312432717539, 52.179388895464712 ], [ -81.874586662565235, 52.179378064081021 ], [ -81.874577845659246, 52.178928582315727 ], [ -81.876040165385731, 52.178917732984075 ], [ -81.876031333974041, 52.178468251357906 ], [ -81.877493638036114, 52.178457384078889 ], [ -81.877484792119503, 52.178007902592093 ], [ -81.878947080516028, 52.177997017366323 ], [ -81.878938220095321, 52.17754753601919 ], [ -81.881853874963355, 52.177076230522665 ], [ -81.882567209789556, 52.176171801175158 ], [ -81.884029435980594, 52.176160853228623 ], [ -81.884020524918753, 52.175711372354826 ], [ -81.885482735439538, 52.175700406464408 ], [ -81.885473809877382, 52.175250925731561 ], [ -81.886936004726806, 52.175239941897878 ], [ -81.886927064665116, 52.174790461306245 ], [ -81.888389243842099, 52.174779459529887 ], [ -81.888380289281685, 52.174329979079786 ], [ -81.890573534183801, 52.174313442707493 ], [ -81.891286648000076, 52.173408961226968 ], [ -81.892748780153156, 52.173397905626246 ], [ -81.89273978210133, 52.172948425602399 ], [ -81.894201898577592, 52.172937352061425 ], [ -81.894192886030226, 52.172487872180227 ], [ -81.896386036872414, 52.172471228165143 ], [ -81.896377002464689, 52.172021748516244 ], [ -81.898570129075836, 52.172005064004601 ], [ -81.89856107280896, 52.171555584588639 ], [ -81.903678308348731, 52.171516496162852 ], [ -81.903669200763218, 52.171067017340341 ], [ -81.908786373033763, 52.171027707612929 ], [ -81.908777214132726, 52.170578229387445 ], [ -81.914616120088937, 52.170083555427915 ], [ -81.914606902752737, 52.169634077858539 ], [ -81.915337902378781, 52.169628408106938 ], [ -81.916050438359449, 52.168723778945918 ], [ -81.918243390871908, 52.168706729479567 ], [ -81.918234137442155, 52.168257252260283 ], [ -81.919696089842162, 52.168245863488828 ], [ -81.919686821927996, 52.167796386417187 ], [ -81.910184209733288, 52.167870088443486 ], [ -81.91019338191964, 52.168319566701136 ], [ -81.899228668406479, 52.168403657835668 ], [ -81.899237730373727, 52.168853137410913 ], [ -81.89850674019894, 52.168858707346068 ], [ -81.898524850118278, 52.169757666569176 ], [ -81.897793844977159, 52.169763232154594 ], [ -81.897080921009561, 52.170667752649976 ], [ -81.894887859262312, 52.170684409181213 ], [ -81.894896878228593, 52.171133889115396 ], [ -81.894165849807422, 52.171139432323358 ], [ -81.893452830330986, 52.172043931120477 ], [ -81.891990742845266, 52.172054995246256 ], [ -81.89199973305908, 52.172504475430195 ], [ -81.88980657796418, 52.172521037914919 ], [ -81.889815546316314, 52.172970518329841 ], [ -81.888353427010614, 52.172981537516272 ], [ -81.888362380865942, 52.173431018072975 ], [ -81.88543810997146, 52.173453002444866 ], [ -81.885447034596552, 52.173902483319843 ], [ -81.884715958920495, 52.17390796817697 ], [ -81.884724876413301, 52.174357449104662 ], [ -81.883262709626109, 52.174368405406092 ], [ -81.883271612619509, 52.174817886474592 ], [ -81.879616154731579, 52.174845198396078 ], [ -81.8796250211239, 52.175294679868585 ], [ -81.876709458311637, 52.17576593000539 ], [ -81.876718295699916, 52.176215411757198 ], [ -81.875987180392784, 52.176220842694434 ], [ -81.875273710855566, 52.177125232848105 ], [ -81.872349187444158, 52.177146893872411 ], [ -81.872357981320377, 52.177596376041038 ], [ -81.869442189377594, 52.178067447408736 ], [ -81.869450954241799, 52.178516929853828 ], [ -81.868719799785211, 52.17852231592304 ], [ -81.868006146042418, 52.179426662592014 ], [ -81.866543806505547, 52.179437412423809 ], [ -81.866552542583847, 52.17988689510873 ], [ -81.865821365102263, 52.179892263315004 ], [ -81.86583009404066, 52.180341746050843 ], [ -81.865098908960675, 52.180347109812672 ], [ -81.864385152737754, 52.181251434754081 ], [ -81.861469035666317, 52.181722310204584 ], [ -81.861477721301029, 52.182171793315369 ], [ -81.860746505371026, 52.182177130235729 ], [ -81.860755183863489, 52.182626613396963 ], [ -81.860023960335369, 52.182631945872004 ], [ -81.860032631685186, 52.183081429083572 ], [ -81.859301400558948, 52.183086757113159 ], [ -81.859310064765722, 52.183536240375027 ], [ -81.858578826041338, 52.183541563958975 ], [ -81.858587483104714, 52.183991047271064 ], [ -81.857856236782155, 52.183996366409268 ], [ -81.857864886701734, 52.184445849771485 ], [ -81.857133632781, 52.184451164463766 ], [ -81.856419649668283, 52.185355441584612 ], [ -81.854957111207497, 52.18536604865298 ], [ -81.854965732321645, 52.185815532250558 ], [ -81.854234455379952, 52.185820829072476 ], [ -81.854243069348541, 52.186270312719842 ], [ -81.853511784808802, 52.186275605095183 ], [ -81.853520391631449, 52.186725088792286 ], [ -81.852789099493648, 52.186730376720909 ], [ -81.852797699169983, 52.18717986046768 ], [ -81.852066399434079, 52.187185143949414 ], [ -81.85207499196369, 52.187634627745766 ], [ -81.851343684629697, 52.187639906780497 ], [ -81.851352270012214, 52.188089390626374 ], [ -81.850620955080089, 52.188094665213931 ], [ -81.850629533315114, 52.188544149109255 ], [ -81.849898210784872, 52.188549419249505 ], [ -81.849906781872022, 52.188998903194218 ], [ -81.849175451743633, 52.189004168887003 ], [ -81.849184015682525, 52.189453652881028 ], [ -81.848452677955962, 52.189458914126206 ], [ -81.84846123474621, 52.189908398169472 ], [ -81.847729889421487, 52.189913654966894 ], [ -81.847738439062681, 52.190363139059329 ], [ -81.847007086139755, 52.19036839140886 ], [ -81.847015628631539, 52.190817875550401 ], [ -81.846284268110409, 52.190823123451871 ], [ -81.846292803452371, 52.191272607642446 ], [ -81.845561435333011, 52.191277851095727 ], [ -81.84484710884837, 52.192182058628639 ], [ -81.842652958230317, 52.192197748699485 ], [ -81.841938557999427, 52.193101938801213 ], [ -81.839012960829081, 52.193122777975567 ], [ -81.839021423540487, 52.193572262829761 ], [ -81.840484237321178, 52.193561852140967 ], [ -81.840492715005496, 52.194011336792158 ], [ -81.841224128937355, 52.194006124564282 ], [ -81.841972528185394, 52.194899876663705 ], [ -81.84124109972511, 52.194905093592638 ], [ -81.840526627969041, 52.195809275042777 ], [ -81.838332296328531, 52.19582488553263 ], [ -81.838323839882079, 52.195375400771837 ], [ -81.837592402933666, 52.195380595117989 ], [ -81.837600852003987, 52.195830079962398 ], [ -81.836869407457556, 52.195835269858726 ], [ -81.836154831989944, 52.196739425138212 ], [ -81.83469191228366, 52.196749782597102 ], [ -81.834725594526375, 52.198547722672295 ], [ -81.833994104833266, 52.198552894934366 ], [ -81.83400251856925, 52.19900237994792 ], [ -81.832547922966754, 52.199462196181138 ], [ -81.832564722031393, 52.200361166363841 ], [ -81.831833202164631, 52.200366325356399 ], [ -81.831118452510751, 52.20127045018792 ], [ -81.829655382162215, 52.20128074583355 ], [ -81.829680495190217, 52.20262920162503 ], [ -81.828948937549285, 52.202634342894598 ], [ -81.828957301618985, 52.203083828170406 ], [ -81.828225736379039, 52.203088964988105 ], [ -81.82823409328887, 52.203538450311214 ], [ -81.827502520449926, 52.203543582676879 ], [ -81.826787632350459, 52.20444768137822 ], [ -81.825324456057473, 52.204457923765709 ], [ -81.824609509136565, 52.205362009380423 ], [ -81.82314630201077, 52.205372224887547 ], [ -81.823154608354372, 52.205821710610572 ], [ -81.825349440857011, 52.205806380300558 ], [ -81.825357769561009, 52.206255865741419 ], [ -81.826829348582024, 52.206695107934983 ], [ -81.826854380950707, 52.208043563444463 ], [ -81.827586027815087, 52.20803843478798 ] ] ] } },
{ "type": "Feature", "properties": { "area_km2": 3.1075 }, "geometry": { "type": "Polygon", "coordinates": [ [ [ -81.920141235926735, 52.189820721046665 ], [ -81.920131956327538, 52.189371245684406 ], [ -81.921585306269421, 52.18891035495281 ], [ -81.921557425430635, 52.187561929096731 ], [ -81.922288717596516, 52.18755621490773 ], [ -81.922279417099674, 52.187106739643099 ], [ -81.920816847267744, 52.187118163305435 ], [ -81.920826133020768, 52.187567638753919 ], [ -81.920094840367099, 52.187573343879293 ], [ -81.920085561986014, 52.187123868339 ], [ -81.918613727297952, 52.186685789051545 ], [ -81.918595201239569, 52.185786837426072 ], [ -81.920048450897553, 52.18532596582169 ], [ -81.920742570019314, 52.183522358435539 ], [ -81.921473796088847, 52.183516649605323 ], [ -81.921464505159435, 52.183067173928201 ], [ -81.922195723614891, 52.18306146065877 ], [ -81.922186425559417, 52.182611985037987 ], [ -81.923639534446949, 52.182151069617738 ], [ -81.923620910078469, 52.181252118566292 ], [ -81.924352098322373, 52.18124639207231 ], [ -81.925064633454653, 52.180341710222386 ], [ -81.926526979242226, 52.180330234949892 ], [ -81.926517638438426, 52.179880759668563 ], [ -81.927248803595745, 52.179875015328832 ], [ -81.92723945566857, 52.179425540104312 ], [ -81.927970613211926, 52.179419791326552 ], [ -81.928683045918461, 52.178515087832608 ], [ -81.930145330303532, 52.17850356799557 ], [ -81.93013595364063, 52.178054093034639 ], [ -81.927942548798171, 52.178071365716768 ], [ -81.927951903357197, 52.178520840955656 ], [ -81.926489617498177, 52.178532333610782 ], [ -81.926498957566409, 52.178981808999005 ], [ -81.925767806900851, 52.178987548623446 ], [ -81.925055307388405, 52.179892234756373 ], [ -81.924324141496058, 52.179897965504452 ], [ -81.924314823043218, 52.179448489910584 ], [ -81.922843201790684, 52.179010461817114 ], [ -81.922722278882773, 52.173167272997347 ], [ -81.923453334755308, 52.173161552691397 ], [ -81.923434720161836, 52.172262600215085 ], [ -81.924165761058859, 52.172256875563932 ], [ -81.924156446763234, 52.171807399364454 ], [ -81.924887480050472, 52.171801670276174 ], [ -81.925599855775147, 52.170896984521754 ], [ -81.928514568824667, 52.170424529746775 ], [ -81.928505211319774, 52.169975053959014 ], [ -81.930698217654154, 52.169957772692712 ], [ -81.930688838302018, 52.169508297147416 ], [ -81.933612813843553, 52.16948519242591 ], [ -81.93360340528136, 52.169035717216758 ], [ -81.936527347415847, 52.169012540406847 ], [ -81.936517909645247, 52.168563065535004 ], [ -81.937979864499468, 52.168551450144449 ], [ -81.937970412249356, 52.168101975423873 ], [ -81.938701381940845, 52.168096161029148 ], [ -81.938691922575387, 52.167646686366453 ], [ -81.939422884655229, 52.167640867536775 ], [ -81.939413418174809, 52.167191392932068 ], [ -81.940865845904611, 52.166730267421755 ], [ -81.940846884735123, 52.165831318408948 ], [ -81.942299253314545, 52.165370175428954 ], [ -81.942280264189364, 52.164471226577653 ], [ -81.943732573622796, 52.164010066129997 ], [ -81.943713556546484, 52.163111117440714 ], [ -81.944444443260423, 52.163105267852842 ], [ -81.944434927735358, 52.162655793548822 ], [ -81.945165806838375, 52.162649939527391 ], [ -81.945156284201985, 52.16220046528187 ], [ -81.945887155694123, 52.162194606827022 ], [ -81.945877625946792, 52.1617451326401 ], [ -81.946608489828051, 52.161739269751983 ], [ -81.946598952970206, 52.161289795623709 ], [ -81.9473298092406, 52.16128392830246 ], [ -81.948041562854414, 52.160379108467943 ], [ -81.949503244701049, 52.160367351566535 ], [ -81.949493679153932, 52.159917877709255 ], [ -81.950955345276569, 52.159906102888122 ], [ -81.950945765260883, 52.159456629184618 ], [ -81.954599889366065, 52.159427113380374 ], [ -81.954590272803941, 52.158977640116092 ], [ -81.958975169243629, 52.158942072328038 ], [ -81.958965508777936, 52.158492599600351 ], [ -81.963340647569623, 52.158007397225397 ], [ -81.963330943457606, 52.15755792500115 ], [ -81.964792526372875, 52.157545979107866 ], [ -81.964782807798187, 52.157096507040087 ], [ -81.969157743795634, 52.156611089770671 ], [ -81.969147981581543, 52.156161618209779 ], [ -81.970609516257056, 52.156149600468176 ], [ -81.970599739583108, 52.155700129064897 ], [ -81.97279201759801, 52.155682068794007 ], [ -81.972782219107216, 52.155232597645565 ], [ -81.974243721783125, 52.155220535026778 ], [ -81.974233908834293, 52.154771064036666 ], [ -81.977147039543894, 52.154297414234783 ], [ -81.977137197681344, 52.15384794356217 ], [ -81.978588796800764, 52.15338635669837 ], [ -81.978569084940148, 52.152487415564195 ], [ -81.979299790200955, 52.152481350892543 ], [ -81.979289927302176, 52.152031880369364 ], [ -81.980741444982314, 52.151570267280114 ], [ -81.980721691055109, 52.150671326445618 ], [ -81.981452366114908, 52.150665248587401 ], [ -81.981442482184463, 52.15021577821426 ], [ -81.982893918433021, 52.149754138903667 ], [ -81.983584957653449, 52.147950166846293 ], [ -81.984315587544657, 52.147944071474065 ], [ -81.984305675752424, 52.147494601278098 ], [ -81.985036298029257, 52.147488501478847 ], [ -81.985026379142894, 52.147039031345216 ], [ -81.985756993805381, 52.147032927119099 ], [ -81.985747067825272, 52.146583457047875 ], [ -81.986477674873413, 52.146577348395027 ], [ -81.986467741799942, 52.146127878386302 ], [ -81.987918992886847, 52.145666177854828 ], [ -81.987899098629725, 52.144767238051919 ], [ -81.988629675481832, 52.144761116218262 ], [ -81.988619721391714, 52.144311646361594 ], [ -81.989350290629744, 52.144305520101867 ], [ -81.989340329448012, 52.143856050307967 ], [ -81.99007089107198, 52.143849919622319 ], [ -81.990060922799003, 52.143400449891232 ], [ -81.990791476808965, 52.143394314779812 ], [ -81.991502065386726, 52.142489235969364 ], [ -81.992963142688595, 52.142476943520066 ], [ -81.992953145792242, 52.142027474076798 ], [ -81.993683676697998, 52.142021321164769 ], [ -81.993673672712163, 52.141571851784668 ], [ -81.995134719032777, 52.141559532586299 ], [ -81.995124700606297, 52.141110063368565 ], [ -81.998777275048113, 52.141079186697958 ], [ -81.998767220127931, 52.140629717941138 ], [ -82.003150256644759, 52.140592517243114 ], [ -82.003160355672406, 52.141041985401458 ], [ -82.003890868183746, 52.141035769351447 ], [ -82.003880761804879, 52.140586301293105 ], [ -82.004611266699911, 52.140580080819198 ], [ -82.004621380429995, 52.141029548777475 ], [ -82.006082404126403, 52.141017094057631 ], [ -82.006833187941083, 52.141909795119474 ], [ -82.008294239448674, 52.141897312854283 ], [ -82.008304390733429, 52.142346780203546 ], [ -82.009765455879361, 52.142334279640885 ], [ -82.009775622134242, 52.142783746753182 ], [ -82.010506161659208, 52.142777489584958 ], [ -82.010495988052412, 52.142328022573331 ], [ -82.012687582969647, 52.142309224225741 ], [ -82.012697778632074, 52.142758690934954 ], [ -82.017070765578012, 52.142271505378872 ], [ -82.0170810053515, 52.142720971481275 ], [ -82.018542078777841, 52.142708362136467 ], [ -82.018531824300766, 52.142258896236925 ], [ -82.021453938516913, 52.142233623663756 ], [ -82.02144365490247, 52.141784158134911 ], [ -82.023635215678212, 52.141765156507709 ], [ -82.023624910279437, 52.141315691248657 ], [ -82.024355422646281, 52.141309348426937 ], [ -82.024345110166678, 52.140859883234022 ], [ -82.025795792475421, 52.140397719198567 ], [ -82.025785465835298, 52.13994825413814 ], [ -82.022133014266288, 52.139979966716155 ], [ -82.022122724649876, 52.139530501109668 ], [ -82.021392240876196, 52.139536829952291 ], [ -82.021381958880085, 52.139087364208081 ], [ -82.019910738198675, 52.138650542135437 ], [ -82.019900471441971, 52.138201076116061 ], [ -82.020630933704169, 52.138194756625758 ], [ -82.021340833592348, 52.137289500872349 ], [ -82.03157745110812, 52.137649957040075 ], [ -82.031567067296692, 52.137200492584185 ], [ -82.033027953480655, 52.137187704742345 ], [ -82.033017555242964, 52.136738240456253 ], [ -82.034478425637445, 52.136725434727495 ], [ -82.034468012974287, 52.136275970611479 ], [ -82.035928867578193, 52.136263146996406 ], [ -82.035918440490363, 52.135813683050735 ], [ -82.038840117019419, 52.135787981957201 ], [ -82.038829660810435, 52.135338518389034 ], [ -82.040290482732999, 52.13532564091151 ], [ -82.040999937597164, 52.134420268765922 ], [ -82.04319112350602, 52.134400905682156 ], [ -82.043201623255896, 52.134850368699887 ], [ -82.04393202535654, 52.134843905189165 ], [ -82.043921518258472, 52.134394442275422 ], [ -82.045382306936517, 52.134381501893728 ], [ -82.046091643404964, 52.133476099608117 ], [ -82.04755240103529, 52.133463132507238 ], [ -82.047562944321129, 52.13391259497196 ], [ -82.04829333006937, 52.133906104533267 ], [ -82.04904483233426, 52.134798533975676 ], [ -82.050505631838476, 52.134785530066708 ], [ -82.050495058607126, 52.134336068092004 ], [ -82.051945254656076, 52.133873584500201 ], [ -82.05192408018938, 52.132974660789841 ], [ -82.052654449579279, 52.132968143425025 ], [ -82.053363615946438, 52.132062698102956 ], [ -82.0548243239475, 52.132049641181069 ], [ -82.054813708298283, 52.131600179619731 ], [ -82.055544054534423, 52.131593644480432 ], [ -82.055533431816912, 52.131144182988223 ], [ -82.05626377042779, 52.131137643431892 ], [ -82.056253140642369, 52.130688182008896 ], [ -82.056983471627987, 52.130681638035661 ], [ -82.056972834775053, 52.130232176681915 ], [ -82.057703158135453, 52.130225628291946 ], [ -82.058412178963735, 52.129320152985976 ], [ -82.059872794904209, 52.129307034018055 ], [ -82.059862129505348, 52.128857572978085 ], [ -82.060592429710482, 52.128851006816973 ], [ -82.060571085061056, 52.127952084840267 ], [ -82.06130137029561, 52.127945514368747 ], [ -82.061290691045613, 52.127496053432083 ], [ -82.062020968655034, 52.127489478544703 ], [ -82.062010282340225, 52.127040017677778 ], [ -82.062740552324556, 52.127033438374689 ], [ -82.063449420861232, 52.126127933131706 ], [ -82.06490993004887, 52.126114752342211 ], [ -82.064899215197613, 52.12566529179098 ], [ -82.066348979314512, 52.125202632753613 ], [ -82.066327521641782, 52.124303711895635 ], [ -82.067057745875971, 52.124297106101338 ], [ -82.067766483907789, 52.123391575209112 ], [ -82.070676546242893, 52.1229156296734 ], [ -82.070665774615321, 52.122466169720866 ], [ -82.071395967785122, 52.1224595372273 ], [ -82.071385189097356, 52.122010077345415 ], [ -82.072115374641896, 52.122003440437894 ], [ -82.072104588894319, 52.121553980626736 ], [ -82.072834766813656, 52.12154733930543 ], [ -82.073543344434768, 52.120641774160532 ], [ -82.07500366948932, 52.120628469343217 ], [ -82.074992855222831, 52.120179009851626 ], [ -82.075723009983079, 52.120172350769501 ], [ -82.076431507411215, 52.119266768504282 ], [ -82.077891786146353, 52.119253428167646 ], [ -82.077880943365628, 52.118803968996737 ], [ -82.078611074965693, 52.11879729215557 ], [ -82.079319492209123, 52.117891692774045 ], [ -82.077859258657043, 52.117905050546739 ], [ -82.077870100869205, 52.118354509789768 ], [ -82.076409851498454, 52.118367849697279 ], [ -82.076420679312875, 52.118817309118803 ], [ -82.073510946535606, 52.119293394935603 ], [ -82.073521745552185, 52.119742854713294 ], [ -82.072791597283512, 52.119749500127583 ], [ -82.072083018247554, 52.120655060896254 ], [ -82.070622690929227, 52.120668329550384 ], [ -82.070633461427136, 52.121117789647066 ], [ -82.067723515446218, 52.121593733622952 ], [ -82.067734257139108, 52.122043194073527 ], [ -82.067004069901728, 52.122049803857237 ], [ -82.067014804533613, 52.122499264378114 ], [ -82.066284609672095, 52.122505869747421 ], [ -82.066295337242565, 52.122955330338513 ], [ -82.065565134756881, 52.122961931293268 ], [ -82.064856358602199, 52.123867449225898 ], [ -82.061946170335688, 52.124343251719978 ], [ -82.061956854969296, 52.124792712802986 ], [ -82.061226621426201, 52.124799287055836 ], [ -82.060517728334872, 52.125704779268382 ], [ -82.059057230473414, 52.125717905590761 ], [ -82.059067886570361, 52.126167366988291 ], [ -82.058337629876078, 52.12617392347304 ], [ -82.057628656556275, 52.127079398545199 ], [ -82.056168112393692, 52.127092489329058 ], [ -82.056178739949274, 52.127541951040016 ], [ -82.055448460104913, 52.127548489754858 ], [ -82.055459080594062, 52.127997951534994 ], [ -82.054728793126046, 52.128004485833372 ], [ -82.054739406548364, 52.12845394768263 ], [ -82.054009111456679, 52.128460477564367 ], [ -82.053300014383908, 52.129365926934931 ], [ -82.051839393427997, 52.129378964509151 ], [ -82.051849978301547, 52.129828426670159 ], [ -82.052580296264338, 52.129821910039176 ], [ -82.052612074589589, 52.131170295991865 ], [ -82.051881734587766, 52.131176812937333 ], [ -82.051902906833305, 52.132075736935548 ], [ -82.051172551860176, 52.132082249568349 ], [ -82.051183131052284, 52.132531711618256 ], [ -82.050452768454591, 52.132538219833414 ], [ -82.049743535406478, 52.133443647936652 ], [ -82.049013157559585, 52.133450147316076 ], [ -82.049002599855157, 52.133000685024271 ], [ -82.047531315293156, 52.132564207469898 ], [ -82.047510230656954, 52.131665282288679 ], [ -82.046779881369062, 52.131671767683095 ], [ -82.046790416201929, 52.132121230396002 ], [ -82.046060059290753, 52.13212771137237 ], [ -82.045350743208942, 52.133033113561204 ], [ -82.043889998617644, 52.133046053318438 ], [ -82.043900504889052, 52.133495516340055 ], [ -82.041709363893204, 52.133514892368666 ], [ -82.04171984839671, 52.133964355666016 ], [ -82.037337514898951, 52.134002986234243 ], [ -82.037347955589112, 52.134452450117067 ], [ -82.03296556814513, 52.134490918486883 ], [ -82.032975965019318, 52.134940382952621 ], [ -82.029323931240569, 52.134972316064292 ], [ -82.029334291644687, 52.135421781007793 ], [ -82.025682214329933, 52.135453601559135 ], [ -82.025692538261865, 52.135903066978607 ], [ -82.022770842139764, 52.135928442414261 ], [ -82.022781136946364, 52.136377908206029 ], [ -82.02058983997189, 52.136396892595968 ], [ -82.020600113000782, 52.136846358657237 ], [ -82.019139232305079, 52.136858992504663 ], [ -82.019149490904468, 52.137308458733301 ], [ -82.017688594433551, 52.137321074690739 ], [ -82.017698838602684, 52.137770541086446 ], [ -82.016237926357618, 52.137783139153299 ], [ -82.016248156095685, 52.138232605715785 ], [ -82.014056763666531, 52.138251469194046 ], [ -82.014066971622597, 52.138700936024122 ], [ -82.01260602729721, 52.138713489260866 ], [ -82.012616220820377, 52.13916295625701 ], [ -82.005311409678626, 52.139225452031909 ], [ -82.005301289659201, 52.138775984030381 ], [ -82.000187957507535, 52.13881946121527 ], [ -82.000198026073818, 52.139268929916234 ], [ -81.999467541643767, 52.139275122947808 ], [ -81.999457480427978, 52.138825654147219 ], [ -81.997266047606686, 52.138844205801284 ], [ -81.997276086770938, 52.139293674900323 ], [ -81.992903165243746, 52.13978012632321 ], [ -81.992913160829048, 52.140229595945556 ], [ -81.99218265906687, 52.140235743937772 ], [ -81.992192647563201, 52.140685213623222 ], [ -81.991462138187856, 52.140691357190377 ], [ -81.991472119594832, 52.141140826938837 ], [ -81.990741602606306, 52.141146966080811 ], [ -81.990031019548908, 52.142052040483165 ], [ -81.988569954857738, 52.142064296541257 ], [ -81.988579907642361, 52.142513766576918 ], [ -81.98712876554427, 52.14297547493188 ], [ -81.98714864300905, 52.143874415218015 ], [ -81.986418080341025, 52.143880527805706 ], [ -81.986428012111716, 52.144329997993417 ], [ -81.985697441830396, 52.144336106154896 ], [ -81.985707366508635, 52.144785576405077 ], [ -81.984976788613977, 52.14479168014018 ], [ -81.984986706199408, 52.145241150452783 ], [ -81.984256120691398, 52.145247249761347 ], [ -81.984266031183608, 52.145696720136279 ], [ -81.983535438062233, 52.14570281501819 ], [ -81.983545341460868, 52.146152285455393 ], [ -81.982814740726099, 52.146158375910488 ], [ -81.982824637030731, 52.146607846409871 ], [ -81.981373301931256, 52.147069484600557 ], [ -81.981393066421546, 52.147968425811953 ], [ -81.979941672228506, 52.148430046577353 ], [ -81.979961408854876, 52.149328987965035 ], [ -81.978509955563865, 52.149790591303159 ], [ -81.978529664321769, 52.150689532866593 ], [ -81.977078151928367, 52.151151118775417 ], [ -81.977097832813271, 52.152050060514071 ], [ -81.976367134133667, 52.152056111510603 ], [ -81.976376967607024, 52.152505582423643 ], [ -81.975646261313059, 52.152511628991604 ], [ -81.974935193055288, 52.153416613141403 ], [ -81.97347374975233, 52.153428684036065 ], [ -81.973483554571814, 52.153878155230537 ], [ -81.972022095525858, 52.153890208214762 ], [ -81.972031885888214, 52.154339679567393 ], [ -81.969839673321601, 52.154357725387811 ], [ -81.969849441868604, 52.154807196995044 ], [ -81.967657204923, 52.154825202368883 ], [ -81.967666951653413, 52.155274674230043 ], [ -81.964743936049317, 52.155298618411685 ], [ -81.964753653604063, 52.155748090622396 ], [ -81.960369078405435, 52.155783871677727 ], [ -81.95965764784259, 52.156688765001199 ], [ -81.958196090803796, 52.156700647136837 ], [ -81.958205742897078, 52.157150120102969 ], [ -81.95601338336435, 52.157167909642595 ], [ -81.956023013634692, 52.157617382859243 ], [ -81.954561424631578, 52.157629220108987 ], [ -81.954571040436718, 52.158078693480398 ], [ -81.951647829968465, 52.158102314037855 ], [ -81.951657416589228, 52.158551787753623 ], [ -81.947272549189066, 52.158587083349857 ], [ -81.947282091904952, 52.159036557597844 ], [ -81.946551272434647, 52.159042424447065 ], [ -81.946570343898173, 52.159941373024779 ], [ -81.945839509458182, 52.159947235535554 ], [ -81.945849038205253, 52.160396709865218 ], [ -81.945118196155207, 52.160402567943017 ], [ -81.94512771779209, 52.160852042331243 ], [ -81.944396868131946, 52.160857895975901 ], [ -81.944406382658272, 52.161307370422662 ], [ -81.94295416792302, 52.161768538917173 ], [ -81.94297316878037, 52.162667488008609 ], [ -81.942242288928824, 52.162673328446964 ], [ -81.942251782370263, 52.163122803033133 ], [ -81.941520894908336, 52.163128639037694 ], [ -81.941530381237484, 52.163578113682114 ], [ -81.94079948616519, 52.163583945252725 ], [ -81.940808965381635, 52.164033419955302 ], [ -81.940078062698944, 52.164039247091836 ], [ -81.940087534802331, 52.164488721852514 ], [ -81.93935662450923, 52.164494544554799 ], [ -81.93864462947171, 52.165399312518069 ], [ -81.937182778195748, 52.165410935656659 ], [ -81.93719222159514, 52.165860410684694 ], [ -81.935730354602981, 52.165872015897357 ], [ -81.935739783524909, 52.166321491076481 ], [ -81.929161303569643, 52.166373491221819 ], [ -81.92917066647297, 52.166822967202073 ], [ -81.926977813302543, 52.166840219351343 ], [ -81.926987154362209, 52.167289695573558 ], [ -81.92552523629621, 52.167301174548975 ], [ -81.925534562874304, 52.167750650920269 ], [ -81.924803596110706, 52.167756383707463 ], [ -81.924812915570016, 52.168205860135387 ], [ -81.924081941198267, 52.168211588486166 ], [ -81.924091253538393, 52.168661064970628 ], [ -81.922638587190974, 52.169121984903356 ], [ -81.921944761767804, 52.170925606395706 ], [ -81.920491999438411, 52.171386500172133 ], [ -81.92050127666387, 52.171835976867094 ], [ -81.921232311171522, 52.171830270425083 ], [ -81.921278737780213, 52.17407765290654 ], [ -81.922009808872787, 52.174071941475717 ], [ -81.922112049902125, 52.179016178789496 ], [ -81.921380897769524, 52.17902189123145 ], [ -81.921408764704736, 52.180370319117571 ], [ -81.920677590222411, 52.180376027304703 ], [ -81.920696154660234, 52.181274979234438 ], [ -81.919964965196002, 52.181280683074498 ], [ -81.919992791571516, 52.182629110977388 ], [ -81.919261579754945, 52.182634810561815 ], [ -81.919289386211446, 52.183983238419415 ], [ -81.91855815204093, 52.183988933747813 ], [ -81.918576676153918, 52.184887885658149 ], [ -81.917845426998852, 52.18489357663848 ], [ -81.917873192878545, 52.186242004511726 ], [ -81.917141921366934, 52.186247691235231 ], [ -81.917160418425027, 52.187146643155749 ], [ -81.915707079336158, 52.187607479463281 ], [ -81.915725548362133, 52.188506431535878 ], [ -81.91645685721906, 52.18850075341868 ], [ -81.916447615212476, 52.188051277491574 ], [ -81.917910217453496, 52.188039907844242 ], [ -81.91791947420478, 52.188489383588362 ], [ -81.919391361957736, 52.188927471155367 ], [ -81.918678576163515, 52.189832118619137 ], [ -81.920141235926735, 52.189820721046665 ] ] ] } },
{ "type": "Feature", "properties": { "area_km2": 0.8 }, "geometry": { "type": "Polygon", "coordinates": [ [ [ -82.303179691822749, 52.131364750754287 ], [ -82.303153463443365, 52.130465907753482 ], [ -82.303883725894991, 52.130457834910523 ], [ -82.303870604877531, 52.130008413484795 ], [ -82.304600859641525, 52.130000336250802 ], [ -82.304587731624764, 52.129550914918177 ], [ -82.30531797870114, 52.129542833293307 ], [ -82.305304843685448, 52.129093412053884 ], [ -82.306752172761207, 52.128627814485917 ], [ -82.306725875081156, 52.127728972343427 ], [ -82.307456091752286, 52.127720877677 ], [ -82.307416625791404, 52.126372614577811 ], [ -82.308146820091096, 52.126364515781681 ], [ -82.308133658118891, 52.125915094805272 ], [ -82.30886384473169, 52.12590699161921 ], [ -82.308850675763011, 52.125457570736309 ], [ -82.310297849963305, 52.12499193040567 ], [ -82.310231938617349, 52.122744826559249 ], [ -82.310962072806959, 52.122736710726407 ], [ -82.310935696007647, 52.121837869191168 ], [ -82.311665815171324, 52.121829749099867 ], [ -82.311639425075668, 52.120930907678556 ], [ -82.312369529214024, 52.120922783329064 ], [ -82.312343125823503, 52.120023942021781 ], [ -82.313073214937134, 52.120015813414405 ], [ -82.313020382954377, 52.118218130880848 ], [ -82.31375044236691, 52.118209998277457 ], [ -82.313684373489721, 52.115962894935819 ], [ -82.314414395866706, 52.115954758467801 ], [ -82.315065058633678, 52.113250093826458 ], [ -82.313618313271945, 52.113715790673446 ], [ -82.313605102267388, 52.113266369710473 ], [ -82.312131948529853, 52.112833206260767 ], [ -82.312065973788094, 52.110586099402127 ], [ -82.311336038407248, 52.110594220747046 ], [ -82.310737914091192, 52.115096552982507 ], [ -82.310007904658661, 52.115104666596743 ], [ -82.310034256412962, 52.11600350949751 ], [ -82.309304231960596, 52.116011618854152 ], [ -82.309356910263062, 52.117809304735594 ], [ -82.310830202640048, 52.118242501577498 ], [ -82.310856573907699, 52.119141343701827 ], [ -82.310126498434229, 52.119149458490526 ], [ -82.310179215761408, 52.120947142819418 ], [ -82.309449110585845, 52.120955253610788 ], [ -82.30874533644284, 52.12186220234797 ], [ -82.307285095006719, 52.12187840185485 ], [ -82.307271943824858, 52.121428980380124 ], [ -82.305798579531555, 52.120995739776816 ], [ -82.305772308249317, 52.120096896122874 ], [ -82.305042215683315, 52.120104979537857 ], [ -82.304989706606534, 52.118307291268344 ], [ -82.304259643051736, 52.118315369644371 ], [ -82.304285882224519, 52.119214214112574 ], [ -82.30355580364845, 52.119222288229309 ], [ -82.303621370903272, 52.121469399405179 ], [ -82.30217423912903, 52.121934957763109 ], [ -82.302239743293825, 52.124182069132864 ], [ -82.301509582947588, 52.124190131118361 ], [ -82.301535772335654, 52.125088975668085 ], [ -82.300805596963656, 52.125097033392819 ], [ -82.300884129316714, 52.127793566936809 ], [ -82.300153909549607, 52.127801620918653 ], [ -82.300166992133683, 52.128251043176782 ], [ -82.299436764680863, 52.12825909276755 ], [ -82.299462916192226, 52.129157937432417 ], [ -82.298732673710589, 52.129165982761393 ], [ -82.298798021771347, 52.131413094427046 ], [ -82.299528300971232, 52.13140504845105 ], [ -82.300232410199982, 52.130498153915774 ], [ -82.303179691822749, 52.131364750754287 ] ] ] } },
{ "type": "Feature", "properties": { "area_km2": 6.915 }, "geometry": { "type": "Polygon", "coordinates": [ [ [ -82.138343479080802, 52.11284100679709 ], [ -82.138332030918932, 52.112391556315806 ], [ -82.139792054473432, 52.112377450759062 ], [ -82.139780591936415, 52.111928000468367 ], [ -82.141970603001141, 52.11190680858325 ], [ -82.141959118752354, 52.111457358597143 ], [ -82.144149105095366, 52.111436126385243 ], [ -82.144137599136045, 52.110986676704336 ], [ -82.146327560752951, 52.110965404167089 ], [ -82.146316033084332, 52.110515954792042 ], [ -82.14778753365357, 52.110951199882969 ], [ -82.14777599131105, 52.110501750736361 ], [ -82.149235948327544, 52.110487528606889 ], [ -82.149224391614112, 52.110038079652739 ], [ -82.150684332745371, 52.110023839678568 ], [ -82.150672761661866, 52.109574390917146 ], [ -82.152132686906825, 52.109560133098867 ], [ -82.152144272663321, 52.110009581630997 ], [ -82.152874242166831, 52.110002445829693 ], [ -82.153581010811607, 52.109096408868687 ], [ -82.15577087256699, 52.109074961489625 ], [ -82.155759250737503, 52.108625513459423 ], [ -82.156489196710865, 52.108618355411821 ], [ -82.156500825876407, 52.109067803326916 ], [ -82.15796073158053, 52.109053473446977 ], [ -82.158667381933057, 52.108147406554863 ], [ -82.162317065960707, 52.108111481352026 ], [ -82.162305378719921, 52.107662034287856 ], [ -82.166684945427974, 52.107618775646465 ], [ -82.167391395881594, 52.106712657446693 ], [ -82.171770861648582, 52.106669210451336 ], [ -82.171759079972801, 52.106219764788747 ], [ -82.173218884756906, 52.106205246548669 ], [ -82.173207088720659, 52.105755801083205 ], [ -82.174666877598725, 52.105741265006344 ], [ -82.174655067202778, 52.105291819738298 ], [ -82.176114840173724, 52.105277265825265 ], [ -82.176103015418903, 52.104827820754899 ], [ -82.177562772481679, 52.104813249006327 ], [ -82.177550933368764, 52.104363804133925 ], [ -82.179010674522303, 52.10434921455041 ], [ -82.179022528303193, 52.104798659188184 ], [ -82.17975240574799, 52.104791357503039 ], [ -82.17974054463312, 52.104341912982683 ], [ -82.180470414433074, 52.104334606897659 ], [ -82.181176533290184, 52.103428407615596 ], [ -82.184095949462019, 52.103399120975297 ], [ -82.184084045279619, 52.102949677051832 ], [ -82.187003427126029, 52.102920318609527 ], [ -82.186991493923202, 52.102470875121774 ], [ -82.188463116173381, 52.102905612286101 ], [ -82.188451168304383, 52.102456169034845 ], [ -82.18991084143299, 52.102441444880064 ], [ -82.189898879211427, 52.101992001829174 ], [ -82.192088364553896, 52.101969882075593 ], [ -82.192076380647904, 52.101520439343986 ], [ -82.194265841165688, 52.101498279294972 ], [ -82.194277847069529, 52.101947721670207 ], [ -82.195737500506922, 52.101932925482352 ], [ -82.196443271265238, 52.101026636540283 ], [ -82.198632704116932, 52.101004395546987 ], [ -82.198620654849336, 52.10055495381355 ], [ -82.201539864901008, 52.100525236400202 ], [ -82.201527786621483, 52.100075795108211 ], [ -82.203717168841379, 52.100053459983151 ], [ -82.203729269116593, 52.100502900915977 ], [ -82.205200985598097, 52.100937428666839 ], [ -82.204495394613033, 52.101843768941563 ], [ -82.205955039196667, 52.101828846282828 ], [ -82.205942915972713, 52.101379405819195 ], [ -82.208862171995946, 52.101349506781204 ], [ -82.208850019760902, 52.100900066761923 ], [ -82.213228850244036, 52.100855083427696 ], [ -82.213216654335724, 52.100405644095289 ], [ -82.220514606230537, 52.100330311756274 ], [ -82.220502337325101, 52.099880873598771 ], [ -82.222691694637248, 52.099858186190481 ], [ -82.222679404059093, 52.099408748361277 ], [ -82.22340918185445, 52.099401176980827 ], [ -82.224114349813149, 52.098494725803235 ], [ -82.225573874467315, 52.098479560948533 ], [ -82.225586193725221, 52.098928998363341 ], [ -82.226315962899093, 52.098921409039733 ], [ -82.227070400559285, 52.09981268943163 ], [ -82.227800183749309, 52.099805090831204 ], [ -82.228505268481626, 52.098898613971592 ], [ -82.229964803918833, 52.098883394678474 ], [ -82.229977167486339, 52.09933283132343 ], [ -82.232166490204804, 52.099309968144659 ], [ -82.232178876090131, 52.099759404385431 ], [ -82.235097997827694, 52.099728856428328 ], [ -82.235110413363316, 52.100178292141301 ], [ -82.239501590042991, 52.100581768914914 ], [ -82.239514050219881, 52.101031203815701 ], [ -82.240243849879533, 52.101023528067628 ], [ -82.240998599873876, 52.101914717001073 ], [ -82.242458226886527, 52.101899342428027 ], [ -82.2424707173722, 52.102348776724909 ], [ -82.245402516939251, 52.102767406648972 ], [ -82.246157399243032, 52.103658561445108 ], [ -82.249064202630635, 52.103178232709354 ], [ -82.249819164608311, 52.104069363481777 ], [ -82.251278857066396, 52.104053879265393 ], [ -82.251291437186637, 52.104503311889701 ], [ -82.254223457259727, 52.104921720843713 ], [ -82.254236067373128, 52.105371152895898 ], [ -82.254965933786522, 52.105363385569916 ], [ -82.255721050422295, 52.106254477221505 ], [ -82.257180810929384, 52.10623891948358 ], [ -82.257168170819867, 52.105789488004739 ], [ -82.260087658521869, 52.105758318823106 ], [ -82.260100327966271, 52.106207749800717 ], [ -82.260830206395767, 52.106199946086896 ], [ -82.260842883506115, 52.106649376902368 ], [ -82.26230265403585, 52.10663375567183 ], [ -82.262315346146607, 52.107083186199446 ], [ -82.265964803315967, 52.107044053441221 ], [ -82.26595207453515, 52.106594623542904 ], [ -82.268884363047107, 52.107012665922426 ], [ -82.268871604930425, 52.106563236528856 ], [ -82.27033136812247, 52.106547515918308 ], [ -82.270318595672705, 52.106098086740872 ], [ -82.271778342858198, 52.106082348314438 ], [ -82.272533805185432, 52.10697332988417 ], [ -82.273993579694519, 52.106957563847743 ], [ -82.274697833205821, 52.106050817255699 ], [ -82.277617318178699, 52.106019213922707 ], [ -82.277604472728953, 52.10556978597694 ], [ -82.278334335797524, 52.105561873978111 ], [ -82.278347188580668, 52.106011301796649 ], [ -82.279077058645768, 52.106003385153464 ], [ -82.279832664285451, 52.106894319010721 ], [ -82.281292432064134, 52.106878462628849 ], [ -82.281266666817842, 52.105979608121253 ], [ -82.281996535533509, 52.105971673409655 ], [ -82.28270061068261, 52.105064880037027 ], [ -82.28560709670684, 52.104583652358542 ], [ -82.285594171606576, 52.10413422570614 ], [ -82.287783682650797, 52.104110328249902 ], [ -82.287796629749138, 52.104559754518014 ], [ -82.288526473418145, 52.104551779537495 ], [ -82.288539428188685, 52.105001205640612 ], [ -82.290012098949745, 52.105434667682026 ], [ -82.28999912917358, 52.104985241872363 ], [ -82.291458828798753, 52.10496926003654 ], [ -82.292162695572117, 52.10406241138493 ], [ -82.293635369583427, 52.104495828202808 ], [ -82.294339184687956, 52.10358896682839 ], [ -82.296528661488082, 52.103564907156326 ], [ -82.296515627081746, 52.103115482358383 ], [ -82.297975261909755, 52.103099420252128 ], [ -82.297962213181151, 52.102649995675698 ], [ -82.300151640861969, 52.102625869030149 ], [ -82.300138570480172, 52.102176444804918 ], [ -82.300868371690555, 52.10216839368627 ], [ -82.301572003496602, 52.10126149000839 ], [ -82.303761360052917, 52.101237296783104 ], [ -82.304464918547126, 52.100330376189902 ], [ -82.305924457856221, 52.100314216279216 ], [ -82.305911330541477, 52.099864792907724 ], [ -82.308817219414721, 52.099382996526472 ], [ -82.309520646303412, 52.098476046368155 ], [ -82.310980122146972, 52.098459824276212 ], [ -82.310966944899363, 52.098010401669164 ], [ -82.311696674973447, 52.098002283980115 ], [ -82.311683490741544, 52.097552861466781 ], [ -82.31241321314053, 52.097544739392674 ], [ -82.312400021924745, 52.097095316973096 ], [ -82.313129736648648, 52.097087190514095 ], [ -82.313833040315771, 52.096180215112753 ], [ -82.315292438717208, 52.096163940140613 ], [ -82.315279219223243, 52.09571451813364 ], [ -82.31746829224052, 52.095690072203453 ], [ -82.317455051107302, 52.095240650552711 ], [ -82.320360510858023, 52.094758572128157 ], [ -82.321063631311546, 52.093851554483528 ], [ -82.322522949486441, 52.093835190520551 ], [ -82.322509658446961, 52.093385769642055 ], [ -82.325414941304089, 52.092903567675776 ], [ -82.32540162165202, 52.092454147250614 ], [ -82.326131256839773, 52.092445940832903 ], [ -82.326834224113398, 52.091538889467479 ], [ -82.329739338791498, 52.091056581905676 ], [ -82.329712614712008, 52.090157742308911 ], [ -82.330442211168673, 52.090149509465022 ], [ -82.331145055292282, 52.089242432892121 ], [ -82.332604217149779, 52.089225945163108 ], [ -82.332590827032888, 52.088776525765489 ], [ -82.333320400109884, 52.088768275262417 ], [ -82.333293606277948, 52.08786943662178 ], [ -82.334023164353326, 52.087861181870103 ], [ -82.334009760638864, 52.087411762627141 ], [ -82.334739311038064, 52.087403503494343 ], [ -82.33472590034998, 52.086954084347255 ], [ -82.335455443073016, 52.086945820833499 ], [ -82.335442025411695, 52.086496401782362 ], [ -82.33617156045861, 52.086488133887784 ], [ -82.336158135824434, 52.086038714932648 ], [ -82.336887663195228, 52.086030442657389 ], [ -82.336874231588595, 52.085581023798348 ], [ -82.337603751283311, 52.085572747142571 ], [ -82.337590312704577, 52.085123328379666 ], [ -82.338319824723229, 52.085115047343507 ], [ -82.339022430993651, 52.084207924690027 ], [ -82.341210919935378, 52.084183041760724 ], [ -82.341170498576176, 52.082834787028091 ], [ -82.34189997221489, 52.08282648409223 ], [ -82.341873011761649, 52.081927647686101 ], [ -82.342602470401886, 52.081919340504314 ], [ -82.342575496716677, 52.081020504217527 ], [ -82.343304940359076, 52.081012192790077 ], [ -82.343264460515698, 52.079663938483691 ], [ -82.34399388183931, 52.079655622944564 ], [ -82.34396688240183, 52.078756786822943 ], [ -82.344696288729224, 52.078748467038807 ], [ -82.344669276064479, 52.077849631036898 ], [ -82.34539866739631, 52.077841307008029 ], [ -82.345371641505764, 52.07694247112596 ], [ -82.346101017842628, 52.076934142852643 ], [ -82.346060459701505, 52.075585889154034 ], [ -82.346789813724243, 52.075577556770504 ], [ -82.346762762095082, 52.074678721054546 ], [ -82.348207899877906, 52.074212625642843 ], [ -82.348153743738123, 52.072414954692 ], [ -82.348883045464376, 52.072406609712033 ], [ -82.34885595488592, 52.07150777428312 ], [ -82.349585241621128, 52.071499425060274 ], [ -82.349544586461263, 52.070151172042266 ], [ -82.350273850888613, 52.070142818711098 ], [ -82.350233176971955, 52.068794565763206 ], [ -82.348761149036008, 52.068361849117423 ], [ -82.348734064842702, 52.06746301302308 ], [ -82.349463285724298, 52.0674546650081 ], [ -82.350165394212326, 52.066547476777266 ], [ -82.350894599752039, 52.066539120009892 ], [ -82.350908162909761, 52.066988537746703 ], [ -82.352353009765622, 52.066522392943995 ], [ -82.352325855253426, 52.06562355789724 ], [ -82.350881036949531, 52.066089702236127 ], [ -82.350867474502209, 52.065640284425371 ], [ -82.34939554486877, 52.065207574796247 ], [ -82.349368451010179, 52.064308738452695 ], [ -82.350097620328242, 52.064300386866996 ], [ -82.350084066616361, 52.063850968774005 ], [ -82.350813228264713, 52.063842612812607 ], [ -82.351515253941159, 52.062935416581766 ], [ -82.3529735462037, 52.062918682647222 ], [ -82.352959964299984, 52.062469264980997 ], [ -82.354404644335645, 52.062003095842641 ], [ -82.35436385794425, 52.060654843318915 ], [ -82.355092966261537, 52.06064646124112 ], [ -82.355079364196641, 52.060197043793956 ], [ -82.356523948801609, 52.059730849165334 ], [ -82.356483101937144, 52.058382597299925 ], [ -82.355754030896122, 52.058390987722177 ], [ -82.355740423299849, 52.057941570224841 ], [ -82.356469487028733, 52.05793317993745 ], [ -82.356455872476801, 52.057483762537991 ], [ -82.357184928537222, 52.05747536787657 ], [ -82.357171307030029, 52.057025950575031 ], [ -82.35790035542199, 52.05701755153973 ], [ -82.357886726959919, 52.056568134336203 ], [ -82.358615767683474, 52.056559730927162 ], [ -82.359317522951358, 52.055652489031743 ], [ -82.361504598039346, 52.055627239037833 ], [ -82.361518262343438, 52.056076655639302 ], [ -82.362247293968551, 52.056068229822081 ], [ -82.362206280196887, 52.05471998031291 ], [ -82.362935289531322, 52.054711550393549 ], [ -82.363636928541283, 52.053804283316687 ], [ -82.365094916177071, 52.053787401478672 ], [ -82.36510861560167, 52.054236817550397 ], [ -82.366580330827475, 52.054669333170779 ], [ -82.366552902378118, 52.053770501607637 ], [ -82.36728189494012, 52.05376204490976 ], [ -82.367268173943984, 52.053312629208563 ], [ -82.367997158836687, 52.053304168138453 ], [ -82.36798343088995, 52.052854752536206 ], [ -82.368712408113339, 52.052846287093999 ], [ -82.368698673216386, 52.052396871590773 ], [ -82.369427642770518, 52.052388401776611 ], [ -82.369413900923732, 52.051938986372498 ], [ -82.370142862808635, 52.051930512186544 ], [ -82.370129114012386, 52.051481096881567 ], [ -82.37085806822806, 52.051472618323949 ], [ -82.370844312482745, 52.051023203118191 ], [ -82.371573259029233, 52.051014720189094 ], [ -82.371559496335223, 52.050565305082628 ], [ -82.373003596778418, 52.050098911103376 ], [ -82.372976043958587, 52.04920008125093 ], [ -82.373704960189443, 52.049191585344758 ], [ -82.373691177012503, 52.048742170499487 ], [ -82.374420085574471, 52.048733670222468 ], [ -82.374406295450541, 52.048284255476744 ], [ -82.375135196343649, 52.048275750829028 ], [ -82.375121399273112, 52.047826336182922 ], [ -82.37585029249739, 52.047817827164657 ], [ -82.375836488480644, 52.047368412618255 ], [ -82.376565374036105, 52.047359899229569 ], [ -82.376551563073519, 52.046910484782934 ], [ -82.377280440960192, 52.046901967023992 ], [ -82.377266623052151, 52.04645255267716 ], [ -82.377995493270063, 52.046444030548116 ], [ -82.377981668416965, 52.045994616301172 ], [ -82.379425554048808, 52.04552814478636 ], [ -82.379384038909308, 52.044179902534204 ], [ -82.380112871508871, 52.044171367570073 ], [ -82.38009902654774, 52.04372195354901 ], [ -82.380827851479054, 52.043713414215496 ], [ -82.380813999574741, 52.043264000294585 ], [ -82.381542816837822, 52.043255456591837 ], [ -82.38152895799071, 52.04280604277114 ], [ -82.382257767585585, 52.042797494699307 ], [ -82.382243901796045, 52.04234808097889 ], [ -82.383687625249721, 52.0418815581085 ], [ -82.383534968824733, 52.036938007351694 ], [ -82.382806254908502, 52.036946562648708 ], [ -82.382820123646184, 52.037395976676891 ], [ -82.38137653461358, 52.037862488295197 ], [ -82.381404244690543, 52.038761316715593 ], [ -82.380675500473004, 52.038769859045374 ], [ -82.380689348751801, 52.03921927333721 ], [ -82.379960596868059, 52.039227811298453 ], [ -82.379974438205437, 52.039677225690419 ], [ -82.379245678655494, 52.039685759282975 ], [ -82.379259513051096, 52.040135173774985 ], [ -82.378530745834908, 52.040143702998712 ], [ -82.378544573288352, 52.040593117590731 ], [ -82.377815798405891, 52.040601642445466 ], [ -82.377829618916792, 52.041051057137395 ], [ -82.377100836368029, 52.041059577623024 ], [ -82.37711464993599, 52.041508992414798 ], [ -82.375670868464169, 52.041975435169647 ], [ -82.375698468187338, 52.042874265115145 ], [ -82.37496965533424, 52.042882772629241 ], [ -82.374983448432175, 52.043332187683106 ], [ -82.374254627912492, 52.043340690827414 ], [ -82.374268414065796, 52.043790105980868 ], [ -82.373539585879485, 52.043798604755246 ], [ -82.373553365087773, 52.04424802000824 ], [ -82.372824529234819, 52.044256514412538 ], [ -82.372838301497708, 52.044705929764973 ], [ -82.372109457978084, 52.044714419799035 ], [ -82.372123223295176, 52.045163835250868 ], [ -82.371394372108867, 52.045172320914567 ], [ -82.371408130479793, 52.045621736465705 ], [ -82.370679271626756, 52.045630217758884 ], [ -82.370693023051146, 52.046079633409292 ], [ -82.369249026822246, 52.046545998633107 ], [ -82.369276502242201, 52.047444830293486 ], [ -82.368547613081503, 52.047453298610328 ], [ -82.368561344023419, 52.047902714521051 ], [ -82.367117266694592, 52.048369054050752 ], [ -82.367144701143772, 52.049267886230986 ], [ -82.366415781673766, 52.049276341569751 ], [ -82.366429492128731, 52.049725757740212 ], [ -82.364985333692175, 52.050192071571757 ], [ -82.365012727161599, 52.05109090427068 ], [ -82.364283777380678, 52.05109934662962 ], [ -82.363582192908225, 52.052006617574158 ], [ -82.360679984428685, 52.052489742016782 ], [ -82.360693638918761, 52.052939159012723 ], [ -82.35996465775213, 52.052947574865705 ], [ -82.359978305289744, 52.053396991959893 ], [ -82.359249316455788, 52.053405403439932 ], [ -82.358547594170787, 52.054312645029761 ], [ -82.357089585476643, 52.054329445988792 ], [ -82.357103204843966, 52.05477886351234 ], [ -82.356374192651273, 52.054787257364211 ], [ -82.356387805064415, 52.055236674985672 ], [ -82.355658785204483, 52.055245064463925 ], [ -82.355672390663031, 52.055694482183227 ], [ -82.354227926444935, 52.056160665835407 ], [ -82.354255109897309, 52.057059501628046 ], [ -82.35352605972389, 52.057067878119213 ], [ -82.353539644672111, 52.057517296094694 ], [ -82.35281058683114, 52.057525668211596 ], [ -82.352837743170596, 52.058424504320726 ], [ -82.351393161251906, 52.058890653833664 ], [ -82.351433855617799, 52.06023890841584 ], [ -82.350704752835568, 52.060247267812152 ], [ -82.350731869562367, 52.061146104284127 ], [ -82.350002751798471, 52.061154459439678 ], [ -82.350029855318141, 52.06205329603236 ], [ -82.349300722571968, 52.062061646946844 ], [ -82.349341358570683, 52.063409901961279 ], [ -82.347896579542379, 52.06387600959853 ], [ -82.347937175908257, 52.065224264974141 ], [ -82.347207990896308, 52.065232603297822 ], [ -82.347235042281341, 52.066131440298143 ], [ -82.346505842284202, 52.066139774379586 ], [ -82.346532880454475, 52.067038611500003 ], [ -82.345803665471536, 52.067046941338887 ], [ -82.345830690425601, 52.067945778579279 ], [ -82.345101460456249, 52.06795410417535 ], [ -82.345128472192656, 52.068852941535575 ], [ -82.344399227236252, 52.068861262888539 ], [ -82.344439725542529, 52.070209519053073 ], [ -82.343710458281109, 52.070217836296337 ], [ -82.343062109009779, 52.07292266196405 ], [ -82.342332797133508, 52.072930970986704 ], [ -82.342359758103157, 52.073829808603449 ], [ -82.341630431236155, 52.073838113381647 ], [ -82.340981907565137, 52.076542927213588 ], [ -82.340252536074829, 52.076551223768803 ], [ -82.34027945877267, 52.077450061595172 ], [ -82.339550072288958, 52.077458353904959 ], [ -82.339576981755798, 52.078357191850216 ], [ -82.338847580278099, 52.078365479914289 ], [ -82.338874476512459, 52.079264317978321 ], [ -82.338145060040105, 52.07927260179639 ], [ -82.337469381338011, 52.081078557852038 ], [ -82.336739934874501, 52.08108683317726 ], [ -82.336753362962725, 52.081536252405513 ], [ -82.33530786813111, 52.082002209240613 ], [ -82.335334696775519, 52.082901048044285 ], [ -82.334605219966946, 52.082909310362403 ], [ -82.334618627493228, 52.083358729841713 ], [ -82.333889143010325, 52.083366987779478 ], [ -82.333902543564605, 52.083816407354632 ], [ -82.333173051407371, 52.08382466091193 ], [ -82.333186444989266, 52.084274080582873 ], [ -82.332456945157631, 52.084282329759539 ], [ -82.332470331766771, 52.084731749526206 ], [ -82.331740824260748, 52.084739994322071 ], [ -82.331754203896722, 52.085189414184391 ], [ -82.331024688716283, 52.085197654599334 ], [ -82.33032190421234, 52.086104730644529 ], [ -82.32886284280363, 52.086121189436163 ], [ -82.328160000054481, 52.087028252851326 ], [ -82.326700907249034, 52.087044685089403 ], [ -82.325998006250771, 52.087951735872402 ], [ -82.32453888205022, 52.087968141555109 ], [ -82.32455219088736, 52.088417562480899 ], [ -82.323822620938586, 52.088425758683066 ], [ -82.323835922798921, 52.088875179703777 ], [ -82.323106345176058, 52.088883371523607 ], [ -82.323119640059161, 52.089332792639141 ], [ -82.322390054762209, 52.089340980076493 ], [ -82.322403342667712, 52.089790401286798 ], [ -82.321673749696629, 52.089798584341501 ], [ -82.320970703928069, 52.090705605718092 ], [ -82.318781877927179, 52.090730115041744 ], [ -82.318795130244411, 52.091179536798627 ], [ -82.318065513556121, 52.091187697675501 ], [ -82.318078758893805, 52.091637119526737 ], [ -82.317349134531639, 52.091645276020223 ], [ -82.317362372889406, 52.092094697965763 ], [ -82.316632740853365, 52.092102850075726 ], [ -82.315929556917609, 52.093009841975693 ], [ -82.314470261803493, 52.093026124145787 ], [ -82.314457052061599, 52.092576701750062 ], [ -82.313727411312655, 52.092584835932058 ], [ -82.31374061372712, 52.093034258458573 ], [ -82.313010965304784, 52.093042388256507 ], [ -82.313024160737569, 52.093491810876912 ], [ -82.312294504641812, 52.093499936290648 ], [ -82.311591210791562, 52.094406902842202 ], [ -82.308672522950346, 52.094439342331228 ], [ -82.308685675450917, 52.094888765623971 ], [ -82.307955995300205, 52.094896864338708 ], [ -82.307969140816923, 52.095346287724858 ], [ -82.307239452993244, 52.09535438205458 ], [ -82.306536027576954, 52.096261319051372 ], [ -82.305076620893601, 52.096277485654404 ], [ -82.305063504003556, 52.095828061821699 ], [ -82.304333807475132, 52.095836138220243 ], [ -82.304346917036227, 52.096285562182807 ], [ -82.30361721283532, 52.096293634195796 ], [ -82.303630315410828, 52.096743058251363 ], [ -82.302170891320813, 52.096759188990426 ], [ -82.302183979580974, 52.097208613268563 ], [ -82.298535376710149, 52.097248861741974 ], [ -82.29854842866537, 52.097698286630525 ], [ -82.296359240848034, 52.097722381914814 ], [ -82.296372271155818, 52.098171807154024 ], [ -82.294912796243565, 52.098187848356382 ], [ -82.294925812232734, 52.098637273816763 ], [ -82.292736575316354, 52.098661302138375 ], [ -82.292749569655811, 52.099110727948378 ], [ -82.292019816005407, 52.099118728485841 ], [ -82.292032803354928, 52.099568154387718 ], [ -82.290573280372243, 52.099584142171942 ], [ -82.290586253400733, 52.100033568294151 ], [ -82.288396944385141, 52.1000575164854 ], [ -82.288409895760878, 52.100506942955946 ], [ -82.286950340057857, 52.100522886092634 ], [ -82.286963277110729, 52.100972312782815 ], [ -82.285503705389218, 52.100988238110816 ], [ -82.285516628118444, 52.101437665020363 ], [ -82.28405704037948, 52.101453572539079 ], [ -82.28406994878425, 52.101902999667665 ], [ -82.281880542644231, 52.101926827456261 ], [ -82.281893429391928, 52.102376254931301 ], [ -82.279703998216817, 52.102400042454434 ], [ -82.279716863306206, 52.102849470275274 ], [ -82.277527407100393, 52.102873217531524 ], [ -82.277540250530237, 52.103322645697531 ], [ -82.264403317875335, 52.103464277868106 ], [ -82.264390606428137, 52.103014847424575 ], [ -82.260741475926281, 52.103053929352491 ], [ -82.260728801473775, 52.102604498243856 ], [ -82.258539341181915, 52.10262789282374 ], [ -82.258526689058087, 52.102178461302252 ], [ -82.257067061869563, 52.102194034855103 ], [ -82.257054424741327, 52.101744603046541 ], [ -82.254865003471068, 52.101767929126183 ], [ -82.254852388669534, 52.101318496905897 ], [ -82.253392787499678, 52.101334024793246 ], [ -82.253380187692102, 52.100884592286626 ], [ -82.251920599864746, 52.100900101858656 ], [ -82.251908015050404, 52.100450669066035 ], [ -82.249718652830737, 52.100473899177381 ], [ -82.24970609034024, 52.10002446597457 ], [ -82.248246528543334, 52.100039929885021 ], [ -82.248233981044422, 52.099590496396956 ], [ -82.246044657876837, 52.099613658017944 ], [ -82.246032132699824, 52.099164224120813 ], [ -82.244572596941907, 52.099179642372363 ], [ -82.244560086754831, 52.098730208190716 ], [ -82.240169049728934, 52.098326918854731 ], [ -82.240156584180639, 52.097877483857886 ], [ -82.23869708717065, 52.097892829110137 ], [ -82.238684636609761, 52.097443393829977 ], [ -82.23649541063925, 52.09746637746882 ], [ -82.236482982395259, 52.097016941782492 ], [ -82.234293775484105, 52.097039884409007 ], [ -82.234281369555958, 52.096590448317187 ], [ -82.229902990941198, 52.096636210905558 ], [ -82.229890629317595, 52.096186774041335 ], [ -82.215296096540655, 52.096338139446829 ], [ -82.215308311563234, 52.096787578745037 ], [ -82.210200143451345, 52.096840130735991 ], [ -82.210212307481285, 52.097289570842747 ], [ -82.208752813345171, 52.097304545294563 ], [ -82.208764963032621, 52.097753985605642 ], [ -82.202197157705228, 52.097821148174489 ], [ -82.202209241733087, 52.098270589529086 ], [ -82.199290179577233, 52.098300322618101 ], [ -82.19930223459717, 52.0987497644144 ], [ -82.195653363139442, 52.098786829756214 ], [ -82.195665381818344, 52.099236272112108 ], [ -82.193476033168139, 52.099258457477958 ], [ -82.193488030167146, 52.099707900154165 ], [ -82.187661633284733, 52.100216306943025 ], [ -82.187673572256003, 52.100665750494578 ], [ -82.186213955909977, 52.10068044660224 ], [ -82.186225880529506, 52.101129890353725 ], [ -82.184766248268701, 52.10114456863068 ], [ -82.184778158535693, 52.101594012581799 ], [ -82.181858860939528, 52.101623315405696 ], [ -82.181870742187655, 52.10207275979166 ], [ -82.179681243721831, 52.102094689835276 ], [ -82.179693103282389, 52.10254413453751 ], [ -82.178233421418014, 52.102558732216622 ], [ -82.178245266622994, 52.103008177117232 ], [ -82.176055719498791, 52.103030040109793 ], [ -82.1753495025105, 52.103936209369145 ], [ -82.173159907667383, 52.10395801885781 ], [ -82.173171702466959, 52.1044074644687 ], [ -82.171711956357754, 52.104421981774912 ], [ -82.171723736798342, 52.104871427582893 ], [ -82.169534093316926, 52.104893170011692 ], [ -82.169545852063422, 52.105342616132987 ], [ -82.166626293770264, 52.105371543259061 ], [ -82.166638023486868, 52.105820989809224 ], [ -82.16444832953448, 52.105842638067877 ], [ -82.164460037554292, 52.106292084929827 ], [ -82.1593506895899, 52.106342440226406 ], [ -82.159362346571612, 52.106791887861853 ], [ -82.153534613350743, 52.107298615150441 ], [ -82.1528278716182, 52.108204651942479 ], [ -82.14699987535019, 52.108711057617235 ], [ -82.146292978653591, 52.109617055933128 ], [ -82.143373117268979, 52.109645408911085 ], [ -82.143384614986886, 52.110094858814662 ], [ -82.141194693773244, 52.110116076446985 ], [ -82.141206169782095, 52.110565526655535 ], [ -82.138286241272468, 52.110593754028187 ], [ -82.138297688233976, 52.111043204654457 ], [ -82.134647734161391, 52.111078387769894 ], [ -82.134659144736517, 52.111527838925767 ], [ -82.125169133825139, 52.111618787812041 ], [ -82.125157818635984, 52.111169335193487 ], [ -82.117127850944001, 52.111245694244751 ], [ -82.117116616761933, 52.110796240361935 ], [ -82.112006670113573, 52.110844547031249 ], [ -82.112017852933803, 52.111294001690972 ], [ -82.11274785353055, 52.111287114183362 ], [ -82.113500249704799, 52.112179130924737 ], [ -82.114230264390073, 52.112172234157875 ], [ -82.114219058970079, 52.111722779903012 ], [ -82.115667852982156, 52.111259518965774 ], [ -82.115679072783593, 52.111708973034744 ], [ -82.117869091297422, 52.111688228841558 ], [ -82.117880333406276, 52.11213768254072 ], [ -82.121530395054563, 52.11210301795272 ], [ -82.121541674147679, 52.112552471058208 ], [ -82.125921782393291, 52.112510723760401 ], [ -82.125933105810375, 52.112960176158261 ], [ -82.138343479080802, 52.11284100679709 ] ] ] } }
]
}
