{
"type": "FeatureCollection",
"name": "river_ice",
"crs": { "type": "name", "properties": { "name": "urn:ogc:def:crs:OGC:1.3:CRS84" } },
"features": [
{ "type": "Feature", "properties": { }, "geometry": { "type": "Polygon", "coordinates": [ [ [ -81.644604268550736, 52.275531350879518 ], [ -81.644596443318235, 52.274991952863381 ], [ -81.644889554813687, 52.274990352483421 ], [ -81.645177444853729, 52.274629152711817 ], [ -81.645763662963844, 52.27462594835572 ], [ -81.645761049919372, 52.274446149035889 ], [ -81.646054157747344, 52.274444545776944 ], [ -81.64605154354453, 52.274264746461839 ], [ -81.646344650159179, 52.274263142485751 ], [ -81.646342034798039, 52.274083343175377 ], [ -81.646635140199336, 52.274081738482153 ], [ -81.646632523679912, 52.273901939176525 ], [ -81.646925627867887, 52.273900333766171 ], [ -81.646923010190179, 52.273720534465291 ], [ -81.647216113164816, 52.273718928337814 ], [ -81.647213494328881, 52.273539129041673 ], [ -81.647506596090182, 52.273537522197088 ], [ -81.647503976096004, 52.273357722905715 ], [ -81.647797076643982, 52.273356115344043 ], [ -81.648084932515729, 52.27299490849677 ], [ -81.648964226796835, 52.272990079326888 ], [ -81.648961600956696, 52.272810280070537 ], [ -81.64925469780944, 52.272808668902741 ], [ -81.649244189982298, 52.27208947186287 ], [ -81.64895109787237, 52.272091082989142 ], [ -81.648948472170332, 52.271911283704789 ], [ -81.649241563094606, 52.27190967258889 ], [ -81.649236309402127, 52.271550074024155 ], [ -81.649529397927466, 52.271548462201622 ], [ -81.649521514039122, 52.271009064343652 ], [ -81.649228429070646, 52.271010676135042 ], [ -81.649233682597327, 52.271370274733393 ], [ -81.648940595229988, 52.271371885818141 ], [ -81.648943220849148, 52.271551685119299 ], [ -81.648650132268543, 52.271553295487017 ], [ -81.648652756729689, 52.271733094792957 ], [ -81.648069199231841, 52.27191611268799 ], [ -81.648074443549461, 52.27227571131332 ], [ -81.647781350143418, 52.272277319540287 ], [ -81.647783971157921, 52.272457118854902 ], [ -81.647490876538612, 52.272458726364803 ], [ -81.647493496394972, 52.272638525684172 ], [ -81.646909922214761, 52.272821537876858 ], [ -81.646915157322312, 52.273181136529033 ], [ -81.646622057877451, 52.273182741898012 ], [ -81.64633418887972, 52.273543945210669 ], [ -81.645747985109367, 52.27354715235272 ], [ -81.645460106652905, 52.273908353543284 ], [ -81.644287689186299, 52.27391475627055 ], [ -81.644285082180772, 52.273734956876737 ], [ -81.643991978931325, 52.273736555729577 ], [ -81.644002402374682, 52.274455753312445 ], [ -81.6442955103674, 52.274454154418386 ], [ -81.64431115347017, 52.275532950562898 ], [ -81.644604268550736, 52.275531350879518 ] ] ] } },
{ "type": "Feature", "properties": { }, "geometry": { "type": "Polygon", "coordinates": [ [ [ -81.650688588364488, 52.270643011387428 ], [ -81.650683323203225, 52.270283412848229 ], [ -81.650390243087685, 52.270285027507555 ], [ -81.650102423363464, 52.270646240020326 ], [ -81.650688588364488, 52.270643011387428 ] ] ] } },
{ "type": "Feature", "properties": { }, "geometry": { "type": "Polygon", "coordinates": [ [ [ -81.677238423332554, 52.262581900173622 ], [ -81.6772356841212, 52.262402101626343 ], [ -81.676649630934477, 52.262405461666866 ], [ -81.676652367775873, 52.262585260235795 ], [ -81.677238423332554, 52.262581900173622 ] ] ] } },
{ "type": "Feature", "properties": { }, "geometry": { "type": "Polygon", "coordinates": [ [ [ -81.68425447552724, 52.261462562753636 ], [ -81.684251708051065, 52.261282764433929 ], [ -81.682786613887671, 52.261291246012128 ], [ -81.682789375439356, 52.261471044386482 ], [ -81.68425447552724, 52.261462562753636 ] ] ] } },
{ "type": "Feature", "properties": { }, "geometry": { "type": "Polygon", "coordinates": [ [ [ -81.81061657063168, 52.248614962999262 ], [ -81.810613293629714, 52.24843516946396 ], [ -81.809734516445019, 52.248441200290998 ], [ -81.809737789895365, 52.248620993865146 ], [ -81.81061657063168, 52.248614962999262 ] ] ] } },
{ "type": "Feature", "properties": { }, "geometry": { "type": "Polygon", "coordinates": [ [ [ -81.643052824540163, 52.26960595937328 ], [ -81.643050222934761, 52.26942615980392 ], [ -81.643343297810929, 52.269424563380355 ], [ -81.643340695047399, 52.269244763815671 ], [ -81.643633768710714, 52.269243166675039 ], [ -81.643921632159831, 52.268881969702079 ], [ -81.645677447008794, 52.268692567844624 ], [ -81.645965290277829, 52.26833136592203 ], [ -81.647430627448188, 52.26832334047338 ], [ -81.64771845406635, 52.267962134309229 ], [ -81.648893338807696, 52.268135497439729 ], [ -81.649181152303768, 52.267774287741844 ], [ -81.650353406656762, 52.267767836960125 ], [ -81.650350775690697, 52.267588037593306 ], [ -81.650643838024408, 52.267586423090016 ], [ -81.650931633739958, 52.267225209150602 ], [ -81.651517753527528, 52.267221976549166 ], [ -81.651515117903173, 52.267042177207173 ], [ -81.652101235209201, 52.267038941717438 ], [ -81.652103873204226, 52.267218741038576 ], [ -81.652689992769908, 52.267215502618832 ], [ -81.652692633163355, 52.26739530191351 ], [ -81.653864876702713, 52.267388816304745 ], [ -81.653862231567899, 52.267209017051833 ], [ -81.654155291197881, 52.267207393841865 ], [ -81.654443055872619, 52.26684617142385 ], [ -81.655322227399992, 52.266841295311174 ], [ -81.655609980221669, 52.266480070066343 ], [ -81.656196089636879, 52.266476814275549 ], [ -81.656193435158997, 52.266297015078436 ], [ -81.656779542091968, 52.266293756399556 ], [ -81.656776885271498, 52.266113957217847 ], [ -81.658242146188371, 52.266105797846087 ], [ -81.658239483469615, 52.265925998711346 ], [ -81.65941168695808, 52.265919458165413 ], [ -81.659409019526393, 52.265739659067187 ], [ -81.660874267329447, 52.265731467074353 ], [ -81.661161967804034, 52.265370228407491 ], [ -81.662627202911224, 52.26536201470303 ], [ -81.662624522526613, 52.265182215704279 ], [ -81.663503659697142, 52.265177278786553 ], [ -81.663500975785198, 52.264997479813992 ], [ -81.664673153543262, 52.264990887118252 ], [ -81.664670464918899, 52.264811088182554 ], [ -81.665256551257997, 52.264807787492586 ], [ -81.6652538602916, 52.264627988572556 ], [ -81.66613298603248, 52.26462303211536 ], [ -81.666130291538991, 52.264443233221648 ], [ -81.667009413469387, 52.264438270251496 ], [ -81.667006715448878, 52.264258471384153 ], [ -81.669057990663489, 52.264246865742763 ], [ -81.669052578116208, 52.263887268140813 ], [ -81.669345614948625, 52.263885607304623 ], [ -81.669342907532595, 52.263705808505939 ], [ -81.669635943151462, 52.263704146953252 ], [ -81.669923559254954, 52.263342887102006 ], [ -81.671388724928434, 52.263334564901967 ], [ -81.671386009302537, 52.263154766161499 ], [ -81.67197207300201, 52.263151432212688 ], [ -81.672259666532653, 52.262790166714204 ], [ -81.673724813287507, 52.262781815588326 ], [ -81.673727538336379, 52.262961614253982 ], [ -81.673434507857664, 52.262963285944252 ], [ -81.673439955671341, 52.263322883280303 ], [ -81.674319054131658, 52.263317865963302 ], [ -81.674316326655386, 52.263138067330409 ], [ -81.674609358233084, 52.263136393447837 ], [ -81.674601172421362, 52.262596997547867 ], [ -81.674894200415352, 52.262595322970476 ], [ -81.674891470683846, 52.262415524336724 ], [ -81.674598443874842, 52.262417198903314 ], [ -81.674592986867921, 52.262057601597412 ], [ -81.675179035717335, 52.262054251780221 ], [ -81.675176304887017, 52.261874453140443 ], [ -81.675469328083693, 52.261872777151929 ], [ -81.675466596097166, 52.261692978517338 ], [ -81.674877822457006, 52.261516531083835 ], [ -81.674875092897764, 52.261336732416439 ], [ -81.6751681125684, 52.261335057187445 ], [ -81.675455668438389, 52.260973783922864 ], [ -81.675748685681796, 52.260972107261217 ], [ -81.675751418738287, 52.261151905907447 ], [ -81.676044437137818, 52.261150228507873 ], [ -81.676342926447404, 52.261508147613569 ], [ -81.676928967842272, 52.261504789135536 ], [ -81.677227466659943, 52.261862705950868 ], [ -81.677520489655237, 52.26186102487236 ], [ -81.677517749374175, 52.261681226313478 ], [ -81.678103792908402, 52.261677861996716 ], [ -81.678112020947722, 52.262217257591509 ], [ -81.67781899564018, 52.262218940145978 ], [ -81.677821737192687, 52.262398738677192 ], [ -81.678700816583614, 52.262393688799811 ], [ -81.678698071476219, 52.26221389030114 ], [ -81.679577147052399, 52.262208833911934 ], [ -81.679574398419021, 52.262029035440214 ], [ -81.68016044628871, 52.262025660900079 ], [ -81.68015769531435, 52.261845862444503 ], [ -81.681329785966653, 52.261839104682053 ], [ -81.681327030281508, 52.261659306264384 ], [ -81.682792137020087, 52.261650842755245 ], [ -81.682789375439356, 52.261471044386482 ], [ -81.680152193452415, 52.261486265516488 ], [ -81.679864672578901, 52.261847550067273 ], [ -81.679278627021262, 52.261850923131377 ], [ -81.679275879630609, 52.26167112463758 ], [ -81.678101050286315, 52.261498063453907 ], [ -81.678098307693091, 52.261318264905476 ], [ -81.677509528703922, 52.261141830603179 ], [ -81.677504048401175, 52.260782233434931 ], [ -81.677797064258229, 52.260780551694303 ], [ -81.678084595159589, 52.260419272079218 ], [ -81.67925390154565, 52.260232736485214 ], [ -81.679251154415056, 52.26005293794092 ], [ -81.682181262558288, 52.260036044623163 ], [ -81.68217850360854, 52.25985624618211 ], [ -81.683350541314866, 52.259849468540111 ], [ -81.68335330500382, 52.260029266937501 ], [ -81.68393932605224, 52.260025873732133 ], [ -81.683936559993697, 52.259846075356592 ], [ -81.685108597002156, 52.259839280264544 ], [ -81.685105826233553, 52.259659481927159 ], [ -81.685398834228067, 52.259657781347386 ], [ -81.685686296004619, 52.259296483392781 ], [ -81.68597930157128, 52.259294781380781 ], [ -81.685982075835852, 52.259474579696487 ], [ -81.686568089251153, 52.259471173469336 ], [ -81.686565312617063, 52.259291375175572 ], [ -81.688030339720271, 52.259282846938824 ], [ -81.688033122278128, 52.259462645177649 ], [ -81.688326128795794, 52.259460937338076 ], [ -81.6886247052268, 52.259818825188269 ], [ -81.688041470127345, 52.260002039860474 ], [ -81.6880470355065, 52.260361636287634 ], [ -81.687754023035623, 52.260363343455111 ], [ -81.687466571292333, 52.260724646344187 ], [ -81.68629173586713, 52.260551666657101 ], [ -81.686294511520799, 52.260731464922578 ], [ -81.685415466385578, 52.260736571221742 ], [ -81.685418238513876, 52.26091636951449 ], [ -81.684834975695921, 52.261099568409364 ], [ -81.684837745512752, 52.261279366712799 ], [ -81.685423782857924, 52.261275966083161 ], [ -81.68542101067132, 52.261096167801639 ], [ -81.686300062915734, 52.261091061436673 ], [ -81.686302838656985, 52.261270859685311 ], [ -81.686888875710395, 52.261267451784448 ], [ -81.686886097599384, 52.261087653557787 ], [ -81.687472132166164, 52.26108424277043 ], [ -81.687469351714626, 52.260904444560104 ], [ -81.688641415757715, 52.260897614303985 ], [ -81.688638630596003, 52.260717816132072 ], [ -81.688931645348703, 52.260716106761286 ], [ -81.689219085097236, 52.260354800346761 ], [ -81.690684146425951, 52.260346239060986 ], [ -81.690971569528287, 52.259984928415861 ], [ -81.691850598776014, 52.259979780804279 ], [ -81.691847800728084, 52.259799982725703 ], [ -81.692140809233706, 52.259798265412059 ], [ -81.692428216963208, 52.259436951241568 ], [ -81.694772264755073, 52.259423180918397 ], [ -81.694769454947931, 52.259243382933803 ], [ -81.697406495790119, 52.25922783579955 ], [ -81.697403675349946, 52.259048037909494 ], [ -81.697989681730562, 52.259044575015366 ], [ -81.697986858950614, 52.258864777142016 ], [ -81.700328041578999, 52.258671098783068 ], [ -81.700325209380907, 52.258491300987899 ], [ -81.701494369710019, 52.258304545587627 ], [ -81.701488695985518, 52.25794495005885 ], [ -81.701781691666, 52.257943208863814 ], [ -81.70206900897297, 52.257581871435406 ], [ -81.703533974931744, 52.257573151032013 ], [ -81.70353112988164, 52.257393353326584 ], [ -81.703824121799073, 52.257391607076109 ], [ -81.703826968033781, 52.257571404770275 ], [ -81.704415802781952, 52.257747707731816 ], [ -81.704424348863355, 52.258287100696236 ], [ -81.704131351082637, 52.258288848457042 ], [ -81.704134198651687, 52.258468646111872 ], [ -81.703841199656353, 52.258470393156891 ], [ -81.703844046070671, 52.258650190817356 ], [ -81.703551045860706, 52.258651937146595 ], [ -81.703263733800455, 52.259013278097861 ], [ -81.704728746547531, 52.259004542703913 ], [ -81.704725896519221, 52.258824745088468 ], [ -81.705897901438604, 52.258817743731434 ], [ -81.705895046701485, 52.25863794615546 ], [ -81.707360046251637, 52.25862917815703 ], [ -81.707357185621149, 52.25844938063193 ], [ -81.710580168950401, 52.258430027180239 ], [ -81.710577295318714, 52.258250229774205 ], [ -81.712335277577381, 52.258239636335333 ], [ -81.712332396868021, 52.258059838991919 ], [ -81.713504379696133, 52.258052762204279 ], [ -81.713501494278546, 52.257872964900841 ], [ -81.718189401773756, 52.257844541609352 ], [ -81.718192306145411, 52.258024338729705 ], [ -81.720536266440959, 52.258010057198099 ], [ -81.72053918032023, 52.258189854220802 ], [ -81.722590152262669, 52.258177319631244 ], [ -81.722593074465124, 52.258357116567574 ], [ -81.723472065533656, 52.258351733660554 ], [ -81.723474991320785, 52.258531530556589 ], [ -81.72464698371995, 52.258524343122509 ], [ -81.724649914276512, 52.258704139966625 ], [ -81.725528911806322, 52.258698741722426 ], [ -81.725531845947742, 52.258878538526119 ], [ -81.726703846960774, 52.258871330642251 ], [ -81.726706785871812, 52.259051127393896 ], [ -81.728757794747011, 52.259038485524556 ], [ -81.72876074198183, 52.259218282189131 ], [ -81.729932751110539, 52.259211042222141 ], [ -81.729935703115189, 52.259390838834456 ], [ -81.73872579123308, 52.259336167935544 ], [ -81.738722803687395, 52.259156371675438 ], [ -81.744579811841902, 52.258939765093452 ], [ -81.744576800665754, 52.25875996905922 ], [ -81.746334789792854, 52.258748869326993 ], [ -81.746331771540511, 52.258569073358657 ], [ -81.747796755683723, 52.258559803648197 ], [ -81.747793731539957, 52.258380007733933 ], [ -81.748965713543626, 52.258372578926988 ], [ -81.748962684693183, 52.258192783054952 ], [ -81.750720649635127, 52.258181618105901 ], [ -81.750717613708915, 52.258001822300173 ], [ -81.752182577692963, 52.257992498243162 ], [ -81.752179535875769, 52.257812702491854 ], [ -81.753644493137145, 52.257803360319841 ], [ -81.753641445429054, 52.257623564623081 ], [ -81.755106395966294, 52.257614204336328 ], [ -81.755103342367462, 52.257434408694245 ], [ -81.756861274844951, 52.257423152431777 ], [ -81.756858214170947, 52.257243356856556 ], [ -81.757444189037003, 52.257239598977357 ], [ -81.757441126026151, 52.257059803420717 ], [ -81.758027098394294, 52.257056042657787 ], [ -81.75802403304661, 52.256876247119749 ], [ -81.758902987803467, 52.256870600559388 ], [ -81.759189832583289, 52.256509125922676 ], [ -81.760068779845824, 52.256503470711486 ], [ -81.760355612780828, 52.2561419932658 ], [ -81.761234552548601, 52.256136329404001 ], [ -81.761231474333158, 52.25595653397135 ], [ -81.761817431647614, 52.255952754453062 ], [ -81.761814351095651, 52.255772959039128 ], [ -81.762107328519861, 52.255771068201739 ], [ -81.762104246815895, 52.255591272794355 ], [ -81.762397223023271, 52.25558938124221 ], [ -81.762684031149874, 52.255227898180181 ], [ -81.763269978664866, 52.255224111489973 ], [ -81.763556777348796, 52.254862626322186 ], [ -81.764142719931542, 52.254858835319233 ], [ -81.764139630099066, 52.254679039969062 ], [ -81.764722478014463, 52.254495450751492 ], [ -81.764716293774725, 52.254135860071841 ], [ -81.765009260214967, 52.254133962075059 ], [ -81.765006166959566, 52.253954166738993 ], [ -81.764420236415148, 52.253957961981222 ], [ -81.764423327301941, 52.254137757341731 ], [ -81.764130360796656, 52.254139653884714 ], [ -81.763843571392684, 52.254501140453762 ], [ -81.763257633482425, 52.254504929954045 ], [ -81.763260719729359, 52.254684725346486 ], [ -81.76296774954119, 52.254686619018457 ], [ -81.762680947174346, 52.25504810278025 ], [ -81.760340239793607, 52.255243015863805 ], [ -81.760343314326391, 52.255422811355473 ], [ -81.760050339076827, 52.255424697806895 ], [ -81.760053412457538, 52.255604493305079 ], [ -81.75976043599124, 52.255606379041708 ], [ -81.759473601613266, 52.255967855079433 ], [ -81.757129769511991, 52.255982909180915 ], [ -81.757132831145114, 52.25616270478347 ], [ -81.756546870428664, 52.256166461063501 ], [ -81.756549929725068, 52.256346256684623 ], [ -81.756256948134123, 52.256348133746293 ], [ -81.755970080462376, 52.256709601354693 ], [ -81.755384112381748, 52.256713351891563 ], [ -81.755387167036645, 52.256893147544119 ], [ -81.754801196458516, 52.256896895197222 ], [ -81.754804248776509, 52.257076690868281 ], [ -81.753925289115045, 52.2570823069318 ], [ -81.753922240350633, 52.25690251122456 ], [ -81.753336269451708, 52.256906251607894 ], [ -81.753333223088376, 52.256726455870918 ], [ -81.753040238775355, 52.256728324960079 ], [ -81.752741166537746, 52.256370601783267 ], [ -81.752448184529683, 52.256372469394414 ], [ -81.752451227275486, 52.256552265178776 ], [ -81.750986310832999, 52.256561592390106 ], [ -81.750989347688304, 52.256741388228896 ], [ -81.748938455036338, 52.256754415875903 ], [ -81.748935426472556, 52.256574619953184 ], [ -81.748349459225594, 52.256578335571319 ], [ -81.748352485420369, 52.256758131517977 ], [ -81.747766515677114, 52.256761844252146 ], [ -81.747769539534659, 52.256941640217093 ], [ -81.745718636140566, 52.256954611970428 ], [ -81.745715620574643, 52.256774815921915 ], [ -81.745126637094586, 52.256598719492516 ], [ -81.745120610859288, 52.25623912731966 ], [ -81.745413592479082, 52.256237277894613 ], [ -81.74541057822448, 52.256057481811659 ], [ -81.745703558628108, 52.256055631671565 ], [ -81.745990505848113, 52.255694188669395 ], [ -81.746576461758949, 52.255690484802123 ], [ -81.746573442861703, 52.255510688749979 ], [ -81.746866419585075, 52.255508835737857 ], [ -81.747153353839792, 52.255147389925369 ], [ -81.747739302390031, 52.255143680314198 ], [ -81.748026227201336, 52.254782232393964 ], [ -81.749195084919918, 52.254595005663703 ], [ -81.749481994366278, 52.25423355423063 ], [ -81.750360898614304, 52.254227971456864 ], [ -81.750357864574738, 52.254048175515216 ], [ -81.750943798211935, 52.254044450055474 ], [ -81.750940761835636, 52.253864654132187 ], [ -81.751233727422019, 52.253862790323971 ], [ -81.751230689893347, 52.253682994407058 ], [ -81.751523654263508, 52.253681129883951 ], [ -81.751810538903058, 52.253319672831275 ], [ -81.752396462746404, 52.253315940198675 ], [ -81.752683337943779, 52.252954481038984 ], [ -81.753562216267284, 52.252948874530027 ], [ -81.753559169424406, 52.252769078681162 ], [ -81.754145085778092, 52.252765337398245 ], [ -81.754142036598822, 52.252585541567846 ], [ -81.755020907336174, 52.252579924228129 ], [ -81.755023960068115, 52.252759720022325 ], [ -81.755612931233486, 52.252935767235144 ], [ -81.755609876100976, 52.252755971470712 ], [ -81.755902834069232, 52.252754096104603 ], [ -81.75618967709984, 52.252392628514194 ], [ -81.757364561222431, 52.252564912673485 ], [ -81.75736149904894, 52.252385116970345 ], [ -81.757944345320666, 52.25220156115271 ], [ -81.757938216397974, 52.251841969766694 ], [ -81.75823116818782, 52.251840088646219 ], [ -81.75822810259065, 52.251660292956885 ], [ -81.758521053164088, 52.251658411121674 ], [ -81.758807867871113, 52.251296937212551 ], [ -81.75939376412019, 52.251293169956497 ], [ -81.759692855135256, 52.251650876512507 ], [ -81.761157606872445, 52.251641441897149 ], [ -81.761444399974309, 52.25127996166519 ], [ -81.762323243426451, 52.251274290066476 ], [ -81.762326325536904, 52.251454085596961 ], [ -81.762619274473622, 52.251452193598212 ], [ -81.762622357800609, 52.251631989110855 ], [ -81.762915307889031, 52.251630096373077 ], [ -81.762918392432596, 52.2518098918679 ], [ -81.763211343672737, 52.251807998391101 ], [ -81.763214429432892, 52.251987793868103 ], [ -81.763803422345063, 52.252163800156488 ], [ -81.763809598764396, 52.252523391033471 ], [ -81.764102554643856, 52.252521495327287 ], [ -81.764096375856155, 52.25216190447474 ], [ -81.764389329334747, 52.252160008066127 ], [ -81.764676099386421, 52.251798520104458 ], [ -81.764969050431688, 52.251796622266603 ], [ -81.764972143296788, 52.251976417670313 ], [ -81.766140854287372, 52.251789023646815 ], [ -81.766143951889106, 52.251968819001569 ], [ -81.766732955992509, 52.252144810630732 ], [ -81.766742256195997, 52.25268419657074 ], [ -81.767035212934232, 52.252682293583732 ], [ -81.767041415601312, 52.253041884157703 ], [ -81.767334374675386, 52.253039980419295 ], [ -81.767331272141291, 52.252860185147391 ], [ -81.767624229998518, 52.252858280694383 ], [ -81.767621126312832, 52.252678485429101 ], [ -81.767914082953197, 52.252676580261493 ], [ -81.767910978115964, 52.252496785002855 ], [ -81.768203933539468, 52.252494879120668 ], [ -81.76849067461707, 52.252133382026535 ], [ -81.76966248638017, 52.252125748420127 ], [ -81.769949213215043, 52.251764247816737 ], [ -81.771703795403567, 52.251572976261635 ], [ -81.771700675368606, 52.251393181129146 ], [ -81.772286571121867, 52.251389349887738 ], [ -81.772283448751509, 52.25120955477427 ], [ -81.7734552351275, 52.251201883618954 ], [ -81.77345210805359, 52.25102208854927 ], [ -81.774916834363196, 52.251012483313538 ], [ -81.774913701401772, 52.250832688300093 ], [ -81.777843139707898, 52.25081342344162 ], [ -81.777839994938788, 52.250633628546616 ], [ -81.779304706932294, 52.250623968924266 ], [ -81.77930155627601, 52.250444174085857 ], [ -81.78018037952252, 52.250438369628199 ], [ -81.780183533730948, 52.250618164429227 ], [ -81.780769418097563, 52.250614291131839 ], [ -81.780766261521066, 52.25043449635578 ], [ -81.782523906719675, 52.250422859095373 ], [ -81.782520743072169, 52.250243064388606 ], [ -81.78310662217099, 52.250239179512455 ], [ -81.78310978818655, 52.25041897419419 ], [ -81.785746253138171, 52.250401456162543 ], [ -81.785743076466389, 52.250221661593649 ], [ -81.785157197967564, 52.250225559552028 ], [ -81.785150849460223, 52.249865970347109 ], [ -81.785443786358314, 52.249864021756423 ], [ -81.7854469617793, 52.250043816349148 ], [ -81.786029660054311, 52.249860122394701 ], [ -81.786032837843294, 52.250039916962301 ], [ -81.786618713773635, 52.250036014668332 ], [ -81.786332133871412, 52.250397555271874 ], [ -81.78691801447097, 52.250393651474035 ], [ -81.786908470347683, 52.24985426790127 ], [ -81.786615533616654, 52.249856220125864 ], [ -81.786602813323128, 52.249137041899509 ], [ -81.786309881294528, 52.249138993347039 ], [ -81.786306702488687, 52.248959198763771 ], [ -81.786013771610598, 52.24896114947196 ], [ -81.786010594022088, 52.248781354870488 ], [ -81.785717664294523, 52.248783304839371 ], [ -81.785714487923329, 52.248603510219681 ], [ -81.785421559346275, 52.248605459449259 ], [ -81.785122282829235, 52.248247818645567 ], [ -81.784536430243818, 52.2482517134208 ], [ -81.784539601812654, 52.248431508101966 ], [ -81.783367891506202, 52.248439288981693 ], [ -81.783371058372779, 52.248619083707332 ], [ -81.78249227174156, 52.248624911773874 ], [ -81.782495435089686, 52.248804706531402 ], [ -81.781909574801375, 52.248808588300342 ], [ -81.78190641382109, 52.248628793517788 ], [ -81.781027626691127, 52.248634610683069 ], [ -81.781030784119665, 52.248814405503097 ], [ -81.776636826235915, 52.248843393404805 ], [ -81.776633686566228, 52.248663598398061 ], [ -81.776044690051904, 52.248487656034719 ], [ -81.776038415613158, 52.248128065943376 ], [ -81.776331341700669, 52.248126140007031 ], [ -81.776617988712886, 52.247764623279679 ], [ -81.778372383565184, 52.247573253222775 ], [ -81.778659010418906, 52.247211731585729 ], [ -81.779244850127483, 52.247207866029505 ], [ -81.77924170010057, 52.247028071083889 ], [ -81.779534618721371, 52.247026137228168 ], [ -81.779235400146092, 52.246668481175725 ], [ -81.778356651187764, 52.24667427830795 ], [ -81.77835350481152, 52.246494483308055 ], [ -81.777767674374758, 52.246498344404486 ], [ -81.777764530399125, 52.246318549374081 ], [ -81.776592873864047, 52.246326262796927 ], [ -81.776596013104637, 52.246506057877014 ], [ -81.77571726680543, 52.246511835351093 ], [ -81.775720402527682, 52.246691630462749 ], [ -81.775427485844872, 52.246693554846438 ], [ -81.775433755020686, 52.247053145077636 ], [ -81.776022730093501, 52.247229090616301 ], [ -81.7760290042024, 52.247588680764061 ], [ -81.775736081633497, 52.247590605936459 ], [ -81.775742353506629, 52.247950196086443 ], [ -81.775449428537016, 52.24795212055691 ], [ -81.775452563339172, 52.248131915635845 ], [ -81.775159637152726, 52.248133839391961 ], [ -81.774872975900934, 52.24849535261184 ], [ -81.773994189941817, 52.248501117413817 ], [ -81.77399731892325, 52.248680912537736 ], [ -81.772825599114896, 52.248688588815313 ], [ -81.772828723393516, 52.248868383983037 ], [ -81.771364066974343, 52.24887796303971 ], [ -81.771367185366088, 52.249057758263511 ], [ -81.76990252220746, 52.249067319212735 ], [ -81.769905634712188, 52.249247114492476 ], [ -81.769319766851638, 52.2492509338094 ], [ -81.769322877021153, 52.249430729108099 ], [ -81.768737006661837, 52.249434545542528 ], [ -81.768733898860276, 52.249254750219229 ], [ -81.766976294102335, 52.24926618200621 ], [ -81.766689558921854, 52.249627675573059 ], [ -81.764935031061867, 52.249818872453787 ], [ -81.764938123569252, 52.249998667919513 ], [ -81.764352245127995, 52.250002462623918 ], [ -81.76435533529984, 52.250182258108438 ], [ -81.762890632708093, 52.25019173221159 ], [ -81.762893716992195, 52.250371527751504 ], [ -81.762307833360296, 52.250375312329545 ], [ -81.76230475144429, 52.250195516765267 ], [ -81.761425929305574, 52.250201188144757 ], [ -81.761429007669435, 52.250380983745593 ], [ -81.760843123713656, 52.250384761055592 ], [ -81.760846199741763, 52.250564556675123 ], [ -81.759967370013371, 52.250570217225544 ], [ -81.759970442521592, 52.250750012875891 ], [ -81.759384553506266, 52.250753782966399 ], [ -81.759387623678634, 52.250933578635404 ], [ -81.758215840524343, 52.250941110143167 ], [ -81.758218905992564, 52.251120905855046 ], [ -81.757633011853756, 52.251124667272229 ], [ -81.757636074985982, 52.251304463002697 ], [ -81.757053239146273, 52.251488017285851 ], [ -81.757050178350099, 52.251308221536789 ], [ -81.756461223189746, 52.251132181384676 ], [ -81.756455106494712, 52.250772589809998 ], [ -81.757037935487247, 52.250589038484229 ], [ -81.757031814248919, 52.250229446924138 ], [ -81.757324755478436, 52.250227568093131 ], [ -81.757321693723497, 52.250047772316726 ], [ -81.757904509627053, 52.249864216740711 ], [ -81.75789838154212, 52.249504625208175 ], [ -81.758191317938909, 52.249502744245227 ], [ -81.758188252760775, 52.249322948482629 ], [ -81.758481187941342, 52.249321066805017 ], [ -81.758475055313809, 52.24896147528716 ], [ -81.758767988094206, 52.248959592907006 ], [ -81.758752651169928, 52.248060614074355 ], [ -81.758459724309191, 52.248062496393878 ], [ -81.758179057419724, 52.248783561161019 ], [ -81.757886125758816, 52.248785442075494 ], [ -81.757889189656311, 52.248965237867132 ], [ -81.757596256779252, 52.248967118066957 ], [ -81.757599319524985, 52.249146913865054 ], [ -81.757306385431747, 52.24914879335023 ], [ -81.757309447025705, 52.249328589154793 ], [ -81.757016511716287, 52.24933046792529 ], [ -81.757019572158455, 52.249510263736326 ], [ -81.756726635632859, 52.249512141792138 ], [ -81.756439815319908, 52.249873610774721 ], [ -81.755853937371867, 52.249877363300783 ], [ -81.755573217016547, 52.250598421858115 ], [ -81.755280273226006, 52.250600296352459 ], [ -81.755283326788955, 52.250780092196564 ], [ -81.754990381782207, 52.250781965976167 ], [ -81.754993434193167, 52.250961761826709 ], [ -81.754700487970226, 52.250963634891555 ], [ -81.754703539229183, 52.251143430748535 ], [ -81.754120693241617, 52.251326970597333 ], [ -81.754126791183367, 52.251686562331365 ], [ -81.753833840127697, 52.251688433263944 ], [ -81.753836887962507, 52.251868229134558 ], [ -81.753543935690629, 52.251870099352345 ], [ -81.753546982373308, 52.252049895229369 ], [ -81.753254028885223, 52.252051764732357 ], [ -81.75296716408981, 52.252413225293807 ], [ -81.752381252216779, 52.252416960713632 ], [ -81.752384294258732, 52.252596756621912 ], [ -81.752091337090022, 52.252598623253547 ], [ -81.751804459332263, 52.252960081006066 ], [ -81.751511499731137, 52.252961946208003 ], [ -81.751508461177934, 52.252782150274932 ], [ -81.751215502729096, 52.252784014737983 ], [ -81.750916471974648, 52.252426286543098 ], [ -81.75033055965423, 52.252430011786849 ], [ -81.750043668614509, 52.252791465321465 ], [ -81.749457751365824, 52.252795186251966 ], [ -81.749460781629352, 52.252974982269023 ], [ -81.748581901964641, 52.252980558249142 ], [ -81.748294993161281, 52.253342007568392 ], [ -81.74712314356151, 52.253349429220364 ], [ -81.747126164446385, 52.253529225316207 ], [ -81.746540237087288, 52.253532931804735 ], [ -81.746543255635331, 52.25371272791881 ], [ -81.74537139579914, 52.253720132220842 ], [ -81.745374409641684, 52.253899928376995 ], [ -81.745081443419053, 52.253901777647179 ], [ -81.744794500207618, 52.254263218533502 ], [ -81.74332965661803, 52.254272450465223 ], [ -81.743332662265217, 52.254452246687762 ], [ -81.742746722239332, 52.254455934395807 ], [ -81.742459756461997, 52.254817369658923 ], [ -81.741290863881446, 52.255004529827886 ], [ -81.741003882738582, 52.255365961576743 ], [ -81.74012495412957, 52.255371474779913 ], [ -81.740121961352912, 52.255191678455077 ], [ -81.738367096062134, 52.255382481558733 ], [ -81.738672020217606, 52.256099834392415 ], [ -81.738379039056653, 52.256101667085417 ], [ -81.738092027180997, 52.256463091804626 ], [ -81.736627108903804, 52.256472240848211 ], [ -81.736630087686677, 52.256652037275302 ], [ -81.736044117787415, 52.256655691827447 ], [ -81.736041141373562, 52.256475895376816 ], [ -81.734283238032006, 52.256486841515226 ], [ -81.734286207338783, 52.256666638036364 ], [ -81.733700236939299, 52.25667028095684 ], [ -81.733401320217482, 52.256312508208289 ], [ -81.732232349379601, 52.256499578932612 ], [ -81.732229388395581, 52.256319782323779 ], [ -81.731643422297751, 52.256323415019693 ], [ -81.731640463713859, 52.256143618381834 ], [ -81.731054499860548, 52.256147248146469 ], [ -81.731051543676728, 52.255967451479606 ], [ -81.730172601217106, 52.255972890639256 ], [ -81.730175553847488, 52.256152687341157 ], [ -81.728124678730794, 52.256165353351477 ], [ -81.728121734391806, 52.255985556567978 ], [ -81.726949809810165, 52.255992778248284 ], [ -81.726946870240027, 52.255812981412639 ], [ -81.725188989547291, 52.255823792054457 ], [ -81.725186057114854, 52.255643995143537 ], [ -81.724307119905404, 52.255649390615694 ], [ -81.724310048784432, 52.255829187561361 ], [ -81.722552166427434, 52.255839958947149 ], [ -81.722549244655198, 52.255660161932106 ], [ -81.715224752570421, 52.255704760719674 ], [ -81.715221860440465, 52.255524963411681 ], [ -81.713466871634196, 52.255715396821103 ], [ -81.71346398661106, 52.255535599444599 ], [ -81.712585049286616, 52.255540907647088 ], [ -81.712587930756342, 52.255720705057783 ], [ -81.709951106487779, 52.255736590511674 ], [ -81.709663865202899, 52.256097946959187 ], [ -81.708784916038709, 52.256103226912195 ], [ -81.708782049906858, 52.255923429365019 ], [ -81.707317139953062, 52.25593221469056 ], [ -81.707322860401817, 52.256291809892467 ], [ -81.707029875951761, 52.256293564799257 ], [ -81.707032735036719, 52.256473362403085 ], [ -81.706739749372062, 52.256475116594203 ], [ -81.706452477199292, 52.256836465294334 ], [ -81.706159489105445, 52.256838218054057 ], [ -81.706156633513999, 52.256658420427563 ], [ -81.70586364657467, 52.256660172449003 ], [ -81.705564953250672, 52.25630232842849 ], [ -81.704978983960117, 52.256305828791291 ], [ -81.70469169851728, 52.256667173264809 ], [ -81.702933775532429, 52.256677652678697 ], [ -81.703232450293015, 52.257035503399869 ], [ -81.702939460684917, 52.257037248173845 ], [ -81.702652153949856, 52.257398587715954 ], [ -81.70235916191281, 52.257400331058378 ], [ -81.702356321631015, 52.257220533302373 ], [ -81.700598375889541, 52.25723097802237 ], [ -81.700601209063734, 52.257410775845649 ], [ -81.700015224542199, 52.257414251625285 ], [ -81.700012393737197, 52.25723445377961 ], [ -81.69942358305974, 52.257058128755155 ], [ -81.699417926336892, 52.256698532990974 ], [ -81.699124938710284, 52.256700268291524 ], [ -81.699412269732989, 52.256338937204347 ], [ -81.698826299188255, 52.256342407033735 ], [ -81.698823473299996, 52.256162609109644 ], [ -81.697065568060125, 52.256173001083148 ], [ -81.697068386841224, 52.256352799074179 ], [ -81.696189430267353, 52.256357985280054 ], [ -81.696192245524458, 52.256537783298896 ], [ -81.695020298273363, 52.256544688106686 ], [ -81.695025919399882, 52.256904284216489 ], [ -81.694146951543772, 52.256909455255517 ], [ -81.694144144519441, 52.256729657170098 ], [ -81.692093226781239, 52.25674169740509 ], [ -81.69209602551355, 52.256921495568065 ], [ -81.690338087768168, 52.256931787482742 ], [ -81.690340879422379, 52.257111585706383 ], [ -81.687410968986825, 52.257128680847053 ], [ -81.687413748824341, 52.257308479175229 ], [ -81.685948786586465, 52.257316999537466 ], [ -81.685951560530128, 52.257496797914932 ], [ -81.684776816270997, 52.257323802740913 ], [ -81.684489359689493, 52.257685098583075 ], [ -81.681559407880812, 52.257702048648511 ], [ -81.681562164113075, 52.257881847178716 ], [ -81.680976171033805, 52.257885228489215 ], [ -81.680978924925725, 52.258065027035585 ], [ -81.679806933681064, 52.258071780975669 ], [ -81.679809682863237, 52.258251579559939 ], [ -81.67922368469803, 52.258254952189475 ], [ -81.679226431539732, 52.258434750789881 ], [ -81.677175428759313, 52.258446532167156 ], [ -81.677178167336947, 52.258626330837835 ], [ -81.676299162158955, 52.258631369126213 ], [ -81.676301897211246, 52.258811167823744 ], [ -81.676008894242969, 52.258812845809892 ], [ -81.676011628139278, 52.258992644512631 ], [ -81.675425619747045, 52.258995998325368 ], [ -81.675428351302614, 52.259175797044094 ], [ -81.67367031832832, 52.259185841097384 ], [ -81.673673042804054, 52.259365639875213 ], [ -81.673087029213747, 52.259368982097925 ], [ -81.673089751348556, 52.259548780891663 ], [ -81.671334417836988, 52.259738589027059 ], [ -81.67104683628331, 52.26009985241668 ], [ -81.669874789002776, 52.260106507950489 ], [ -81.669877498219009, 52.260286306839909 ], [ -81.669291472038083, 52.260289630265639 ], [ -81.66929417891312, 52.260469429170847 ], [ -81.668122121470361, 52.260476067339845 ], [ -81.668124823634457, 52.260655866282207 ], [ -81.66724577669936, 52.260660837306325 ], [ -81.66724847533726, 52.260840636275127 ], [ -81.666662441535522, 52.260843946676971 ], [ -81.666665137832041, 52.261023745661475 ], [ -81.665786083362121, 52.261028705842818 ], [ -81.665788776132288, 52.261208504853677 ], [ -81.665202737307609, 52.261211808026893 ], [ -81.665205427736282, 52.261391607053433 ], [ -81.664619386428569, 52.261394907339408 ], [ -81.664622074515705, 52.261574706381587 ], [ -81.663449986821419, 52.261581298270372 ], [ -81.663452670197074, 52.261761097349435 ], [ -81.662866623810686, 52.261764388952194 ], [ -81.662869304844648, 52.261944188046861 ], [ -81.661990231498734, 52.2619491200292 ], [ -81.661992909006017, 52.262128919150015 ], [ -81.661406857597981, 52.262132203523663 ], [ -81.661409532763457, 52.262312002660046 ], [ -81.660530451885492, 52.262316923798558 ], [ -81.660533123524118, 52.262496722961032 ], [ -81.659361010553525, 52.262503274341015 ], [ -81.659073313752188, 52.262864508781753 ], [ -81.65819422153551, 52.262869412563198 ], [ -81.658196883778203, 52.263049211793209 ], [ -81.656731723598725, 52.263057370271348 ], [ -81.656734379944183, 52.263237169548326 ], [ -81.655562246557452, 52.263243683283562 ], [ -81.655564898190605, 52.263423482596892 ], [ -81.654978828959727, 52.263426735122351 ], [ -81.654981478250619, 52.263606534451043 ], [ -81.654102370640118, 52.26361140781669 ], [ -81.654105016403619, 52.263791207171167 ], [ -81.652935508843996, 52.263977494243775 ], [ -81.652647750251717, 52.264338713142116 ], [ -81.651475586864322, 52.264345186405137 ], [ -81.651478222072882, 52.264524985831152 ], [ -81.650892137842561, 52.264528218120191 ], [ -81.650894770708518, 52.264708017561425 ], [ -81.650015640599889, 52.264712860572033 ], [ -81.650018269938045, 52.264892660038868 ], [ -81.649432180690326, 52.264895885097253 ], [ -81.649434807685765, 52.265075684579273 ], [ -81.647093057650693, 52.265268355365805 ], [ -81.647095675219731, 52.265448154919547 ], [ -81.646509578309207, 52.265451365495359 ], [ -81.646512193535344, 52.265631165064178 ], [ -81.645337384158168, 52.265457777920005 ], [ -81.645339994643393, 52.265637577530136 ], [ -81.644753895032636, 52.265640779399604 ], [ -81.644756503174847, 52.265820579024776 ], [ -81.641828587941731, 52.266016344562246 ], [ -81.641540725796688, 52.266377536602675 ], [ -81.641833780657933, 52.266375943990305 ], [ -81.642158008307518, 52.268531946625586 ], [ -81.642451077338421, 52.268530352435427 ], [ -81.642464073100328, 52.269429350469018 ], [ -81.643052824540163, 52.26960595937328 ] ] ] } },
{ "type": "Feature", "properties": { }, "geometry": { "type": "Polygon", "coordinates": [ [ [ -81.79775355610532, 52.250141112784171 ], [ -81.797750330922881, 52.249961318728516 ], [ -81.800090588432823, 52.249765665581059 ], [ -81.800087353846465, 52.249585871616226 ], [ -81.801255850335849, 52.249398130762586 ], [ -81.801542302169196, 52.249036554395033 ], [ -81.802128162681882, 52.249032575190604 ], [ -81.802124919944191, 52.248852781292847 ], [ -81.803003706905713, 52.248846807074059 ], [ -81.803000460650424, 52.248667013209129 ], [ -81.803879243753073, 52.248661032488165 ], [ -81.80387599398027, 52.248481238656098 ], [ -81.804461846843438, 52.248477247900802 ], [ -81.804458594737071, 52.248297454088792 ], [ -81.8076807700144, 52.248275453114857 ], [ -81.807684035143296, 52.248455246785149 ], [ -81.809441590647921, 52.248443209113212 ], [ -81.809438318415843, 52.248263415520462 ], [ -81.808559544369785, 52.248269437587936 ], [ -81.80855627572366, 52.248089643950749 ], [ -81.807384581249877, 52.248097663148194 ], [ -81.807381317373469, 52.247917869453694 ], [ -81.806792210823872, 52.247742080940327 ], [ -81.806782426606333, 52.247202699728568 ], [ -81.80707534442584, 52.247200697537217 ], [ -81.807072081904806, 52.247020903801555 ], [ -81.807364998506216, 52.247018900896407 ], [ -81.807361734835723, 52.246839107168 ], [ -81.807654650219064, 52.246837103549062 ], [ -81.807941033595043, 52.246475511781291 ], [ -81.808526859455057, 52.246471500961654 ], [ -81.808523591152593, 52.246291707267929 ], [ -81.808816502847336, 52.246289700781013 ], [ -81.808813233395526, 52.246109907094564 ], [ -81.809106143872185, 52.2461078998939 ], [ -81.809102873271044, 52.24592810621472 ], [ -81.80939578252962, 52.245926098300323 ], [ -81.80968214591995, 52.245564502335696 ], [ -81.810267959530336, 52.245560482925342 ], [ -81.810264684297721, 52.245380689280978 ], [ -81.810557589867599, 52.245378678498774 ], [ -81.810554313485753, 52.245198884861701 ], [ -81.810847217837548, 52.245196873365792 ], [ -81.811133564760027, 52.244835273903988 ], [ -81.811719368556751, 52.244831247330815 ], [ -81.8117160875438, 52.244651453728643 ], [ -81.812008988206827, 52.244649439365084 ], [ -81.812295322178585, 52.244287837105482 ], [ -81.812881118597687, 52.244283804797142 ], [ -81.812877832953959, 52.244104011229929 ], [ -81.81346362686773, 52.244099976041106 ], [ -81.813460338891446, 52.243920182494229 ], [ -81.812581651519622, 52.243926234148574 ], [ -81.812578367128523, 52.243746440557068 ], [ -81.8114067882169, 52.243754499205032 ], [ -81.811410067873823, 52.243934292848444 ], [ -81.811117171876134, 52.243936305706889 ], [ -81.81112700750306, 52.244475686642097 ], [ -81.810248308651097, 52.244481720974335 ], [ -81.810251583711548, 52.244661514646985 ], [ -81.809665781937539, 52.244665533927872 ], [ -81.809669054665207, 52.244845327620752 ], [ -81.809083250386323, 52.244849344020992 ], [ -81.809086520781136, 52.245029137734079 ], [ -81.808500713997475, 52.245033151253615 ], [ -81.808503982059406, 52.24521294498691 ], [ -81.807625268075327, 52.245218959855144 ], [ -81.807628532620654, 52.245398753621522 ], [ -81.807335626706987, 52.245400757137212 ], [ -81.807049245217968, 52.24576234749366 ], [ -81.805584703127082, 52.245772350667878 ], [ -81.805587959489557, 52.245952144507534 ], [ -81.805295049784931, 52.245954142975258 ], [ -81.805301560245155, 52.246313730663374 ], [ -81.80500864813888, 52.246315728430169 ], [ -81.8050119022366, 52.246495522278622 ], [ -81.804718988912384, 52.246497519331598 ], [ -81.804722241860588, 52.246677313187256 ], [ -81.804429327318402, 52.246679309526414 ], [ -81.804142914005993, 52.247040892884684 ], [ -81.803264162969299, 52.247046875439011 ], [ -81.803267410101199, 52.247226669341977 ], [ -81.802974491836878, 52.247228662086187 ], [ -81.80297124588877, 52.247048868170396 ], [ -81.802678328774121, 52.247050860175079 ], [ -81.80268157353845, 52.24723065410371 ], [ -81.802095736839235, 52.247234635958634 ], [ -81.802092494442476, 52.24705484200436 ], [ -81.801799577225509, 52.247056831828942 ], [ -81.801802818438475, 52.247236625796042 ], [ -81.8009240630318, 52.247242590948034 ], [ -81.800927300727452, 52.247422384947896 ], [ -81.79858394200896, 52.247438260147121 ], [ -81.798587170268135, 52.247618054243596 ], [ -81.798294249091626, 52.24762003538607 ], [ -81.798291022016272, 52.247440241276827 ], [ -81.797705181929118, 52.247444201356103 ], [ -81.797708406636858, 52.247623995490855 ], [ -81.797122564046447, 52.247627952688774 ], [ -81.797125786420409, 52.247807746843357 ], [ -81.796832863890558, 52.247809724364991 ], [ -81.796845748989796, 52.24852890097781 ], [ -81.796552821690625, 52.248530877823647 ], [ -81.796565702596155, 52.249250054397017 ], [ -81.796272770527452, 52.249252030567042 ], [ -81.796275989654546, 52.249431824708999 ], [ -81.796568922907184, 52.249429848526255 ], [ -81.796874742444615, 52.250147048026221 ], [ -81.79775355610532, 52.250141112784171 ] ] ] } },
{ "type": "Feature", "properties": { }, "geometry": { "type": "Polygon", "coordinates": [ [ [ -81.819295066180345, 52.242621117851584 ], [ -81.819291754811559, 52.242441324520399 ], [ -81.818120212225182, 52.242449449649762 ], [ -81.818123518860162, 52.242629243033285 ], [ -81.819295066180345, 52.242621117851584 ] ] ] } },
{ "type": "Feature", "properties": { }, "geometry": { "type": "Polygon", "coordinates": [ [ [ -81.76013124739103, 52.243016909208393 ], [ -81.760128175088084, 52.242837113327838 ], [ -81.759542390312575, 52.242840883803183 ], [ -81.759545460248432, 52.243020679708025 ], [ -81.76013124739103, 52.243016909208393 ] ] ] } },
{ "type": "Feature", "properties": { }, "geometry": { "type": "Polygon", "coordinates": [ [ [ -81.820463296840927, 52.242433187765911 ], [ -81.820459980773222, 52.242253394481487 ], [ -81.819288443477589, 52.242261531183573 ], [ -81.819291754811559, 52.242441324520399 ], [ -81.820463296840927, 52.242433187765911 ] ] ] } },
{ "type": "Feature", "properties": { }, "geometry": { "type": "Polygon", "coordinates": [ [ [ -81.759024099371999, 52.246800160510595 ], [ -81.758999554306001, 52.245361793866735 ], [ -81.758706645234568, 52.245363676731067 ], [ -81.758700511658049, 52.245004084989496 ], [ -81.758993418362081, 52.245002202149422 ], [ -81.758984214688127, 52.244462814531175 ], [ -81.758691311535088, 52.244464697334855 ], [ -81.758679045155873, 52.243745513716448 ], [ -81.758386146705092, 52.24374739574499 ], [ -81.758376950809946, 52.243208007935635 ], [ -81.758669845709974, 52.243206125943466 ], [ -81.758666779292497, 52.243026330007851 ], [ -81.758959672976729, 52.243024447301195 ], [ -81.759246429156306, 52.242662972028334 ], [ -81.758660646554233, 52.242666738119759 ], [ -81.758657580233461, 52.24248694216724 ], [ -81.75836469006758, 52.242488824110929 ], [ -81.758361624962561, 52.242309028140674 ], [ -81.758068735947944, 52.242310909345633 ], [ -81.758065672058649, 52.242131113357615 ], [ -81.757772784195325, 52.242132993823866 ], [ -81.757769721521711, 52.241953197818098 ], [ -81.75747683480968, 52.241955077545654 ], [ -81.757473773351734, 52.241775281522152 ], [ -81.75718088779098, 52.241777160511013 ], [ -81.757177827548674, 52.241597364469762 ], [ -81.756884943139212, 52.241599242719957 ], [ -81.756881884112531, 52.241419446660963 ], [ -81.756589000854348, 52.241421324172478 ], [ -81.756585943043262, 52.241241528095777 ], [ -81.756293060936372, 52.241243404868626 ], [ -81.756290004340855, 52.241063608774191 ], [ -81.755997123385242, 52.241065484808381 ], [ -81.755994068005279, 52.240885688696238 ], [ -81.755701188200959, 52.240887563991777 ], [ -81.755698134036507, 52.24070776786192 ], [ -81.755405255383479, 52.240709642418835 ], [ -81.755402202434524, 52.240529846271258 ], [ -81.755109324932789, 52.24053172008955 ], [ -81.755106273199289, 52.24035192392428 ], [ -81.754813396848846, 52.240353797003955 ], [ -81.7548103463308, 52.240174000820964 ], [ -81.754517471131663, 52.240175873162038 ], [ -81.754514421829029, 52.239996076961368 ], [ -81.754221547781171, 52.239997948563833 ], [ -81.754218499693948, 52.239818152345471 ], [ -81.753925626797383, 52.239820023209347 ], [ -81.753626662523743, 52.239462300844885 ], [ -81.753040921303793, 52.23946603889182 ], [ -81.753037878045902, 52.239286242608372 ], [ -81.752745008571225, 52.239288110530026 ], [ -81.753050051269426, 52.240005427708333 ], [ -81.753638845341911, 52.240181485825993 ], [ -81.753651028672408, 52.24090067071694 ], [ -81.754239836977504, 52.241076725755683 ], [ -81.754248982008306, 52.241616114275544 ], [ -81.754541866706759, 52.24161424256458 ], [ -81.754544916297917, 52.241794038714552 ], [ -81.754837802147776, 52.241792166264943 ], [ -81.754840852954473, 52.241971962397201 ], [ -81.755133739955738, 52.241970089208941 ], [ -81.755136791977989, 52.242149885323506 ], [ -81.755429680130646, 52.242148011396587 ], [ -81.755432733368494, 52.242327807493453 ], [ -81.755725622672557, 52.242325932827846 ], [ -81.755728677126001, 52.242505728907012 ], [ -81.756317514857415, 52.242681773421232 ], [ -81.756323628659047, 52.243041365503018 ], [ -81.756912475826638, 52.243217406997189 ], [ -81.75692165396805, 52.243756794988172 ], [ -81.757214552579825, 52.243754916592806 ], [ -81.757220673868829, 52.244114508534409 ], [ -81.757513574815675, 52.244112629388205 ], [ -81.757522760541448, 52.244652017222045 ], [ -81.757815665007044, 52.24465013731286 ], [ -81.757821791352541, 52.245009729149693 ], [ -81.758114698153264, 52.245007848489621 ], [ -81.75812389146418, 52.245547236166267 ], [ -81.75841680178381, 52.245545354743172 ], [ -81.758432130531858, 52.24644433403094 ], [ -81.758725046738022, 52.246442451820556 ], [ -81.75873118083048, 52.246802043471952 ], [ -81.759024099371999, 52.246800160510595 ] ] ] } },
{ "type": "Feature", "properties": { }, "geometry": { "type": "Polygon", "coordinates": [ [ [ -81.823415445765889, 52.243671346932928 ], [ -81.823412117618972, 52.243491553819453 ], [ -81.8237050097907, 52.24348951046975 ], [ -81.823701680495262, 52.2433097173638 ], [ -81.82399457144848, 52.243307673300663 ], [ -81.823991241004563, 52.243127880202202 ], [ -81.824573687663133, 52.242943996844737 ], [ -81.824567022216542, 52.242584410672229 ], [ -81.824859908330808, 52.242582364482047 ], [ -81.824856574476641, 52.242402571400476 ], [ -81.825149459372412, 52.242400524496908 ], [ -81.825435671896258, 52.242038890739416 ], [ -81.826021436778802, 52.242034793352225 ], [ -81.826018098296174, 52.241855000306458 ], [ -81.8263109795014, 52.241852950536234 ], [ -81.826307639870492, 52.241673157497985 ], [ -81.826600519857223, 52.241671107014419 ], [ -81.826886715918889, 52.241309469763699 ], [ -81.827472470983238, 52.241305365216711 ], [ -81.827469126724267, 52.241125572214344 ], [ -81.828054879281297, 52.241121464787646 ], [ -81.828051532690822, 52.240941671806091 ], [ -81.828637282740459, 52.240937561499749 ], [ -81.828633933818523, 52.240757768539012 ], [ -81.829512555078949, 52.240751597670297 ], [ -81.82979872155731, 52.240389953428554 ], [ -81.830384464084347, 52.240385834483476 ], [ -81.830381108168353, 52.240206041585296 ], [ -81.8309668481877, 52.240201919760729 ], [ -81.830963489940459, 52.240022126883431 ], [ -81.831549227452072, 52.240018002179411 ], [ -81.831545866873626, 52.239838209323018 ], [ -81.832717336739776, 52.239829951250151 ], [ -81.832713971463718, 52.239650158441265 ], [ -81.833592569942212, 52.239643957298355 ], [ -81.83357909499324, 52.238924786166031 ], [ -81.8338719563491, 52.238922717718708 ], [ -81.833865216720767, 52.238563132145217 ], [ -81.83327949870629, 52.238567268260113 ], [ -81.833282866136429, 52.238747061076339 ], [ -81.832990005892924, 52.238749128057407 ], [ -81.832996738493037, 52.23910871369948 ], [ -81.831825287699814, 52.239116974465496 ], [ -81.831539145822717, 52.239478623593229 ], [ -81.831246280634289, 52.239480686268642 ], [ -81.831242921345037, 52.23930089338198 ], [ -81.83095005730452, 52.239302955317612 ], [ -81.830953415410548, 52.239482748217554 ], [ -81.830367684857166, 52.239486869935931 ], [ -81.830371040632045, 52.239666662856756 ], [ -81.830078174119194, 52.239668722639486 ], [ -81.829792014493691, 52.240030367573453 ], [ -81.828620538482852, 52.24003859663943 ], [ -81.828623887263973, 52.240218389622818 ], [ -81.828331016989949, 52.240220445086287 ], [ -81.828044839615416, 52.240582085825999 ], [ -81.8274590941583, 52.240586193173328 ], [ -81.827172907352534, 52.240947831816662 ], [ -81.82629428169794, 52.240953985288463 ], [ -81.826297621188417, 52.241133778349329 ], [ -81.825711868209794, 52.241137877057632 ], [ -81.825715205368667, 52.241317670139253 ], [ -81.825422327643381, 52.24131971841679 ], [ -81.825418991667846, 52.241139925321988 ], [ -81.824540361831623, 52.241146065755821 ], [ -81.82454369425713, 52.241325858890193 ], [ -81.823957938491091, 52.24132994890644 ], [ -81.823961268584895, 52.241509742061467 ], [ -81.823668389465993, 52.241511785992941 ], [ -81.823678376407273, 52.242051165463607 ], [ -81.823385493703213, 52.242053208708022 ], [ -81.823388821570219, 52.242233001866758 ], [ -81.822803053690322, 52.242237086202223 ], [ -81.822789751899364, 52.24151791342809 ], [ -81.822496872640556, 52.241519954453388 ], [ -81.822493548463569, 52.241340161232571 ], [ -81.821907792207853, 52.241344241077257 ], [ -81.821901148692135, 52.240984654566077 ], [ -81.821315397030119, 52.240988731452077 ], [ -81.821322035812443, 52.241348318015774 ], [ -81.821029157562393, 52.24135035539522 ], [ -81.82103247582252, 52.241530148681704 ], [ -81.820450032779277, 52.241714014594251 ], [ -81.820459980773222, 52.242253394481487 ], [ -81.821338633378957, 52.242247284325998 ], [ -81.821638159148833, 52.242604832612578 ], [ -81.822223932042078, 52.242600754037099 ], [ -81.822227255280239, 52.242780547231462 ], [ -81.822520142857925, 52.242778506840722 ], [ -81.822523467314483, 52.242958300016262 ], [ -81.823112571590372, 52.243134010172341 ], [ -81.82311589848382, 52.243313803310286 ], [ -81.822823007425626, 52.243315845193649 ], [ -81.822829658950454, 52.243675431478856 ], [ -81.823415445765889, 52.243671346932928 ] ] ] } },
{ "type": "Feature", "properties": { }, "geometry": { "type": "Polygon", "coordinates": [ [ [ -81.837955079980588, 52.237994720135511 ], [ -81.837951693762335, 52.237814927510279 ], [ -81.837365986206819, 52.237819083859023 ], [ -81.837369370058866, 52.237998876511014 ], [ -81.837955079980588, 52.237994720135511 ] ] ] } },
{ "type": "Feature", "properties": { }, "geometry": { "type": "Polygon", "coordinates": [ [ [ -81.81100900045152, 52.238003112061094 ], [ -81.811005723115343, 52.237823318218133 ], [ -81.810420011483842, 52.237827340874119 ], [ -81.810423286453755, 52.238007134742993 ], [ -81.81100900045152, 52.238003112061094 ] ] ] } },
{ "type": "Feature", "properties": { }, "geometry": { "type": "Polygon", "coordinates": [ [ [ -81.781575569845799, 52.24647319531892 ], [ -81.781572410481289, 52.246293400450497 ], [ -81.781865324101588, 52.246291460831095 ], [ -81.782151914324359, 52.24592993078123 ], [ -81.782737736663805, 52.245926047958982 ], [ -81.782734572664083, 52.245746253123642 ], [ -81.78302748260019, 52.245744310635018 ], [ -81.783314059868587, 52.245382777782162 ], [ -81.784192782275127, 52.245376943851369 ], [ -81.784479347706664, 52.245015408194547 ], [ -81.786529682016521, 52.245001765345236 ], [ -81.786526502795638, 52.244821970644701 ], [ -81.787991020381909, 52.244812204015652 ], [ -81.787987835276283, 52.244632409372379 ], [ -81.788573639709199, 52.24462849765942 ], [ -81.788570452269823, 52.244448703035708 ], [ -81.789742055998914, 52.244440870940529 ], [ -81.789738863858616, 52.24426107636161 ], [ -81.790324663154649, 52.244257155979462 ], [ -81.790611171470843, 52.243895605599434 ], [ -81.791196965830963, 52.243891680908042 ], [ -81.79120016382204, 52.244071475435078 ], [ -81.79149306213526, 52.244069511986801 ], [ -81.791792361232254, 52.244427136798464 ], [ -81.792378162424839, 52.244423206218144 ], [ -81.792381365251231, 52.244603000677621 ], [ -81.7929703739037, 52.244778861593922 ], [ -81.793276102730317, 52.245496071342018 ], [ -81.793569010276869, 52.245494102705933 ], [ -81.793855499997122, 52.245132544601773 ], [ -81.794441310186883, 52.245128603747027 ], [ -81.794438098973899, 52.244948809393257 ], [ -81.795902617939021, 52.24493894460354 ], [ -81.795905835070243, 52.245118738893773 ], [ -81.796494864319257, 52.245294582125034 ], [ -81.796491644786897, 52.245114787865894 ], [ -81.797077454368164, 52.245110833931413 ], [ -81.797074232502354, 52.244931039692105 ], [ -81.797367136058526, 52.244929061647632 ], [ -81.797360690061296, 52.244569473177528 ], [ -81.797653591216331, 52.244567494431898 ], [ -81.797650367084941, 52.244387700201116 ], [ -81.798236166926117, 52.244383740555463 ], [ -81.798522611533201, 52.244022171240701 ], [ -81.799108406436446, 52.244018207286324 ], [ -81.799105176488908, 52.243838413102395 ], [ -81.79939807270604, 52.243836430048049 ], [ -81.799684504361792, 52.243474857933393 ], [ -81.800270291891977, 52.24347088824274 ], [ -81.800267057312183, 52.243291094092982 ], [ -81.800559949842736, 52.243289108170543 ], [ -81.800556714113441, 52.243109314027919 ], [ -81.800849605426464, 52.243107327391684 ], [ -81.801136020614948, 52.242745751777854 ], [ -81.8017217983368, 52.242741774923608 ], [ -81.801718557975661, 52.24256198081526 ], [ -81.80201144560202, 52.242559991311076 ], [ -81.802008204091493, 52.242380197209904 ], [ -81.802301090500308, 52.242378206991951 ], [ -81.802297847840393, 52.242198412897913 ], [ -81.802590733031678, 52.242196421966213 ], [ -81.802587489222432, 52.242016627879373 ], [ -81.80288037319616, 52.242014636233925 ], [ -81.802877128237583, 52.241834842154262 ], [ -81.803459646424585, 52.24165106264968 ], [ -81.803453151944439, 52.241291474513424 ], [ -81.803746031082184, 52.241289480739646 ], [ -81.803733037798125, 52.240570304450706 ], [ -81.803440163393788, 52.240572298173113 ], [ -81.803436916341468, 52.24039250407391 ], [ -81.803729789562468, 52.240390510364328 ], [ -81.803726541360973, 52.240210716272315 ], [ -81.804019413364529, 52.240208721849072 ], [ -81.804029161621429, 52.240748104069631 ], [ -81.804614912625951, 52.240744112966453 ], [ -81.80461166080616, 52.240564318924299 ], [ -81.805490283506529, 52.24055832685913 ], [ -81.805487028170973, 52.240378532849903 ], [ -81.805779901152675, 52.240376534054668 ], [ -81.805763619071755, 52.239477563988167 ], [ -81.805177884906925, 52.239481560723419 ], [ -81.805171377047145, 52.239121972605759 ], [ -81.805464241780186, 52.239119974627137 ], [ -81.805460986718387, 52.238940180572698 ], [ -81.804289532313916, 52.238948168076824 ], [ -81.804286282019177, 52.238768373965293 ], [ -81.803700556978285, 52.238772363332735 ], [ -81.803697309084114, 52.238592569189855 ], [ -81.803111586273062, 52.238596555625698 ], [ -81.803108340779389, 52.238416761451489 ], [ -81.801644039070837, 52.238426714763605 ], [ -81.801640799527163, 52.238246920519629 ], [ -81.800469362279941, 52.238254870041565 ], [ -81.800466127502986, 52.238075075740753 ], [ -81.799001836094789, 52.238084996233688 ], [ -81.799005064955892, 52.238264790598407 ], [ -81.798126486154047, 52.238270734214844 ], [ -81.797840074844174, 52.238632302781944 ], [ -81.797254350672858, 52.238636260158565 ], [ -81.797257572536566, 52.238816054582863 ], [ -81.79696470921688, 52.238818032194196 ], [ -81.796967929931242, 52.238997826625578 ], [ -81.796675065394481, 52.238999803523143 ], [ -81.796678284959469, 52.239179597961609 ], [ -81.79638541920562, 52.23918157414542 ], [ -81.796388637621206, 52.23936136859097 ], [ -81.796095770650282, 52.239363344061012 ], [ -81.796098987916452, 52.239543138513625 ], [ -81.795806119728439, 52.239545113269884 ], [ -81.795519681407285, 52.239906676238803 ], [ -81.794641069439422, 52.239912594045244 ], [ -81.794644280890552, 52.240092388544468 ], [ -81.793179921019231, 52.240102237088315 ], [ -81.79318312658755, 52.240282031645314 ], [ -81.792597380036412, 52.240285966002538 ], [ -81.792594176834726, 52.240106171420187 ], [ -81.79171556030542, 52.240112067469077 ], [ -81.79141629122573, 52.239754442082756 ], [ -81.790830551370604, 52.239758367645777 ], [ -81.790827355369629, 52.239578572970579 ], [ -81.790238424145826, 52.239402700896164 ], [ -81.790232037044831, 52.239043111466984 ], [ -81.789939171732769, 52.239045071655198 ], [ -81.789929594882736, 52.238505687431193 ], [ -81.790512123791345, 52.238321971676676 ], [ -81.790505734726864, 52.237962382204991 ], [ -81.790798592872562, 52.237960420639602 ], [ -81.791078663793584, 52.237239279437709 ], [ -81.790785810414022, 52.237241241679016 ], [ -81.790789005978269, 52.237421036427634 ], [ -81.789910442088726, 52.237426918830742 ], [ -81.789913634137164, 52.237606713611605 ], [ -81.789620778257046, 52.237608672972357 ], [ -81.789627160088301, 52.237968262542374 ], [ -81.789041443494853, 52.23797217913495 ], [ -81.789044632094459, 52.238151973936709 ], [ -81.788751772564268, 52.238153931155892 ], [ -81.788761335014598, 52.23869331556515 ], [ -81.789054198094377, 52.238691358308131 ], [ -81.789060575595258, 52.239050947860846 ], [ -81.789353441007961, 52.239048989852122 ], [ -81.789356630991932, 52.239228784607405 ], [ -81.789649497554365, 52.239226825859575 ], [ -81.789652688755126, 52.239406620596576 ], [ -81.789945556467245, 52.239404661109624 ], [ -81.789948748884825, 52.239584455828371 ], [ -81.790241617746688, 52.239582495602278 ], [ -81.7902448113811, 52.239762290302757 ], [ -81.790537681392649, 52.239760329337528 ], [ -81.790540876243952, 52.239940124019725 ], [ -81.791129815784345, 52.240115994535735 ], [ -81.791136210388188, 52.240475583821329 ], [ -81.792307708762365, 52.240467726680727 ], [ -81.792310910848059, 52.240647521264449 ], [ -81.794653915446517, 52.240631772008264 ], [ -81.794650703894106, 52.240451977525979 ], [ -81.795529326511769, 52.240446059605183 ], [ -81.795526111443138, 52.24026626515537 ], [ -81.796111857319289, 52.240262316267618 ], [ -81.796108639917833, 52.2400825218376 ], [ -81.797280126530907, 52.24007461539474 ], [ -81.797276904430106, 52.239894821009983 ], [ -81.797862645166859, 52.239890863454917 ], [ -81.797859420733346, 52.239711069090006 ], [ -81.798738028034379, 52.239705127346831 ], [ -81.798734800084958, 52.239525333014548 ], [ -81.799613403530756, 52.239519384771093 ], [ -81.799616635029977, 52.239699179065063 ], [ -81.800495241719844, 52.239693224244718 ], [ -81.800498476802872, 52.239873018494684 ], [ -81.801084216792631, 52.239869044956315 ], [ -81.801080979343055, 52.239689250731956 ], [ -81.801373848103623, 52.239687262885802 ], [ -81.801660237300041, 52.239325685898677 ], [ -81.802245969917863, 52.239321706625098 ], [ -81.802249212032365, 52.239501500809531 ], [ -81.80283819139548, 52.239677312757451 ], [ -81.803157026767053, 52.241113673471219 ], [ -81.802864148744419, 52.241115665779063 ], [ -81.802577757999273, 52.241477245584932 ], [ -81.80169911652419, 52.24148321604649 ], [ -81.801702356680934, 52.241663010188738 ], [ -81.801116593160401, 52.241666986889292 ], [ -81.801113355370461, 52.241487192721429 ], [ -81.798770309394996, 52.241503070358959 ], [ -81.798773537717707, 52.241682864629091 ], [ -81.797602009181404, 52.241690786061554 ], [ -81.797605232804386, 52.241870580377068 ], [ -81.79614081545445, 52.241880465883668 ], [ -81.795854365029314, 52.242242029572168 ], [ -81.794975707011261, 52.24224795005388 ], [ -81.794978920084773, 52.242427744466987 ], [ -81.794100258212325, 52.242433658447595 ], [ -81.794103467769204, 52.242613452893131 ], [ -81.793517690651882, 52.242617391939348 ], [ -81.793520897875524, 52.242797186404609 ], [ -81.79234933850239, 52.242805055828647 ], [ -81.792352541025764, 52.242984850338964 ], [ -81.791766758770123, 52.242988780716743 ], [ -81.791769958960117, 52.24316857524672 ], [ -81.791184174202868, 52.243172502743398 ], [ -81.791187372059468, 52.243352297293029 ], [ -81.790601584800669, 52.243356221908577 ], [ -81.790604780323804, 52.243536016477847 ], [ -81.789726095633029, 52.243541897989488 ], [ -81.789729287639091, 52.243721692590988 ], [ -81.789436391491478, 52.243723651654257 ], [ -81.789439582347526, 52.243903446262742 ], [ -81.788853787584543, 52.243907362234658 ], [ -81.788856976106956, 52.24408715686269 ], [ -81.78827117884272, 52.244091069953321 ], [ -81.787971910250477, 52.243733436071338 ], [ -81.787386117519588, 52.243737344751835 ], [ -81.787389300090624, 52.243917139448527 ], [ -81.787096402491414, 52.243919092711437 ], [ -81.786809865366862, 52.244280634674439 ], [ -81.784469835000735, 52.244476023812382 ], [ -81.784473005869359, 52.244655818612081 ], [ -81.783887200500899, 52.244659709979004 ], [ -81.783890369035603, 52.244839504798129 ], [ -81.783304561166602, 52.244843393283531 ], [ -81.783307727367315, 52.245023188122055 ], [ -81.782721916997843, 52.245027073725865 ], [ -81.782725080864495, 52.245206868583765 ], [ -81.781846361509849, 52.24521269157708 ], [ -81.781849521858732, 52.245392486466869 ], [ -81.780681046500007, 52.245580035268723 ], [ -81.780684202180524, 52.245759830197159 ], [ -81.781273180565904, 52.245935749564495 ], [ -81.781276338680229, 52.246115544456678 ], [ -81.780983426177244, 52.246117482610231 ], [ -81.78098974013804, 52.246477072402648 ], [ -81.781575569845799, 52.24647319531892 ] ], [ [ -81.804901282104893, 52.24038252826081 ], [ -81.804315535902035, 52.240386520765625 ], [ -81.804305784300212, 52.239847138549713 ], [ -81.804891523403285, 52.239843146122048 ], [ -81.804901282104893, 52.24038252826081 ] ] ] } },
{ "type": "Feature", "properties": { }, "geometry": { "type": "Polygon", "coordinates": [ [ [ -81.853214518957998, 52.239503761496344 ], [ -81.853211070892812, 52.239323969624742 ], [ -81.852918208352207, 52.23932608605967 ], [ -81.852618454486404, 52.238968617953375 ], [ -81.85056843199942, 52.238983407380729 ], [ -81.850564994691339, 52.238803615369605 ], [ -81.848222119146513, 52.238820473875812 ], [ -81.848218691339753, 52.238640681750447 ], [ -81.847632974459245, 52.238644889085286 ], [ -81.847636399899699, 52.238824681237745 ], [ -81.846172101152732, 52.238835186929514 ], [ -81.846168681628029, 52.238655394709376 ], [ -81.845582964243818, 52.238659591873805 ], [ -81.845579547121346, 52.238479799620961 ], [ -81.844700974325079, 52.238486089878656 ], [ -81.844401291982322, 52.238128600547611 ], [ -81.843815581266128, 52.238132788913603 ], [ -81.843812171350038, 52.237952996562775 ], [ -81.843223055342619, 52.237777389612567 ], [ -81.843206018309672, 52.236878427610343 ], [ -81.843498865475894, 52.236876335337797 ], [ -81.843495456993722, 52.236696542933842 ], [ -81.843788302941093, 52.236694449948367 ], [ -81.843784893311764, 52.236514657552213 ], [ -81.844077738040284, 52.236512563853815 ], [ -81.844074327263797, 52.236332771465484 ], [ -81.844367170773467, 52.23633067705417 ], [ -81.844653188069969, 52.235968997176755 ], [ -81.844067505818373, 52.235973186671821 ], [ -81.843781483718274, 52.236334865150404 ], [ -81.842902952866694, 52.236341141846751 ], [ -81.842899546857993, 52.236161349398849 ], [ -81.841435333971063, 52.236171795964147 ], [ -81.841438734064837, 52.236351588479351 ], [ -81.841145890197183, 52.23635367562666 ], [ -81.841149289143701, 52.236533468149624 ], [ -81.840856444057337, 52.23653555458398 ], [ -81.840570392203404, 52.236897225374612 ], [ -81.839984697120045, 52.23690139466499 ], [ -81.839991485798848, 52.237260979778725 ], [ -81.839409177867381, 52.237444938792329 ], [ -81.839412569929848, 52.237624731361876 ], [ -81.842341091954268, 52.237603869844214 ], [ -81.842344495883253, 52.237783662273735 ], [ -81.842930202225304, 52.237779481226056 ], [ -81.842933608556251, 52.237959273622977 ], [ -81.843226462856677, 52.237957181996016 ], [ -81.84322987040656, 52.238136974373795 ], [ -81.843522725854257, 52.238134882006925 ], [ -81.843526134623062, 52.238314674365562 ], [ -81.843818991218072, 52.238312581258761 ], [ -81.843822401205841, 52.238492373598248 ], [ -81.844411529044436, 52.238667977485157 ], [ -81.844418353931886, 52.239027562081844 ], [ -81.844711215151889, 52.239025466741715 ], [ -81.844714628832605, 52.239205259018057 ], [ -81.845593215826796, 52.239198968598316 ], [ -81.845589798596549, 52.239019176362468 ], [ -81.846175520713388, 52.239014979143974 ], [ -81.846178940309983, 52.239194771352793 ], [ -81.847057526765141, 52.239188470035941 ], [ -81.847054103619001, 52.239008677867723 ], [ -81.8496898503913, 52.23898973480977 ], [ -81.849693284185975, 52.239169526855974 ], [ -81.851743315714501, 52.239154752589222 ], [ -81.85174675782757, 52.2393345445346 ], [ -81.8523324831623, 52.23933031675007 ], [ -81.852335927677927, 52.239510108662557 ], [ -81.853214518957998, 52.239503761496344 ] ] ] } },
{ "type": "Feature", "properties": { }, "geometry": { "type": "Polygon", "coordinates": [ [ [ -81.751857284573035, 52.238754320907461 ], [ -81.751848169478137, 52.238214931828345 ], [ -81.752141031949151, 52.238213066158352 ], [ -81.752137992464839, 52.238033269799402 ], [ -81.752430853720682, 52.238031403414951 ], [ -81.75242781308512, 52.237851607062375 ], [ -81.752720673125793, 52.237849739963451 ], [ -81.752717631339024, 52.237669943617284 ], [ -81.753010490164513, 52.237668075803903 ], [ -81.753007447226537, 52.237488279464117 ], [ -81.75330030483687, 52.237486410936299 ], [ -81.753297260747701, 52.237306614602922 ], [ -81.753590117142863, 52.237304745360682 ], [ -81.753587071902544, 52.237124949033706 ], [ -81.753879927082551, 52.23712307907703 ], [ -81.753876880691109, 52.236943282756471 ], [ -81.754169734655946, 52.236941412085386 ], [ -81.754166687113397, 52.236761615771243 ], [ -81.75474934270396, 52.23657807597813 ], [ -81.754740193266116, 52.236038687057302 ], [ -81.755322837025773, 52.235855144456501 ], [ -81.755603470861956, 52.235134085041153 ], [ -81.756186099210126, 52.234950538210583 ], [ -81.756179988300062, 52.234590945621612 ], [ -81.75647282662861, 52.234589069295978 ], [ -81.756466713481103, 52.234229476708641 ], [ -81.756759549411626, 52.234227599680793 ], [ -81.756753434026791, 52.233868007095104 ], [ -81.757046267559289, 52.233866129365047 ], [ -81.757332981071741, 52.233504658348764 ], [ -81.756747318770493, 52.233508414486863 ], [ -81.75675037638257, 52.233688210793794 ], [ -81.755871879140983, 52.233693839589428 ], [ -81.755884095715501, 52.234413024905848 ], [ -81.755591258505689, 52.234414899766612 ], [ -81.75560041772475, 52.234954288730975 ], [ -81.755017786882206, 52.235137832680067 ], [ -81.755023888520824, 52.235497425331808 ], [ -81.754731044116809, 52.235499298085763 ], [ -81.754734093801176, 52.235679094415246 ], [ -81.754441248182061, 52.235680966454844 ], [ -81.754444296715434, 52.235860762790757 ], [ -81.754151449881221, 52.235862634115982 ], [ -81.754154497263585, 52.236042430458291 ], [ -81.753861649214272, 52.236044301069136 ], [ -81.753864695445586, 52.236224097417875 ], [ -81.753571846181174, 52.236225967314333 ], [ -81.753574891261422, 52.236405763669474 ], [ -81.752992233016428, 52.236589297680709 ], [ -81.752998318604511, 52.236948890410986 ], [ -81.752705464511649, 52.236950758176235 ], [ -81.752708506170535, 52.237130554544947 ], [ -81.752125834847163, 52.237314084307243 ], [ -81.752131913592095, 52.237673677064585 ], [ -81.751839054670711, 52.237675542698526 ], [ -81.751842092907921, 52.237855339080767 ], [ -81.751549232771396, 52.237857204000235 ], [ -81.751262444440329, 52.238218660988842 ], [ -81.750676719274836, 52.238222387243368 ], [ -81.750679752874944, 52.238402183656724 ], [ -81.750972616656867, 52.238400320880707 ], [ -81.751271552435753, 52.238758050140014 ], [ -81.751857284573035, 52.238754320907461 ] ] ] } },
{ "type": "Feature", "properties": { }, "geometry": { "type": "Polygon", "coordinates": [ [ [ -81.757918643244324, 52.233500899305199 ], [ -81.75791558093286, 52.233321103041028 ], [ -81.757329921126043, 52.233324862060378 ], [ -81.757332981071741, 52.233504658348764 ], [ -81.757918643244324, 52.233500899305199 ] ] ] } },
{ "type": "Feature", "properties": { }, "geometry": { "type": "Polygon", "coordinates": [ [ [ -81.848708377868789, 52.233602290457533 ], [ -81.848701519649751, 52.233242705926628 ], [ -81.848994342475223, 52.23324060012353 ], [ -81.848980621738676, 52.232521431047935 ], [ -81.84839498551365, 52.232525641819315 ], [ -81.848405268915542, 52.233065018715884 ], [ -81.848112447200776, 52.233067123052784 ], [ -81.848115873890691, 52.23324691535386 ], [ -81.84840869678824, 52.233244811003395 ], [ -81.848415552641725, 52.233604395561422 ], [ -81.848708377868789, 52.233602290457533 ] ] ] } },
{ "type": "Feature", "properties": { }, "geometry": { "type": "Polygon", "coordinates": [ [ [ -81.636380846574426, 52.233499447310471 ], [ -81.636668540293442, 52.233138266392942 ], [ -81.636082867804987, 52.233141423852523 ], [ -81.636085437864324, 52.233321224777747 ], [ -81.634914087831305, 52.233327531020599 ], [ -81.634916653185641, 52.233507331980853 ], [ -81.636380846574426, 52.233499447310471 ] ] ] } },
{ "type": "Feature", "properties": { }, "geometry": { "type": "Polygon", "coordinates": [ [ [ -81.827601463140439, 52.23249344872994 ], [ -81.827598119420884, 52.232313655463457 ], [ -81.828183755970272, 52.232309547880263 ], [ -81.828180409920421, 52.232129754634599 ], [ -81.828473226959645, 52.232127699766771 ], [ -81.828466532600046, 52.231768113284915 ], [ -81.828759347238673, 52.231766057717273 ], [ -81.828755998928969, 52.231586264481081 ], [ -81.828170371981898, 52.231590374863593 ], [ -81.828173717926248, 52.231770168126253 ], [ -81.827880903217249, 52.231772222241311 ], [ -81.827884248014072, 52.231952015511553 ], [ -81.827591432087232, 52.231954068913545 ], [ -81.827594775736486, 52.232133862191333 ], [ -81.827012482730936, 52.232317760141449 ], [ -81.827015824085009, 52.232497553434357 ], [ -81.827601463140439, 52.23249344872994 ] ] ] } },
{ "type": "Feature", "properties": { }, "geometry": { "type": "Polygon", "coordinates": [ [ [ -81.851192487491545, 52.2256724522979 ], [ -81.85118904930934, 52.225492659908078 ], [ -81.850603505894611, 52.225496881239792 ], [ -81.850606941712343, 52.225676673656807 ], [ -81.851192487491545, 52.2256724522979 ] ] ] } },
{ "type": "Feature", "properties": { }, "geometry": { "type": "Polygon", "coordinates": [ [ [ -81.835678851373046, 52.225963130053522 ], [ -81.835675475814583, 52.225783336955232 ], [ -81.835968250548007, 52.225781263671138 ], [ -81.835964873842741, 52.225601470580564 ], [ -81.836550420838577, 52.225597321860711 ], [ -81.836547041804309, 52.225417528791183 ], [ -81.835083179959796, 52.225427895078113 ], [ -81.835093299435243, 52.225967274470008 ], [ -81.835678851373046, 52.225963130053522 ] ] ] } },
{ "type": "Feature", "properties": { }, "geometry": { "type": "Polygon", "coordinates": [ [ [ -81.852956014621356, 52.226019355393667 ], [ -81.852952569273327, 52.225839563096862 ], [ -81.853245343073908, 52.225837446957911 ], [ -81.853235003700391, 52.225298070074317 ], [ -81.852649463156425, 52.225302301544353 ], [ -81.852646019135435, 52.225122509211225 ], [ -81.851478381634223, 52.225310755771154 ], [ -81.851481820962505, 52.225490548153054 ], [ -81.852067364160391, 52.225486322464654 ], [ -81.852070805889298, 52.22566611481367 ], [ -81.852363578616234, 52.225664000866679 ], [ -81.852367021563552, 52.225843793196418 ], [ -81.852956014621356, 52.226019355393667 ] ] ] } },
{ "type": "Feature", "properties": { }, "geometry": { "type": "Polygon", "coordinates": [ [ [ -81.750383856644248, 52.238224249280883 ], [ -81.750380824259281, 52.238044452849905 ], [ -81.749502239725956, 52.238050034567557 ], [ -81.74949921092248, 52.237870238094985 ], [ -81.748910463702217, 52.237694159081556 ], [ -81.748898358399344, 52.236974973016629 ], [ -81.748605503859977, 52.236976830611439 ], [ -81.74860247879694, 52.23679703406917 ], [ -81.748309625408908, 52.236798890925549 ], [ -81.748306601560785, 52.236619094365665 ], [ -81.748013749324087, 52.236620950483633 ], [ -81.74801072669085, 52.236441153906178 ], [ -81.747717875605488, 52.236443009285743 ], [ -81.747714854187137, 52.236263212690709 ], [ -81.747422004253124, 52.236265067331885 ], [ -81.747418984049617, 52.236085270719258 ], [ -81.746830268646917, 52.235909181156259 ], [ -81.74682423313088, 52.235549587855111 ], [ -81.746531387833926, 52.235551440269226 ], [ -81.746528371306525, 52.23537164359827 ], [ -81.746235527160906, 52.23537349527404 ], [ -81.746232511848248, 52.235193698585526 ], [ -81.745643812913045, 52.235017603015969 ], [ -81.745616698103831, 52.233399432300679 ], [ -81.745028025383633, 52.233223333507119 ], [ -81.745022005013652, 52.232863739893986 ], [ -81.744729177270955, 52.232865587771002 ], [ -81.744726168316276, 52.232685790944089 ], [ -81.7444333417248, 52.232687638082858 ], [ -81.744427326276011, 52.232328044388332 ], [ -81.743838672418235, 52.23215193955977 ], [ -81.743826651488803, 52.231432751985508 ], [ -81.743533833082154, 52.231434596862044 ], [ -81.743530829111535, 52.231254799942512 ], [ -81.74294519456906, 52.231258487492859 ], [ -81.742942192995486, 52.23107869054396 ], [ -81.742356560692315, 52.231082375165315 ], [ -81.742353561515756, 52.230902578187042 ], [ -81.742060746499618, 52.230904419396403 ], [ -81.742057748537306, 52.230724622400643 ], [ -81.741764934672375, 52.230726462871836 ], [ -81.741761937924281, 52.230546665858583 ], [ -81.741469125210557, 52.230548505591635 ], [ -81.741466129676681, 52.23036870856091 ], [ -81.741173318114164, 52.230370547555808 ], [ -81.741170323794464, 52.230190750507617 ], [ -81.740581711017512, 52.230014629217365 ], [ -81.740578719126091, 52.22983483213423 ], [ -81.74087152720351, 52.229832994627415 ], [ -81.74115834683036, 52.22947156225851 ], [ -81.742329569238237, 52.229464202158169 ], [ -81.742326570345398, 52.229284405129228 ], [ -81.744083395915609, 52.229273343261887 ], [ -81.744086401904184, 52.229453140219597 ], [ -81.744964817810768, 52.22944759944567 ], [ -81.744967827378829, 52.229627396362062 ], [ -81.746142067205497, 52.229799795311223 ], [ -81.745843233432666, 52.229442052135347 ], [ -81.746136038576651, 52.229440201579379 ], [ -81.746422812821606, 52.229078756566594 ], [ -81.745544404485358, 52.229084308163017 ], [ -81.745541392646999, 52.228904511253553 ], [ -81.743784582215667, 52.228915594766029 ], [ -81.743781577504464, 52.228735797779535 ], [ -81.740853569419542, 52.228754212081384 ], [ -81.740850576565649, 52.22857441497068 ], [ -81.740264976935933, 52.228578089092366 ], [ -81.740267967424671, 52.228757886226731 ], [ -81.737339955566412, 52.228776213378374 ], [ -81.737336976903464, 52.228596416125967 ], [ -81.735872975712397, 52.228605552408446 ], [ -81.735870002993593, 52.228425755091557 ], [ -81.734698806208556, 52.228433050998063 ], [ -81.734695838251241, 52.228253253628566 ], [ -81.733524645697301, 52.228260537868209 ], [ -81.733527608924376, 52.228440335284624 ], [ -81.732649210634179, 52.228445790873963 ], [ -81.732652170344693, 52.228625588319886 ], [ -81.731480967458666, 52.228632852318327 ], [ -81.731478012478462, 52.228453054825614 ], [ -81.730892413214193, 52.228456682443955 ], [ -81.730889460630195, 52.228276884922259 ], [ -81.72883987050632, 52.228289558628006 ], [ -81.728836926231239, 52.228109761019056 ], [ -81.728251331139404, 52.228113375518362 ], [ -81.728254273049387, 52.22829317315059 ], [ -81.727375876632067, 52.228298589487615 ], [ -81.727372938269767, 52.228118791820506 ], [ -81.726494545122179, 52.228124201586496 ], [ -81.726491610338385, 52.227944403878901 ], [ -81.725613220460829, 52.227949807073912 ], [ -81.725616151696983, 52.228129604816303 ], [ -81.72385936401507, 52.228140391667388 ], [ -81.723856439874226, 52.227960593855542 ], [ -81.716829306490297, 52.228003479535793 ], [ -81.716826410761229, 52.227823681442132 ], [ -81.715948021399711, 52.227829012705044 ], [ -81.715945129248695, 52.227649214571407 ], [ -81.712724378926282, 52.227668706489524 ], [ -81.712721499813455, 52.227488908224728 ], [ -81.71067193779669, 52.227501266340205 ], [ -81.710669066991755, 52.227321467990194 ], [ -81.709790686364997, 52.227326753397875 ], [ -81.709787819137759, 52.227146955008195 ], [ -81.708616649276948, 52.227153992005931 ], [ -81.708613786809849, 52.226974193565326 ], [ -81.708028204063865, 52.226977707684206 ], [ -81.707729694896699, 52.22661986668836 ], [ -81.706851327557089, 52.226625130173588 ], [ -81.706848472275013, 52.226445331648279 ], [ -81.706262896263468, 52.226448836984801 ], [ -81.706260043376304, 52.226269038431276 ], [ -81.705086047595884, 52.226096241740521 ], [ -81.704787567990024, 52.22573839314429 ], [ -81.704202001018615, 52.225741888223865 ], [ -81.704199156528205, 52.225562089569024 ], [ -81.703613591802025, 52.225565581721348 ], [ -81.7036107497063, 52.225385783038391 ], [ -81.702439624625143, 52.225392758583915 ], [ -81.702141171002211, 52.225034903159774 ], [ -81.701262833883078, 52.225040124948222 ], [ -81.701260001335825, 52.22486032615862 ], [ -81.700674445472245, 52.224863803697659 ], [ -81.700671615319479, 52.224684004880054 ], [ -81.699793284848084, 52.224689215708786 ], [ -81.699790458272062, 52.224509416852008 ], [ -81.69861935529039, 52.224516354412685 ], [ -81.69861653347337, 52.224336555505595 ], [ -81.698030984169208, 52.224340019906663 ], [ -81.698028164746475, 52.224160220971655 ], [ -81.697149844114946, 52.224165412093662 ], [ -81.697147028268759, 52.223985613119595 ], [ -81.694804848075236, 52.223999424072012 ], [ -81.694802041716983, 52.223819625003387 ], [ -81.694216498738001, 52.223823070457826 ], [ -81.694213694773794, 52.223643271361404 ], [ -81.693042613191423, 52.223650153512224 ], [ -81.693039813985791, 52.223470354365858 ], [ -81.691868736661803, 52.223477224854207 ], [ -81.691865942214619, 52.223297425657975 ], [ -81.69069486914978, 52.223304284483987 ], [ -81.690692079460959, 52.223124485237967 ], [ -81.689521010656037, 52.223131332401792 ], [ -81.689518225725493, 52.222951533106041 ], [ -81.689225459633292, 52.222953243070663 ], [ -81.689228243381606, 52.22313304237742 ], [ -81.68834994138281, 52.223138167947553 ], [ -81.688347161181227, 52.222958368607799 ], [ -81.687176096169452, 52.222965192491571 ], [ -81.687178871642061, 52.223144991875273 ], [ -81.686886104133933, 52.223146696041887 ], [ -81.686888878453459, 52.223326495430946 ], [ -81.686306112969348, 52.2235097010131 ], [ -81.686314429096612, 52.224049099195582 ], [ -81.685731651789567, 52.224232301960349 ], [ -81.685737191348991, 52.224591900753204 ], [ -81.686029968432095, 52.224590199403465 ], [ -81.686032739437806, 52.224769998780509 ], [ -81.689838854233969, 52.224747815009799 ], [ -81.689841640639571, 52.224927614238368 ], [ -81.690427198688198, 52.224924190435964 ], [ -81.69042998748786, 52.225103989636871 ], [ -81.691893888008124, 52.225095417367619 ], [ -81.691896682749018, 52.225275216507697 ], [ -81.693946150520091, 52.225263184753807 ], [ -81.69394895356713, 52.225442983810787 ], [ -81.695998428171421, 52.225430916396313 ], [ -81.696001239524776, 52.225610715369946 ], [ -81.69746515498224, 52.22560207394698 ], [ -81.697467972277209, 52.225781872859343 ], [ -81.698639108839942, 52.225774946604979 ], [ -81.698641930894226, 52.225954745467128 ], [ -81.699520286552172, 52.225949543117828 ], [ -81.699523112183428, 52.226129341940833 ], [ -81.700108684838455, 52.226125870054631 ], [ -81.700111512864297, 52.226305668849676 ], [ -81.700697087765334, 52.226302194036286 ], [ -81.700699918185833, 52.226481992803336 ], [ -81.701578283861622, 52.226476775103094 ], [ -81.701581117859277, 52.226656573830915 ], [ -81.70216669719251, 52.226653091710617 ], [ -81.702169533584907, 52.226832890410407 ], [ -81.703047905908576, 52.226827661749681 ], [ -81.703050745878301, 52.227007460410164 ], [ -81.70363632964316, 52.227003970982778 ], [ -81.70363917200774, 52.227183769615188 ], [ -81.704813191033423, 52.22735658058253 ], [ -81.705111681820327, 52.227714428976249 ], [ -81.705697274626687, 52.227710929291618 ], [ -81.705700125388631, 52.227890727822732 ], [ -81.706578517921102, 52.227885472815132 ], [ -81.706877026446278, 52.228243316648523 ], [ -81.707755425714069, 52.228238052858195 ], [ -81.707758284844019, 52.228417851293415 ], [ -81.708929488177318, 52.228410822693498 ], [ -81.70893235206772, 52.228590621077835 ], [ -81.709517955918997, 52.228587102397668 ], [ -81.709520822204709, 52.228766900753719 ], [ -81.711863245864635, 52.228752796891833 ], [ -81.711860370118046, 52.228572998626625 ], [ -81.712445973365817, 52.228569465421266 ], [ -81.712448851477589, 52.228749263663715 ], [ -81.713912864980401, 52.228740417883799 ], [ -81.713915749035522, 52.228920216063656 ], [ -81.715379767693548, 52.228911352070092 ], [ -81.715382657692118, 52.229091150187244 ], [ -81.716846681503881, 52.229082267979798 ], [ -81.716843785592189, 52.228902469919845 ], [ -81.717429392538662, 52.228898911975882 ], [ -81.717432290815594, 52.229078710012928 ], [ -81.718310704554668, 52.229073367615591 ], [ -81.718313606409978, 52.22925316561259 ], [ -81.718606412111313, 52.229251383349457 ], [ -81.718609315179762, 52.229431181329339 ], [ -81.718902122033228, 52.229429398328456 ], [ -81.719200739815278, 52.229787210498259 ], [ -81.719786358100194, 52.229783640819107 ], [ -81.71978345024003, 52.229603842896417 ], [ -81.720954681712314, 52.229596694868711 ], [ -81.720957594303144, 52.229776492745366 ], [ -81.722421638867928, 52.229767541311716 ], [ -81.722418720363763, 52.229587743492722 ], [ -81.723004335609701, 52.229584157858341 ], [ -81.723007256479193, 52.229763955654263 ], [ -81.72534972569521, 52.229749583973003 ], [ -81.725352656056785, 52.229929381670715 ], [ -81.726231085052959, 52.229923980271757 ], [ -81.72622815114336, 52.229744182608833 ], [ -81.72681376795461, 52.229740578067975 ], [ -81.726816704229549, 52.229920375707685 ], [ -81.727695132762946, 52.229914963414409 ], [ -81.727692192939998, 52.229735165809551 ], [ -81.728570617647279, 52.229729747014581 ], [ -81.728573561018237, 52.229909544584537 ], [ -81.729744798258778, 52.229902309310042 ], [ -81.729741850157154, 52.22972251178669 ], [ -81.730913082171227, 52.229715264938278 ], [ -81.730910129369974, 52.229535467455975 ], [ -81.731788549506732, 52.229530024728767 ], [ -81.731791505855938, 52.229709822176019 ], [ -81.7338411600321, 52.229697096977617 ], [ -81.733838195404346, 52.229517299612326 ], [ -81.735009420946298, 52.229510012139166 ], [ -81.735012390304647, 52.229689809457525 ], [ -81.736769234776887, 52.229678856389043 ], [ -81.736772211262377, 52.229858653631233 ], [ -81.73852906170427, 52.229847674346054 ], [ -81.738532045317072, 52.230027471511896 ], [ -81.739117664245612, 52.230023805916304 ], [ -81.739120650255117, 52.2302036030529 ], [ -81.740291892466189, 52.230196263099039 ], [ -81.740294883237837, 52.230376060182763 ], [ -81.740880506520185, 52.230372385824431 ], [ -81.740883499688664, 52.230552182878832 ], [ -81.741472120775924, 52.230728302616733 ], [ -81.741478112001118, 52.231087896650017 ], [ -81.741770928263023, 52.231086056881438 ], [ -81.741776921979678, 52.231445650868508 ], [ -81.742069740575573, 52.231443810349894 ], [ -81.742072738663936, 52.231623607323137 ], [ -81.742661378612169, 52.231799721027109 ], [ -81.742667379677656, 52.232159314897977 ], [ -81.742960202910126, 52.232157472152934 ], [ -81.742963204673003, 52.232337269068054 ], [ -81.743256029056766, 52.232335425584793 ], [ -81.743259032034018, 52.232515222482427 ], [ -81.743551857569045, 52.23251337826094 ], [ -81.7435548617607, 52.232693175141051 ], [ -81.74414352169066, 52.232869281345984 ], [ -81.744152541647168, 52.233408671864304 ], [ -81.744445373001767, 52.233406825404323 ], [ -81.744457404784612, 52.234126012635684 ], [ -81.745046087252987, 52.23430211421136 ], [ -81.745363018156027, 52.235738639374432 ], [ -81.74565586476281, 52.235736789854116 ], [ -81.745658877804431, 52.235916586549564 ], [ -81.745951725562591, 52.235914736290894 ], [ -81.745954739818956, 52.236094532968785 ], [ -81.746247588728508, 52.236092681971769 ], [ -81.746250604199659, 52.236272478632124 ], [ -81.746543454260603, 52.236270626896726 ], [ -81.746546470946555, 52.236450423539523 ], [ -81.747135192423386, 52.236626514478822 ], [ -81.747141230686381, 52.236986107688523 ], [ -81.747434085384626, 52.236984253726021 ], [ -81.747437105746869, 52.23716405031049 ], [ -81.747729961596519, 52.237162195609585 ], [ -81.747732983173691, 52.237341992176461 ], [ -81.748025840174734, 52.237340136737139 ], [ -81.748028862966834, 52.237519933286436 ], [ -81.74861760443018, 52.237696016724207 ], [ -81.748623654906098, 52.238055609746809 ], [ -81.749209378151164, 52.238051893687135 ], [ -81.749212405803263, 52.238231690166046 ], [ -81.750383856644248, 52.238224249280883 ] ] ] } },
{ "type": "Feature", "properties": { }, "geometry": { "type": "Polygon", "coordinates": [ [ [ -81.653518338851768, 52.223875613031531 ], [ -81.653515699256516, 52.223695812433149 ], [ -81.653808472373143, 52.223694191025402 ], [ -81.653805831623316, 52.223514390431852 ], [ -81.654388732322005, 52.223331344880549 ], [ -81.654383446231989, 52.222971743707213 ], [ -81.653505141152891, 52.22297660998354 ], [ -81.653502501696337, 52.222796809357135 ], [ -81.652916967202742, 52.222800049889798 ], [ -81.652914330138429, 52.222620249236904 ], [ -81.651743265547779, 52.222626721546931 ], [ -81.651745897883075, 52.222806522241491 ], [ -81.652334067325782, 52.222983088186041 ], [ -81.652339336863847, 52.223342689505493 ], [ -81.65263210772676, 52.223341071023228 ], [ -81.652634743719631, 52.223520871664128 ], [ -81.652927515737133, 52.223519252445286 ], [ -81.65293015294003, 52.223699053070163 ], [ -81.653518338851768, 52.223875613031531 ] ] ] } },
{ "type": "Feature", "properties": { }, "geometry": { "type": "Polygon", "coordinates": [ [ [ -81.850231747478475, 52.221363763348073 ], [ -81.850228313709167, 52.221183970781411 ], [ -81.849642826817785, 52.22118818710473 ], [ -81.849646258223217, 52.221367979698535 ], [ -81.850231747478475, 52.221363763348073 ] ] ] } },
{ "type": "Feature", "properties": { }, "geometry": { "type": "Polygon", "coordinates": [ [ [ -81.651743265547779, 52.222626721546931 ], [ -81.651740633240138, 52.222446920846757 ], [ -81.651155103143267, 52.222450152624184 ], [ -81.651157733086407, 52.222629953345162 ], [ -81.651743265547779, 52.222626721546931 ] ] ] } },
{ "type": "Feature", "properties": { }, "geometry": { "type": "Polygon", "coordinates": [ [ [ -81.673109686658805, 52.222147173280618 ], [ -81.673397008988587, 52.221785903444875 ], [ -81.673982527717513, 52.221782561361927 ], [ -81.673985249788529, 52.221962361274159 ], [ -81.67457077076736, 52.221959016265266 ], [ -81.674568046331999, 52.221779216374571 ], [ -81.674275287039066, 52.221780889231304 ], [ -81.674272563814498, 52.221601089324231 ], [ -81.673101531085322, 52.221607773447097 ], [ -81.673104249581243, 52.221787573397215 ], [ -81.672811490145335, 52.221789242623444 ], [ -81.672816924858537, 52.222148842528355 ], [ -81.673109686658805, 52.222147173280618 ] ] ] } },
{ "type": "Feature", "properties": { }, "geometry": { "type": "Polygon", "coordinates": [ [ [ -81.851106543775572, 52.221177640851437 ], [ -81.851103106496566, 52.22099784831989 ], [ -81.851981332692105, 52.220991511896713 ], [ -81.852267190780111, 52.220629813332351 ], [ -81.853145409450235, 52.220623468278951 ], [ -81.853141964006397, 52.220443675825663 ], [ -81.853434702308832, 52.220441559369519 ], [ -81.853720545068512, 52.220079857318339 ], [ -81.854306016764767, 52.220075620830706 ], [ -81.854591850105876, 52.219713916688043 ], [ -81.855177316857208, 52.219709675899217 ], [ -81.855173863321653, 52.219529883513083 ], [ -81.855466595461067, 52.219527762043384 ], [ -81.855752415874747, 52.219166055113099 ], [ -81.856337875244819, 52.219161808598614 ], [ -81.856334417091006, 52.218982016250145 ], [ -81.855456231526773, 52.218988384891929 ], [ -81.855459686135234, 52.219168177281411 ], [ -81.854874226547309, 52.219172419440206 ], [ -81.854877678828487, 52.219352211851358 ], [ -81.853999485629174, 52.219358569685888 ], [ -81.854002934401208, 52.219538362132297 ], [ -81.853417469723482, 52.219542597086161 ], [ -81.853131627892111, 52.219904298431771 ], [ -81.852253423404377, 52.219910643321732 ], [ -81.852256865194065, 52.220090435832894 ], [ -81.851671392991008, 52.22009466215691 ], [ -81.8516782719514, 52.220454247216658 ], [ -81.851385533431923, 52.22045635931692 ], [ -81.851388971784445, 52.220636151851878 ], [ -81.851096232046942, 52.220638263239749 ], [ -81.850810364359134, 52.22099995900895 ], [ -81.85022487997594, 52.221004178209093 ], [ -81.850228313709167, 52.221183970781411 ], [ -81.851106543775572, 52.221177640851437 ] ] ] } },
{ "type": "Feature", "properties": { }, "geometry": { "type": "Polygon", "coordinates": [ [ [ -81.877185351392214, 52.222245419667161 ], [ -81.877164095577058, 52.221166672001914 ], [ -81.876871354339286, 52.221168847331874 ], [ -81.876864271729175, 52.220809264703341 ], [ -81.876571532817962, 52.220811439279302 ], [ -81.876560912727456, 52.220272065251898 ], [ -81.876268177324604, 52.22027423905989 ], [ -81.876254022452002, 52.219555073554503 ], [ -81.875961291739202, 52.219557246580557 ], [ -81.875957754295811, 52.219377455176023 ], [ -81.875665024727638, 52.219379627462139 ], [ -81.875661488503169, 52.21919983603793 ], [ -81.87536876007961, 52.219202007584123 ], [ -81.875365225074049, 52.219022216140253 ], [ -81.875072497795102, 52.219024386946522 ], [ -81.875068964008449, 52.218844595482992 ], [ -81.874479980316607, 52.218669143392646 ], [ -81.874487043125825, 52.219028726381254 ], [ -81.874779770479009, 52.219026557026851 ], [ -81.874786835800194, 52.219386139964818 ], [ -81.875079565479808, 52.21938396985653 ], [ -81.875086633313074, 52.219743552743829 ], [ -81.875379365319134, 52.21974138188164 ], [ -81.875393506158588, 52.220460547532163 ], [ -81.875686242854798, 52.220458375888086 ], [ -81.875693315861156, 52.22081795865131 ], [ -81.876282332792229, 52.220993404474392 ], [ -81.87628941074918, 52.221352987147576 ], [ -81.876582153243277, 52.221350813255597 ], [ -81.876589233712835, 52.221710395878056 ], [ -81.876881978533575, 52.221708221232078 ], [ -81.876892603062814, 52.222247595081171 ], [ -81.877185351392214, 52.222245419667161 ] ] ] } },
{ "type": "Feature", "properties": { }, "geometry": { "type": "Polygon", "coordinates": [ [ [ -81.632288767670758, 52.234060881743638 ], [ -81.63228621288296, 52.233881080709061 ], [ -81.633164736822522, 52.233876371638758 ], [ -81.633162178512464, 52.233696570628915 ], [ -81.634919218566907, 52.233687132935515 ], [ -81.634916653185641, 52.233507331980853 ], [ -81.634330975641262, 52.233510480764075 ], [ -81.634328412652962, 52.233330679783528 ], [ -81.633740176771497, 52.233154024634416 ], [ -81.633735055661504, 52.232794422604819 ], [ -81.634027889769072, 52.232792850069778 ], [ -81.634310472489219, 52.23207207276301 ], [ -81.634603301811154, 52.232070498815723 ], [ -81.634891000855887, 52.231709322126356 ], [ -81.635476654633337, 52.231706170640457 ], [ -81.635474087182899, 52.231526369644506 ], [ -81.635766912848268, 52.231524792822157 ], [ -81.635759207110283, 52.230985389831204 ], [ -81.636052029200087, 52.230983812312971 ], [ -81.636046889810771, 52.230624210311326 ], [ -81.636339709507894, 52.230622632087055 ], [ -81.636337138670939, 52.230442831088013 ], [ -81.636629957158235, 52.230441252147564 ], [ -81.636627385165525, 52.230261451153083 ], [ -81.637210445362143, 52.230078490133828 ], [ -81.63720529678082, 52.229718888157564 ], [ -81.636912483078717, 52.229720468509967 ], [ -81.636899618012521, 52.228821463420445 ], [ -81.637482658265, 52.228638501076794 ], [ -81.637477507751271, 52.228278899031316 ], [ -81.638060538515361, 52.228095933847193 ], [ -81.638055383433525, 52.227736331808877 ], [ -81.638348184017829, 52.227734748663366 ], [ -81.638635824871159, 52.22737356277166 ], [ -81.639221421173787, 52.227370392890116 ], [ -81.639218838997365, 52.227190591892182 ], [ -81.639511635925388, 52.227189005872248 ], [ -81.6397992638246, 52.226827817154238 ], [ -81.640384852814591, 52.226824641523997 ], [ -81.640672471280595, 52.226463450686666 ], [ -81.643307598857461, 52.226449118049999 ], [ -81.64331019748073, 52.226628918926913 ], [ -81.645359747900272, 52.226617730579534 ], [ -81.645362354828606, 52.226797531378786 ], [ -81.647121732408877, 52.226967713713293 ], [ -81.64712434648736, 52.227147514439395 ], [ -81.647709938840975, 52.227144302455713 ], [ -81.647712555312083, 52.227324103155517 ], [ -81.648005352630221, 52.227322496063955 ], [ -81.648002734976544, 52.227142695374489 ], [ -81.648588327165129, 52.227139479033312 ], [ -81.648590947183934, 52.227319279702051 ], [ -81.649176541627511, 52.227316060435143 ], [ -81.649179164039012, 52.22749586107755 ], [ -81.650057559045337, 52.227491026699155 ], [ -81.650060185032203, 52.227670827304834 ], [ -81.650645783930287, 52.227667600733845 ], [ -81.650648412309948, 52.22784740131312 ], [ -81.651234013462727, 52.22784417181628 ], [ -81.651236644235254, 52.228023972369186 ], [ -81.652115049304868, 52.228019122645684 ], [ -81.652117683652918, 52.228198923161749 ], [ -81.652703289259492, 52.22819568636055 ], [ -81.652705926000493, 52.22837548685014 ], [ -81.653584337750388, 52.228370626169998 ], [ -81.653586978067054, 52.228550426622689 ], [ -81.654758198075569, 52.228543935506131 ], [ -81.65476084315064, 52.228723735911409 ], [ -81.655346455353467, 52.228720485974513 ], [ -81.655349102821688, 52.228900286353252 ], [ -81.656227524465194, 52.228895405969304 ], [ -81.656230175509293, 52.229075206311009 ], [ -81.657404064510601, 52.229248489216488 ], [ -81.657406720341257, 52.229428289505016 ], [ -81.65769953093654, 52.229426658321103 ], [ -81.657997657979834, 52.229784626929074 ], [ -81.658583283761629, 52.229781360887671 ], [ -81.65858594440698, 52.229961161117323 ], [ -81.658878758438675, 52.229959526996609 ], [ -81.658881420294762, 52.230139327210139 ], [ -81.659469714889298, 52.230315856955578 ], [ -81.659475043472511, 52.230675457312458 ], [ -81.659767862151313, 52.230673820970644 ], [ -81.659770527667732, 52.230853621130152 ], [ -81.660356167306858, 52.230850346246434 ], [ -81.660358835216925, 52.231030146379226 ], [ -81.660947147413282, 52.231206668675128 ], [ -81.660952488105011, 52.231566268870473 ], [ -81.661245312557725, 52.231564628844176 ], [ -81.661234626555213, 52.230845428473309 ], [ -81.660941806833833, 52.230847068457358 ], [ -81.66093646636665, 52.230487468217163 ], [ -81.660643648982784, 52.230489107453764 ], [ -81.660635642040816, 52.229949707019756 ], [ -81.660928455876387, 52.229948067814846 ], [ -81.660925785769095, 52.229768267669513 ], [ -81.661218598393859, 52.229766627748852 ], [ -81.661215927131906, 52.229586827608479 ], [ -81.661508738545876, 52.229585186972059 ], [ -81.661506066129306, 52.229405386836653 ], [ -81.661798876332469, 52.229403745484504 ], [ -81.662086337027844, 52.22904250316072 ], [ -81.663550375654253, 52.229034281979807 ], [ -81.663547695043221, 52.228854481901685 ], [ -81.662669275499809, 52.228859416757317 ], [ -81.662666598464938, 52.228679616641799 ], [ -81.662078313019165, 52.228503102750665 ], [ -81.66207296382062, 52.228143502449264 ], [ -81.662365765688932, 52.228141859718569 ], [ -81.662653213712588, 52.227780615980109 ], [ -81.664117210665182, 52.227772387907265 ], [ -81.664114527886198, 52.227592587811095 ], [ -81.664992922171734, 52.227587642284135 ], [ -81.664995608498472, 52.22776744234843 ], [ -81.665581206912833, 52.227764141677923 ], [ -81.665578518220926, 52.227584341634888 ], [ -81.666164114157084, 52.227581038080629 ], [ -81.666166805214161, 52.227760838102398 ], [ -81.669094795021721, 52.227744276649304 ], [ -81.669092092138825, 52.227564476734194 ], [ -81.670848877565064, 52.227554505066266 ], [ -81.670846167615196, 52.227374705209762 ], [ -81.671138963904042, 52.227373040733951 ], [ -81.671136252800125, 52.227193240882571 ], [ -81.671429047877936, 52.227191575691229 ], [ -81.67171641607473, 52.226830310096965 ], [ -81.672302001357636, 52.226826976126048 ], [ -81.672299285609142, 52.226647176300766 ], [ -81.673177659771866, 52.226642169929896 ], [ -81.67317494050441, 52.226462370131244 ], [ -81.673467730652348, 52.226460699899256 ], [ -81.673755077592602, 52.22609942936996 ], [ -81.674340653015534, 52.226096085317955 ], [ -81.674337929103984, 52.22591628554553 ], [ -81.674923502047491, 52.22591293861025 ], [ -81.674920775799663, 52.225733138853762 ], [ -81.676384701744524, 52.225724758860927 ], [ -81.676381969613203, 52.22554495915282 ], [ -81.677845888928019, 52.225536561059059 ], [ -81.677843150913318, 52.225356761399411 ], [ -81.679014281117603, 52.225350029896248 ], [ -81.679011538402065, 52.225170230274344 ], [ -81.679304319698687, 52.225168545593931 ], [ -81.679301575829584, 52.224988745977264 ], [ -81.679594355914972, 52.224987060581512 ], [ -81.679881643590349, 52.224625775252868 ], [ -81.676956599728001, 52.224822403291782 ], [ -81.676959334109242, 52.225002203000727 ], [ -81.676080992989569, 52.225007237402529 ], [ -81.675793671948412, 52.22536851357161 ], [ -81.673451408553092, 52.225381901054064 ], [ -81.67345412883148, 52.22556170087563 ], [ -81.672282991717566, 52.225568377231241 ], [ -81.672280276168863, 52.225388577366679 ], [ -81.671691996650125, 52.225212111274203 ], [ -81.671673005361185, 52.223953511875692 ], [ -81.67108474723905, 52.223777042640492 ], [ -81.671090168392737, 52.224136642550803 ], [ -81.670797393387886, 52.224138306833659 ], [ -81.670805521785013, 52.224677706689221 ], [ -81.67051274320464, 52.224679370278061 ], [ -81.670515451544929, 52.224859170229415 ], [ -81.670222671753706, 52.224860833102788 ], [ -81.67022537894006, 52.225040633059237 ], [ -81.669932597938001, 52.225042295217136 ], [ -81.669645226635936, 52.225403556587729 ], [ -81.669059659760023, 52.225406877315386 ], [ -81.668772279026996, 52.225768136570508 ], [ -81.664087701647091, 52.225794586541078 ], [ -81.664090384144117, 52.225974386693309 ], [ -81.663504809098185, 52.225977679889141 ], [ -81.663507489258464, 52.226157480056969 ], [ -81.662629122930895, 52.226162414435876 ], [ -81.662631799571884, 52.226342214629881 ], [ -81.66146063934471, 52.226348783677025 ], [ -81.661463311283825, 52.226528583907744 ], [ -81.659999354455579, 52.226536778929443 ], [ -81.659996688428961, 52.226356978645946 ], [ -81.659703898161709, 52.226358615461066 ], [ -81.659405780627253, 52.226000650924007 ], [ -81.659112992668952, 52.226002286265611 ], [ -81.65911565509208, 52.226182086591926 ], [ -81.658237287501919, 52.226186988291012 ], [ -81.658234628626218, 52.226007187933128 ], [ -81.656770687996271, 52.226015342854687 ], [ -81.656472596308632, 52.225657370801763 ], [ -81.655301452651017, 52.225663878678432 ], [ -81.655298805683628, 52.225484078198811 ], [ -81.653834881397984, 52.225492196652702 ], [ -81.653832240370591, 52.225312396115186 ], [ -81.652953889013332, 52.225317258441777 ], [ -81.652951251560978, 52.225137457867341 ], [ -81.651191924862758, 52.224967362208069 ], [ -81.651189294560254, 52.224787561559936 ], [ -81.650896514100225, 52.22478917649466 ], [ -81.650598477820054, 52.224431189348515 ], [ -81.650012921491438, 52.224434415545481 ], [ -81.649725391983935, 52.224795628971705 ], [ -81.649139830760248, 52.224798850853112 ], [ -81.649137208762156, 52.224619050126648 ], [ -81.648258870267142, 52.224623877471252 ], [ -81.648256251843733, 52.22444407670811 ], [ -81.647963473472728, 52.224445684360255 ], [ -81.647960856259203, 52.224265883581161 ], [ -81.647668079043072, 52.224267490496779 ], [ -81.647665463039417, 52.224087689701733 ], [ -81.64737268697813, 52.22408929588083 ], [ -81.647370072184316, 52.223909495069833 ], [ -81.647077297277917, 52.223911100512424 ], [ -81.647074683693916, 52.22373129968549 ], [ -81.646781909942376, 52.223732904391582 ], [ -81.646483913807046, 52.223374906659508 ], [ -81.646776685221411, 52.223373302700232 ], [ -81.647064229632605, 52.223012096321703 ], [ -81.647356998627487, 52.223010490930804 ], [ -81.647359613283896, 52.223190291769818 ], [ -81.648237923650413, 52.223185471209227 ], [ -81.648235305447159, 52.223005670401264 ], [ -81.648528074332035, 52.223004062105801 ], [ -81.648530693717575, 52.223183862903404 ], [ -81.649116233769291, 52.223180644113334 ], [ -81.649118855546959, 52.223360444884612 ], [ -81.650289940048822, 52.223353998549207 ], [ -81.65028731354198, 52.223174197819439 ], [ -81.64999454364019, 52.223175810482132 ], [ -81.649989293073872, 52.222816208985044 ], [ -81.650282060611119, 52.22281459634312 ], [ -81.650569572935822, 52.222453381497104 ], [ -81.650276807790675, 52.222454994844377 ], [ -81.65027418142185, 52.222275194086613 ], [ -81.64939588936754, 52.222280029740524 ], [ -81.649393266572972, 52.222100228945997 ], [ -81.64880774076336, 52.222103449063937 ], [ -81.648805120360763, 52.221923648243063 ], [ -81.647048549364641, 52.221933291107945 ], [ -81.647045936082776, 52.221753490219385 ], [ -81.646460414561957, 52.221756698678114 ], [ -81.646457803671922, 52.221576897763278 ], [ -81.64440848576065, 52.221588104424193 ], [ -81.644405883173278, 52.221408303431588 ], [ -81.643820365888061, 52.221411498779183 ], [ -81.643817765692376, 52.221231697760388 ], [ -81.642353977912151, 52.22123967337123 ], [ -81.642351383654557, 52.221059872295477 ], [ -81.640009331246361, 52.221072595433824 ], [ -81.640006746473176, 52.220892794270533 ], [ -81.63795745746468, 52.220903888825205 ], [ -81.63795488099359, 52.220724087584856 ], [ -81.637369371968703, 52.220727250902435 ], [ -81.63736679788893, 52.220547449636115 ], [ -81.634146509323855, 52.220564795855921 ], [ -81.634143948274385, 52.220384994472312 ], [ -81.633265690737076, 52.220389709981418 ], [ -81.633263133260826, 52.220209908561827 ], [ -81.632675075380575, 52.220033247138538 ], [ -81.632667410286118, 52.219493842768706 ], [ -81.632960156968792, 52.219492273161109 ], [ -81.632957600808979, 52.219312471703411 ], [ -81.63325034628275, 52.21931090137987 ], [ -81.63353797476249, 52.218949727438556 ], [ -81.634123460847519, 52.218946583201735 ], [ -81.634120900040259, 52.218766781767705 ], [ -81.634413641860405, 52.21876520857036 ], [ -81.634411079898072, 52.218585407140885 ], [ -81.634703820509316, 52.21858383322764 ], [ -81.634701257391924, 52.218404031802699 ], [ -81.634993996794236, 52.218402457173568 ], [ -81.634991432521829, 52.218222655753152 ], [ -81.635284170715238, 52.218221080408142 ], [ -81.635281605287815, 52.218041278992288 ], [ -81.635574342272321, 52.218039702931399 ], [ -81.635571775689911, 52.217859901520086 ], [ -81.635864511465499, 52.217858324743339 ], [ -81.635861943728145, 52.217678523336588 ], [ -81.636444842760298, 52.217495566233353 ], [ -81.637009730863724, 52.216053996463359 ], [ -81.63759260392203, 52.215871033725598 ], [ -81.6375874548865, 52.215511430905345 ], [ -81.637880175108904, 52.215509849178957 ], [ -81.637877599449936, 52.215330047770607 ], [ -81.638170318463523, 52.215328465328447 ], [ -81.638165164863324, 52.214968862515335 ], [ -81.638457881486332, 52.214967279367634 ], [ -81.638450147743981, 52.214427875136572 ], [ -81.638742860794764, 52.214426291293499 ], [ -81.63874028175313, 52.21424648988215 ], [ -81.639323124032131, 52.214063518642156 ], [ -81.63960550467138, 52.213342727040434 ], [ -81.639898210523768, 52.21334114035502 ], [ -81.639895626918289, 52.213161338950897 ], [ -81.640188331561902, 52.213159751549796 ], [ -81.640185746801976, 52.212979950150299 ], [ -81.640478450236841, 52.212978362033546 ], [ -81.640765979479838, 52.212617170416031 ], [ -81.64164408245027, 52.212612399594256 ], [ -81.641641491864021, 52.212432598229128 ], [ -81.641934191618191, 52.212431006513718 ], [ -81.642221705528115, 52.212069811366391 ], [ -81.643099797456145, 52.212065029748892 ], [ -81.643097201043958, 52.211885228418275 ], [ -81.643389897117231, 52.211883633104328 ], [ -81.643677395694667, 52.211522434427586 ], [ -81.64455547657974, 52.21151764201479 ], [ -81.644552874341983, 52.211337840718784 ], [ -81.645430951436509, 52.211333041804302 ], [ -81.645428345681694, 52.211153240533577 ], [ -81.646599110031843, 52.211146831860475 ], [ -81.646596499578592, 52.21096703062544 ], [ -81.648938017509877, 52.210954178522009 ], [ -81.648640090500393, 52.210596185233236 ], [ -81.648347403190556, 52.210597793540018 ], [ -81.648350020677512, 52.21077759472422 ], [ -81.644545067792777, 52.21079843679712 ], [ -81.644542465664387, 52.210618635478696 ], [ -81.643664402501173, 52.210623427737183 ], [ -81.643667001085262, 52.210803229086466 ], [ -81.643081623143715, 52.210806420316892 ], [ -81.643379507015325, 52.211164427766903 ], [ -81.642794124293403, 52.211167617586774 ], [ -81.642796719415003, 52.211347418950069 ], [ -81.642504026831659, 52.211349012781525 ], [ -81.642501432891535, 52.211169211407956 ], [ -81.642208741462412, 52.211170804503304 ], [ -81.642211334221074, 52.211350605887127 ], [ -81.641625948918161, 52.211353789920814 ], [ -81.641628539341085, 52.211533591319544 ], [ -81.64133584546731, 52.211535182257869 ], [ -81.641338434735957, 52.211714983661217 ], [ -81.641045739653478, 52.211716573883947 ], [ -81.641048327767834, 52.211896375291964 ], [ -81.640755631476665, 52.211897964799064 ], [ -81.640758218436673, 52.212077766211713 ], [ -81.640465520936786, 52.212079355003198 ], [ -81.64046810674246, 52.212259156420458 ], [ -81.640175408033855, 52.212260744496312 ], [ -81.640177992685153, 52.21244054591822 ], [ -81.639885292767858, 52.212442133278422 ], [ -81.639887876264751, 52.212621934704941 ], [ -81.63930505514648, 52.212804908709529 ], [ -81.639310217549621, 52.213164511575421 ], [ -81.638727386951501, 52.213347482741362 ], [ -81.638732544790841, 52.21370708561448 ], [ -81.638439836466745, 52.213708669416732 ], [ -81.638442414245418, 52.213888470855089 ], [ -81.638149704712575, 52.213890053941647 ], [ -81.638154857987857, 52.214249656821941 ], [ -81.63757200842916, 52.214432622310184 ], [ -81.637579731536093, 52.214972026632964 ], [ -81.63699687016026, 52.215154989296927 ], [ -81.637004586501249, 52.215694393613589 ], [ -81.636711865015954, 52.215695973172316 ], [ -81.636717007014838, 52.216055576042429 ], [ -81.636134127912356, 52.216238534469646 ], [ -81.636139265346003, 52.216598137346836 ], [ -81.63584653787062, 52.216599714778482 ], [ -81.635849105446098, 52.216779516218828 ], [ -81.635556376761869, 52.216781092934653 ], [ -81.63555894318246, 52.216960894379561 ], [ -81.635266213289412, 52.216962470379556 ], [ -81.635268778555087, 52.21714227182899 ], [ -81.634976047453208, 52.217143847113149 ], [ -81.634978611563938, 52.217323648567138 ], [ -81.634685879253226, 52.217325223135433 ], [ -81.634688442208997, 52.217505024593983 ], [ -81.634395708689453, 52.217506598446406 ], [ -81.634398270490252, 52.217686399909482 ], [ -81.634105535761861, 52.217687973046033 ], [ -81.634108096407658, 52.21786777451365 ], [ -81.633815360470422, 52.217869346934314 ], [ -81.633817919961189, 52.218049148406465 ], [ -81.63352518281512, 52.218050720111243 ], [ -81.633237559976536, 52.218411894057972 ], [ -81.632359341204733, 52.218416602698795 ], [ -81.632071706546398, 52.218777773820086 ], [ -81.631193480360707, 52.218782473809121 ], [ -81.631196029347919, 52.218962275344204 ], [ -81.630903286050412, 52.218963840565216 ], [ -81.630615636052809, 52.219325008153866 ], [ -81.630030144595892, 52.219328135005959 ], [ -81.630032688935273, 52.219507936564533 ], [ -81.628276206830904, 52.21951729975585 ], [ -81.628278744104676, 52.219697101369128 ], [ -81.627693247492317, 52.219700216644497 ], [ -81.627695782428589, 52.219880018272249 ], [ -81.627403032900375, 52.219881574830865 ], [ -81.627408100488694, 52.220241178089609 ], [ -81.627700852381082, 52.220239621510942 ], [ -81.627716062877965, 52.221318431092698 ], [ -81.628008821836573, 52.221316873727766 ], [ -81.628024040385895, 52.22239568304785 ], [ -81.628902338381621, 52.222391006415748 ], [ -81.62890487844659, 52.222570807919382 ], [ -81.631539781631233, 52.222556738721352 ], [ -81.631537230925943, 52.222376937308312 ], [ -81.632415527958642, 52.222372234535484 ], [ -81.632418082210691, 52.22255203591822 ], [ -81.633003615796127, 52.222548897085446 ], [ -81.633001059179577, 52.222369095722925 ], [ -81.633586590293035, 52.222365954005859 ], [ -81.633589149274101, 52.222545755348143 ], [ -81.634177244016954, 52.222722412022755 ], [ -81.634182366842666, 52.223082014638841 ], [ -81.635356013630059, 52.223255517778952 ], [ -81.635653919706613, 52.223613543904754 ], [ -81.63653224043702, 52.223608810421069 ], [ -81.636534811429712, 52.223788611622723 ], [ -81.637120360812901, 52.223785452315781 ], [ -81.637122934197293, 52.223965253491485 ], [ -81.63741571003068, 52.223963672738591 ], [ -81.637713637416411, 52.224321693553385 ], [ -81.638591971767084, 52.224316944697996 ], [ -81.63859455114455, 52.224496745805951 ], [ -81.638887330389622, 52.224495161391587 ], [ -81.638889910976587, 52.224674962483746 ], [ -81.63947805472904, 52.224851592522185 ], [ -81.639483220768312, 52.225211194637637 ], [ -81.64007137395302, 52.225387821672754 ], [ -81.639788926147205, 52.226108613143388 ], [ -81.639496136341535, 52.226110199828277 ], [ -81.639498719537642, 52.226290000849609 ], [ -81.63920592852233, 52.226291586818476 ], [ -81.639208510563051, 52.226471387844413 ], [ -81.638915718338083, 52.226472973097259 ], [ -81.63891829922342, 52.226652774127814 ], [ -81.638625505788795, 52.226654358664625 ], [ -81.638628085518704, 52.226834159699784 ], [ -81.638335290874409, 52.226835743520567 ], [ -81.63833786944889, 52.227015544560317 ], [ -81.637754853950355, 52.227198511098088 ], [ -81.637760006504465, 52.227558113190369 ], [ -81.637467207048601, 52.227559694873158 ], [ -81.637472357345786, 52.227919296963435 ], [ -81.637179555497639, 52.227920877940328 ], [ -81.636897045080417, 52.228641662385741 ], [ -81.636314002354396, 52.228824621844574 ], [ -81.636324284891543, 52.229543826008751 ], [ -81.635741227999958, 52.229726782656364 ], [ -81.635746364753643, 52.230086384734314 ], [ -81.635453548550899, 52.230087961475427 ], [ -81.635170996690078, 52.230808741660141 ], [ -81.634878175702156, 52.230810316989164 ], [ -81.63488074067898, 52.230990118027805 ], [ -81.634587918481273, 52.230991692640643 ], [ -81.634590482302201, 52.231171493683817 ], [ -81.63429765889471, 52.231173067580421 ], [ -81.634300221559727, 52.231352868628136 ], [ -81.634007396942422, 52.231354441808513 ], [ -81.63371969297755, 52.231715616381699 ], [ -81.633134038876833, 52.231718759151143 ], [ -81.633136596891077, 52.231898560222561 ], [ -81.632843768617491, 52.231900130527819 ], [ -81.632556051694507, 52.23226130227323 ], [ -81.63197039028131, 52.23226443929228 ], [ -81.631972943644485, 52.232444240387338 ], [ -81.631389830782155, 52.232627175630668 ], [ -81.631703082543993, 52.234064017511891 ], [ -81.632288767670758, 52.234060881743638 ] ], [ [ -81.65415408993637, 52.22728857937674 ], [ -81.653568496433095, 52.227291823336195 ], [ -81.653565856310678, 52.227112022844288 ], [ -81.652977627331964, 52.226935463359474 ], [ -81.652974989630124, 52.226755662835487 ], [ -81.65326778290347, 52.226754042702673 ], [ -81.65325722764328, 52.226034840592391 ], [ -81.654135593106787, 52.226029975961893 ], [ -81.654138235427681, 52.226209776466547 ], [ -81.654431025042484, 52.226208153460156 ], [ -81.654436312132617, 52.226567754431727 ], [ -81.654729104084637, 52.226566130678215 ], [ -81.654737038475858, 52.227105532062176 ], [ -81.654151447448811, 52.227108778905723 ], [ -81.65415408993637, 52.22728857937674 ] ], [ [ -81.646212022990341, 52.224814916688857 ], [ -81.645626461106758, 52.224818121141745 ], [ -81.645623853297408, 52.224638320291177 ], [ -81.645331073496905, 52.224639921418031 ], [ -81.645033082862028, 52.224281920059525 ], [ -81.644740305371499, 52.22428351971341 ], [ -81.644452733931033, 52.224644720441475 ], [ -81.642403273987085, 52.224655892746348 ], [ -81.642400679211406, 52.224476091777014 ], [ -81.642107900292629, 52.224477684905558 ], [ -81.642105306726592, 52.224297883920364 ], [ -81.641812528962916, 52.224299476312481 ], [ -81.641809936606506, 52.224119675311414 ], [ -81.641517159997974, 52.224121266967103 ], [ -81.641514568851164, 52.223941465950205 ], [ -81.640926429162207, 52.223764846019584 ], [ -81.640916074414704, 52.223045641791614 ], [ -81.641208843983762, 52.223044051649715 ], [ -81.641496431586006, 52.222682858675064 ], [ -81.642960267063785, 52.222674893545317 ], [ -81.643258230204381, 52.223032900324426 ], [ -81.645012240729429, 52.222843512798818 ], [ -81.645014845900164, 52.22302331372601 ], [ -81.645602991809213, 52.223199913285043 ], [ -81.645610814661737, 52.223739315954361 ], [ -81.646489136163353, 52.223734508371514 ], [ -81.646491747382697, 52.223914309219126 ], [ -81.647079910889374, 52.224090901333767 ], [ -81.647082524528315, 52.224270702149504 ], [ -81.646789747229718, 52.224272306886604 ], [ -81.646792359713757, 52.224452107707066 ], [ -81.646499581205333, 52.22445371172833 ], [ -81.646212022990341, 52.224814916688857 ] ] ] } },
{ "type": "Feature", "properties": { }, "geometry": { "type": "Polygon", "coordinates": [ [ [ -81.917217765477929, 52.189933393204342 ], [ -81.917210365333631, 52.18957381262981 ], [ -81.917502895789127, 52.189571538213336 ], [ -81.91749179232518, 52.189032167352742 ], [ -81.91778431920288, 52.189029892255071 ], [ -81.917776914728705, 52.188670311682159 ], [ -81.917484390210234, 52.188672586750542 ], [ -81.917480689211075, 52.18849279644089 ], [ -81.916603118961348, 52.188499617251409 ], [ -81.916606816421719, 52.188679407604972 ], [ -81.916314291747852, 52.18868167977287 ], [ -81.916321684425867, 52.189041260492168 ], [ -81.916029157353947, 52.189043531964188 ], [ -81.916032852571533, 52.189223322329923 ], [ -81.916325380823096, 52.189221050843265 ], [ -81.916047633830004, 52.189942483735848 ], [ -81.917217765477929, 52.189933393204342 ] ] ] } },
{ "type": "Feature", "properties": { }, "geometry": { "type": "Polygon", "coordinates": [ [ [ -81.92035765805997, 52.186132740636154 ], [ -81.920353945810689, 52.185952950393414 ], [ -81.920646452247198, 52.185950668294211 ], [ -81.920642738857467, 52.185770878060474 ], [ -81.920935244075579, 52.18576859525092 ], [ -81.92093152954547, 52.185588805026178 ], [ -81.921512820655991, 52.185404447060307 ], [ -81.921505387073339, 52.185044866641128 ], [ -81.921212886650778, 52.185047150841946 ], [ -81.921209171097345, 52.184867360609097 ], [ -81.920916671815093, 52.184869644070183 ], [ -81.920920386189181, 52.185049434317733 ], [ -81.920335385148974, 52.185053999094237 ], [ -81.920339097203353, 52.185233789365462 ], [ -81.919757803383135, 52.185418141566139 ], [ -81.919768932820745, 52.185957512416664 ], [ -81.92035765805997, 52.186132740636154 ] ] ] } },
{ "type": "Feature", "properties": { }, "geometry": { "type": "Polygon", "coordinates": [ [ [ -81.922667945512018, 52.184676142263392 ], [ -81.922664224140036, 52.184496352092715 ], [ -81.923249217479579, 52.184491775804211 ], [ -81.923238046522371, 52.183952405346382 ], [ -81.923530539595632, 52.183950116158833 ], [ -81.923515640816433, 52.18323095552757 ], [ -81.923808129133604, 52.183228665673987 ], [ -81.923800677620264, 52.18286908535363 ], [ -81.924093163539865, 52.182866794804568 ], [ -81.924081983025758, 52.182327424325536 ], [ -81.924959429937147, 52.18232054846132 ], [ -81.92495196938188, 52.181960968201992 ], [ -81.924367009530016, 52.181965552777399 ], [ -81.924370737429797, 52.182145342939421 ], [ -81.923785775063067, 52.182149924644541 ], [ -81.923789500643679, 52.182329714830367 ], [ -81.923208259023582, 52.182514083874771 ], [ -81.923223152460181, 52.183233244656186 ], [ -81.922638175630368, 52.183237820738462 ], [ -81.922641896728791, 52.183417610949029 ], [ -81.922349407076041, 52.183419897917432 ], [ -81.922356847031651, 52.183779478350907 ], [ -81.922064354981345, 52.183781764623753 ], [ -81.922075511669888, 52.184321135275376 ], [ -81.921490520376437, 52.184325705734388 ], [ -81.921497953646835, 52.184685286199155 ], [ -81.922667945512018, 52.184676142263392 ] ] ] } },
{ "type": "Feature", "properties": { }, "geometry": { "type": "Polygon", "coordinates": [ [ [ -81.926118153680065, 52.181772000272751 ], [ -81.926114418783911, 52.181592210187915 ], [ -81.926406896136044, 52.181589913942602 ], [ -81.926399424103195, 52.181230333785415 ], [ -81.926691899057928, 52.181228036844729 ], [ -81.926976897381209, 52.180866159058283 ], [ -81.927561842378125, 52.180861561611501 ], [ -81.927558101782822, 52.180681771572132 ], [ -81.92785057304333, 52.18067947177618 ], [ -81.927843089612466, 52.180319891709942 ], [ -81.929305433535148, 52.180308382004768 ], [ -81.929301685983617, 52.180128592037164 ], [ -81.929594153471143, 52.180126287936275 ], [ -81.929586656128151, 52.179766708013666 ], [ -81.929879121218335, 52.179764403217547 ], [ -81.930164084367775, 52.179402517810495 ], [ -81.930456547021279, 52.179400211594313 ], [ -81.930460299131227, 52.179580001525338 ], [ -81.931045226677938, 52.179575386888651 ], [ -81.931330179137973, 52.17921349870435 ], [ -81.932207562970319, 52.179206569227311 ], [ -81.932211322114526, 52.179386359074876 ], [ -81.932503784491985, 52.179384047784573 ], [ -81.932492503641015, 52.178844678269414 ], [ -81.933077421203919, 52.178840053603523 ], [ -81.933069896118454, 52.178480473957769 ], [ -81.932484983271124, 52.178485098564117 ], [ -81.932473703012377, 52.177945728963415 ], [ -81.931888797080319, 52.177950350581121 ], [ -81.931892554769377, 52.178130140483468 ], [ -81.931600100565291, 52.178132450219934 ], [ -81.931315157102773, 52.178494339078632 ], [ -81.93073024378198, 52.178498954986793 ], [ -81.93073399687384, 52.178678744931496 ], [ -81.930441538975415, 52.178681051813165 ], [ -81.930449042919548, 52.179040631715139 ], [ -81.929279201500762, 52.17904985211193 ], [ -81.929282948816208, 52.179229642113718 ], [ -81.928701770509704, 52.179414038018336 ], [ -81.928709260621474, 52.179773618052714 ], [ -81.928416795373906, 52.1797759199493 ], [ -81.928420539309798, 52.179955709972738 ], [ -81.927543139794338, 52.179962611357617 ], [ -81.927554361226782, 52.180501981527051 ], [ -81.927261891106028, 52.1805042805833 ], [ -81.927265630483035, 52.180684070643181 ], [ -81.926680687765682, 52.180688666610536 ], [ -81.926676950746753, 52.180508876521081 ], [ -81.926384480508247, 52.1805111734026 ], [ -81.926388216348144, 52.180690963506855 ], [ -81.925803273395388, 52.180695555124764 ], [ -81.925807006916415, 52.180875345252872 ], [ -81.925514534202165, 52.180877639989248 ], [ -81.925518266583339, 52.181057430126423 ], [ -81.925225792650835, 52.181059724152632 ], [ -81.925229523892114, 52.181239514298888 ], [ -81.924648302473727, 52.181423890376159 ], [ -81.924655760435769, 52.181783470699209 ], [ -81.926118153680065, 52.181772000272751 ] ] ] } },
{ "type": "Feature", "properties": { }, "geometry": { "type": "Polygon", "coordinates": [ [ [ -81.937430277097178, 52.177187169619515 ], [ -81.937426497208463, 52.177007379972018 ], [ -81.938011389848242, 52.177002730960339 ], [ -81.938007607641694, 52.176822941337051 ], [ -81.93830005272325, 52.176820615758984 ], [ -81.938303836108588, 52.177000405367295 ], [ -81.938888728510065, 52.176995752006768 ], [ -81.938881157064074, 52.176636172844354 ], [ -81.939173600847681, 52.176633845106849 ], [ -81.939166027203228, 52.176274265951591 ], [ -81.939458468589592, 52.176271937519275 ], [ -81.939454680648296, 52.176092147948069 ], [ -81.939162240440623, 52.1760944763654 ], [ -81.939158453717781, 52.175914686773503 ], [ -81.937988697204489, 52.175923993135086 ], [ -81.937992479212511, 52.176103782786903 ], [ -81.93711515787443, 52.176110754992806 ], [ -81.937118936386, 52.176290544683788 ], [ -81.936537829131922, 52.176474978942203 ], [ -81.936545381638425, 52.176834558355431 ], [ -81.936837826918421, 52.17683223640136 ], [ -81.936841604409921, 52.177012026084469 ], [ -81.937430277097178, 52.177187169619515 ] ] ] } },
{ "type": "Feature", "properties": { }, "geometry": { "type": "Polygon", "coordinates": [ [ [ -81.942671520304941, 52.176066487521879 ], [ -81.942663918610393, 52.17570690869271 ], [ -81.942956355982602, 52.175704571608101 ], [ -81.942948752090345, 52.175344992786187 ], [ -81.943241187065297, 52.175342655006908 ], [ -81.943526013553182, 52.174980737718322 ], [ -81.942352483553478, 52.174810297804555 ], [ -81.942356283002653, 52.174990087265563 ], [ -81.941478984670837, 52.174997091816103 ], [ -81.941482780623986, 52.17517688131651 ], [ -81.940897912512881, 52.175181547423144 ], [ -81.940901706148594, 52.175361336947851 ], [ -81.940609270854651, 52.175363668929045 ], [ -81.940616855888223, 52.175723247991399 ], [ -81.940909293539519, 52.175720915980193 ], [ -81.941209321058622, 52.176078162223668 ], [ -81.942671520304941, 52.176066487521879 ] ] ] } },
{ "type": "Feature", "properties": { }, "geometry": { "type": "Polygon", "coordinates": [ [ [ -81.952202996299235, 52.17041552110183 ], [ -81.952195319310732, 52.170055942916399 ], [ -81.952780118302186, 52.170051221130144 ], [ -81.95277627751183, 52.169871432059246 ], [ -81.953357230878922, 52.169686918358757 ], [ -81.953349544786889, 52.169327340249232 ], [ -81.953057150104968, 52.169329702893066 ], [ -81.953060991952583, 52.16950949196589 ], [ -81.952768596052096, 52.169511853900325 ], [ -81.95248387921454, 52.169873793299487 ], [ -81.95131428562236, 52.169883231014282 ], [ -81.951325790440123, 52.170422598437689 ], [ -81.952202996299235, 52.17041552110183 ] ] ] } },
{ "type": "Feature", "properties": { }, "geometry": { "type": "Polygon", "coordinates": [ [ [ -81.954519123110998, 52.169317882427904 ], [ -81.954515275412632, 52.169138093425452 ], [ -81.954807668714494, 52.16913572717386 ], [ -81.954803819878308, 52.168955938180922 ], [ -81.954219035590611, 52.168960669929056 ], [ -81.954222882070368, 52.169140458952448 ], [ -81.953930488687746, 52.169142823754868 ], [ -81.953934334029682, 52.169322612787767 ], [ -81.954519123110998, 52.169317882427904 ] ] ] } },
{ "type": "Feature", "properties": { }, "geometry": { "type": "Polygon", "coordinates": [ [ [ -81.959178097593707, 52.168380991359008 ], [ -81.95917036494069, 52.168021413779762 ], [ -81.958585593649119, 52.168026167112515 ], [ -81.958589457599075, 52.168205955935591 ], [ -81.958297070714309, 52.168208331530423 ], [ -81.958300933526658, 52.168388120363062 ], [ -81.959178097593707, 52.168380991359008 ] ] ] } },
{ "type": "Feature", "properties": { }, "geometry": { "type": "Polygon", "coordinates": [ [ [ -81.963825219339242, 52.166904551378749 ], [ -81.963821334468463, 52.166724762791695 ], [ -81.963236580971511, 52.166729539095144 ], [ -81.963240463486201, 52.166909327712936 ], [ -81.963825219339242, 52.166904551378749 ] ] ] } },
{ "type": "Feature", "properties": { }, "geometry": { "type": "Polygon", "coordinates": [ [ [ -81.922037069982579, 52.168317499127156 ], [ -81.922033353342727, 52.168137708423153 ], [ -81.922618132228521, 52.168133136263741 ], [ -81.922614413271319, 52.167953345583484 ], [ -81.92319546837011, 52.167768979898653 ], [ -81.923188025938359, 52.167409398568516 ], [ -81.922895641305701, 52.167411686400776 ], [ -81.922884481485383, 52.166872314318638 ], [ -81.922299719171619, 52.166876887721138 ], [ -81.922303436716476, 52.167056678450336 ], [ -81.922595819070963, 52.167054392096631 ], [ -81.922603256633991, 52.167413973508467 ], [ -81.922018487173474, 52.167418545550156 ], [ -81.922022203657264, 52.167598336276967 ], [ -81.921729817690334, 52.16760062122566 ], [ -81.921737248418637, 52.167960202691575 ], [ -81.920860083214919, 52.167967053278453 ], [ -81.920863795103031, 52.168146844046944 ], [ -81.922037069982579, 52.168317499127156 ] ] ] } },
{ "type": "Feature", "properties": { }, "geometry": { "type": "Polygon", "coordinates": [ [ [ -81.94363963818374, 52.166528291218 ], [ -81.943635834718634, 52.166348501563959 ], [ -81.943343458740642, 52.166350840040025 ], [ -81.943335854286261, 52.165991260684692 ], [ -81.943043480624397, 52.165993598406132 ], [ -81.943054883831749, 52.16653296747571 ], [ -81.94363963818374, 52.166528291218 ] ] ] } },
{ "type": "Feature", "properties": { }, "geometry": { "type": "Polygon", "coordinates": [ [ [ -81.98770054356585, 52.162211541937211 ], [ -81.987696563142677, 52.162031754483493 ], [ -81.98798890699814, 52.162029306228732 ], [ -81.987984925439065, 52.16184951878504 ], [ -81.987400240041694, 52.161854414538681 ], [ -81.987408198490925, 52.162213989483348 ], [ -81.98770054356585, 52.162211541937211 ] ] ] } },
{ "type": "Feature", "properties": { }, "geometry": { "type": "Polygon", "coordinates": [ [ [ -81.998696936419464, 52.157083964397856 ], [ -81.998692912427614, 52.156904177385712 ], [ -81.998108293722439, 52.156909125883466 ], [ -81.998112315359663, 52.157088912927456 ], [ -81.998696936419464, 52.157083964397856 ] ] ] } },
{ "type": "Feature", "properties": { }, "geometry": { "type": "Polygon", "coordinates": [ [ [ -81.968483742095927, 52.165967294613687 ], [ -81.968479838581516, 52.165787506244648 ], [ -81.969356948888077, 52.165780301810308 ], [ -81.96935304188078, 52.16560051348192 ], [ -81.969645410723018, 52.165598110570279 ], [ -81.969637594475614, 52.16523853392728 ], [ -81.969345227989251, 52.165240936807997 ], [ -81.969629778392303, 52.164878957261408 ], [ -81.970799234504113, 52.164869338617571 ], [ -81.970795321812446, 52.164689550337961 ], [ -81.972257135138577, 52.164677510810037 ], [ -81.972264972341918, 52.165037087208546 ], [ -81.97284970209607, 52.165032266264049 ], [ -81.97285362311527, 52.165212054423698 ], [ -81.973730720971503, 52.165204817526806 ], [ -81.973738570200908, 52.165564393735757 ], [ -81.975200410916429, 52.165552317595882 ], [ -81.975196480391489, 52.165372529571989 ], [ -81.975781214033105, 52.165367694075755 ], [ -81.975777281193587, 52.165187906077257 ], [ -81.976362012314254, 52.165183067714239 ], [ -81.976358077160214, 52.165003279741157 ], [ -81.976942805759833, 52.164998438511368 ], [ -81.976938868291313, 52.164818650563738 ], [ -81.978104378144266, 52.164629171581915 ], [ -81.978388853351959, 52.164267171245712 ], [ -81.978973571949567, 52.16426231999823 ], [ -81.979258037775935, 52.163900317590688 ], [ -81.979842751413713, 52.163895462058996 ], [ -81.979830904542155, 52.16335609856413 ], [ -81.980123257765484, 52.163353669758521 ], [ -81.980119307713437, 52.163173881931094 ], [ -81.980700059314046, 52.162989234375992 ], [ -81.980692154706304, 52.162629658755051 ], [ -81.980984503094191, 52.16262722783874 ], [ -81.980980549674825, 52.162447440035344 ], [ -81.981272896843535, 52.162445008410273 ], [ -81.981557332545663, 52.162083000499429 ], [ -81.982142021964648, 52.162078133689946 ], [ -81.982145980011794, 52.162257921442162 ], [ -81.983023017361717, 52.162250615747951 ], [ -81.983019055781483, 52.162070828042744 ], [ -81.984188433621753, 52.162061077038324 ], [ -81.984176534998625, 52.161521714076635 ], [ -81.984468875821662, 52.161519274561662 ], [ -81.984753279685251, 52.1611572590487 ], [ -81.985918659866201, 52.16096770339071 ], [ -81.985914686801053, 52.160787915802459 ], [ -81.986207022663564, 52.160785472004129 ], [ -81.986203048462528, 52.160605684425889 ], [ -81.986783741192781, 52.160421007135142 ], [ -81.987060164224289, 52.159699410990932 ], [ -81.987352492854583, 52.159696964389646 ], [ -81.987348514193769, 52.159517176840005 ], [ -81.987640841604787, 52.159514729530159 ], [ -81.987636861808241, 52.159334941990529 ], [ -81.987929187999981, 52.159332493972109 ], [ -81.988213549972272, 52.158970470195982 ], [ -81.988798197436878, 52.158965570600621 ], [ -81.98879421305584, 52.158785783106858 ], [ -81.989086535547955, 52.158783332238492 ], [ -81.989082550031284, 52.15860354475479 ], [ -81.989374871304136, 52.158601093177893 ], [ -81.989659216917588, 52.158239065955229 ], [ -81.990243854544332, 52.158234159243101 ], [ -81.990239864443524, 52.158054371805349 ], [ -81.990824499547941, 52.158049462227666 ], [ -81.990820507134245, 52.157869674815785 ], [ -81.991697455944404, 52.157862305064562 ], [ -81.991693460040466, 52.157682517694397 ], [ -81.992862719823989, 52.157672681282833 ], [ -81.992858719252524, 52.157492893970236 ], [ -81.996366480440699, 52.157463315395809 ], [ -81.996362465783079, 52.157283528267847 ], [ -81.995773829433048, 52.15710867807568 ], [ -81.995765805037749, 52.156749103727549 ], [ -81.996058113571479, 52.156746635650677 ], [ -81.996342393127051, 52.156384592542075 ], [ -81.997219311285292, 52.156377181888658 ], [ -81.997215293348688, 52.156197394774004 ], [ -81.997799902888801, 52.156192450749039 ], [ -81.997795882639863, 52.156012663660455 ], [ -81.998672793101804, 52.156005242239026 ], [ -81.998668769363348, 52.155825455192485 ], [ -81.998961071588965, 52.155822979952823 ], [ -81.998957046715518, 52.1556431929165 ], [ -81.999249347721687, 52.155640716968549 ], [ -81.999533594356564, 52.155278666270249 ], [ -82.000118191448749, 52.155273710817035 ], [ -82.000110132580062, 52.154914136831778 ], [ -81.999817836409463, 52.154916614888592 ], [ -81.999821864645483, 52.155096401900025 ], [ -81.999237269823126, 52.155101355872937 ], [ -81.999241295747055, 52.155281142910546 ], [ -81.998656698401319, 52.1552860940185 ], [ -81.99865267483176, 52.155106306949044 ], [ -81.997775782028043, 52.15511372813166 ], [ -81.997475446747359, 52.15475662612733 ], [ -81.996302250974892, 52.15458672066071 ], [ -81.996306265000527, 52.154766507874641 ], [ -81.996013969458474, 52.154768976500968 ], [ -81.995729697343265, 52.155131018877313 ], [ -81.995145101339915, 52.155135952572522 ], [ -81.995149110783146, 52.15531573983278 ], [ -81.994856811541169, 52.155318205609937 ], [ -81.994860819849279, 52.155497992880335 ], [ -81.994276218884679, 52.155502922293756 ], [ -81.994280224880413, 52.155682709590145 ], [ -81.993987923157817, 52.155685173226395 ], [ -81.993703628801825, 52.156047210777409 ], [ -81.993119020437575, 52.156052134492157 ], [ -81.993123021850394, 52.156231921834767 ], [ -81.992830716428003, 52.156234382621626 ], [ -81.992834716705559, 52.156414169974326 ], [ -81.992542410063891, 52.156416630052796 ], [ -81.992258099352142, 52.156778664158551 ], [ -81.991673481149846, 52.156783580757576 ], [ -81.991677476844089, 52.156963368156397 ], [ -81.991385166502724, 52.156965825385335 ], [ -81.991389161061576, 52.157145612794245 ], [ -81.991096849500948, 52.157148069314751 ], [ -81.99081252243252, 52.157510099974843 ], [ -81.990227894392362, 52.15751500945774 ], [ -81.990231884367546, 52.157694796912672 ], [ -81.989939569107278, 52.157697250583503 ], [ -81.989943557946958, 52.157877038048497 ], [ -81.989651241467442, 52.157879491010839 ], [ -81.989655229171589, 52.158059278485894 ], [ -81.989362911472824, 52.158061730739746 ], [ -81.989078564556422, 52.158423757265346 ], [ -81.988493924240103, 52.158428658214696 ], [ -81.988497907360085, 52.158608445735688 ], [ -81.988205585961779, 52.158610895139695 ], [ -81.988209567946129, 52.158790682670698 ], [ -81.987917245328589, 52.158793131366153 ], [ -81.987921226177278, 52.158972918907203 ], [ -81.987628902340475, 52.158975366894111 ], [ -81.987632882053475, 52.159155154445187 ], [ -81.987340556997438, 52.159157601723535 ], [ -81.987344535574735, 52.15933738928463 ], [ -81.987052209299449, 52.159339835854418 ], [ -81.986767835552271, 52.159701856867876 ], [ -81.986183178083039, 52.159706746448784 ], [ -81.986187152075502, 52.159886534055644 ], [ -81.985894822100775, 52.159888977775339 ], [ -81.98561043548429, 52.160250996030165 ], [ -81.985025770616218, 52.160255879910729 ], [ -81.984741374620953, 52.16061789609536 ], [ -81.983864369816089, 52.160625214404789 ], [ -81.983868334596437, 52.160805002108724 ], [ -81.983575998400653, 52.160807440112187 ], [ -81.983291587138339, 52.161169452844753 ], [ -81.982414571111008, 52.16117676042996 ], [ -81.982418530128058, 52.16135654819513 ], [ -81.981249170132713, 52.161366281563538 ], [ -81.98125312448073, 52.161546069385643 ], [ -81.980960783200459, 52.161548500932447 ], [ -81.980964736412346, 52.161728288764472 ], [ -81.980380051372009, 52.161733149716248 ], [ -81.980384002270029, 52.161912937573838 ], [ -81.978922283055297, 52.161925077354645 ], [ -81.978926228106403, 52.16210486528464 ], [ -81.978341537775179, 52.162109716157445 ], [ -81.978345480512289, 52.162289504112955 ], [ -81.977468441171993, 52.162296775035969 ], [ -81.977472380417353, 52.162476563032556 ], [ -81.976302989340624, 52.1624862475173 ], [ -81.976306923916411, 52.162666035570481 ], [ -81.97572222577476, 52.162670873497554 ], [ -81.975726158036366, 52.162850661576137 ], [ -81.974264406071384, 52.162862743794349 ], [ -81.974268332485494, 52.163042531944996 ], [ -81.973683629055415, 52.163047359792408 ], [ -81.973687553155187, 52.163227147968421 ], [ -81.972810494167845, 52.163234384352961 ], [ -81.97252597999055, 52.163596371491295 ], [ -81.971648913442692, 52.163603599275731 ], [ -81.971644997505109, 52.163423811002559 ], [ -81.971352643084728, 52.163426218799657 ], [ -81.971356557844501, 52.163606007088326 ], [ -81.969310067507323, 52.163622841492206 ], [ -81.96931397406351, 52.163802629883506 ], [ -81.968729259813713, 52.163807433224122 ], [ -81.968733164055237, 52.163987221640618 ], [ -81.967856088839753, 52.163994421264547 ], [ -81.967859989588717, 52.164174209721672 ], [ -81.968152349212701, 52.164171810556034 ], [ -81.968167957329598, 52.164890964265538 ], [ -81.967875592994133, 52.164893363492943 ], [ -81.967887295978144, 52.165432728761353 ], [ -81.967594928067967, 52.165435127310609 ], [ -81.967598827966597, 52.165614915737414 ], [ -81.967306458837541, 52.165617313577599 ], [ -81.967021884875791, 52.165979287591476 ], [ -81.968483742095927, 52.165967294613687 ] ] ] } },
{ "type": "Feature", "properties": { }, "geometry": { "type": "Polygon", "coordinates": [ [ [ -82.005127756905878, 52.157029339369572 ], [ -82.005123707013283, 52.156849552708984 ], [ -82.005704271480099, 52.156664782813152 ], [ -82.005700219317958, 52.156484996173177 ], [ -82.00511560735562, 52.156489979370626 ], [ -82.005099408550308, 52.15577083262508 ], [ -82.005391709843778, 52.1557683414526 ], [ -82.005692115121292, 52.156125422876009 ], [ -82.00627672220449, 52.156120436845804 ], [ -82.006280776636061, 52.156300223465152 ], [ -82.006573081291094, 52.156297729347649 ], [ -82.006569025682282, 52.156117942744359 ], [ -82.00744593586019, 52.15611045609468 ], [ -82.007441876762229, 52.155930669533831 ], [ -82.007734178892449, 52.155928172551555 ], [ -82.007726058469913, 52.155568599444763 ], [ -82.008018358203088, 52.15556610177044 ], [ -82.00802648098005, 52.155925674845058 ], [ -82.008611085027383, 52.155920677259431 ], [ -82.008615148834252, 52.15610046375599 ], [ -82.009199755065438, 52.156095463241307 ], [ -82.009203821269466, 52.156275249699924 ], [ -82.010373037928588, 52.156265239915484 ], [ -82.010657197848872, 52.155903162896891 ], [ -82.011534102702996, 52.155895645878253 ], [ -82.011538178282152, 52.156075432213711 ], [ -82.01183048099189, 52.15607292507628 ], [ -82.011826404235507, 52.155893138756952 ], [ -82.012703308576278, 52.155885613047751 ], [ -82.012707388864328, 52.156065399318635 ], [ -82.014461203452626, 52.156050328249428 ], [ -82.014457116101241, 52.155870542075547 ], [ -82.015626320260111, 52.15586048027648 ], [ -82.015622228242805, 52.15568069416161 ], [ -82.016206827710207, 52.155675658949214 ], [ -82.01621092208191, 52.155855445031683 ], [ -82.017672425884214, 52.155842844245974 ], [ -82.017680626528758, 52.156202416231473 ], [ -82.019434443797877, 52.156187271194746 ], [ -82.019426229026735, 52.155827699404178 ], [ -82.020010829729529, 52.155822645329906 ], [ -82.020006720054226, 52.155642859458546 ], [ -82.023514306518109, 52.155612474375047 ], [ -82.023510182759793, 52.155432688693502 ], [ -82.024679372155163, 52.155422537223217 ], [ -82.024675243731494, 52.155242751601236 ], [ -82.026136723614925, 52.155230046050789 ], [ -82.026132589348848, 52.155050260504844 ], [ -82.027594062261826, 52.155037536931545 ], [ -82.027589922153481, 52.154857751461741 ], [ -82.028178651122957, 52.15503244243294 ], [ -82.028174508660342, 52.154852656995928 ], [ -82.028759094993319, 52.154847559633396 ], [ -82.028754950219948, 52.154667774223448 ], [ -82.029924117655355, 52.154657570873916 ], [ -82.029919968217058, 52.154477785523888 ], [ -82.030212258789973, 52.154475232892501 ], [ -82.030216409405355, 52.154655018226102 ], [ -82.030508701111799, 52.154652464854124 ], [ -82.030504549319318, 52.154472679536944 ], [ -82.031673711000892, 52.154462458873084 ], [ -82.03166955454364, 52.154282673615945 ], [ -82.032254132768557, 52.154277558971927 ], [ -82.032249974000791, 52.15409777374196 ], [ -82.032830388618748, 52.153912871031451 ], [ -82.032826227584167, 52.153733085822921 ], [ -82.032533942111996, 52.153735644905922 ], [ -82.032817905646027, 52.153373515388601 ], [ -82.032525622527913, 52.153376074438675 ], [ -82.032517303118439, 52.153016503948429 ], [ -82.032225022310669, 52.153019062241427 ], [ -82.032216705429761, 52.152659491695275 ], [ -82.031924426932306, 52.152662049231225 ], [ -82.031928584173968, 52.152841834523635 ], [ -82.031636304455915, 52.152844391351913 ], [ -82.031640460564205, 52.15302417665503 ], [ -82.031348179625567, 52.153026732775629 ], [ -82.031352334600484, 52.153206518089462 ], [ -82.031060052441219, 52.153209073502389 ], [ -82.031064206282736, 52.153388858826915 ], [ -82.030771922902872, 52.153391413532141 ], [ -82.030487942585111, 52.153753538210793 ], [ -82.029611084991231, 52.153761195907819 ], [ -82.02961523307826, 52.153940981297254 ], [ -82.028446084302146, 52.153951181487493 ], [ -82.028450227724463, 52.154130966936847 ], [ -82.027281073544302, 52.154141155606176 ], [ -82.027285212301791, 52.154320941115358 ], [ -82.026111918669201, 52.154151332688976 ], [ -82.026116052718365, 52.154331118263634 ], [ -82.02465460226297, 52.154343823405249 ], [ -82.024658730470023, 52.154523609055936 ], [ -82.023489564617392, 52.154533760199548 ], [ -82.023485441118737, 52.154353974483534 ], [ -82.012670667813396, 52.15444732267413 ], [ -82.012674747758894, 52.154627108990915 ], [ -82.009751814195042, 52.154652168211776 ], [ -82.009755882411966, 52.154831954684106 ], [ -82.009171292832178, 52.154836957870259 ], [ -82.009167226969552, 52.154657171365749 ], [ -82.008582639573362, 52.154662171622974 ], [ -82.00858670308169, 52.154841958159665 ], [ -82.008002113160643, 52.15484695555233 ], [ -82.007998052006585, 52.154667168983465 ], [ -82.006244288283739, 52.154682143684461 ], [ -82.006248342374917, 52.154861930349696 ], [ -82.005079160999983, 52.154871899064112 ], [ -82.005075111617401, 52.154692112334722 ], [ -82.004486476043411, 52.15451730554755 ], [ -82.00449052302919, 52.154697092314727 ], [ -82.003613639828373, 52.154704556853311 ], [ -82.003621726864424, 52.155064130466556 ], [ -82.003329430024934, 52.155066617229707 ], [ -82.003333472429446, 52.15524640404373 ], [ -82.003041174370352, 52.15524889009869 ], [ -82.002756956496327, 52.155610949104293 ], [ -82.003049256952224, 52.155608463741551 ], [ -82.003057339703773, 52.155968037361454 ], [ -82.003349642471704, 52.155965551242481 ], [ -82.003353685088342, 52.156145338027841 ], [ -82.004230596669245, 52.156137875277608 ], [ -82.004234642860069, 52.156317662009187 ], [ -82.003942337864956, 52.156320150332846 ], [ -82.003954473160391, 52.156859510541246 ], [ -82.003369855979173, 52.156864485111917 ], [ -82.003373898807951, 52.157044271868607 ], [ -82.005127756905878, 52.157029339369572 ] ] ] } },
{ "type": "Feature", "properties": { }, "geometry": { "type": "Polygon", "coordinates": [ [ [ -81.999789639940985, 52.153658105647949 ], [ -81.999785612043155, 52.153478318590651 ], [ -82.000662472177225, 52.153470882630486 ], [ -82.000658440790474, 52.153291095615302 ], [ -82.000950726240177, 52.153288615529554 ], [ -82.000946693718689, 52.153108828524616 ], [ -82.001531262137021, 52.153103866212604 ], [ -82.001527227303768, 52.152924079233834 ], [ -82.000065811825763, 52.152936479502941 ], [ -82.000069840773818, 52.153116266561504 ], [ -81.999481245338501, 52.15294143454156 ], [ -81.999485271932485, 52.153121221632013 ], [ -81.999192987448424, 52.153123698081039 ], [ -81.998908751528617, 52.153485748033354 ], [ -81.999201038409055, 52.153483272276617 ], [ -81.999205063952729, 52.153663059365797 ], [ -81.999789639940985, 52.153658105647949 ] ] ] } },
{ "type": "Feature", "properties": { }, "geometry": { "type": "Polygon", "coordinates": [ [ [ -82.007194352322529, 52.144963678474682 ], [ -82.007190295864703, 52.144783891558177 ], [ -82.007770695385744, 52.144599111971829 ], [ -82.007470352383166, 52.144242034836303 ], [ -82.007178126746595, 52.144244530774287 ], [ -82.007182183076736, 52.144424317707987 ], [ -82.006597729323062, 52.144429307444284 ], [ -82.006609891510124, 52.144968668307314 ], [ -82.007194352322529, 52.144963678474682 ] ] ] } },
{ "type": "Feature", "properties": { }, "geometry": { "type": "Polygon", "coordinates": [ [ [ -82.034554931837306, 52.152639005339445 ], [ -82.034550764046656, 52.152459220189591 ], [ -82.034843040973954, 52.152456656153092 ], [ -82.034834703169992, 52.152097085869137 ], [ -82.035415080995392, 52.151912170572238 ], [ -82.035406738746332, 52.151552600319818 ], [ -82.035991280525408, 52.1515474673432 ], [ -82.035982933743952, 52.151187897133873 ], [ -82.036567470640335, 52.151182761327 ], [ -82.036554943735581, 52.150643406069037 ], [ -82.037139473395669, 52.150638267465069 ], [ -82.03713529549475, 52.150458482400659 ], [ -82.037427559082232, 52.150455912029116 ], [ -82.037419201058356, 52.150096341916104 ], [ -82.037711462248382, 52.150093770853601 ], [ -82.037707282125439, 52.149913985805028 ], [ -82.038287619587734, 52.149729056519753 ], [ -82.03827507255329, 52.149189701421584 ], [ -82.038567327727932, 52.149187128269723 ], [ -82.038558960904325, 52.148827558208659 ], [ -82.038851213681653, 52.148824984365916 ], [ -82.03913509506036, 52.148462839781338 ], [ -82.039719595688695, 52.148457688542067 ], [ -82.039702844093171, 52.147738548570018 ], [ -82.039995089634871, 52.147735971930715 ], [ -82.039990900669224, 52.147556186939902 ], [ -82.039698656304154, 52.147558763562643 ], [ -82.03969028085794, 52.147199193530618 ], [ -82.039982522869835, 52.147196616941045 ], [ -82.039986711747559, 52.14737640194334 ], [ -82.040571197992648, 52.147371246559111 ], [ -82.040846671683298, 52.14664952793639 ], [ -82.041426953667383, 52.146464583398767 ], [ -82.041414370177748, 52.145925228537251 ], [ -82.041706603689988, 52.14592264772012 ], [ -82.041698212564015, 52.145563077816902 ], [ -82.042278476900663, 52.145378129150259 ], [ -82.042253290726407, 52.144299419467409 ], [ -82.041668845009781, 52.144304582974449 ], [ -82.041664649820973, 52.144124797973944 ], [ -82.041372428072989, 52.144127378625015 ], [ -82.041368234104567, 52.143947593602157 ], [ -82.041660454676176, 52.143945012967706 ], [ -82.041656259575419, 52.143765227955697 ], [ -82.041364040180142, 52.143767808573543 ], [ -82.041355652463309, 52.143408238499077 ], [ -82.041935890359497, 52.143223291593266 ], [ -82.04193169425848, 52.143043506574877 ], [ -82.041639479612499, 52.143046087850173 ], [ -82.041631089895134, 52.14268651776289 ], [ -82.041923302188565, 52.142683936520818 ], [ -82.041906518577022, 52.1419647963437 ], [ -82.042783141078218, 52.141957048473792 ], [ -82.042778941756779, 52.141777263464981 ], [ -82.043359152555084, 52.141592309651188 ], [ -82.043350749427759, 52.141232739671324 ], [ -82.0430585467643, 52.141235324399595 ], [ -82.043045945932377, 52.140695969336775 ], [ -82.042753746753277, 52.140698553291351 ], [ -82.042749547740229, 52.140518768242295 ], [ -82.041584949596469, 52.140708881871632 ], [ -82.041589143949025, 52.140888666981404 ], [ -82.041296943373638, 52.140891247333577 ], [ -82.04130532985846, 52.141250817569095 ], [ -82.041013126886767, 52.141253397230649 ], [ -82.041017319018991, 52.141433182356394 ], [ -82.040437100415147, 52.141618124694403 ], [ -82.04044548019472, 52.141977694983488 ], [ -82.039861064533966, 52.141982849372546 ], [ -82.039865252137233, 52.142162634541613 ], [ -82.040453860150123, 52.142337265249559 ], [ -82.040466430412962, 52.142876620605534 ], [ -82.040174216723315, 52.142879198244913 ], [ -82.040182594765781, 52.143238768486661 ], [ -82.039890378679573, 52.143241345435335 ], [ -82.03989875454522, 52.143600915687244 ], [ -82.039606536062436, 52.143603491945221 ], [ -82.039619096661411, 52.144142847329668 ], [ -82.039326874605649, 52.144145422913489 ], [ -82.039347803933936, 52.145044348522099 ], [ -82.039055575952233, 52.145046923464882 ], [ -82.039072315499638, 52.145766063914536 ], [ -82.038780082768213, 52.145768638199662 ], [ -82.038792634360334, 52.146307993526221 ], [ -82.038500398055504, 52.146310567137093 ], [ -82.038521312371032, 52.147209492649175 ], [ -82.03822907013955, 52.147212065618874 ], [ -82.038237433819816, 52.147571635816568 ], [ -82.037945189191248, 52.147574208095413 ], [ -82.037953550693814, 52.147933778303219 ], [ -82.037661303668145, 52.147936349891175 ], [ -82.037673842721063, 52.148475705209407 ], [ -82.03709351889691, 52.148660631440251 ], [ -82.037101873865765, 52.149020201678319 ], [ -82.036809619648523, 52.149022771193501 ], [ -82.036817972439295, 52.149382341441658 ], [ -82.03652571582478, 52.149384910265887 ], [ -82.036250155859832, 52.150106618925626 ], [ -82.035957894450661, 52.150109186367885 ], [ -82.035962067556724, 52.150288971509916 ], [ -82.035669804926982, 52.150291538244652 ], [ -82.035673976900028, 52.150471323397447 ], [ -82.035381713049688, 52.150473889424639 ], [ -82.035385883889703, 52.150653674588199 ], [ -82.034805522234223, 52.150838589694239 ], [ -82.034813859425711, 52.151198160058669 ], [ -82.034233488311685, 52.151383072383169 ], [ -82.034241821058103, 52.151742642779105 ], [ -82.033949548751053, 52.151745205301417 ], [ -82.033953714012924, 52.151924990507247 ], [ -82.033373329865654, 52.152109898645627 ], [ -82.033377492861092, 52.152289683872922 ], [ -82.033962044667845, 52.152284560901677 ], [ -82.033678097262182, 52.15264669315377 ], [ -82.034554931837306, 52.152639005339445 ] ], [ [ -82.03540256768747, 52.151372815184999 ], [ -82.035110297909142, 52.151375380570677 ], [ -82.035106128070922, 52.15119559541359 ], [ -82.035398396672377, 52.151193030044425 ], [ -82.03540256768747, 52.151372815184999 ] ] ] } },
{ "type": "Feature", "properties": { }, "geometry": { "type": "Polygon", "coordinates": [ [ [ -82.046539689865497, 52.140125550910518 ], [ -82.046527047488311, 52.139586196343828 ], [ -82.046819239037049, 52.13958360307997 ], [ -82.046510191604369, 52.138867056840986 ], [ -82.045925817782447, 52.138872241063943 ], [ -82.045642051602684, 52.13923440195277 ], [ -82.045057672811637, 52.139239581899865 ], [ -82.045045048737705, 52.138700226996768 ], [ -82.044752862803975, 52.138702815834698 ], [ -82.04475706960848, 52.138882600824815 ], [ -82.044464882454605, 52.138885188955634 ], [ -82.044481705409879, 52.139604328925188 ], [ -82.045646262067692, 52.139414186875634 ], [ -82.045658893727747, 52.139953541609707 ], [ -82.046243281750478, 52.139948358634157 ], [ -82.04624749474435, 52.140128143500647 ], [ -82.046539689865497, 52.140125550910518 ] ] ] } },
{ "type": "Feature", "properties": { }, "geometry": { "type": "Polygon", "coordinates": [ [ [ -82.047966905644856, 52.138674298811338 ], [ -82.047962685948718, 52.138494513998978 ], [ -82.048839238630194, 52.138486721480419 ], [ -82.04912297410165, 52.138124553018507 ], [ -82.049999519195651, 52.138116751915454 ], [ -82.049995291400762, 52.13793696720289 ], [ -82.050575422120758, 52.137751978197521 ], [ -82.050566962049146, 52.137392408810584 ], [ -82.050859138866059, 52.137389805614987 ], [ -82.050850676620215, 52.13703023623853 ], [ -82.051142851040964, 52.137027632352726 ], [ -82.051138618808764, 52.13684784767262 ], [ -82.050846445563863, 52.136850451541662 ], [ -82.050842214551921, 52.136670666839045 ], [ -82.050257870280689, 52.136675872372543 ], [ -82.050262098940934, 52.136855657108661 ], [ -82.049385578673835, 52.136863460031414 ], [ -82.049389803850872, 52.137043244811984 ], [ -82.049097629163967, 52.137045844355569 ], [ -82.049093405162793, 52.136866059558272 ], [ -82.048801231607442, 52.136868658361429 ], [ -82.048792786089734, 52.136509088716124 ], [ -82.048500614841757, 52.136511686762141 ], [ -82.048504836402628, 52.136691471604401 ], [ -82.048212663934535, 52.136694068943434 ], [ -82.048221104837424, 52.137053638644097 ], [ -82.047928929973338, 52.13705623529286 ], [ -82.047945807606879, 52.137775374691962 ], [ -82.04706926863831, 52.137783160496426 ], [ -82.047073484629578, 52.137962945381915 ], [ -82.047950027125935, 52.137955159527344 ], [ -82.047954246689272, 52.138134944356985 ], [ -82.047662064725458, 52.138137540382267 ], [ -82.047674720153168, 52.13867689488675 ], [ -82.047966905644856, 52.138674298811338 ] ] ] } },
{ "type": "Feature", "properties": { }, "geometry": { "type": "Polygon", "coordinates": [ [ [ -82.050537353196432, 52.136133915774991 ], [ -82.050520434828258, 52.135414776770872 ], [ -82.05022827090103, 52.135417379058559 ], [ -82.050232499250768, 52.135597163834966 ], [ -82.049940334103411, 52.135599765415726 ], [ -82.04995301589139, 52.136139119760642 ], [ -82.050537353196432, 52.136133915774991 ] ] ] } },
{ "type": "Feature", "properties": { }, "geometry": { "type": "Polygon", "coordinates": [ [ [ -82.051722965165325, 52.136842637763436 ], [ -82.0522903640462, 52.136118286449737 ], [ -82.052582532365648, 52.136115679029324 ], [ -82.052586770299285, 52.136295463648615 ], [ -82.053171109156423, 52.136290246603188 ], [ -82.053162628630432, 52.135930677425989 ], [ -82.053742720058608, 52.135745672989358 ], [ -82.053734235096471, 52.135386103844787 ], [ -82.054026398490421, 52.135383492873196 ], [ -82.054022154900366, 52.135203708309064 ], [ -82.05460647920323, 52.135198484228532 ], [ -82.054602233306227, 52.13501869969226 ], [ -82.054894394215125, 52.135016086583327 ], [ -82.054890147186953, 52.134836302058126 ], [ -82.055474466519641, 52.134831073702948 ], [ -82.05547021718462, 52.134651289205621 ], [ -82.055762375608396, 52.134648673959404 ], [ -82.056046030748576, 52.134286489044946 ], [ -82.056630342670402, 52.134281255001675 ], [ -82.056905478513855, 52.133559499138386 ], [ -82.057197629660621, 52.133556880375082 ], [ -82.057193373583956, 52.133377095938492 ], [ -82.057485523510479, 52.133374476468433 ], [ -82.057769156670602, 52.133012287451734 ], [ -82.058645598994531, 52.133004422630364 ], [ -82.058641337173952, 52.1328246382608 ], [ -82.059225629481915, 52.132819391462348 ], [ -82.059221365354929, 52.132639607120801 ], [ -82.059801388699512, 52.132454573148237 ], [ -82.059775791039371, 52.131375867146005 ], [ -82.059187253949418, 52.131201332180943 ], [ -82.059470859701761, 52.130839139089531 ], [ -82.060347258902581, 52.130831261851753 ], [ -82.060351527283999, 52.131011046183346 ], [ -82.060643661436842, 52.131008418973437 ], [ -82.060927254125133, 52.130646222438685 ], [ -82.06180364912791, 52.130638334398625 ], [ -82.061799374959008, 52.130458550140077 ], [ -82.062091505361536, 52.130455919363264 ], [ -82.062082954807494, 52.130096350862743 ], [ -82.062375082814398, 52.130093719396264 ], [ -82.062370806429271, 52.129913935154292 ], [ -82.062662933215961, 52.129911302981235 ], [ -82.062658655700346, 52.12973151875044 ], [ -82.062950781266821, 52.129728885870804 ], [ -82.062946502620733, 52.129549101651186 ], [ -82.063238626966964, 52.129546468065008 ], [ -82.063234347190445, 52.129366683856581 ], [ -82.063526470316461, 52.129364049563833 ], [ -82.063522189409511, 52.12918426536659 ], [ -82.063814311315326, 52.129181630367306 ], [ -82.063810029277974, 52.129001846181247 ], [ -82.06410214996356, 52.128999210475435 ], [ -82.064097866795848, 52.128819426300574 ], [ -82.064389986261219, 52.128816789888248 ], [ -82.064673534779914, 52.128454584453294 ], [ -82.065257768784832, 52.128449308079126 ], [ -82.065253481050902, 52.128269523954849 ], [ -82.066421943819932, 52.128258962592838 ], [ -82.066417651430044, 52.128079178530754 ], [ -82.066709765834545, 52.128076536398588 ], [ -82.066705472314439, 52.127896752347759 ], [ -82.067285402812388, 52.127711681924453 ], [ -82.067272515606319, 52.127172329822095 ], [ -82.067564623999701, 52.127169685604613 ], [ -82.067556030403964, 52.126810117541574 ], [ -82.0681402423549, 52.126804827004385 ], [ -82.068135943274385, 52.126625042998263 ], [ -82.068428048007078, 52.12662239666156 ], [ -82.068419447631086, 52.12626282866605 ], [ -82.068711549968469, 52.126260181639992 ], [ -82.068707248673022, 52.126080397650639 ], [ -82.069291450862224, 52.126075101462341 ], [ -82.069287147261747, 52.125895317501296 ], [ -82.069579247113566, 52.125892668339091 ], [ -82.069574942383156, 52.125712884389323 ], [ -82.069867041014746, 52.125710234520753 ], [ -82.069862735154445, 52.125530450582275 ], [ -82.070442621766801, 52.125345364798925 ], [ -82.070429697542252, 52.124806013033904 ], [ -82.07101388273891, 52.124800708403669 ], [ -82.071009572404449, 52.124620924504605 ], [ -82.071301663759996, 52.124618271121498 ], [ -82.071305975269439, 52.124798055003495 ], [ -82.072182252589613, 52.124790090462724 ], [ -82.072169307622161, 52.124250738953151 ], [ -82.073045573960243, 52.124242768055893 ], [ -82.073049892429012, 52.124422551846905 ], [ -82.07334198229276, 52.12441989341734 ], [ -82.073337662649024, 52.124240109643424 ], [ -82.073629751292501, 52.124237450507607 ], [ -82.073608147878815, 52.123338531637117 ], [ -82.073900230602362, 52.123335871863503 ], [ -82.073887265573305, 52.122796520523337 ], [ -82.074179344726915, 52.122793860077742 ], [ -82.074192313280591, 52.123333211366564 ], [ -82.074484395913473, 52.123330550146292 ], [ -82.074480071842032, 52.123150766406248 ], [ -82.074772153254671, 52.123148104479768 ], [ -82.074763502898108, 52.122788537016604 ], [ -82.074471423835192, 52.122791198908828 ], [ -82.074467099899792, 52.122611415151489 ], [ -82.074759177787882, 52.122608753276388 ], [ -82.07504260319655, 52.122246523214471 ], [ -82.075334678644239, 52.122243859927011 ], [ -82.07533900601338, 52.122423643644517 ], [ -82.076215235608529, 52.122415649390888 ], [ -82.076210904714912, 52.122235865724818 ], [ -82.076790722003807, 52.122050749002668 ], [ -82.076782055744559, 52.121691181710318 ], [ -82.077074127395363, 52.12168851413454 ], [ -82.076764723771419, 52.120972047056398 ], [ -82.076180589731464, 52.120977379900857 ], [ -82.076176259201233, 52.120797596188645 ], [ -82.075587799193656, 52.120623142353466 ], [ -82.075592127329045, 52.120802926105746 ], [ -82.075300061324867, 52.120805589979383 ], [ -82.075016646983386, 52.121167820685542 ], [ -82.07414044151416, 52.121175805899853 ], [ -82.074144763912017, 52.121355589720451 ], [ -82.073852694156841, 52.121358250029125 ], [ -82.073569264588983, 52.121720477306887 ], [ -82.072985120153007, 52.121725794376211 ], [ -82.072989437987715, 52.121905578247961 ], [ -82.072697364527002, 52.121908235714784 ], [ -82.072723265437318, 52.122986938926765 ], [ -82.073015345947027, 52.122984281357354 ], [ -82.073023982295766, 52.123343849014333 ], [ -82.073316065109935, 52.123341190687391 ], [ -82.07332038452715, 52.123520974490148 ], [ -82.072156363062035, 52.123711387391658 ], [ -82.071855650586286, 52.123354475088789 ], [ -82.07156356754578, 52.123357129799054 ], [ -82.071567879913587, 52.123536913704349 ], [ -82.070983711347097, 52.123542220989052 ], [ -82.070979401329097, 52.123362437049614 ], [ -82.069811068353346, 52.123373042870675 ], [ -82.069815373671744, 52.12355282687836 ], [ -82.06952328913998, 52.123555476542336 ], [ -82.069536201841288, 52.124094828581924 ], [ -82.069828289897842, 52.124092178866796 ], [ -82.069832595396846, 52.12427196285141 ], [ -82.069248416888684, 52.124277261592376 ], [ -82.069252720082929, 52.124457045605325 ], [ -82.0683764484573, 52.124464988342687 ], [ -82.068385047931244, 52.124824556453483 ], [ -82.067800861922038, 52.124829848062994 ], [ -82.067805159376633, 52.125009632143801 ], [ -82.067513065129404, 52.125012276880511 ], [ -82.067517361454065, 52.125192060972545 ], [ -82.067225265986735, 52.12519470500289 ], [ -82.067229561181435, 52.125374489106179 ], [ -82.066937464494032, 52.125377132430138 ], [ -82.066653953585913, 52.125739343288032 ], [ -82.066069755285724, 52.125744626386997 ], [ -82.066074045915286, 52.125924410541003 ], [ -82.065781945522588, 52.125927051022366 ], [ -82.065786235022074, 52.126106835187599 ], [ -82.06607833658984, 52.126104194689233 ], [ -82.066379021946958, 52.126461121712666 ], [ -82.065794814156007, 52.126466403500771 ], [ -82.065799103790468, 52.126646187648703 ], [ -82.06433857765029, 52.12665937954398 ], [ -82.064342861454051, 52.126839163771024 ], [ -82.063174435032479, 52.126849704333416 ], [ -82.063178714180566, 52.127029488622533 ], [ -82.062886606287776, 52.127032121971503 ], [ -82.062895162368264, 52.127391690566313 ], [ -82.062603052080249, 52.127394323225708 ], [ -82.062611605989829, 52.127753891831368 ], [ -82.062319493306561, 52.127756523801182 ], [ -82.062362253793609, 52.129554366653061 ], [ -82.061778004787058, 52.129559628760916 ], [ -82.061773730887168, 52.129379844467813 ], [ -82.060897360567111, 52.129387732152594 ], [ -82.060893090238011, 52.129207947802968 ], [ -82.059724600552173, 52.129218454519439 ], [ -82.059733131852553, 52.129578023348145 ], [ -82.059153145406412, 52.129763056872449 ], [ -82.059157408817754, 52.129942841306175 ], [ -82.059741663331934, 52.129937592153794 ], [ -82.059750194990286, 52.130297160936422 ], [ -82.058585937574748, 52.13048744093237 ], [ -82.058607244218834, 52.131386363096965 ], [ -82.057447210249777, 52.131756416431543 ], [ -82.057464237919078, 52.132475554283317 ], [ -82.057172093870435, 52.132478173669107 ], [ -82.057176349723846, 52.132657958134487 ], [ -82.056592059141536, 52.132663194769002 ], [ -82.056600566280025, 52.133022763749906 ], [ -82.056016270816968, 52.133027997557441 ], [ -82.05602477343156, 52.133387566582662 ], [ -82.055440473087714, 52.133392797563125 ], [ -82.055444722110707, 52.133572582100754 ], [ -82.054568267733814, 52.133580423194871 ], [ -82.054284604960358, 52.133942604638193 ], [ -82.053992451016498, 52.13394521619901 ], [ -82.053988207782581, 52.133765431588827 ], [ -82.053403902112635, 52.133770652505994 ], [ -82.053408142995266, 52.133950437149778 ], [ -82.052828073371884, 52.134135439877653 ], [ -82.052836550656906, 52.134495009203576 ], [ -82.052544392963597, 52.134497617196637 ], [ -82.052540155474532, 52.134317832519756 ], [ -82.051955842305929, 52.134323046301425 ], [ -82.051960077443624, 52.134502831011837 ], [ -82.051667919616989, 52.134505436833983 ], [ -82.051676387674263, 52.134865006271063 ], [ -82.051384227451791, 52.134867611403109 ], [ -82.051388460371342, 52.135047396129771 ], [ -82.051977018438691, 52.1352219697959 ], [ -82.051981253798544, 52.135401754477535 ], [ -82.051689090093305, 52.135404360383525 ], [ -82.051989724651548, 52.135761323823523 ], [ -82.051113226347979, 52.13576913947108 ], [ -82.051138618808764, 52.13684784767262 ], [ -82.051722965165325, 52.136842637763436 ] ], [ [ -82.071293040876768, 52.124258703340182 ], [ -82.070416773724375, 52.124266661216986 ], [ -82.070408158071714, 52.123907093310223 ], [ -82.070992331518724, 52.123901788850624 ], [ -82.070988021410315, 52.123722004922719 ], [ -82.071280106891066, 52.123719351624963 ], [ -82.071284418174415, 52.123899135535815 ], [ -82.0715765047849, 52.123896481497631 ], [ -82.071293040876768, 52.124258703340182 ] ], [ [ -82.074467099899792, 52.122611415151489 ], [ -82.073882943987613, 52.122616736731743 ], [ -82.073878622447253, 52.122436952934393 ], [ -82.074462776009767, 52.122431631388359 ], [ -82.074467099899792, 52.122611415151489 ] ], [ [ -82.075029624885801, 52.121707171975977 ], [ -82.074737552917128, 52.12170983448874 ], [ -82.074733228079054, 52.121530050713901 ], [ -82.075025298872959, 52.121527388218261 ], [ -82.075029624885801, 52.121707171975977 ] ] ] } },
{ "type": "Feature", "properties": { }, "geometry": { "type": "Polygon", "coordinates": [ [ [ -82.079092573603191, 52.120591119661071 ], [ -82.079375951165133, 52.120228879326781 ], [ -82.079960074806564, 52.120223530708067 ], [ -82.079951383613661, 52.119863963678405 ], [ -82.080535502374175, 52.119858612235554 ], [ -82.080531154496811, 52.119678828746494 ], [ -82.08082321263403, 52.119676151957428 ], [ -82.080814514666883, 52.119316584996454 ], [ -82.081690681757138, 52.119308550393256 ], [ -82.081686329318188, 52.119128766955804 ], [ -82.082270438134287, 52.119123406972037 ], [ -82.082266083391801, 52.118943623563297 ], [ -82.082845832630113, 52.118758477341146 ], [ -82.0828371186753, 52.118398910563805 ], [ -82.083713267187932, 52.118390861031877 ], [ -82.083708906755476, 52.118211077686333 ], [ -82.085169147489111, 52.118197647422242 ], [ -82.085164781229793, 52.118017864157331 ], [ -82.085456828064693, 52.118015175952223 ], [ -82.085452460676663, 52.117835392698836 ], [ -82.085744506291249, 52.11783270378784 ], [ -82.085740137774536, 52.117652920545979 ], [ -82.086032182168822, 52.117650230929115 ], [ -82.086315484923418, 52.117287974157243 ], [ -82.086607526877103, 52.117285283128652 ], [ -82.086611898825566, 52.117465066330134 ], [ -82.087195984944302, 52.117459682068798 ], [ -82.087191610646897, 52.117279898901948 ], [ -82.087483652462993, 52.117277205703843 ], [ -82.087766941078257, 52.116914945500895 ], [ -82.088351019783204, 52.116909555558209 ], [ -82.088342262114182, 52.116549989322763 ], [ -82.088926335937785, 52.116544596556849 ], [ -82.088921954823363, 52.116364813465154 ], [ -82.089506026114393, 52.116359417841366 ], [ -82.089501642697144, 52.116179634778625 ], [ -82.090081325735525, 52.115994453263191 ], [ -82.090068168851417, 52.115455104127143 ], [ -82.090652228031061, 52.115449702891972 ], [ -82.090643452307674, 52.1150901368419 ], [ -82.0900593978253, 52.11509553800758 ], [ -82.090050626983157, 52.114735971864903 ], [ -82.089470960063494, 52.114921153177647 ], [ -82.089170170131155, 52.114564284953858 ], [ -82.088002074154716, 52.114575069722449 ], [ -82.088006451286901, 52.114754852923909 ], [ -82.087422400674683, 52.114760241004298 ], [ -82.087431150379587, 52.115119807459237 ], [ -82.087139122656069, 52.115122500449424 ], [ -82.087143496403016, 52.115302283685551 ], [ -82.086851467459326, 52.115304975969948 ], [ -82.086855840077817, 52.115484759217637 ], [ -82.086563809913926, 52.11548745079623 ], [ -82.086568181403948, 52.115667234055458 ], [ -82.086276150019884, 52.115669924928241 ], [ -82.086280520381379, 52.115849708199001 ], [ -82.085988487777129, 52.115852398365966 ], [ -82.085992857010098, 52.116032181648279 ], [ -82.085700823185675, 52.116034871109413 ], [ -82.085417523221281, 52.11639712646388 ], [ -82.083085589447904, 52.116598394049227 ], [ -82.083089947119987, 52.116778177481244 ], [ -82.082797908140407, 52.116780859780036 ], [ -82.082514579898643, 52.117143108271421 ], [ -82.081350764707864, 52.117333610998507 ], [ -82.081355115515905, 52.117513394510908 ], [ -82.081063071564586, 52.117516072539679 ], [ -82.08077972462263, 52.117878316921669 ], [ -82.080195631793956, 52.117883669432189 ], [ -82.080199978040838, 52.118063452996175 ], [ -82.079907930383612, 52.118066128183862 ], [ -82.079912275501542, 52.118245911759267 ], [ -82.079332520515777, 52.118431043603543 ], [ -82.079341206281256, 52.118790610794349 ], [ -82.079049153789185, 52.118793283881246 ], [ -82.079062179255246, 52.119332634675793 ], [ -82.078770123193848, 52.119335307091056 ], [ -82.078486746260182, 52.119697546019374 ], [ -82.077902629211351, 52.119702887302495 ], [ -82.077906966516949, 52.119882670946346 ], [ -82.077614906749673, 52.119885340520234 ], [ -82.077619242926104, 52.120065124175483 ], [ -82.077039454778358, 52.120250244871677 ], [ -82.077043788696386, 52.120430028549741 ], [ -82.077919978706717, 52.120422021843261 ], [ -82.07792431619427, 52.12060180546402 ], [ -82.079092573603191, 52.120591119661071 ] ] ] } },
{ "type": "Feature", "properties": { }, "geometry": { "type": "Polygon", "coordinates": [ [ [ -82.09182034583803, 52.115438891744212 ], [ -82.091815953256059, 52.115259108791612 ], [ -82.092400009534586, 52.115253698913833 ], [ -82.092395614650073, 52.115073915990273 ], [ -82.092103587708166, 52.115076621273317 ], [ -82.092099194044039, 52.114896838326558 ], [ -82.092391219811674, 52.114894133060922 ], [ -82.092382430273105, 52.114534567184904 ], [ -82.091802775786576, 52.11471975989916 ], [ -82.091798383388863, 52.11453997692346 ], [ -82.091506359877641, 52.114542680708105 ], [ -82.091497577568902, 52.114183114704581 ], [ -82.091205556360137, 52.114185817731347 ], [ -82.091231896793289, 52.115264515776943 ], [ -82.09182034583803, 52.115438891744212 ] ] ] } },
{ "type": "Feature", "properties": { }, "geometry": { "type": "Polygon", "coordinates": [ [ [ -82.134127611015643, 52.113600933097487 ], [ -82.134113923754768, 52.113061591797653 ], [ -82.132945884831372, 52.113072821547291 ], [ -82.132950442507408, 52.113252602058623 ], [ -82.132658431482952, 52.113255407706504 ], [ -82.132667544630195, 52.113614968747839 ], [ -82.134127611015643, 52.113600933097487 ] ] ] } },
{ "type": "Feature", "properties": { }, "geometry": { "type": "Polygon", "coordinates": [ [ [ -82.131216578647127, 52.11398854752067 ], [ -82.131212027824802, 52.113808766924315 ], [ -82.131796057348339, 52.113803162027658 ], [ -82.131791504225461, 52.113623381461558 ], [ -82.132375531209718, 52.113617773708796 ], [ -82.13237097578633, 52.113437993172973 ], [ -82.131494938760696, 52.113446403663453 ], [ -82.13149038690743, 52.11326662306773 ], [ -82.130614352974547, 52.11327502699681 ], [ -82.130618901305468, 52.11345480764659 ], [ -82.128574812241197, 52.113474391634213 ], [ -82.128570272129124, 52.113294610858439 ], [ -82.125650152589998, 52.113322526345527 ], [ -82.125645624266653, 52.113142745384366 ], [ -82.124769591000742, 52.113151105877456 ], [ -82.124765066247221, 52.112971324856737 ], [ -82.123597025924894, 52.112982461986725 ], [ -82.123592505915198, 52.112802680888556 ], [ -82.122424469530898, 52.112813806378469 ], [ -82.122419954264942, 52.112634025202937 ], [ -82.120667905312843, 52.11265069163975 ], [ -82.120663397138699, 52.112470910351206 ], [ -82.119495368254647, 52.112482006777199 ], [ -82.119490864824044, 52.11230222541149 ], [ -82.118614846187327, 52.112310540085765 ], [ -82.118619346095727, 52.112490321504971 ], [ -82.118035331087171, 52.112495861041708 ], [ -82.118030833526916, 52.112316079586869 ], [ -82.117738827125947, 52.11231884825289 ], [ -82.117752316425936, 52.112858192653484 ], [ -82.118628346054081, 52.11284988432601 ], [ -82.118632846104035, 52.113029665727851 ], [ -82.119216867968433, 52.113024123192055 ], [ -82.119517886116057, 52.113380913518945 ], [ -82.120101912393622, 52.113375366573564 ], [ -82.120106418455862, 52.113555147868844 ], [ -82.120690446892709, 52.113549597995593 ], [ -82.120694955350515, 52.113729379249392 ], [ -82.122739061608684, 52.113709931791888 ], [ -82.122743578332901, 52.113889712914798 ], [ -82.125663737844903, 52.113861869194224 ], [ -82.12566826635819, 52.114041650132201 ], [ -82.126252300039468, 52.114036072675567 ], [ -82.126247769177851, 52.113856291773466 ], [ -82.126539784773058, 52.113853501978511 ], [ -82.126544316808832, 52.114033282862664 ], [ -82.128588432863097, 52.114013733926754 ], [ -82.128583892608177, 52.113833953168381 ], [ -82.1300439682052, 52.113819968041064 ], [ -82.130048514330909, 52.113999748709467 ], [ -82.131216578647127, 52.11398854752067 ] ] ] } },
{ "type": "Feature", "properties": { }, "geometry": { "type": "Polygon", "coordinates": [ [ [ -82.141701565212912, 52.112808536472073 ], [ -82.141696972410472, 52.112628756492796 ], [ -82.142276389289833, 52.112443319806736 ], [ -82.14226719922965, 52.112083759891952 ], [ -82.141975196784955, 52.11208658856755 ], [ -82.141979790616944, 52.112266368546038 ], [ -82.141395783235012, 52.112272023764611 ], [ -82.141400374767102, 52.112451803773688 ], [ -82.139356339196155, 52.112471574391371 ], [ -82.139360922558069, 52.11265135452183 ], [ -82.140820954076673, 52.112637236176269 ], [ -82.140825543356954, 52.112817016210094 ], [ -82.141701565212912, 52.112808536472073 ] ] ] } },
{ "type": "Feature", "properties": { }, "geometry": { "type": "Polygon", "coordinates": [ [ [ -82.143444407978862, 52.112431997728727 ], [ -82.143727210730134, 52.112069605669049 ], [ -82.145187221024543, 52.112055433371296 ], [ -82.1451826143267, 52.111875653587418 ], [ -82.146350616996799, 52.111864302808371 ], [ -82.146346005651324, 52.111684523091725 ], [ -82.146638005024002, 52.111681683607756 ], [ -82.146624167755832, 52.111142344477791 ], [ -82.146332171905016, 52.111145183906956 ], [ -82.146327560752951, 52.110965404167089 ], [ -82.14603556602772, 52.110968242855023 ], [ -82.146040176005855, 52.111148022613143 ], [ -82.144872191925941, 52.111159370208242 ], [ -82.144589404146927, 52.111521764980914 ], [ -82.144005407024807, 52.111527433067629 ], [ -82.143722609902298, 52.111889825794009 ], [ -82.143138607794754, 52.111895489615719 ], [ -82.143143206274601, 52.112075269527189 ], [ -82.142851203974487, 52.112078100371782 ], [ -82.142855801328523, 52.112257880295658 ], [ -82.143444407978862, 52.112431997728727 ] ] ] } },
{ "type": "Feature", "properties": { }, "geometry": { "type": "Polygon", "coordinates": [ [ [ -82.093258500253796, 52.114526447153864 ], [ -82.093541724740291, 52.114164173270858 ], [ -82.094417787121969, 52.114156044667311 ], [ -82.094700999866149, 52.11379376804318 ], [ -82.095869072816754, 52.113782917029276 ], [ -82.096152271424302, 52.113420636976102 ], [ -82.096736302833023, 52.113415205754457 ], [ -82.096731890796747, 52.113235423034716 ], [ -82.097315919672056, 52.113229988955801 ], [ -82.097311505333749, 52.113050206265235 ], [ -82.098187544777048, 52.113042049776418 ], [ -82.098183126962596, 52.112862267132549 ], [ -82.098767150678242, 52.11285682589309 ], [ -82.099050319931891, 52.112494538988749 ], [ -82.099926347973835, 52.112486369642696 ], [ -82.099921923253746, 52.11230658708655 ], [ -82.100505939368205, 52.11230113727575 ], [ -82.100789091010341, 52.111938846261381 ], [ -82.101957113103637, 52.111927935211661 ], [ -82.10196154594945, 52.112107717656578 ], [ -82.102837565553628, 52.112099526724897 ], [ -82.10284200196817, 52.112279309111337 ], [ -82.104302039581611, 52.112265643010176 ], [ -82.104297597296664, 52.112085860711659 ], [ -82.105173615783627, 52.112077652427459 ], [ -82.105169170023046, 52.111897870175966 ], [ -82.110717255042928, 52.111845733600468 ], [ -82.110721723110586, 52.112025515516557 ], [ -82.112469278381411, 52.111829215192827 ], [ -82.112473753493376, 52.112008997002661 ], [ -82.11481427592679, 52.112166713490787 ], [ -82.114800822413784, 52.111627368487163 ], [ -82.114508820191062, 52.111630129128933 ], [ -82.114504336954795, 52.111450347431727 ], [ -82.112752329675757, 52.111466895992805 ], [ -82.11274785353055, 52.111287114183362 ], [ -82.111287852043887, 52.111300884679871 ], [ -82.111283381815625, 52.111121102776032 ], [ -82.109823385027099, 52.111134855109157 ], [ -82.109818920715668, 52.110955073111072 ], [ -82.109526922391467, 52.11095782139104 ], [ -82.109531385528925, 52.111137603406803 ], [ -82.10894738639216, 52.111143097833114 ], [ -82.10894292560269, 52.110963315782016 ], [ -82.108066930068745, 52.110971551946037 ], [ -82.108071387336224, 52.111151334050135 ], [ -82.107487387731879, 52.11115682124651 ], [ -82.107482932812417, 52.110977039107127 ], [ -82.107190934114172, 52.11097978160317 ], [ -82.107195387859647, 52.111159563760204 ], [ -82.102231382896207, 52.111206075874492 ], [ -82.102235816730115, 52.111385858324965 ], [ -82.1019438148451, 52.111388587842271 ], [ -82.101939382185208, 52.111208805374226 ], [ -82.101355380623801, 52.111214262204697 ], [ -82.101359810935648, 52.111394044707829 ], [ -82.099899800349235, 52.111407674219194 ], [ -82.099904224837346, 52.111587456804223 ], [ -82.09873621083689, 52.111598347469247 ], [ -82.098740630675181, 52.111778130118566 ], [ -82.09757261123697, 52.111789009285374 ], [ -82.097577026425327, 52.111968791998905 ], [ -82.096701007838291, 52.111976943834755 ], [ -82.096705419550702, 52.112156726594932 ], [ -82.09641341208841, 52.112159442444991 ], [ -82.09641782267299, 52.112339225216871 ], [ -82.096125813990341, 52.112341940361354 ], [ -82.096130223447062, 52.11252172314493 ], [ -82.09583821354407, 52.112524437583829 ], [ -82.095842621872919, 52.112704220379086 ], [ -82.095550610749569, 52.112706934112424 ], [ -82.095267411679814, 52.113069212765708 ], [ -82.094683384505544, 52.113074636686946 ], [ -82.094678980780827, 52.112894853833438 ], [ -82.094386968298565, 52.112897564692041 ], [ -82.094391370849124, 52.113077347562985 ], [ -82.093515329602923, 52.113085475852763 ], [ -82.093519728677151, 52.113265258770227 ], [ -82.092935698600698, 52.113270674049659 ], [ -82.092940095372697, 52.113450456996176 ], [ -82.09264807909112, 52.113453163568714 ], [ -82.092670057771699, 52.114352078301707 ], [ -82.093258500253796, 52.114526447153864 ] ] ] } },
{ "type": "Feature", "properties": { }, "geometry": { "type": "Polygon", "coordinates": [ [ [ -82.150698218445967, 52.110563178144389 ], [ -82.150693589830567, 52.110383398661597 ], [ -82.151569560970245, 52.110374845891812 ], [ -82.151564928881754, 52.110195066458232 ], [ -82.15010498260898, 52.110209317368124 ], [ -82.150109608828103, 52.110389096893378 ], [ -82.150698218445967, 52.110563178144389 ] ] ] } },
{ "type": "Feature", "properties": { }, "geometry": { "type": "Polygon", "coordinates": [ [ [ -82.152440896062686, 52.11018650723701 ], [ -82.15243626050119, 52.110006727852685 ], [ -82.151852284776865, 52.110012434686382 ], [ -82.151856917990656, 52.110192214107428 ], [ -82.152440896062686, 52.11018650723701 ] ] ] } },
{ "type": "Feature", "properties": { }, "geometry": { "type": "Polygon", "coordinates": [ [ [ -82.156519433175347, 52.109786919915543 ], [ -82.156514781277437, 52.109607140777086 ], [ -82.157682720023956, 52.10959567809774 ], [ -82.15767806347958, 52.109415899027233 ], [ -82.158845996749648, 52.109404424854965 ], [ -82.158841335558918, 52.109224645852457 ], [ -82.159425299553163, 52.10921890446577 ], [ -82.159411309231615, 52.108679567534182 ], [ -82.158243395132885, 52.108691047194363 ], [ -82.158248053829467, 52.10887082625122 ], [ -82.15708013425413, 52.108882294418841 ], [ -82.157084788304473, 52.109062073543654 ], [ -82.155332900435099, 52.109079254218521 ], [ -82.155337547491513, 52.109259033448055 ], [ -82.154758226888404, 52.109444533853754 ], [ -82.154762871694643, 52.109624313108462 ], [ -82.155930811611483, 52.109612867779241 ], [ -82.155935461161732, 52.109792646954531 ], [ -82.156519433175347, 52.109786919915543 ] ] ] } },
{ "type": "Feature", "properties": { }, "geometry": { "type": "Polygon", "coordinates": [ [ [ -82.163216381995269, 52.1090017362379 ], [ -82.163211703295815, 52.108821957501213 ], [ -82.164087639966965, 52.108813311917231 ], [ -82.164082957795344, 52.108633533230346 ], [ -82.164374935413804, 52.108630649941766 ], [ -82.164365568870352, 52.108271092587678 ], [ -82.162029765328398, 52.108294138358815 ], [ -82.162048461051967, 52.109013253636753 ], [ -82.163216381995269, 52.1090017362379 ] ] ] } },
{ "type": "Feature", "properties": { }, "geometry": { "type": "Polygon", "coordinates": [ [ [ -82.167864571006376, 52.108056658722447 ], [ -82.167859873773125, 52.107876880253791 ], [ -82.168151846057441, 52.107873987642101 ], [ -82.168434419279052, 52.107511537427236 ], [ -82.166682599214084, 52.107528886368399 ], [ -82.166687291654185, 52.107708664923052 ], [ -82.166979262961746, 52.107705775221426 ], [ -82.167280623942631, 52.108062441814447 ], [ -82.167864571006376, 52.108056658722447 ] ] ] } },
{ "type": "Feature", "properties": { }, "geometry": { "type": "Polygon", "coordinates": [ [ [ -82.175705278526991, 52.106360302085619 ], [ -82.175700550050649, 52.106180524068641 ], [ -82.175992510438107, 52.106177612108191 ], [ -82.175978321785919, 52.105638278078558 ], [ -82.175399135156752, 52.105823879217432 ], [ -82.175413316916405, 52.106363213341979 ], [ -82.175705278526991, 52.106360302085619 ] ] ] } },
{ "type": "Feature", "properties": { }, "geometry": { "type": "Polygon", "coordinates": [ [ [ -82.178304497305106, 52.1052554010747 ], [ -82.178295019874341, 52.1048958453026 ], [ -82.178003068098462, 52.104898762914225 ], [ -82.17772058900978, 52.105261235650218 ], [ -82.178304497305106, 52.1052554010747 ] ] ] } },
{ "type": "Feature", "properties": { }, "geometry": { "type": "Polygon", "coordinates": [ [ [ -82.181793684583965, 52.104680999916873 ], [ -82.181788931911541, 52.104501222241858 ], [ -82.18266477810856, 52.104492439163131 ], [ -82.182660021965702, 52.104312661538785 ], [ -82.182951969424906, 52.104309732419168 ], [ -82.182937697775344, 52.103770399567729 ], [ -82.181477977581707, 52.103785037655626 ], [ -82.181482728881448, 52.103964815372763 ], [ -82.180606892647248, 52.103973589608913 ], [ -82.180611640476599, 52.104153367376639 ], [ -82.180319693792242, 52.104156290695322 ], [ -82.180329187253463, 52.104515846250962 ], [ -82.180621136284643, 52.104512922894685 ], [ -82.180625884263335, 52.104692700644968 ], [ -82.181793684583965, 52.104680999916873 ] ] ] } },
{ "type": "Feature", "properties": { }, "geometry": { "type": "Polygon", "coordinates": [ [ [ -82.184402179755651, 52.10393552093975 ], [ -82.184397416722106, 52.103755743411043 ], [ -82.185565190980753, 52.103744005476187 ], [ -82.185555655676609, 52.10338445055234 ], [ -82.183804008069274, 52.103402052891681 ], [ -82.183808768656249, 52.103581830469729 ], [ -82.183516826040233, 52.103584761682221 ], [ -82.183818289979911, 52.103941385608394 ], [ -82.184402179755651, 52.10393552093975 ] ] ] } },
{ "type": "Feature", "properties": { }, "geometry": { "type": "Polygon", "coordinates": [ [ [ -82.191963968134758, 52.102780354858375 ], [ -82.191959174895146, 52.102600577786831 ], [ -82.192834980635524, 52.102591719387512 ], [ -82.192825387267476, 52.102232165340908 ], [ -82.191949588566715, 52.102241023626277 ], [ -82.191944795477866, 52.102061246537261 ], [ -82.191360931772593, 52.10206714840934 ], [ -82.191365722514931, 52.102246925536328 ], [ -82.191073789413693, 52.102249875407288 ], [ -82.191083368702522, 52.102609429681728 ], [ -82.191375304150313, 52.10260647977281 ], [ -82.191380095043328, 52.102786256882318 ], [ -82.191963968134758, 52.102780354858375 ] ] ] } },
{ "type": "Feature", "properties": { }, "geometry": { "type": "Polygon", "coordinates": [ [ [ -82.197496306019914, 52.102184811301335 ], [ -82.197491490639464, 52.102005034573885 ], [ -82.198075352229395, 52.101999102348472 ], [ -82.198056081826806, 52.101279995533048 ], [ -82.19659645093752, 52.101294820294925 ], [ -82.196601262596474, 52.101474597102886 ], [ -82.196022216904197, 52.101660298827255 ], [ -82.19603183578144, 52.102019852490258 ], [ -82.196323766853951, 52.102016890352374 ], [ -82.196328577541436, 52.102196667156086 ], [ -82.197496306019914, 52.102184811301335 ] ] ] } },
{ "type": "Feature", "properties": { }, "geometry": { "type": "Polygon", "coordinates": [ [ [ -82.236307899098435, 52.101244697618185 ], [ -82.236302927840342, 52.101064923451204 ], [ -82.23659484831748, 52.101061861642997 ], [ -82.236579931336649, 52.100522539166057 ], [ -82.236288014378729, 52.100525600915176 ], [ -82.236283043329081, 52.100345826724812 ], [ -82.234531547526046, 52.100364181926238 ], [ -82.234526583566776, 52.100184407611948 ], [ -82.233947715175262, 52.100370294545712 ], [ -82.234249557105173, 52.100726787247638 ], [ -82.235417230774928, 52.100714556070336 ], [ -82.235422198409566, 52.100894330308066 ], [ -82.236006037278202, 52.100888210344245 ], [ -82.236015977396079, 52.101247758723424 ], [ -82.236307899098435, 52.101244697618185 ] ] ] } },
{ "type": "Feature", "properties": { }, "geometry": { "type": "Polygon", "coordinates": [ [ [ -82.233071966259004, 52.100379458055222 ], [ -82.233062050122925, 52.100019909224265 ], [ -82.232478221944362, 52.100026014538926 ], [ -82.232483177640333, 52.100205788996597 ], [ -82.233071966259004, 52.100379458055222 ] ] ] } },
{ "type": "Feature", "properties": { }, "geometry": { "type": "Polygon", "coordinates": [ [ [ -82.20563159828572, 52.100663286853838 ], [ -82.205626750461548, 52.100483510615639 ], [ -82.206210590443561, 52.100477538226841 ], [ -82.206196040237458, 52.09993820959248 ], [ -82.204736457497702, 52.099953134856555 ], [ -82.204750990107414, 52.100492463778941 ], [ -82.205042910276262, 52.100489480113822 ], [ -82.205047755754194, 52.100669256390425 ], [ -82.20563159828572, 52.100663286853838 ] ] ] } },
{ "type": "Feature", "properties": { }, "geometry": { "type": "Polygon", "coordinates": [ [ [ -82.23042987425076, 52.09986758577692 ], [ -82.230419979540713, 52.099508036557737 ], [ -82.230128068529254, 52.099511083014022 ], [ -82.230137960893259, 52.099870632272385 ], [ -82.23042987425076, 52.09986758577692 ] ] ] } }
]
}
