{
"type": "FeatureCollection",
"name": "flood_extra",
"crs": { "type": "name", "properties": { "name": "urn:ogc:def:crs:OGC:1.3:CRS84" } },
"features": [
{ "type": "Feature", "properties": { "area_km2": 0.010399999999987194, "mock": false }, "geometry": { "type": "Polygon", "coordinates": [ [ [ -111.505593298894823, 56.554040514772183 ], [ -111.505595694421842, 56.554220190473146 ], [ -111.504945020716406, 56.554222834769739 ], [ -111.504942628271934, 56.554043159050842 ], [ -111.504617292919065, 56.554044479913287 ], [ -111.504605338817399, 56.553146101194628 ], [ -111.505253600263188, 56.552963782966359 ], [ -111.50525120647093, 56.552784107219374 ], [ -111.505904252335952, 56.552961137092794 ], [ -111.505918634164757, 56.554039191355955 ], [ -111.505593298894823, 56.554040514772183 ] ] ] } },
{ "type": "Feature", "properties": { "area_km2": 0.0040000000000064029, "mock": false }, "geometry": { "type": "Polygon", "coordinates": [ [ [ -111.643544942912143, 56.554121735737041 ], [ -111.643547992046052, 56.554301407094584 ], [ -111.642897332652694, 56.554304773330884 ], [ -111.642894286601091, 56.554125101950504 ], [ -111.642568958392786, 56.554126783780426 ], [ -111.642888194603387, 56.553765759173743 ], [ -111.643213519694243, 56.553764076515442 ], [ -111.643210472207059, 56.553584405130472 ], [ -111.643864169770396, 56.553760708645214 ], [ -111.643870271014862, 56.554120051353465 ], [ -111.643544942912143, 56.554121735737041 ] ] ] } },
{ "type": "Feature", "properties": { "area_km2": 0.012800000000115833, "mock": false }, "geometry": { "type": "Polygon", "coordinates": [ [ [ -111.606511913817229, 56.557721954601533 ], [ -111.606843026360025, 56.55807971206734 ], [ -111.607168390697922, 56.558078123646141 ], [ -111.60717126791674, 56.558257796134441 ], [ -111.606523410293391, 56.55844064465154 ], [ -111.606526284495402, 56.558620317150734 ], [ -111.606200915466303, 56.558621903901496 ], [ -111.606206660886613, 56.558981248905432 ], [ -111.605881288741017, 56.558982834826331 ], [ -111.605884159959245, 56.559162507331081 ], [ -111.605233412485234, 56.559165676640198 ], [ -111.605230544350349, 56.558986004113954 ], [ -111.604905172105333, 56.558987587480686 ], [ -111.604896572524368, 56.558448569837864 ], [ -111.60522194014446, 56.55844698650332 ], [ -111.605216204172791, 56.558087641402963 ], [ -111.605864062127878, 56.557904799686121 ], [ -111.605861191141713, 56.557725127144124 ], [ -111.606511913817229, 56.557721954601533 ] ] ] } },
{ "type": "Feature", "properties": { "area_km2": 0.0083999999999965075, "mock": false }, "geometry": { "type": "Polygon", "coordinates": [ [ [ -111.504734479649457, 56.562848584352004 ], [ -111.504739264190064, 56.563207935283586 ], [ -111.50441385018074, 56.563209255751318 ], [ -111.504416240950292, 56.563388931218128 ], [ -111.503763022079283, 56.563211894132081 ], [ -111.503751084067261, 56.562313516629189 ], [ -111.504076490421014, 56.562312197909272 ], [ -111.504074101359251, 56.562132522401761 ], [ -111.504724910899796, 56.562129882425303 ], [ -111.504727303045755, 56.562309557914901 ], [ -111.505052709316701, 56.562308236640412 ], [ -111.505059890546789, 56.562847263050642 ], [ -111.504734479649457, 56.562848584352004 ] ] ] } },
{ "type": "Feature", "properties": { "area_km2": 0.010400000000058208, "mock": false }, "geometry": { "type": "Polygon", "coordinates": [ [ [ -111.502475655056045, 56.564295213717976 ], [ -111.502487563737887, 56.565193591108326 ], [ -111.50216213257039, 56.56519490571317 ], [ -111.502164512846875, 56.56537458118428 ], [ -111.501511270152918, 56.565197532368003 ], [ -111.501499384606333, 56.564299154844015 ], [ -111.501173961068176, 56.564300466849517 ], [ -111.501166834696519, 56.563761440244924 ], [ -111.501492253607864, 56.563760128266132 ], [ -111.501489876663257, 56.563580452729553 ], [ -111.502143091348131, 56.563757501753784 ], [ -111.502150231600282, 56.564296528278248 ], [ -111.502475655056045, 56.564295213717976 ] ] ] } },
{ "type": "Feature", "properties": { "area_km2": 0.0055999999999289864, "mock": false }, "geometry": { "type": "Polygon", "coordinates": [ [ [ -111.501523156385943, 56.566095909759646 ], [ -111.501202469024236, 56.566456572791537 ], [ -111.500877026949652, 56.566457884052127 ], [ -111.500879401248497, 56.566637559521794 ], [ -111.500228513932043, 56.566640179505747 ], [ -111.500226142718248, 56.566460504018295 ], [ -111.499900700561454, 56.566461812723915 ], [ -111.499895961301064, 56.566102461715424 ], [ -111.500221400372865, 56.566101153027581 ], [ -111.500219029241237, 56.565921477524299 ], [ -111.501195341664783, 56.565917546377491 ], [ -111.501197717423807, 56.566097221854136 ], [ -111.501523156385943, 56.566095909759646 ] ] ] } },
{ "type": "Feature", "properties": { "area_km2": 0.0083999999999778818, "mock": false }, "geometry": { "type": "Polygon", "coordinates": [ [ [ -111.642508499986036, 56.569759856878463 ], [ -111.641869747081799, 56.570481902080118 ], [ -111.641218809712498, 56.570485260150491 ], [ -111.64121576974965, 56.570305589181835 ], [ -111.640890302555064, 56.57030726692804 ], [ -111.640878149225685, 56.569588582954616 ], [ -111.641203610249391, 56.569586905253928 ], [ -111.641200570462118, 56.56940723425862 ], [ -111.64185148931881, 56.569403876324884 ], [ -111.642183037560216, 56.569761537997422 ], [ -111.642508499986036, 56.569759856878463 ] ] ] } },
{ "type": "Feature", "properties": { "area_km2": 0.0083999999999621652, "mock": false }, "geometry": { "type": "Polygon", "coordinates": [ [ [ -111.484378181181384, 56.574249688621101 ], [ -111.484052671358512, 56.574250955964366 ], [ -111.484059557117547, 56.574789983038677 ], [ -111.483734042638133, 56.574791249555773 ], [ -111.483736336400838, 56.574970925245218 ], [ -111.483083013599853, 56.574793780034177 ], [ -111.483073851160768, 56.574075077154852 ], [ -111.483722574222256, 56.573892871029223 ], [ -111.483720280618556, 56.573713195308031 ], [ -111.484045785838106, 56.573711928842457 ], [ -111.484043490717667, 56.573532253124576 ], [ -111.484368994367458, 56.573530985815701 ], [ -111.484699094431122, 56.573889069050999 ], [ -111.48437358772135, 56.573890337228974 ], [ -111.484378181181384, 56.574249688621101 ] ] ] } },
{ "type": "Feature", "properties": { "area_km2": 0.011200000000029103, "mock": false }, "geometry": { "type": "Polygon", "coordinates": [ [ [ -111.578463050531639, 56.574746091982668 ], [ -111.57813754140291, 56.574747605576363 ], [ -111.578145765653744, 56.575286624397343 ], [ -111.577820251863457, 56.575288137169892 ], [ -111.577822991800446, 56.575467810109856 ], [ -111.576520930149599, 56.575473852721792 ], [ -111.576518196385962, 56.575294179740858 ], [ -111.576192682437579, 56.575295688253782 ], [ -111.576187218091633, 56.574936342255505 ], [ -111.576835504571406, 56.574753651431998 ], [ -111.576832769390833, 56.574573978440036 ], [ -111.577483784783325, 56.57457095723651 ], [ -111.577481046547874, 56.574391284259733 ], [ -111.578132058727334, 56.574388259669135 ], [ -111.578463050531639, 56.574746091982668 ] ] ] } },
{ "type": "Feature", "properties": { "area_km2": 0.0072000000000442379, "mock": false }, "geometry": { "type": "Polygon", "coordinates": [ [ [ -111.56381778211825, 56.574993033701233 ], [ -111.563820455629866, 56.575172707087546 ], [ -111.564145969221869, 56.575171230957828 ], [ -111.564151319424425, 56.575530577694479 ], [ -111.563825802745754, 56.575532053844221 ], [ -111.563828476350025, 56.575711727214568 ], [ -111.562526403153157, 56.575717623334164 ], [ -111.562523735722365, 56.575537949923827 ], [ -111.562198218889435, 56.575539421813879 ], [ -111.562192887206976, 56.575180074957252 ], [ -111.56284124578697, 56.57499745694885 ], [ -111.562843914668647, 56.575177130365155 ], [ -111.563494942006997, 56.57517418236533 ], [ -111.563492270038694, 56.574994508969034 ], [ -111.56381778211825, 56.574993033701233 ] ] ] } },
{ "type": "Feature", "properties": { "area_km2": 0.0091999999999627467, "mock": false }, "geometry": { "type": "Polygon", "coordinates": [ [ [ -111.52510653263387, 56.57695935432762 ], [ -111.525437047066319, 56.57731732843704 ], [ -111.52576258115819, 56.577315952732889 ], [ -111.525770061103273, 56.577854976079529 ], [ -111.52544452238061, 56.577856351811661 ], [ -111.525447014209618, 56.578036026259291 ], [ -111.524795933590639, 56.578038775186151 ], [ -111.524465418870591, 56.577680799415091 ], [ -111.52413988157646, 56.577682171729805 ], [ -111.524137395979466, 56.577502497234327 ], [ -111.523811860200226, 56.577503868687756 ], [ -111.524132424871567, 56.57714314822752 ], [ -111.524457957534921, 56.577141775940703 ], [ -111.524455470480504, 56.576962101438632 ], [ -111.52510653263387, 56.57695935432762 ] ] ] } },
{ "type": "Feature", "properties": { "area_km2": 0.004800000000020373, "mock": false }, "geometry": { "type": "Polygon", "coordinates": [ [ [ -111.566811895646467, 56.57929187559305 ], [ -111.56615811289663, 56.579115167899914 ], [ -111.566150057998172, 56.578576148286118 ], [ -111.566475600699732, 56.578574666001941 ], [ -111.566472914251989, 56.578394992796795 ], [ -111.567126686009729, 56.578571698877482 ], [ -111.56712937557586, 56.578751372057226 ], [ -111.567454919727922, 56.578749887206875 ], [ -111.567134754801359, 56.579110718400734 ], [ -111.566809207530838, 56.579112202419189 ], [ -111.566811895646467, 56.57929187559305 ] ] ] } },
{ "type": "Feature", "properties": { "area_km2": 0.0064000000000227009, "mock": false }, "geometry": { "type": "Polygon", "coordinates": [ [ [ -111.522226282467003, 56.58056517982461 ], [ -111.520919092309171, 56.580211291695193 ], [ -111.520914151216601, 56.57985194266174 ], [ -111.521239707321769, 56.579850578756215 ], [ -111.521237235274484, 56.579670904240785 ], [ -111.521888344311478, 56.579668173891932 ], [ -111.522218852173197, 56.580026156409382 ], [ -111.522544409707834, 56.580024789086202 ], [ -111.522549366296161, 56.58038413801642 ], [ -111.522223805673789, 56.580385505358159 ], [ -111.522226282467003, 56.58056517982461 ] ] ] } },
{ "type": "Feature", "properties": { "area_km2": 0.0067999999999895228, "mock": false }, "geometry": { "type": "Polygon", "coordinates": [ [ [ -111.496577439748094, 56.586060760830421 ], [ -111.496579795416181, 56.58624043584728 ], [ -111.4969054076589, 56.586239135540282 ], [ -111.496584506833941, 56.586599785865182 ], [ -111.496258891474966, 56.586601085337506 ], [ -111.496261245680159, 56.586780760347331 ], [ -111.495607660675404, 56.586603681725215 ], [ -111.495605309586423, 56.586424006692503 ], [ -111.495279695690385, 56.586425303599071 ], [ -111.495272647219977, 56.585886278442779 ], [ -111.495598256482566, 56.585884981562586 ], [ -111.495595905502299, 56.585705306508693 ], [ -111.496249474926231, 56.585882385245313 ], [ -111.496251829022597, 56.586062060276298 ], [ -111.496577439748094, 56.586060760830421 ] ] ] } },
{ "type": "Feature", "properties": { "area_km2": 0.0043999999999668219, "mock": false }, "geometry": { "type": "Polygon", "coordinates": [ [ [ -111.568660803856758, 56.594017624986051 ], [ -111.568663502277985, 56.594197297668821 ], [ -111.568337825397421, 56.594198785943277 ], [ -111.568340522304609, 56.594378458630835 ], [ -111.567686471542785, 56.594201759934506 ], [ -111.567683777757154, 56.594022087221468 ], [ -111.568332431676538, 56.593839440552181 ], [ -111.568329734862857, 56.593659767848699 ], [ -111.568655407107883, 56.593658279604561 ], [ -111.568652708780235, 56.59347860690584 ], [ -111.568978379448922, 56.593477117819283 ], [ -111.569309452953533, 56.593834973231928 ], [ -111.568660803856758, 56.594017624986051 ] ] ] } },
{ "type": "Feature", "properties": { "area_km2": 0.0047999999999883587, "mock": false }, "geometry": { "type": "Polygon", "coordinates": [ [ [ -111.556660984770019, 56.597485910071292 ], [ -111.556335278931016, 56.59748736697972 ], [ -111.55633791921413, 56.597667039941307 ], [ -111.555686504353503, 56.597669951219991 ], [ -111.555683867161505, 56.597490278238674 ], [ -111.555358161231013, 56.597491732589177 ], [ -111.555352890029525, 56.597132386590843 ], [ -111.555678592868944, 56.597130932260072 ], [ -111.555675955768407, 56.596951259262816 ], [ -111.556327358264781, 56.596948348063123 ], [ -111.556329998456334, 56.597128021040611 ], [ -111.556655701204264, 56.597126564151949 ], [ -111.556660984770019, 56.597485910071292 ] ] ] } },
{ "type": "Feature", "properties": { "area_km2": 0.010800000000068685, "mock": false }, "geometry": { "type": "Polygon", "coordinates": [ [ [ -111.548200428106384, 56.598062532185246 ], [ -111.547874716842941, 56.598063966954065 ], [ -111.547877317031592, 56.598243640154699 ], [ -111.546900178424139, 56.598247939374325 ], [ -111.546579653597192, 56.598608717205352 ], [ -111.546253937546723, 56.59861014773994 ], [ -111.546256530097153, 56.598789820973259 ], [ -111.545602505355873, 56.598613006251092 ], [ -111.545597326527513, 56.598253659729735 ], [ -111.546246160075214, 56.598071128008122 ], [ -111.546243567644638, 56.597891454753608 ], [ -111.546569277512589, 56.597890024257822 ], [ -111.546566683566397, 56.597710351007684 ], [ -111.547866916457309, 56.597524947320267 ], [ -111.547869516555792, 56.597704620536831 ], [ -111.548195224728047, 56.597703185787488 ], [ -111.548200428106384, 56.598062532185246 ] ] ] } },
{ "type": "Feature", "properties": { "area_km2": 0.0051999999999796272, "mock": false }, "geometry": { "type": "Polygon", "coordinates": [ [ [ -111.5215316095682, 56.601052134391054 ], [ -111.521539036002551, 56.601591156030764 ], [ -111.521213292963182, 56.601592521056332 ], [ -111.521215766952523, 56.601772194934895 ], [ -111.520561806798668, 56.60159524854906 ], [ -111.520556865089645, 56.601235900739034 ], [ -111.520882605094258, 56.601234537437549 ], [ -111.520877660407621, 56.600875189624816 ], [ -111.521203397291771, 56.60087382548906 ], [ -111.521200923445406, 56.600694151584037 ], [ -111.52152665875505, 56.600692786604753 ], [ -111.521857347941051, 56.601050768540482 ], [ -111.5215316095682, 56.601052134391054 ] ] ] } },
{ "type": "Feature", "properties": { "area_km2": 0.005599999999898137, "mock": false }, "geometry": { "type": "Polygon", "coordinates": [ [ [ -111.51537192985073, 56.603234011897314 ], [ -111.515374376266536, 56.603413685893976 ], [ -111.514722858157057, 56.603416382869213 ], [ -111.51472041483359, 56.60323670885424 ], [ -111.514394657282637, 56.603238056053456 ], [ -111.514389773812738, 56.602878707989397 ], [ -111.51503883791699, 56.602696338753042 ], [ -111.515036393160415, 56.602516664726046 ], [ -111.515690343600781, 56.602693640145318 ], [ -111.515697687316887, 56.603232662139554 ], [ -111.51537192985073, 56.603234011897314 ] ] ] } },
{ "type": "Feature", "properties": { "area_km2": 0.0044000000000325966, "mock": false }, "geometry": { "type": "Polygon", "coordinates": [ [ [ -111.516706845563462, 56.605564368816232 ], [ -111.517032623017883, 56.605563015527743 ], [ -111.517030168530738, 56.605383341640469 ], [ -111.517684177841574, 56.605560306392029 ], [ -111.517691550751778, 56.606099327966952 ], [ -111.517365768714868, 56.60610068298886 ], [ -111.517368224861983, 56.606280356845765 ], [ -111.51671420455591, 56.606103390473862 ], [ -111.516706845563462, 56.605564368816232 ] ] ] } },
{ "type": "Feature", "properties": { "area_km2": 0.0083999999999621652, "mock": false }, "geometry": { "type": "Polygon", "coordinates": [ [ [ -111.522247537674858, 56.605720920649361 ], [ -111.522573316190815, 56.605719552851987 ], [ -111.522580758775646, 56.606258573995213 ], [ -111.522906541902188, 56.606257205317071 ], [ -111.522911506861774, 56.606616552700807 ], [ -111.522585720642283, 56.606617921397557 ], [ -111.522588201618632, 56.606797595090775 ], [ -111.521934148117253, 56.60662065623216 ], [ -111.52193167026256, 56.606440982515096 ], [ -111.521605885503547, 56.606442348643689 ], [ -111.521595980556967, 56.605723653685345 ], [ -111.52127020195509, 56.605725018923941 ], [ -111.521267727336408, 56.605545345161865 ], [ -111.521593504391916, 56.60554397993252 ], [ -111.521591028255472, 56.605364306174394 ], [ -111.522245058416999, 56.605541246915088 ], [ -111.522247537674858, 56.605720920649361 ] ] ] } },
{ "type": "Feature", "properties": { "area_km2": 0.0040000000000011641, "mock": false }, "geometry": { "type": "Polygon", "coordinates": [ [ [ -111.524898619246471, 56.608944079360661 ], [ -111.524577794381784, 56.609304800428134 ], [ -111.523926175802728, 56.609307545777583 ], [ -111.523923688237744, 56.609127872195664 ], [ -111.523597880451831, 56.609129243581513 ], [ -111.523592908501598, 56.608769896383201 ], [ -111.523918713194092, 56.608768525015975 ], [ -111.523916225715396, 56.608588851418155 ], [ -111.52457032249275, 56.608765779722418 ], [ -111.524572813093627, 56.608945453296293 ], [ -111.524898619246471, 56.608944079360661 ] ] ] } },
{ "type": "Feature", "properties": { "area_km2": 0.0052000000000273572, "mock": false }, "geometry": { "type": "Polygon", "coordinates": [ [ [ -111.599884500092813, 56.61183949576877 ], [ -111.600204626953101, 56.611478582271268 ], [ -111.601182098063475, 56.611473863700915 ], [ -111.601184952689167, 56.611653534834318 ], [ -111.601510777873528, 56.611651960260687 ], [ -111.601516490317792, 56.612011302490195 ], [ -111.601190662039571, 56.612012877085206 ], [ -111.601193516764283, 56.61219254820265 ], [ -111.599884500092813, 56.61183949576877 ] ] ] } },
{ "type": "Feature", "properties": { "area_km2": 0.011600000000072178, "mock": false }, "geometry": { "type": "Polygon", "coordinates": [ [ [ -111.483252566463548, 56.613604875729521 ], [ -111.4832548613184, 56.613784550302995 ], [ -111.483580711207708, 56.613783284479553 ], [ -111.483585304091505, 56.614142633593438 ], [ -111.483259451107671, 56.614143899434083 ], [ -111.483261746042118, 56.614323573991697 ], [ -111.481632472988778, 56.614329890439627 ], [ -111.481630185790763, 56.614150215839111 ], [ -111.481304332647952, 56.614151476560487 ], [ -111.481295190309353, 56.613432778071548 ], [ -111.481621037263182, 56.613431517384377 ], [ -111.481618750197413, 56.613251842757478 ], [ -111.482272731091484, 56.613428993450505 ], [ -111.482275021278141, 56.613608668054994 ], [ -111.483252566463548, 56.613604875729521 ] ] ] } },
{ "type": "Feature", "properties": { "area_km2": 0.0079999999999668218, "mock": false }, "geometry": { "type": "Polygon", "coordinates": [ [ [ -111.601579335924825, 56.615964065610953 ], [ -111.601905198207092, 56.615962489927639 ], [ -111.601910915331672, 56.616321831880519 ], [ -111.601585049954693, 56.616323407585234 ], [ -111.601593621247289, 56.616862420506763 ], [ -111.601267751195067, 56.616863995390283 ], [ -111.601270606811255, 56.617043666364161 ], [ -111.600616010991601, 56.616867142597599 ], [ -111.600613158503279, 56.616687471597025 ], [ -111.60028728989947, 56.616689043910128 ], [ -111.600281588116573, 56.616329701871706 ], [ -111.600930465164922, 56.616146885429089 ], [ -111.600927611261199, 56.615967214417914 ], [ -111.601253473609532, 56.615965640441068 ], [ -111.601250618191486, 56.615785969435244 ], [ -111.601576478959458, 56.615784394615837 ], [ -111.601579335924825, 56.615964065610953 ] ] ] } },
{ "type": "Feature", "properties": { "area_km2": 0.053600000000029104, "mock": false }, "geometry": { "type": "Polygon", "coordinates": [ [ [ -111.603911997217253, 56.619187093563184 ], [ -111.603586107278701, 56.619188674558956 ], [ -111.603577506840026, 56.618649662037562 ], [ -111.604226407556411, 56.618466828427458 ], [ -111.604223537747842, 56.618287157592498 ], [ -111.603568906699735, 56.618110649468306 ], [ -111.603571773380011, 56.618290320330047 ], [ -111.602920008879579, 56.618293479654405 ], [ -111.602588402537563, 56.617935716243551 ], [ -111.602262523299657, 56.617937293751048 ], [ -111.602253942127263, 56.617398280989427 ], [ -111.602579816722653, 56.617396703514018 ], [ -111.602576954850548, 56.61721703259353 ], [ -111.603554573795634, 56.617212295079874 ], [ -111.603886182868209, 56.617570055951987 ], [ -111.60421205884542, 56.617568474199508 ], [ -111.60421492852123, 56.617748145055742 ], [ -111.604540806012764, 56.617746562439251 ], [ -111.604546548559028, 56.618105904114252 ], [ -111.604872429112405, 56.618104320622997 ], [ -111.604875301982929, 56.618283991441778 ], [ -111.605527066085102, 56.618280821877867 ], [ -111.605858703212448, 56.618638577373041 ], [ -111.606184588275525, 56.6186369904363 ], [ -111.606190346630044, 56.618996331950555 ], [ -111.606516234755063, 56.618994744138966 ], [ -111.606527758054355, 56.619713427060546 ], [ -111.606853652336724, 56.619711838352501 ], [ -111.60685941728174, 56.620071179759812 ], [ -111.607185314626207, 56.620069590176861 ], [ -111.607199735311056, 56.620967943548116 ], [ -111.606550806252287, 56.621150792648407 ], [ -111.606553687426967, 56.621330463322948 ], [ -111.60590187090213, 56.621333638372924 ], [ -111.605898992823171, 56.621153967676825 ], [ -111.605573086058669, 56.62115555391096 ], [ -111.605561580266894, 56.620436871030307 ], [ -111.604906905751378, 56.620260370097384 ], [ -111.604898286143069, 56.6197213578006 ], [ -111.604243627104893, 56.619544853325486 ], [ -111.604240757097159, 56.619365182522458 ], [ -111.603914865644128, 56.619366764382292 ], [ -111.603911997217253, 56.619187093563184 ] ] ] } },
{ "type": "Feature", "properties": { "area_km2": 0.0052000000000477307, "mock": false }, "geometry": { "type": "Polygon", "coordinates": [ [ [ -111.573634064556032, 56.621306865041255 ], [ -111.573636789394527, 56.621486536775073 ], [ -111.57298224458188, 56.621309867683507 ], [ -111.572974079542718, 56.6207708523891 ], [ -111.573299984901922, 56.620769351525247 ], [ -111.573297261737324, 56.620589679760023 ], [ -111.573949069265552, 56.62058667549254 ], [ -111.574280428630161, 56.620944515542682 ], [ -111.573954521817626, 56.620946018976909 ], [ -111.57395997449585, 56.621305362440026 ], [ -111.573634064556032, 56.621306865041255 ] ] ] } },
{ "type": "Feature", "properties": { "area_km2": 0.011999999999983703, "mock": false }, "geometry": { "type": "Polygon", "coordinates": [ [ [ -111.607537183700884, 56.621685035615926 ], [ -111.607540069619276, 56.621864706242164 ], [ -111.607865982375316, 56.621863114844494 ], [ -111.607880420207763, 56.62276146784184 ], [ -111.608206340670208, 56.622759875536744 ], [ -111.608209229884935, 56.622939546109443 ], [ -111.607883307874459, 56.622941138425354 ], [ -111.607886195574537, 56.623120809003552 ], [ -111.607234348357352, 56.623123991096641 ], [ -111.606902658620129, 56.622766239636519 ], [ -111.606576738024174, 56.62276782852787 ], [ -111.606570975174932, 56.622408487258532 ], [ -111.60624505764163, 56.6224100752749 ], [ -111.606239298021592, 56.622050733962745 ], [ -111.606888244007095, 56.621867886477254 ], [ -111.606885361184524, 56.621688215829444 ], [ -111.607537183700884, 56.621685035615926 ] ] ] } },
{ "type": "Feature", "properties": { "area_km2": 0.015599999999991268, "mock": false }, "geometry": { "type": "Polygon", "coordinates": [ [ [ -111.590275058058452, 56.622486842622756 ], [ -111.590595366187742, 56.622125954091402 ], [ -111.590921282203695, 56.622124407060824 ], [ -111.590924089242975, 56.622304078219585 ], [ -111.591901841739869, 56.622299431975755 ], [ -111.592233385733778, 56.622657223738393 ], [ -111.592559306231166, 56.622655672409081 ], [ -111.592562121107974, 56.622835343499318 ], [ -111.592888043120823, 56.62283379130605 ], [ -111.592890859578233, 56.623013462380413 ], [ -111.59321678310657, 56.623011909323139 ], [ -111.593225237318464, 56.623550922482792 ], [ -111.592899309145906, 56.623552475571664 ], [ -111.592902125733616, 56.623732146624796 ], [ -111.591924336376238, 56.623736800802213 ], [ -111.591921524432848, 56.623557129717497 ], [ -111.591595596130091, 56.623558679392495 ], [ -111.591587165139345, 56.623019666074917 ], [ -111.590932510555646, 56.62284309166396 ], [ -111.590929703418936, 56.622663420521143 ], [ -111.590603782759032, 56.622664967583241 ], [ -111.590600977202811, 56.622485296424593 ], [ -111.590275058058452, 56.622486842622756 ] ] ] } },
{ "type": "Feature", "properties": { "area_km2": 0.021221042094086741, "mock": false }, "geometry": { "type": "Polygon", "coordinates": [ [ [ -111.589219373837537, 56.659327050147951 ], [ -111.589545610860768, 56.65932550606955 ], [ -111.589542806432362, 56.659145835942084 ], [ -111.589869041871466, 56.659144291019558 ], [ -111.589866235923864, 56.658964620897265 ], [ -111.590192469778827, 56.658963075130607 ], [ -111.590189662312085, 56.658783405013494 ], [ -111.590515894582936, 56.658781858402719 ], [ -111.590524321735629, 56.659320868706608 ], [ -111.590526168069871, 56.659338471980185 ], [ -111.590531138249816, 56.659355890908479 ], [ -111.590539184792661, 56.659372957532618 ], [ -111.590550230095886, 56.659389507719887 ], [ -111.59056416759006, 56.659405381876972 ], [ -111.590580863406444, 56.659420427278 ], [ -111.590600156392327, 56.659434499052807 ], [ -111.590621860904918, 56.659447461521282 ], [ -111.590645767979908, 56.659459189894918 ], [ -111.590671647467445, 56.659469571255016 ], [ -111.590699249844704, 56.659478505712066 ], [ -111.59072830932503, 56.659485907019921 ], [ -111.590758546328772, 56.659491704091494 ], [ -111.590789669277655, 56.659495840990225 ], [ -111.59082137885018, 56.659498277808424 ], [ -111.590853369296511, 56.659498991289865 ], [ -111.590855302807668, 56.659517036705118 ], [ -111.590860518849468, 56.659534883807183 ], [ -111.590868964681462, 56.659552351904715 ], [ -111.590880554836232, 56.659569264324624 ], [ -111.590895171954386, 56.659585449665911 ], [ -111.590912668128695, 56.659600744308882 ], [ -111.590932866223, 56.659614993307407 ], [ -111.590955561861833, 56.659628052445889 ], [ -111.590980525247176, 56.659639789668134 ], [ -111.591007503619281, 56.659650085964181 ], [ -111.591036224222478, 56.659658837242972 ], [ -111.591510398934915, 56.659786605964364 ], [ -111.591511473728474, 56.659855233813481 ], [ -111.591479510067828, 56.659856250904006 ], [ -111.591447881177899, 56.65985898839228 ], [ -111.591416892029699, 56.659863420123671 ], [ -111.591386840646422, 56.659869503356155 ], [ -111.591358016808499, 56.659877179395259 ], [ -111.591330697826777, 56.659886374512567 ], [ -111.591305146748184, 56.659896999954178 ], [ -111.591281609933048, 56.659908953479508 ], [ -111.591260313965606, 56.659922120004723 ], [ -111.591241463878021, 56.659936372779107 ], [ -111.591225241045279, 56.659951574383278 ], [ -111.591211802069921, 56.659967578441353 ], [ -111.591201276030048, 56.659984230981642 ], [ -111.591193764494591, 56.660001371424791 ], [ -111.591189339928547, 56.660018834927143 ], [ -111.591188044562188, 56.660036453104922 ], [ -111.591191931142205, 56.660284751001626 ], [ -111.590721818096554, 56.660417002113135 ], [ -111.590694492139406, 56.660425629501873 ], [ -111.590668804255742, 56.660435667894809 ], [ -111.590644993768407, 56.660447023710709 ], [ -111.590623282516162, 56.660459591053225 ], [ -111.590603873077711, 56.660473252887236 ], [ -111.59058694617147, 56.66048788167992 ], [ -111.590572659706311, 56.660503341292014 ], [ -111.590561146833863, 56.660519487615794 ], [ -111.590552514665859, 56.66053617001856 ], [ -111.590546843974408, 56.660553233051168 ], [ -111.590544187255475, 56.660570517804643 ], [ -111.59054456956251, 56.660587863074241 ], [ -111.590547987392554, 56.660605107161508 ], [ -111.59055440854678, 56.66062208940226 ], [ -111.590790292750768, 56.661123319434452 ], [ -111.590784081774657, 56.661124207607052 ], [ -111.5907540292866, 56.661130290687844 ], [ -111.590725204358606, 56.661137966581165 ], [ -111.590697884311965, 56.66114716155996 ], [ -111.590672332203908, 56.661157786871719 ], [ -111.590648794404657, 56.661169740277032 ], [ -111.590627497507924, 56.661182906693284 ], [ -111.590608646554855, 56.661197159370779 ], [ -111.590592422928722, 56.661212360891042 ], [ -111.590578983239737, 56.661228364879051 ], [ -111.590568456572854, 56.661245017363775 ], [ -111.590560944503068, 56.66126215776638 ], [ -111.590556519500524, 56.661279621243615 ], [ -111.590555223799655, 56.661297239411923 ], [ -111.590522456017538, 56.661298304178821 ], [ -111.590490048323375, 56.661301176730902 ], [ -111.590458328820631, 56.66130582802117 ], [ -111.590427618316497, 56.661312210979375 ], [ -111.590398228045231, 56.661320260971998 ], [ -111.590370455112151, 56.661329896542497 ], [ -111.590344580873605, 56.661341020137726 ], [ -111.590320867202053, 56.66135351920363 ], [ -111.590299553891597, 56.661367267185781 ], [ -111.590280857047688, 56.661382124884575 ], [ -111.590264965686742, 56.661397942088364 ], [ -111.590087720011894, 56.661597435061466 ], [ -111.589906594092923, 56.661548629976288 ], [ -111.589899909439097, 56.661120662014305 ], [ -111.589898063303906, 56.661103058736053 ], [ -111.589893093180407, 56.66108563978726 ], [ -111.58988504655909, 56.661068573126222 ], [ -111.58987400105093, 56.661052022884839 ], [ -111.589860063233971, 56.66103614865537 ], [ -111.589843366985434, 56.661021103162483 ], [ -111.589824073466261, 56.661007031275105 ], [ -111.589802368326659, 56.660994068672103 ], [ -111.589778460537673, 56.660982340140912 ], [ -111.589752580254981, 56.66097195859934 ], [ -111.589724977006384, 56.66096302393639 ], [ -111.589695916582599, 56.660955622398077 ], [ -111.589665678566703, 56.660949825071917 ], [ -111.589634554539785, 56.660945687895442 ], [ -111.589602843825929, 56.660943250777933 ], [ -111.589570852177559, 56.660942536977856 ], [ -111.589554024340813, 56.659864516420114 ], [ -111.589552091432338, 56.659846470984427 ], [ -111.589546875964416, 56.659828623827281 ], [ -111.589538430680605, 56.65981115563973 ], [ -111.589526841051025, 56.659794243094474 ], [ -111.589512224436746, 56.659778057592099 ], [ -111.589494728745592, 56.659762762751811 ], [ -111.589474531112856, 56.659748513519396 ], [ -111.589451835911618, 56.65973545411034 ], [ -111.589426872935846, 56.659723716580984 ], [ -111.589399894939561, 56.659713419941845 ], [ -111.589371174671371, 56.659704668285045 ], [ -111.588978005227332, 56.659598718455982 ], [ -111.589219373837537, 56.659327050147951 ] ] ] } },
{ "type": "Feature", "properties": { "area_km2": 0.0081163082159843181, "mock": false }, "geometry": { "type": "Polygon", "coordinates": [ [ [ -111.542149383149351, 56.675891988355161 ], [ -111.542154544433444, 56.676251330569315 ], [ -111.542480930364562, 56.676249909516294 ], [ -111.54249125950524, 56.676968593842446 ], [ -111.542164867360285, 56.676970014934071 ], [ -111.542167448166737, 56.677149686012008 ], [ -111.542165623454309, 56.677132082033431 ], [ -111.542160673187368, 56.677114661189329 ], [ -111.542152644664839, 56.677097591456118 ], [ -111.542141615323672, 56.677081036995304 ], [ -111.54212769158606, 56.677065157439891 ], [ -111.542111007193725, 56.677050105565691 ], [ -111.542091723193565, 56.677036026303234 ], [ -111.5420700251439, 56.677023055402323 ], [ -111.542046121947507, 56.677011317730305 ], [ -111.542020243715868, 56.677000926293005 ], [ -111.541992639957257, 56.676991981074799 ], [ -111.541963576467055, 56.676984568423364 ], [ -111.541933332857951, 56.676978759533128 ], [ -111.541902200764994, 56.676974610453115 ], [ -111.541870479589633, 56.67697216120709 ], [ -111.541838475185457, 56.676971435170479 ], [ -111.541512082980759, 56.676972854551664 ], [ -111.541509505311168, 56.676793183449099 ], [ -111.541183114630101, 56.676794601965462 ], [ -111.54117796248741, 56.676435259725245 ], [ -111.540851574883447, 56.676436677367107 ], [ -111.540849000410276, 56.67625700622942 ], [ -111.540561138904465, 56.676258255823484 ], [ -111.540611383402535, 56.676201830168786 ], [ -111.540615056696382, 56.676204069508493 ], [ -111.540638410231892, 56.676215794926435 ], [ -111.540663714555095, 56.676226221933014 ], [ -111.540690732271116, 56.676235252642464 ], [ -111.540719210342417, 56.676242802353784 ], [ -111.540748881242791, 56.676248800354465 ], [ -111.540779467043606, 56.67625319035195 ], [ -111.540810680891923, 56.676255931096179 ], [ -111.540842229793796, 56.676256996996315 ], [ -111.540873818202158, 56.676256377925661 ], [ -111.540905149658016, 56.676254079843297 ], [ -111.540935930373138, 56.67625012423953 ], [ -111.540965871678097, 56.67624454812524 ], [ -111.540994692795522, 56.676237403929981 ], [ -111.541644886270419, 56.676054895927479 ], [ -111.541673352938005, 56.676045884599034 ], [ -111.541700030495875, 56.676035344311636 ], [ -111.541724649229508, 56.676023381623153 ], [ -111.541746959874075, 56.676010117826401 ], [ -111.54176673652475, 56.675995687049827 ], [ -111.541783779071679, 56.675980235348334 ], [ -111.541797914974467, 56.675963919258145 ], [ -111.541809001190614, 56.675946903721979 ], [ -111.541816925468126, 56.67592936118492 ], [ -111.541821607614636, 56.675911469073363 ], [ -111.541823000295139, 56.675893408533689 ], [ -111.542149383149351, 56.675891988355161 ] ] ] } },
{ "type": "Feature", "properties": { "area_km2": 0.010922496230355964, "mock": false }, "geometry": { "type": "Polygon", "coordinates": [ [ [ -111.510217155331659, 56.679979884538476 ], [ -111.510543575179213, 56.679978547113315 ], [ -111.510548436337146, 56.680337890912242 ], [ -111.509898017911908, 56.680520236853248 ], [ -111.509900445453468, 56.680699908757639 ], [ -111.50957401933421, 56.680701244508462 ], [ -111.50957644534995, 56.680880916416655 ], [ -111.509250017648668, 56.680882251321179 ], [ -111.509252442138617, 56.681061923233145 ], [ -111.508926012855312, 56.681063257291392 ], [ -111.508928435819399, 56.681242929207137 ], [ -111.508602004954085, 56.681244262419071 ], [ -111.508604426392267, 56.681423934338611 ], [ -111.508277993944944, 56.681425266704224 ], [ -111.508280413857207, 56.681604938627501 ], [ -111.50795397982786, 56.681606270146801 ], [ -111.507949143139342, 56.681246926276835 ], [ -111.507981127274064, 56.68124593059467 ], [ -111.508012780240648, 56.681243214274296 ], [ -111.508043796828133, 56.681238803266986 ], [ -111.508073878741527, 56.681232740116656 ], [ -111.508102735899215, 56.681225083325671 ], [ -111.50813009066465, 56.681215906439157 ], [ -111.508155679641874, 56.681205298037618 ], [ -111.508179256103233, 56.681193360199643 ], [ -111.508200593082108, 56.681180207860443 ], [ -111.508219485152537, 56.681165967636538 ], [ -111.508235750537679, 56.681150776828851 ], [ -111.508249232229318, 56.681134781711094 ], [ -111.508259800744185, 56.68111813617093 ], [ -111.508267354110643, 56.681101000721654 ], [ -111.508271819469059, 56.681083540159804 ], [ -111.508273154204545, 56.681065922841775 ], [ -111.508272229909139, 56.68099729427049 ], [ -111.508742889360917, 56.680865353943055 ], [ -111.508771367548135, 56.680856350121275 ], [ -111.508798057726693, 56.680845816867283 ], [ -111.508822690054501, 56.680833860667818 ], [ -111.508845015128941, 56.680820602750032 ], [ -111.508864806899211, 56.680806177182802 ], [ -111.508881865102452, 56.680790729968351 ], [ -111.50889601703966, 56.680774417597462 ], [ -111.508907119506233, 56.680757404975232 ], [ -111.508915060085471, 56.680739864517236 ], [ -111.508919758420134, 56.68072197362882 ], [ -111.508921167011337, 56.680703913444013 ], [ -111.508918744131449, 56.680524241512416 ], [ -111.508950727626782, 56.6805232455823 ], [ -111.508982379916304, 56.680520529016434 ], [ -111.50901339579562, 56.680516117768434 ], [ -111.509043476976487, 56.680510054384541 ], [ -111.50907233338441, 56.680502397369388 ], [ -111.509099687390034, 56.680493220270229 ], [ -111.509125275604731, 56.680482611669625 ], [ -111.509148851308183, 56.680470673648095 ], [ -111.509170187541059, 56.680457521142614 ], [ -111.509189078884603, 56.680443280771293 ], [ -111.509205343568965, 56.680428089836461 ], [ -111.509218824592665, 56.680412094613104 ], [ -111.5092293924789, 56.680395448989863 ], [ -111.509236945262046, 56.68037831348083 ], [ -111.509241410088109, 56.68036085288314 ], [ -111.509242744347333, 56.680343235553529 ], [ -111.509240319969706, 56.680163563620397 ], [ -111.509272303150453, 56.680162567608221 ], [ -111.509303955114021, 56.680159850961061 ], [ -111.509334970659111, 56.680155439633332 ], [ -111.509365051500723, 56.680149376172032 ], [ -111.509393907567613, 56.680141719082549 ], [ -111.509421261233726, 56.680132541912855 ], [ -111.509446849113687, 56.680121933246163 ], [ -111.509470424490416, 56.680109995163654 ], [ -111.509491760407741, 56.680096842602879 ], [ -111.509510651449901, 56.680082602182502 ], [ -111.509526915850003, 56.680067411205307 ], [ -111.509540396609268, 56.680051415946686 ], [ -111.509550964253449, 56.680034770295627 ], [ -111.509558516819254, 56.680017634766493 ], [ -111.509562981454778, 56.680000174156604 ], [ -111.509564315552097, 56.679982556822807 ], [ -111.509561889676817, 56.679802884888169 ], [ -111.509594675915821, 56.679801841395474 ], [ -111.509627105752756, 56.679798989866079 ], [ -111.509658850851039, 56.679794359134938 ], [ -111.509689590136404, 56.679787996065691 ], [ -111.509719012075905, 56.67977996509201 ], [ -111.509746819238273, 56.679770347480229 ], [ -111.509772729916463, 56.679759240603879 ], [ -111.509796481866971, 56.679746756850342 ], [ -111.509817834907864, 56.679733022621789 ], [ -111.509836572532805, 56.679718176980913 ], [ -111.509852505316402, 56.679702370019868 ], [ -111.510085188956864, 56.679441379387967 ], [ -111.510209868467314, 56.679440868773185 ], [ -111.510217155331659, 56.679979884538476 ] ] ] } },
{ "type": "Feature", "properties": { "area_km2": 0.0047999999999895227, "mock": false }, "geometry": { "type": "Polygon", "coordinates": [ [ [ -111.570206128280162, 56.71817167912387 ], [ -111.569873947049004, 56.717813835440111 ], [ -111.569547202760845, 56.717815328970744 ], [ -111.569868513315697, 56.717454497327672 ], [ -111.570521995567361, 56.717451507737465 ], [ -111.570854179724478, 56.717809349709043 ], [ -111.571180923886544, 56.717807852752308 ], [ -111.570859622929262, 56.718168687739315 ], [ -111.570206128280162, 56.71817167912387 ] ] ] } },
{ "type": "Feature", "properties": { "area_km2": 0.013199999999908032, "mock": false }, "geometry": { "type": "Polygon", "coordinates": [ [ [ -111.524865525587771, 56.72394096606341 ], [ -111.525192325431988, 56.723939589569774 ], [ -111.525194829912166, 56.724119259780075 ], [ -111.525521631285599, 56.724117882420337 ], [ -111.525529149575164, 56.724656892991426 ], [ -111.525202343526928, 56.724658270379258 ], [ -111.525204848123266, 56.724837940568399 ], [ -111.523897617406888, 56.724843441589464 ], [ -111.523565816074637, 56.724485474225759 ], [ -111.523239011410709, 56.72448684646367 ], [ -111.523234021062379, 56.724127505946818 ], [ -111.523885125880994, 56.723945090403866 ], [ -111.523882627662744, 56.72376542015089 ], [ -111.524209426035753, 56.723764046236823 ], [ -111.524206926288258, 56.723584375987897 ], [ -111.524863022694831, 56.723761295838464 ], [ -111.524865525587771, 56.72394096606341 ] ] ] } },
{ "type": "Feature", "properties": { "area_km2": 0.0051999999999772992, "mock": false }, "geometry": { "type": "Polygon", "coordinates": [ [ [ -111.63284963265636, 56.731884550550134 ], [ -111.632522770092166, 56.731886209432368 ], [ -111.633164414273025, 56.731164224539448 ], [ -111.633821150048632, 56.731340569133792 ], [ -111.63383022013879, 56.731879568761691 ], [ -111.633503357679672, 56.731881230214789 ], [ -111.633506379554277, 56.732060896758071 ], [ -111.632852651413117, 56.73206421711599 ], [ -111.63284963265636, 56.731884550550134 ] ] ] } },
{ "type": "Feature", "properties": { "area_km2": 0.0051999999999458668, "mock": false }, "geometry": { "type": "Polygon", "coordinates": [ [ [ -111.481854085606784, 56.733997062051003 ], [ -111.48185638430364, 56.73417673316451 ], [ -111.481200307023315, 56.733999587229469 ], [ -111.481195715946598, 56.733640244952298 ], [ -111.48152260213314, 56.73363898280877 ], [ -111.481520305075492, 56.733459311670856 ], [ -111.482500958797473, 56.73345552012362 ], [ -111.48283244993398, 56.733813596762211 ], [ -111.482505562294861, 56.733814862342619 ], [ -111.482507864083601, 56.733994533444218 ], [ -111.481854085606784, 56.733997062051003 ] ] ] } },
{ "type": "Feature", "properties": { "area_km2": 0.0047999999998870769, "mock": false }, "geometry": { "type": "Polygon", "coordinates": [ [ [ -111.630282835915253, 56.734772463469767 ], [ -111.630285842758596, 56.734952130040583 ], [ -111.629632064028399, 56.734955433618552 ], [ -111.629311179046894, 56.73531641731504 ], [ -111.628654394753895, 56.735140049179201 ], [ -111.62865139567181, 56.734960382557574 ], [ -111.628978285158809, 56.734958733768309 ], [ -111.628975284552283, 56.73477906715258 ], [ -111.629629060303444, 56.734775767025276 ], [ -111.629949937663071, 56.734414782495946 ], [ -111.630276822333173, 56.734413130312149 ], [ -111.630609723668854, 56.734770810406431 ], [ -111.630282835915253, 56.734772463469767 ] ] ] } },
{ "type": "Feature", "properties": { "area_km2": 0.0063999999999935974, "mock": false }, "geometry": { "type": "Polygon", "coordinates": [ [ [ -111.633233887173759, 56.735296554438442 ], [ -111.633566824406529, 56.735654226506931 ], [ -111.63389371960659, 56.735652564816604 ], [ -111.633899767981575, 56.736011897651899 ], [ -111.633572869662913, 56.7360135593648 ], [ -111.6335758923437, 56.736193225785776 ], [ -111.632922092482545, 56.73619654666291 ], [ -111.632919072920416, 56.73601688021936 ], [ -111.632592174496622, 56.736018539361012 ], [ -111.632586138596054, 56.735659206435407 ], [ -111.632259243255859, 56.735660864697429 ], [ -111.632256226917349, 56.735481198215361 ], [ -111.632583120698257, 56.735479539964636 ], [ -111.632580102835476, 56.735299873488565 ], [ -111.633233887173759, 56.735296554438442 ] ] ] } },
{ "type": "Feature", "properties": { "area_km2": 0.0091999999999243295, "mock": false }, "geometry": { "type": "Polygon", "coordinates": [ [ [ -111.578245211289897, 56.752274046696428 ], [ -111.578256253224723, 56.752992717805057 ], [ -111.577929204070585, 56.752994233911174 ], [ -111.577931963073254, 56.753173901685393 ], [ -111.576950810735511, 56.75317844488869 ], [ -111.576948056416143, 56.752998777083576 ], [ -111.576621007134065, 56.753000289759029 ], [ -111.576612749050909, 56.752461286281054 ], [ -111.576939793649785, 56.752459773636438 ], [ -111.576937039458258, 56.752280105810151 ], [ -111.577591125438062, 56.752277077968579 ], [ -111.577588368156455, 56.752097410157546 ], [ -111.578245211289897, 56.752274046696428 ] ] ] } },
{ "type": "Feature", "properties": { "area_km2": 0.011200000000064029, "mock": false }, "geometry": { "type": "Polygon", "coordinates": [ [ [ -111.538072641859756, 56.756227135832972 ], [ -111.538077779991781, 56.756586473624509 ], [ -111.538404862583022, 56.756585061972302 ], [ -111.538412574689204, 56.75712406859116 ], [ -111.538085487413369, 56.757125480272144 ], [ -111.538088056613532, 56.757305149144123 ], [ -111.537106789922532, 56.757309379069014 ], [ -111.537104225407049, 56.757129710168265 ], [ -111.53677713801207, 56.757131118418009 ], [ -111.536764323688644, 56.756232773787112 ], [ -111.537091403276065, 56.756231365585244 ], [ -111.537088838939141, 56.756051696652783 ], [ -111.537742994901819, 56.756048877694887 ], [ -111.53774556236165, 56.756228546608185 ], [ -111.538072641859756, 56.756227135832972 ] ] ] } },
{ "type": "Feature", "properties": { "area_km2": 0.016000000000050058, "mock": false }, "geometry": { "type": "Polygon", "coordinates": [ [ [ -111.575293393050089, 56.773130608413219 ], [ -111.575290644558848, 56.772950941134539 ], [ -111.575617867394016, 56.772949431608197 ], [ -111.575620617448394, 56.773129098876609 ], [ -111.576275066149194, 56.773126077228412 ], [ -111.576607800035063, 56.773483899576071 ], [ -111.576935027431844, 56.77348238658557 ], [ -111.576937783834694, 56.773662053796969 ], [ -111.577265012762638, 56.773660539937858 ], [ -111.577276044946899, 56.774379208689197 ], [ -111.57694880976608, 56.774380722589498 ], [ -111.57695156632893, 56.774560389774379 ], [ -111.576297092744781, 56.774563415020488 ], [ -111.575964352190582, 56.774205591919191 ], [ -111.575637118445115, 56.774207102375769 ], [ -111.575634368199175, 56.774027435139153 ], [ -111.575307135985028, 56.774028944727114 ], [ -111.575304387334214, 56.773849277474937 ], [ -111.574977156651343, 56.773850786194281 ], [ -111.574966168619895, 56.773132117091535 ], [ -111.575293393050089, 56.773130608413219 ] ] ] } },
{ "type": "Feature", "properties": { "area_km2": 0.0044000000000477303, "mock": false }, "geometry": { "type": "Polygon", "coordinates": [ [ [ -111.604299787624711, 56.78611011297982 ], [ -111.604291122252377, 56.785571115067775 ], [ -111.604618453232035, 56.785569529244732 ], [ -111.604615563277335, 56.785389863274247 ], [ -111.605273115090682, 56.785566355022524 ], [ -111.605281794542421, 56.786105352837417 ], [ -111.604954458936746, 56.786106940410285 ], [ -111.604957350590112, 56.786286606348774 ], [ -111.604299787624711, 56.78611011297982 ] ] ] } },
{ "type": "Feature", "properties": { "area_km2": 0.0063999999999516874, "mock": false }, "geometry": { "type": "Polygon", "coordinates": [ [ [ -111.644734406032711, 56.795969818572779 ], [ -111.644406986956895, 56.795971509836107 ], [ -111.644410068339653, 56.796151174138878 ], [ -111.643427806201444, 56.796156242809154 ], [ -111.643424729514805, 56.795976578471887 ], [ -111.643097310295943, 56.79597826629908 ], [ -111.643091160160566, 56.795618937585608 ], [ -111.643418576248749, 56.795617249781365 ], [ -111.643415499669317, 56.795437585428147 ], [ -111.644397743023433, 56.795432516895843 ], [ -111.644400824298799, 56.79561218121458 ], [ -111.64472824024395, 56.795610489974266 ], [ -111.644734406032711, 56.795969818572779 ] ] ] } },
{ "type": "Feature", "properties": { "area_km2": 0.1244, "mock": false }, "geometry": { "type": "Polygon", "coordinates": [ [ [ -111.635957940237247, 56.799788136644487 ], [ -111.635630487324633, 56.799789804952226 ], [ -111.635951857493609, 56.799428807651822 ], [ -111.636279307239448, 56.799427138507632 ], [ -111.63627626435489, 56.799247474014699 ], [ -111.636603712499678, 56.799245804022711 ], [ -111.636600668084768, 56.799066139535839 ], [ -111.636928114628475, 56.799064468696088 ], [ -111.63692202277349, 56.798705139729066 ], [ -111.637573860486413, 56.798522131048955 ], [ -111.637570811516127, 56.798342466574944 ], [ -111.63789825169107, 56.79834079320333 ], [ -111.637895201190602, 56.798161128735387 ], [ -111.638222639764521, 56.798159454516039 ], [ -111.638219587733914, 56.797979790054178 ], [ -111.638547024706796, 56.797978114987124 ], [ -111.638543971146092, 56.797798450531353 ], [ -111.639198841854295, 56.797795097842787 ], [ -111.639195785197984, 56.797615433404488 ], [ -111.641160387076667, 56.797605354789098 ], [ -111.641163453126211, 56.797785019158823 ], [ -111.641818323265454, 56.797781652724744 ], [ -111.642151899880929, 56.798139296873778 ], [ -111.64247933799254, 56.798137611486091 ], [ -111.642485482865737, 56.798496940096605 ], [ -111.643143440865643, 56.798673230972277 ], [ -111.643146516522748, 56.798852895241296 ], [ -111.64347396078972, 56.798851207230328 ], [ -111.643480115342427, 56.799210535729429 ], [ -111.643807562704993, 56.799208846836329 ], [ -111.64382603661555, 56.800286832137083 ], [ -111.643174199044509, 56.800469873423168 ], [ -111.643177275058918, 56.800649537639003 ], [ -111.642194895071512, 56.800654596861413 ], [ -111.641873574613513, 56.801015610058073 ], [ -111.640891184802939, 56.801020659038954 ], [ -111.640888119678124, 56.800840994753493 ], [ -111.639578272362385, 56.800847714653486 ], [ -111.639244695960102, 56.800490063779343 ], [ -111.638262319388701, 56.800495092036776 ], [ -111.63825926689718, 56.800315427643994 ], [ -111.637604352137203, 56.800318775496926 ], [ -111.637601302812726, 56.800139111076035 ], [ -111.63629147913106, 56.800145796426264 ], [ -111.635957940237247, 56.799788136644487 ] ] ] } },
{ "type": "Feature", "properties": { "area_km2": 0.063600000000286969, "mock": false }, "geometry": { "type": "Polygon", "coordinates": [ [ [ -111.64198411197593, 56.807483519557422 ], [ -111.641977969798404, 56.807124191432656 ], [ -111.642629928492582, 56.806941156322019 ], [ -111.642626854360074, 56.806761492269267 ], [ -111.643933826761753, 56.806575075909926 ], [ -111.643930746435004, 56.806395411892495 ], [ -111.644913276233837, 56.806390338677581 ], [ -111.644910191243667, 56.806210674689382 ], [ -111.64622022420798, 56.806203898417706 ], [ -111.646223315463772, 56.806383562359784 ], [ -111.646878334863288, 56.806380169044644 ], [ -111.646881429287816, 56.806559832958328 ], [ -111.647208940500107, 56.806558135000166 ], [ -111.647215132589906, 56.806917462788441 ], [ -111.647542646899083, 56.806915763947757 ], [ -111.647545744564411, 56.807095427822347 ], [ -111.647873260404083, 56.807093728110722 ], [ -111.64788565769139, 56.807812383509706 ], [ -111.647233709722656, 56.807995446025664 ], [ -111.647239902388037, 56.808354773728858 ], [ -111.64691237551061, 56.808356471802597 ], [ -111.64691547033064, 56.808536135657775 ], [ -111.646260413334659, 56.808539529250055 ], [ -111.645926704578315, 56.808181896972087 ], [ -111.644289076946833, 56.808190361500095 ], [ -111.644285994731391, 56.808010697542038 ], [ -111.642320849791545, 56.808020826545508 ], [ -111.641987183118218, 56.807663183611851 ], [ -111.641659661933957, 56.807664867888747 ], [ -111.641656592358203, 56.80748520382285 ], [ -111.64198411197593, 56.807483519557422 ] ] ] } },
{ "type": "Feature", "properties": { "area_km2": 0.01040000000002503, "mock": false }, "geometry": { "type": "Polygon", "coordinates": [ [ [ -111.62236860048273, 56.80973903075374 ], [ -111.62237157804698, 56.809918695421899 ], [ -111.622044035954815, 56.80992032826687 ], [ -111.622047011986865, 56.810099992940827 ], [ -111.621388951666745, 56.80992359137835 ], [ -111.621374087692686, 56.809025267817908 ], [ -111.62170162202024, 56.80902363674744 ], [ -111.621698647762358, 56.808843972030537 ], [ -111.622681245837498, 56.808839073695623 ], [ -111.622684224795464, 56.809018738379187 ], [ -111.623011758984688, 56.809017103870836 ], [ -111.623020700766503, 56.809556097856301 ], [ -111.62236860048273, 56.80973903075374 ] ] ] } },
{ "type": "Feature", "properties": { "area_km2": 0.0056000000000052388, "mock": false }, "geometry": { "type": "Polygon", "coordinates": [ [ [ -111.569101580202073, 56.818078817547537 ], [ -111.569107027422874, 56.818438149870801 ], [ -111.56845450874529, 56.818620801608922 ], [ -111.568457229299327, 56.818800467777649 ], [ -111.567801983701898, 56.818803449943182 ], [ -111.567468929185779, 56.818445607332627 ], [ -111.568121449652338, 56.818262960737819 ], [ -111.568118730760844, 56.818083294543072 ], [ -111.568446347272868, 56.81808180307101 ], [ -111.568443626845294, 56.817902136881123 ], [ -111.568771241758029, 56.817900644559415 ], [ -111.568773963753273, 56.818080310739155 ], [ -111.569101580202073, 56.818078817547537 ] ] ] } },
{ "type": "Feature", "properties": { "area_km2": 0.0055999999999656576, "mock": false }, "geometry": { "type": "Polygon", "coordinates": [ [ [ -111.630330305022625, 56.835213531538358 ], [ -111.630658067377013, 56.835211876477615 ], [ -111.630655047264611, 56.835032212826754 ], [ -111.631313591980401, 56.83520856377519 ], [ -111.631325685336222, 56.835927218235256 ], [ -111.630997916774533, 56.835928875061754 ], [ -111.631000938631928, 56.836108538674793 ], [ -111.63034237954578, 56.835932186133725 ], [ -111.630330305022625, 56.835213531538358 ] ] ] } },
{ "type": "Feature", "properties": { "area_km2": 0.008399999999974388, "mock": false }, "geometry": { "type": "Polygon", "coordinates": [ [ [ -111.631728109894169, 56.859822430661211 ], [ -111.631400132437506, 56.859824088989058 ], [ -111.631403158972788, 56.860003751895967 ], [ -111.63074720081012, 56.860007065990906 ], [ -111.630425265420854, 56.860368047612333 ], [ -111.629441318376351, 56.860373009780481 ], [ -111.629107304788278, 56.860015336158526 ], [ -111.629435284062893, 56.860013683847257 ], [ -111.62943226695883, 56.859834020872704 ], [ -111.630088222258976, 56.859830713689298 ], [ -111.630085202046303, 56.859651050731941 ], [ -111.630741154062221, 56.859647740126604 ], [ -111.630738130741022, 56.859468077186484 ], [ -111.631394079472599, 56.859464763159274 ], [ -111.631728109894169, 56.859822430661211 ] ] ] } },
{ "type": "Feature", "properties": { "area_km2": 0.0040000000000203727, "mock": false }, "geometry": { "type": "Polygon", "coordinates": [ [ [ -111.44900583086077, 56.556054600049634 ], [ -111.449007958441712, 56.556234277171235 ], [ -111.448355120327761, 56.556056948242478 ], [ -111.448352995854449, 56.555877271099689 ], [ -111.448027642092654, 56.555878443911126 ], [ -111.448348746981438, 56.555517916798223 ], [ -111.448999448265411, 56.555515568653156 ], [ -111.449001575772627, 56.555695245790595 ], [ -111.449326927919273, 56.555694070433105 ], [ -111.449331186090447, 56.556053424676186 ], [ -111.44900583086077, 56.556054600049634 ] ] ] } },
{ "type": "Feature", "properties": { "area_km2": 0.054799999999925492, "mock": false }, "geometry": { "type": "Polygon", "coordinates": [ [ [ -111.465673940924177, 56.562102575637859 ], [ -111.465669526869291, 56.561743222565752 ], [ -111.466318123351797, 56.561561107073693 ], [ -111.466315913303944, 56.561381430540976 ], [ -111.466641313459462, 56.561380209797946 ], [ -111.466634678843022, 56.560841180192895 ], [ -111.466960074346929, 56.560839958623191 ], [ -111.466955648313046, 56.560480605543297 ], [ -111.467281040707448, 56.560479383138684 ], [ -111.467274397222511, 56.559940353504082 ], [ -111.467922955155345, 56.559758229651372 ], [ -111.46792073765333, 56.559578553107222 ], [ -111.468246122261377, 56.559577328189697 ], [ -111.468232808536186, 56.558499268863784 ], [ -111.468558183867714, 56.558498043144667 ], [ -111.468553743080832, 56.558138690010367 ], [ -111.468879115303238, 56.558137463456461 ], [ -111.468876893406531, 56.557957786889702 ], [ -111.469202264061551, 56.557956559492709 ], [ -111.469204487499965, 56.558136236051133 ], [ -111.469529859671027, 56.558135007794405 ], [ -111.469536534765581, 56.558674037412999 ], [ -111.469211157969269, 56.558675265694703 ], [ -111.469222275931685, 56.559573648328332 ], [ -111.469547660437101, 56.559572420004983 ], [ -111.469558786751094, 56.560470802464827 ], [ -111.468910224551394, 56.560652934836135 ], [ -111.468919113831916, 56.561371640754338 ], [ -111.468593713855554, 56.561372867457969 ], [ -111.468598155565687, 56.561732220402014 ], [ -111.468923558626159, 56.561730993681756 ], [ -111.468930226010059, 56.562270023033207 ], [ -111.469255633671196, 56.562268795436431 ], [ -111.468934671061007, 56.562629375907761 ], [ -111.468281630039172, 56.562452152128657 ], [ -111.468279410610805, 56.562272475672103 ], [ -111.467628595109019, 56.562274924904813 ], [ -111.467626378790555, 56.562095248426381 ], [ -111.466650159972318, 56.562098915864041 ], [ -111.466652371664381, 56.562278592367349 ], [ -111.466001555906885, 56.562281033084638 ], [ -111.465999347299075, 56.562101356564774 ], [ -111.465673940924177, 56.562102575637859 ] ] ] } },
{ "type": "Feature", "properties": { "area_km2": 0.018000000000026776, "mock": false }, "geometry": { "type": "Polygon", "coordinates": [ [ [ -111.462092279044995, 56.561936252616064 ], [ -111.462743089244071, 56.561933832368659 ], [ -111.462745282405237, 56.562113508976232 ], [ -111.463070689008887, 56.562112297566998 ], [ -111.463079468075478, 56.562831003911498 ], [ -111.462754055303165, 56.562832215353588 ], [ -111.462756248590978, 56.563011891934742 ], [ -111.461129176638792, 56.563017936412685 ], [ -111.461126991062002, 56.562838259790546 ], [ -111.460801578137989, 56.562839466123243 ], [ -111.460795026185608, 56.562300436200623 ], [ -111.46046961786287, 56.562301641657257 ], [ -111.460465253104999, 56.561942288332752 ], [ -111.460790658343498, 56.561941082892481 ], [ -111.460788474460244, 56.561761406230488 ], [ -111.462090088993364, 56.561756575986813 ], [ -111.462092279044995, 56.561936252616064 ] ] ] } },
{ "type": "Feature", "properties": { "area_km2": 0.0095999999999749706, "mock": false }, "geometry": { "type": "Polygon", "coordinates": [ [ [ -111.473299611339712, 56.573393920397699 ], [ -111.472650846398338, 56.573576072237778 ], [ -111.472653087504852, 56.573755748252857 ], [ -111.472002075206291, 56.573758220698544 ], [ -111.471999837186317, 56.573578544666709 ], [ -111.471674332541511, 56.573579779603293 ], [ -111.471665386892994, 56.572861075389611 ], [ -111.471990885364932, 56.572859840486529 ], [ -111.47198864747422, 56.572680164428256 ], [ -111.472965138105295, 56.572676454632848 ], [ -111.472967380625533, 56.57285613066594 ], [ -111.473292878993945, 56.572854892355316 ], [ -111.473299611339712, 56.573393920397699 ] ] ] } },
{ "type": "Feature", "properties": { "area_km2": 0.022400000000141446, "mock": false }, "geometry": { "type": "Polygon", "coordinates": [ [ [ -111.410188520534149, 56.577032081053801 ], [ -111.410182685076904, 56.576493048748389 ], [ -111.410831801586241, 56.576311222398509 ], [ -111.411161231859879, 56.576669501510736 ], [ -111.411486765699195, 56.576668424914011 ], [ -111.411490668375535, 56.577027779720666 ], [ -111.412143696620319, 56.577205301322699 ], [ -111.412149560133727, 56.5777443334335 ], [ -111.411824017077521, 56.577745411778174 ], [ -111.411825970083427, 56.577925089145189 ], [ -111.411174880815921, 56.57792724329294 ], [ -111.411176830756901, 56.578106920669313 ], [ -111.410525738311776, 56.578109071423413 ], [ -111.410527685187759, 56.578288748809094 ], [ -111.409874645776682, 56.57811121876923 ], [ -111.409872702010688, 56.577931541363689 ], [ -111.409547157253201, 56.577932613751216 ], [ -111.409545215053384, 56.577752936333141 ], [ -111.409219671817169, 56.577754007861344 ], [ -111.40921579057229, 56.577394652994862 ], [ -111.409864927171313, 56.577212831688868 ], [ -111.409862983517584, 56.577033154256995 ], [ -111.410188520534149, 56.577032081053801 ] ] ] } },
{ "type": "Feature", "properties": { "area_km2": 0.0064000000000535512, "mock": false }, "geometry": { "type": "Polygon", "coordinates": [ [ [ -111.367252279325243, 56.580759942850086 ], [ -111.36692322810147, 56.580401547224703 ], [ -111.367572619995656, 56.580219946431207 ], [ -111.367570876698068, 56.580040268186444 ], [ -111.368222005653379, 56.580038342249985 ], [ -111.368551065980043, 56.580396734448605 ], [ -111.368876633495205, 56.580395769336931 ], [ -111.368554561940059, 56.58075609087264 ], [ -111.367252279325243, 56.580759942850086 ] ] ] } },
{ "type": "Feature", "properties": { "area_km2": 0.0043999999999394636, "mock": false }, "geometry": { "type": "Polygon", "coordinates": [ [ [ -111.469544976325068, 56.585626687235226 ], [ -111.469875042498359, 56.585984809170718 ], [ -111.46922604567213, 56.586166943158013 ], [ -111.469228271602375, 56.586346618895185 ], [ -111.468577042590709, 56.58634907376409 ], [ -111.468246985478629, 56.585990948390538 ], [ -111.469544976325068, 56.585626687235226 ] ] ] } },
{ "type": "Feature", "properties": { "area_km2": 0.0040000000000477301, "mock": false }, "geometry": { "type": "Polygon", "coordinates": [ [ [ -111.40093238210892, 56.594491563927498 ], [ -111.400279107678259, 56.5943139843016 ], [ -111.400277208250316, 56.594134307154441 ], [ -111.399951523817734, 56.594135354619304 ], [ -111.400273409460269, 56.593774952844328 ], [ -111.400924772078213, 56.593772855385289 ], [ -111.400926674552906, 56.59395253252876 ], [ -111.401252357374233, 56.593951482513241 ], [ -111.401256165480319, 56.594310836770113 ], [ -111.40093047956826, 56.594311886799872 ], [ -111.40093238210892, 56.594491563927498 ] ] ] } },
{ "type": "Feature", "properties": { "area_km2": 0.0055999999999353893, "mock": false }, "geometry": { "type": "Polygon", "coordinates": [ [ [ -111.389205772228124, 56.594349120043226 ], [ -111.389531458920558, 56.594348100706888 ], [ -111.389529610489802, 56.594168423328284 ], [ -111.390182832241322, 56.594346059476429 ], [ -111.390190238541379, 56.595064768882814 ], [ -111.389864545710026, 56.595065789952052 ], [ -111.389866395793064, 56.595245467297417 ], [ -111.389213159983129, 56.595067829532645 ], [ -111.389205772228124, 56.594349120043226 ] ] ] } },
{ "type": "Feature", "properties": { "area_km2": 0.017200000000058207, "mock": false }, "geometry": { "type": "Polygon", "coordinates": [ [ [ -111.401922795270039, 56.59574615085544 ], [ -111.401924702623205, 56.595925827919544 ], [ -111.402250402378215, 56.59592477526774 ], [ -111.40225231129898, 56.596104452319466 ], [ -111.402578012577479, 56.596103398807877 ], [ -111.40258183357632, 56.596462752881216 ], [ -111.402256129206691, 56.596463806407108 ], [ -111.402258038193651, 56.596643483443017 ], [ -111.400303802239591, 56.596649786735242 ], [ -111.400301902526209, 56.596470109656543 ], [ -111.399976198002491, 56.596471157213813 ], [ -111.399966707492638, 56.595572771705868 ], [ -111.400292404288635, 56.595571724184168 ], [ -111.400290504707002, 56.595392047073872 ], [ -111.401267590326711, 56.59538889941426 ], [ -111.40159709703849, 56.595747202647473 ], [ -111.401922795270039, 56.59574615085544 ] ] ] } },
{ "type": "Feature", "properties": { "area_km2": 0.0072000000000937139, "mock": false }, "geometry": { "type": "Polygon", "coordinates": [ [ [ -111.448476629422217, 56.703755663111139 ], [ -111.448480903478085, 56.704115008789081 ], [ -111.448807535176911, 56.704113832815878 ], [ -111.448809673798323, 56.704293505638972 ], [ -111.448483040543181, 56.704294681620155 ], [ -111.44848517763306, 56.704474354445935 ], [ -111.447831907935822, 56.704476703855882 ], [ -111.447501008233075, 56.704118531571901 ], [ -111.447174376435285, 56.704119704120593 ], [ -111.447172245620138, 56.70394003125233 ], [ -111.446845615353951, 56.703941202936946 ], [ -111.447167984063938, 56.703580685500043 ], [ -111.44814786537664, 56.703577165357359 ], [ -111.448150000811168, 56.703756838212222 ], [ -111.448476629422217, 56.703755663111139 ] ] ] } },
{ "type": "Feature", "properties": { "area_km2": 0.014799999999942375, "mock": false }, "geometry": { "type": "Polygon", "coordinates": [ [ [ -111.44630294703606, 56.713286527141989 ], [ -111.446300819632597, 56.71310685451855 ], [ -111.446954239027207, 56.713104512906263 ], [ -111.446956369545106, 56.713284185513793 ], [ -111.447283080762588, 56.713283013415044 ], [ -111.447287344986961, 56.713642358598371 ], [ -111.446960630654985, 56.71364353071305 ], [ -111.446964891863686, 56.714002875891211 ], [ -111.446313584423308, 56.714184890180164 ], [ -111.446315711974762, 56.714364562772026 ], [ -111.445988991339547, 56.714365732349179 ], [ -111.445991117358304, 56.714545404943706 ], [ -111.445337672899285, 56.71454774154455 ], [ -111.445335549995221, 56.714368068934142 ], [ -111.445008829286124, 56.714369235941945 ], [ -111.444673629640647, 56.713651711535583 ], [ -111.445324935843985, 56.713469705803163 ], [ -111.445327058625026, 56.713649378439889 ], [ -111.445653773080309, 56.713648210607367 ], [ -111.445976235744538, 56.713287696671472 ], [ -111.44630294703606, 56.713286527141989 ] ] ] } },
{ "type": "Feature", "properties": { "area_km2": 0.021162502760199153, "mock": false }, "geometry": { "type": "Polygon", "coordinates": [ [ [ -111.365861331764918, 56.732055591300075 ], [ -111.365783960678669, 56.732034610139543 ], [ -111.365782421787912, 56.731876143864518 ], [ -111.366109297537747, 56.731875184353768 ], [ -111.366105804795808, 56.731515836612715 ], [ -111.365778932164261, 56.731516796110427 ], [ -111.365771953159765, 56.730798100539225 ], [ -111.366098819554978, 56.730797141067612 ], [ -111.366097073295393, 56.730617467168187 ], [ -111.367077667682352, 56.730614583630881 ], [ -111.367408037449223, 56.73097296847903 ], [ -111.367734905302058, 56.730972004715802 ], [ -111.367736659397522, 56.731151678572004 ], [ -111.368390398160315, 56.731149748461384 ], [ -111.368720785117674, 56.731508129777801 ], [ -111.369047657566298, 56.731507162566778 ], [ -111.369049417959317, 56.731686836380966 ], [ -111.368395669923387, 56.731688769959106 ], [ -111.368363639172145, 56.731689729852057 ], [ -111.36833193366293, 56.731692410729693 ], [ -111.368300859104082, 56.731696786983228 ], [ -111.368270714340881, 56.731702816404152 ], [ -111.368241790054427, 56.731710440816904 ], [ -111.368214364521165, 56.731719586989755 ], [ -111.368188701815271, 56.731730166640105 ], [ -111.368165049372067, 56.731742077968832 ], [ -111.36814363488898, 56.731755206298352 ], [ -111.368124664539124, 56.731769425245709 ], [ -111.368108320856209, 56.73178459771696 ], [ -111.36809476160721, 56.731800577617506 ], [ -111.368084117026939, 56.73181721120767 ], [ -111.36807648982753, 56.73183433809092 ], [ -111.36807195358675, 56.731851793554483 ], [ -111.368070551610813, 56.731869409291278 ], [ -111.367416800334396, 56.731871337740287 ], [ -111.367383964737371, 56.731872343864424 ], [ -111.367351479217831, 56.731875158405757 ], [ -111.367319672666952, 56.731879752904611 ], [ -111.367288866772441, 56.731886080865117 ], [ -111.367259373734967, 56.731894078211113 ], [ -111.367231491699101, 56.731903664018255 ], [ -111.367205503126087, 56.731914741237574 ], [ -111.367181671045401, 56.731927197784344 ], [ -111.367160236449408, 56.731940907534124 ], [ -111.367141416672141, 56.731955731674951 ], [ -111.367125401972842, 56.731971520334447 ], [ -111.366891404629243, 56.732232243068644 ], [ -111.366194510074592, 56.732234292058969 ], [ -111.3661110439391, 56.732054858216415 ], [ -111.365861331764918, 56.732055591300075 ] ] ] } },
{ "type": "Feature", "properties": { "area_km2": 0.0044180755520357067, "mock": false }, "geometry": { "type": "Polygon", "coordinates": [ [ [ -111.374281184654208, 56.731850918045026 ], [ -111.374282970034599, 56.732030591742699 ], [ -111.374609846811126, 56.732029609942103 ], [ -111.374611633771423, 56.732209283627839 ], [ -111.375919146906753, 56.732205347828156 ], [ -111.376249614713387, 56.732563709024433 ], [ -111.375922733363097, 56.732564695130414 ], [ -111.375920983497863, 56.732547088805156 ], [ -111.375916102661606, 56.732529661448019 ], [ -111.375908137483123, 56.732512581097623 ], [ -111.375897164790587, 56.73249601201794 ], [ -111.375883290460024, 56.732480113982987 ], [ -111.375866647757519, 56.732465039946085 ], [ -111.375847397329167, 56.732450935051673 ], [ -111.375825724409054, 56.732437935296254 ], [ -111.375801837658116, 56.732426165824897 ], [ -111.375775967029469, 56.732415739949595 ], [ -111.375748361958998, 56.732406757986773 ], [ -111.375719288253819, 56.732399306637873 ], [ -111.37568902562542, 56.732393457469634 ], [ -111.375657865892109, 56.732389266919483 ], [ -111.37562610872061, 56.732386775410014 ], [ -111.37559406031265, 56.732386006724113 ], [ -111.374488563748926, 56.732389332429065 ], [ -111.374249447523553, 56.732130016536949 ], [ -111.374233122941675, 56.732114324040111 ], [ -111.37421401241896, 56.732099612686142 ], [ -111.374192309154026, 56.73208603120716 ], [ -111.374168233201061, 56.732073717114567 ], [ -111.374142028021595, 56.73206279509229 ], [ -111.37411395883673, 56.732053375654296 ], [ -111.374084310002345, 56.732045554164173 ], [ -111.374053381239463, 56.732039409768532 ], [ -111.374021485992813, 56.732035004683219 ], [ -111.37398894684766, 56.732032383488381 ], [ -111.373956093237382, 56.732031572686267 ], [ -111.373629216419459, 56.73203255277275 ], [ -111.373302339580889, 56.73203353200222 ], [ -111.373625651915972, 56.731673205345501 ], [ -111.374281184654208, 56.731850918045026 ] ] ] } },
{ "type": "Feature", "properties": { "area_km2": 0.0084000000000582081, "mock": false }, "geometry": { "type": "Polygon", "coordinates": [ [ [ -111.380898633771295, 56.739736751135254 ], [ -111.381229215313056, 56.740095098546767 ], [ -111.380577138186737, 56.740276769512235 ], [ -111.380578954180763, 56.740456442835246 ], [ -111.38025200447953, 56.740457440381455 ], [ -111.380253818934634, 56.740637113706022 ], [ -111.378946013679268, 56.740641095344664 ], [ -111.378615449023954, 56.740282741888983 ], [ -111.378942397270237, 56.740281748636157 ], [ -111.378940589097198, 56.740102075274017 ], [ -111.37992142903019, 56.740099090391901 ], [ -111.379919616198222, 56.73991941704481 ], [ -111.380573506261854, 56.739917422850411 ], [ -111.38057169033101, 56.739737749511633 ], [ -111.380898633771295, 56.739736751135254 ] ] ] } },
{ "type": "Feature", "properties": { "area_km2": 0.011372690252723619, "mock": false }, "geometry": { "type": "Polygon", "coordinates": [ [ [ -111.410354899086897, 56.772524479556864 ], [ -111.410689974647326, 56.77324208959427 ], [ -111.411017208114146, 56.773241011834479 ], [ -111.411021135539372, 56.773600355243055 ], [ -111.411677575531328, 56.773777868800693 ], [ -111.411681509346806, 56.774137212148382 ], [ -111.411354268108923, 56.774138291661629 ], [ -111.411356233487524, 56.774317963334937 ], [ -111.410699785564702, 56.774140448112959 ], [ -111.410695861129412, 56.773781104721238 ], [ -111.410039425690755, 56.77360358599126 ], [ -111.410037466656689, 56.773423914267617 ], [ -111.409382996437174, 56.773426063793195 ], [ -111.409051852673258, 56.773067793761527 ], [ -111.409379084690485, 56.773066720300911 ], [ -111.409411149570758, 56.773065749828014 ], [ -111.409442886959155, 56.773063058476026 ], [ -111.409473990831273, 56.773058671955489 ], [ -111.409504162052357, 56.773052632574803 ], [ -111.409533109679458, 56.773044998607126 ], [ -111.409560555205971, 56.773035843378004 ], [ -111.409586234361356, 56.773025255259391 ], [ -111.409609899549054, 56.773013336134341 ], [ -111.409631322948186, 56.773000200757906 ], [ -111.409650298300818, 56.772985975583289 ], [ -111.409666643028032, 56.772970797766632 ], [ -111.409680199356657, 56.772954813456259 ], [ -111.409690837085918, 56.772938176436021 ], [ -111.409698453576553, 56.772921047137004 ], [ -111.409702975361355, 56.772903590296451 ], [ -111.409704359282472, 56.772885974235216 ], [ -111.409736423999874, 56.772885003678923 ], [ -111.409768161212114, 56.772882312244349 ], [ -111.40979926489652, 56.772877925642845 ], [ -111.40982943592013, 56.772871886183587 ], [ -111.409858383341899, 56.772864252140486 ], [ -111.409885828657181, 56.772855096839841 ], [ -111.409911507597513, 56.772844508654252 ], [ -111.409935172568353, 56.77283258946747 ], [ -111.409956595750955, 56.772819454035094 ], [ -111.409975570889429, 56.772805228810896 ], [ -111.409991915406962, 56.772790050951478 ], [ -111.410005471532386, 56.772774066605571 ], [ -111.410016109066859, 56.77275742955738 ], [ -111.410023725373037, 56.772740300238283 ], [ -111.410028246985448, 56.772722843385658 ], [ -111.410029630747928, 56.772705227320536 ], [ -111.410027671827578, 56.772525555570624 ], [ -111.410354899086897, 56.772524479556864 ] ] ] } },
{ "type": "Feature", "properties": { "area_km2": 0.0044000000000075671, "mock": false }, "geometry": { "type": "Polygon", "coordinates": [ [ [ -111.411060414807665, 56.777193788172667 ], [ -111.411054522335974, 56.776654773367213 ], [ -111.411381785485858, 56.776653694609628 ], [ -111.41137981981062, 56.776474023004639 ], [ -111.412036311717131, 56.776651534518955 ], [ -111.412042218261817, 56.777190549258293 ], [ -111.411714950466603, 56.777191629754924 ], [ -111.411716917796852, 56.777371301331556 ], [ -111.411060414807665, 56.777193788172667 ] ] ] } },
{ "type": "Feature", "properties": { "area_km2": 0.014800000000098953, "mock": false }, "geometry": { "type": "Polygon", "coordinates": [ [ [ -111.4703786693442, 56.783632336822947 ], [ -111.47038091753663, 56.78381200679582 ], [ -111.470053594665586, 56.783813240423299 ], [ -111.470060334706488, 56.784352250335495 ], [ -111.469733007116332, 56.784353483129443 ], [ -111.469735252284423, 56.784533153098046 ], [ -111.468753264664457, 56.78453684635268 ], [ -111.468751024189487, 56.784357176358967 ], [ -111.468096368774809, 56.784359634218355 ], [ -111.468098606121046, 56.784539304228808 ], [ -111.467443947473654, 56.784541758670017 ], [ -111.467446181717065, 56.78472142869186 ], [ -111.467118850790058, 56.784722654632709 ], [ -111.467121083495002, 56.784902324657665 ], [ -111.466464188858282, 56.784725103938214 ], [ -111.466461959308077, 56.784545433891367 ], [ -111.46711438545799, 56.784363314567031 ], [ -111.467112152830836, 56.784183644526287 ], [ -111.467766805272618, 56.78418119183592 ], [ -111.468089656892047, 56.783820624155453 ], [ -111.469398948845253, 56.783815705102164 ], [ -111.469721781666863, 56.783455133207511 ], [ -111.4703786693442, 56.783632336822947 ] ] ] } },
{ "type": "Feature", "properties": { "area_km2": 0.0079999999999208378, "mock": false }, "geometry": { "type": "Polygon", "coordinates": [ [ [ -111.465834019164859, 56.786703920159823 ], [ -111.465820659317785, 56.785625900047357 ], [ -111.466147998170655, 56.785624677499868 ], [ -111.466145770055491, 56.785445007470976 ], [ -111.466802675798775, 56.785622229828562 ], [ -111.466816063807812, 56.786700249791195 ], [ -111.466488715619391, 56.786701474106202 ], [ -111.466490945480302, 56.786881144089882 ], [ -111.465834019164859, 56.786703920159823 ] ] ] } },
{ "type": "Feature", "properties": { "area_km2": 0.01341066958700541, "mock": false }, "geometry": { "type": "Polygon", "coordinates": [ [ [ -111.454717205315916, 56.787822999084483 ], [ -111.45537192228521, 56.787820611331888 ], [ -111.455373712044405, 56.787838216315976 ], [ -111.455378636994197, 56.787855640331237 ], [ -111.45538665008948, 56.787872715370241 ], [ -111.455397674048669, 56.787889277219108 ], [ -111.455411602507965, 56.78790516617201 ], [ -111.455428301686382, 56.787920229360971 ], [ -111.455447610397471, 56.787934321744089 ], [ -111.45546934284819, 56.78794730744297 ], [ -111.455493289805219, 56.78795906144547 ], [ -111.455519220734843, 56.787969470586134 ], [ -111.455546885617466, 56.787978434707576 ], [ -111.455576018065386, 56.787985867278032 ], [ -111.455606337796482, 56.787991696909629 ], [ -111.455637552434851, 56.78799586735181 ], [ -111.455669361777595, 56.787998338374294 ], [ -111.455701459112049, 56.787999086391039 ], [ -111.456028819098222, 56.787997890359499 ], [ -111.456060895442306, 56.78799690787995 ], [ -111.456092642025993, 56.787994204651717 ], [ -111.456123752735976, 56.787989806499823 ], [ -111.456153928371833, 56.787983755844529 ], [ -111.456182877948137, 56.787976111067742 ], [ -111.456210322939327, 56.787966945599017 ], [ -111.456235999080363, 56.787956347908867 ], [ -111.456259658803418, 56.787944419972661 ], [ -111.456281074340311, 56.787931276630268 ], [ -111.456300039508747, 56.787917044411586 ], [ -111.45631637182818, 56.787901860540515 ], [ -111.456329913644751, 56.78788587122385 ], [ -111.456340534897421, 56.787869230293509 ], [ -111.456348133105777, 56.787852098218323 ], [ -111.456352634978387, 56.787834639762295 ], [ -111.456353997549513, 56.787817023261702 ], [ -111.456386073730314, 56.787816040698779 ], [ -111.456417820137503, 56.787813337387995 ], [ -111.456448930659406, 56.787808939155184 ], [ -111.456479106097447, 56.787802888421389 ], [ -111.456508055468106, 56.787795243569263 ], [ -111.456535500247782, 56.787786078029072 ], [ -111.45656117617348, 56.787775480272039 ], [ -111.456584835679479, 56.787763552274171 ], [ -111.456606250999641, 56.787750408875908 ], [ -111.456625215953792, 56.787736176607716 ], [ -111.456641548063416, 56.787720992693984 ], [ -111.456655089676715, 56.787705003341877 ], [ -111.456665710734583, 56.787688362383697 ], [ -111.456673308758482, 56.787671230288495 ], [ -111.456677810458743, 56.787653771820494 ], [ -111.456679172871333, 56.787636155316079 ], [ -111.456676989847722, 56.787456485106283 ], [ -111.456675199497298, 56.787438880140741 ], [ -111.456670274002335, 56.787421456176361 ], [ -111.456662260421624, 56.787404381219297 ], [ -111.45665123604914, 56.787387819481523 ], [ -111.456637307259385, 56.78737193066619 ], [ -111.456620607842027, 56.787356867638096 ], [ -111.456601298989852, 56.787342775435427 ], [ -111.456579566499727, 56.7873297899325 ], [ -111.456555619606021, 56.787318036137208 ], [ -111.456529688840888, 56.787307627210595 ], [ -111.456502024219574, 56.787298663305684 ], [ -111.456472892123017, 56.787291230950046 ], [ -111.45644257282423, 56.787285401527704 ], [ -111.45641135868803, 56.787281231285647 ], [ -111.456379549904611, 56.787278760451173 ], [ -111.456347453172796, 56.787278012607828 ], [ -111.456379528893862, 56.787277030047235 ], [ -111.456411274846474, 56.787274326738604 ], [ -111.456442384923321, 56.78726992850774 ], [ -111.456472559930162, 56.787263877775686 ], [ -111.45650150888757, 56.78725623292506 ], [ -111.456528953275978, 56.787247067386126 ], [ -111.456554628836116, 56.787236469630095 ], [ -111.456578288005787, 56.787224541632952 ], [ -111.456599703022121, 56.787211398235172 ], [ -111.456618667707858, 56.787197165967171 ], [ -111.456634999587067, 56.787181982053333 ], [ -111.456648541010154, 56.787165992700857 ], [ -111.456659161919845, 56.787149351742002 ], [ -111.456666759839067, 56.787132219645891 ], [ -111.45667126147913, 56.78711476117671 ], [ -111.456672623876557, 56.787097144670881 ], [ -111.456999975963228, 56.787095946103577 ], [ -111.457032857242808, 56.787094916313102 ], [ -111.457065383601119, 56.787092078364623 ], [ -111.457097225724354, 56.787087460955632 ], [ -111.457128061556887, 56.787081110815009 ], [ -111.457157578587328, 56.787073092245386 ], [ -111.457185478423, 56.787063486387716 ], [ -111.457211478418088, 56.787052390496477 ], [ -111.457235315425095, 56.787039916847846 ], [ -111.457256748401804, 56.78702619174183 ], [ -111.457275560031604, 56.787011354148639 ], [ -111.457291560140959, 56.78699555407907 ], [ -111.457654680060429, 56.787093546392555 ], [ -111.457656867727351, 56.787273216588403 ], [ -111.457984221302496, 56.7872720154365 ], [ -111.457986410559485, 56.787451685618912 ], [ -111.458313765673921, 56.787450483600004 ], [ -111.458315956521034, 56.78763015376898 ], [ -111.458643313174719, 56.787628950883047 ], [ -111.4583203382916, 56.787989494091129 ], [ -111.45799297848302, 56.787990696134571 ], [ -111.45799516784173, 56.788170366295901 ], [ -111.457340445018772, 56.788172767822616 ], [ -111.457338258789591, 56.787993097644929 ], [ -111.456356179059085, 56.787996693469125 ], [ -111.456358360593995, 56.788176363671276 ], [ -111.455048914339685, 56.788181146112251 ], [ -111.454717205315916, 56.787822999084483 ] ] ] } },
{ "type": "Feature", "properties": { "area_km2": 0.0060361511040277873, "mock": false }, "geometry": { "type": "Polygon", "coordinates": [ [ [ -111.452412719260536, 56.786753307226007 ], [ -111.452085369949899, 56.786754493753733 ], [ -111.452083208957646, 56.786574823404052 ], [ -111.452735740328222, 56.786392779167144 ], [ -111.452733576257003, 56.786213108823077 ], [ -111.453388265365035, 56.786210731522146 ], [ -111.453711272426958, 56.785850200928124 ], [ -111.454038613788939, 56.785849010146904 ], [ -111.454036443535017, 56.785669339819442 ], [ -111.454691123054332, 56.785666955696847 ], [ -111.454691953209732, 56.785735583647579 ], [ -111.454219792876913, 56.785867319865247 ], [ -111.454191222198261, 56.785876311207602 ], [ -111.454164442300041, 56.785886832722859 ], [ -111.45413972392835, 56.785898778045386 ], [ -111.454117317356136, 56.785912026060785 ], [ -111.45409744945988, 56.785926442802982 ], [ -111.45408032127537, 56.785941882361548 ], [ -111.454066106214668, 56.785958188325502 ], [ -111.454054948126853, 56.785975195856615 ], [ -111.454046959999403, 56.785992732592476 ], [ -111.454042222678979, 56.786010621166611 ], [ -111.45404078406807, 56.786028680469123 ], [ -111.454042954372412, 56.786208350786062 ], [ -111.454010879498952, 56.786209332744811 ], [ -111.453979134269645, 56.786212035442055 ], [ -111.453948024776309, 56.786216433058556 ], [ -111.453917850199929, 56.786222483180417 ], [ -111.453888901509004, 56.786230127432418 ], [ -111.453861457215069, 56.786239292392004 ], [ -111.453835781572423, 56.786249889595652 ], [ -111.453812122141642, 56.786261817075015 ], [ -111.453790706687386, 56.786274959997044 ], [ -111.453771741392117, 56.786289191838257 ], [ -111.453755408740392, 56.786304375380674 ], [ -111.453741866393472, 56.786320364422807 ], [ -111.453731244423281, 56.786337005137185 ], [ -111.453723645324018, 56.786354137058574 ], [ -111.453719142403585, 56.786371595425521 ], [ -111.453717778646279, 56.786389211903284 ], [ -111.453684897888607, 56.786390240819415 ], [ -111.453652371877581, 56.786393077886416 ], [ -111.453620529914417, 56.7863976944165 ], [ -111.453589694044908, 56.786404043691036 ], [ -111.453560176773635, 56.786412061417835 ], [ -111.453532276489952, 56.786421666466552 ], [ -111.453506275840141, 56.786432761593247 ], [ -111.453482437975964, 56.786445234531996 ], [ -111.453461003947879, 56.786458958992569 ], [ -111.453442191084662, 56.78647379601388 ], [ -111.453426189575623, 56.786489595593316 ], [ -111.4531924540874, 56.78675047749816 ], [ -111.452740068546063, 56.78675211983947 ], [ -111.452707993172893, 56.786753101463994 ], [ -111.452676247389135, 56.786755803830353 ], [ -111.452645137291967, 56.786760201122554 ], [ -111.452614962068182, 56.786766250929801 ], [ -111.452586012692507, 56.786773894879907 ], [ -111.452558567683056, 56.786783059553223 ], [ -111.452532891301047, 56.786793656488967 ], [ -111.452509231114163, 56.78680558372141 ], [ -111.452487814894354, 56.786818726419845 ], [ -111.452468848831458, 56.786832958062959 ], [ -111.452452515417392, 56.786848141434703 ], [ -111.452438972320806, 56.786864130335175 ], [ -111.452428349620789, 56.786880770938325 ], [ -111.452420749818629, 56.786897902779948 ], [ -111.45241624622895, 56.786915361099389 ], [ -111.452414881842515, 56.786932977562351 ], [ -111.452412719260536, 56.786753307226007 ] ] ] } },
{ "type": "Feature", "properties": { "area_km2": 0.0068735470975695026, "mock": false }, "geometry": { "type": "Polygon", "coordinates": [ [ [ -111.462246444329935, 56.787795332520233 ], [ -111.461923502638427, 56.788155884992428 ], [ -111.459631974453771, 56.788164347449303 ], [ -111.459300221972413, 56.787806212673864 ], [ -111.458972863804931, 56.787807417285634 ], [ -111.458970669802952, 56.787627747138295 ], [ -111.458643313174719, 56.787628950883047 ], [ -111.458641120762891, 56.787449280722271 ], [ -111.45896847582641, 56.787448076985726 ], [ -111.458966897882533, 56.787318853972614 ], [ -111.459622704223165, 56.787406279019315 ], [ -111.459623185877007, 56.787445666936122 ], [ -111.459624977608343, 56.787463271857142 ], [ -111.459629904477993, 56.787480695702598 ], [ -111.45963791942232, 56.787497770466665 ], [ -111.45964894514195, 56.787514331938112 ], [ -111.459662875256114, 56.787530220414773 ], [ -111.459679575967925, 56.787545283033204 ], [ -111.45969888607614, 56.787559374757045 ], [ -111.459720619774259, 56.787572359714261 ], [ -111.459744567816941, 56.787584112899793 ], [ -111.459770499660024, 56.787594521156102 ], [ -111.459798165275132, 56.787603484334305 ], [ -111.45982729826747, 56.787610915911728 ], [ -111.459857618349716, 56.787616744510032 ], [ -111.459888833142557, 56.787620913888667 ], [ -111.459920642441631, 56.787623383827544 ], [ -111.459952739534657, 56.78762413075107 ], [ -111.459954531429275, 56.787641735666604 ], [ -111.459959458475467, 56.787659159498268 ], [ -111.459967473607861, 56.787676234240379 ], [ -111.459978499525306, 56.787692795681906 ], [ -111.459992429845144, 56.787708684120986 ], [ -111.460009130768455, 56.787723746694546 ], [ -111.460028441091993, 56.78773783836666 ], [ -111.460050175007183, 56.787750823265732 ], [ -111.460074123266594, 56.787762576387337 ], [ -111.460100055323949, 56.787772984574509 ], [ -111.460127721148851, 56.787781947679051 ], [ -111.460156854344476, 56.787789379178996 ], [ -111.460187174621495, 56.787795207696739 ], [ -111.460218389598779, 56.78779937699251 ], [ -111.46025019907016, 56.787801846847017 ], [ -111.460282296321708, 56.787802593685512 ], [ -111.460284174165352, 56.787820640826574 ], [ -111.460289346435829, 56.787838493081566 ], [ -111.460297760836141, 56.78785596970706 ], [ -111.460309332216582, 56.787872893943671 ], [ -111.46032394340844, 56.787889094270739 ], [ -111.460341446563945, 56.78790440691693 ], [ -111.460361664476622, 56.78791867675384 ], [ -111.460384392570631, 56.787931759355018 ], [ -111.460409400718731, 56.787943522426687 ], [ -111.460436435708601, 56.787953846697143 ], [ -111.460465224212086, 56.78796262779251 ], [ -111.461122147391791, 56.788139879958749 ], [ -111.461151241616349, 56.788146791292469 ], [ -111.461181417467856, 56.788152125718355 ], [ -111.46121239196566, 56.788155833073333 ], [ -111.461243874625254, 56.788157878674646 ], [ -111.461275570242066, 56.788158243399451 ], [ -111.461307181346953, 56.788156923675764 ], [ -111.461338411813912, 56.788153932008093 ], [ -111.461368968489424, 56.788149296342603 ], [ -111.4613985647958, 56.788143060233402 ], [ -111.461426923506124, 56.788135282203427 ], [ -111.461453778209943, 56.788126035110096 ], [ -111.461478877399784, 56.788115405680927 ], [ -111.461501985607129, 56.78810349370076 ], [ -111.461522886169519, 56.788090410743749 ], [ -111.461541382859721, 56.788076279538387 ], [ -111.46155730248914, 56.788061232700045 ], [ -111.461570495543668, 56.788045411201345 ], [ -111.461580838465224, 56.788028963555099 ], [ -111.46158823428317, 56.788012043925328 ], [ -111.461592613419285, 56.787994811046183 ], [ -111.461593934974999, 56.787977426420333 ], [ -111.461593092146671, 56.787908798560572 ], [ -111.461996364988721, 56.787796258744478 ], [ -111.462246444329935, 56.787795332520233 ] ] ] } },
{ "type": "Feature", "properties": { "area_km2": 0.011200000000044237, "mock": false }, "geometry": { "type": "Polygon", "coordinates": [ [ [ -111.47342412471545, 56.791526666096857 ], [ -111.473426388142883, 56.791706335762129 ], [ -111.473753779599221, 56.791705093175658 ], [ -111.473762839832403, 56.792423771750222 ], [ -111.473435442115473, 56.792425014370508 ], [ -111.473437705674371, 56.792604684009433 ], [ -111.472455507670333, 56.792608406741749 ], [ -111.472453248807057, 56.792428737077508 ], [ -111.47179845313687, 56.792431214587239 ], [ -111.471466547005562, 56.792073112658763 ], [ -111.471793941749638, 56.792071875209196 ], [ -111.471791686095315, 56.791892205512269 ], [ -111.472446472374543, 56.791889728053128 ], [ -111.472769344854115, 56.791529148676041 ], [ -111.47342412471545, 56.791526666096857 ] ] ] } },
{ "type": "Feature", "properties": { "area_km2": 0.011600000000041327, "mock": false }, "geometry": { "type": "Polygon", "coordinates": [ [ [ -111.465261613098605, 56.793354149897475 ], [ -111.465589019293532, 56.793352928710242 ], [ -111.465595697741492, 56.793891938135765 ], [ -111.46526828685063, 56.793893159347938 ], [ -111.465270511486324, 56.794072829154203 ], [ -111.463960861403365, 56.794077705445659 ], [ -111.463958643029059, 56.793898035606205 ], [ -111.46363123200922, 56.793899252523204 ], [ -111.463622365030901, 56.793180573079532 ], [ -111.463949769789537, 56.793179356195679 ], [ -111.463947551544067, 56.792999686329878 ], [ -111.464602357853522, 56.79299725000169 ], [ -111.464604579229515, 56.793176919850907 ], [ -111.465259388566281, 56.7931744800701 ], [ -111.465261613098605, 56.793354149897475 ] ] ] } },
{ "type": "Feature", "properties": { "area_km2": 0.018399999999911525, "mock": false }, "geometry": { "type": "Polygon", "coordinates": [ [ [ -111.471818755676352, 56.794048241527626 ], [ -111.472473579521264, 56.794045763866151 ], [ -111.472805512760232, 56.794403862958426 ], [ -111.473132927747812, 56.794402621963215 ], [ -111.473141977036306, 56.795121300289296 ], [ -111.472814555787025, 56.795122541318278 ], [ -111.472816816609395, 56.795302210895102 ], [ -111.47183454800772, 56.795305928852947 ], [ -111.471502615993273, 56.794947827227773 ], [ -111.471175196178365, 56.794949063953005 ], [ -111.471170690319141, 56.794589724688784 ], [ -111.470513607112906, 56.794412525871593 ], [ -111.470506857990998, 56.793873516869539 ], [ -111.470834268465936, 56.793872281912847 ], [ -111.470832017245584, 56.793692612243362 ], [ -111.471486834986365, 56.793690139769758 ], [ -111.471818755676352, 56.794048241527626 ] ] ] } },
{ "type": "Feature", "properties": { "area_km2": 0.0056000000000820732, "mock": false }, "geometry": { "type": "Polygon", "coordinates": [ [ [ -111.416880529101562, 56.829819941536215 ], [ -111.416872545313694, 56.829101261748633 ], [ -111.417200265452237, 56.829100167081975 ], [ -111.417198267994337, 56.828920497129403 ], [ -111.417855705659619, 56.829097975168075 ], [ -111.417863708275277, 56.829816654866164 ], [ -111.417535981907278, 56.829817751283059 ], [ -111.417537981050302, 56.829997421201917 ], [ -111.416880529101562, 56.829819941536215 ] ] ] } },
{ "type": "Feature", "properties": { "area_km2": 0.015199999999896973, "mock": false }, "geometry": { "type": "Polygon", "coordinates": [ [ [ -111.435794617086117, 56.849879122217899 ], [ -111.436450418869526, 56.849876832154443 ], [ -111.436452510168365, 56.850056501049821 ], [ -111.436780412594644, 56.85005535471899 ], [ -111.436786691350406, 56.850594361350183 ], [ -111.43645878421087, 56.85059550770444 ], [ -111.43646087560704, 56.850775176578814 ], [ -111.436132966872066, 56.85077632207998 ], [ -111.43613087704702, 56.850596653197812 ], [ -111.434819248148713, 56.850601226562361 ], [ -111.434487176997337, 56.850243029893363 ], [ -111.434159272830101, 56.850244170205848 ], [ -111.435130475389485, 56.849162733079126 ], [ -111.435788352761591, 56.849340115453423 ], [ -111.435464629596552, 56.849700597034293 ], [ -111.435792528953655, 56.849699453301653 ], [ -111.435794617086117, 56.849879122217899 ] ] ] } },
{ "type": "Feature", "properties": { "area_km2": 0.0072000000000046567, "mock": false }, "geometry": { "type": "Polygon", "coordinates": [ [ [ -111.342950194750429, 56.557650149085262 ], [ -111.342624821643568, 56.557651046103565 ], [ -111.342626445251113, 56.557830725484848 ], [ -111.341975695897588, 56.557832516979275 ], [ -111.341653559213213, 56.55819277023258 ], [ -111.341001187644252, 56.558014877241533 ], [ -111.340999571726968, 56.557835197835175 ], [ -111.341324946469186, 56.557834305067978 ], [ -111.341320094203994, 56.557295266835517 ], [ -111.34196921391397, 56.557113799373987 ], [ -111.341970834381797, 56.557293478783208 ], [ -111.342621574484724, 56.557291687325197 ], [ -111.342623198054781, 56.557471366717024 ], [ -111.342948569619878, 56.557470469704811 ], [ -111.342950194750429, 56.557650149085262 ] ] ] } },
{ "type": "Feature", "properties": { "area_km2": 0.031600000000064028, "mock": false }, "geometry": { "type": "Polygon", "coordinates": [ [ [ -111.271745866886235, 56.565193170515769 ], [ -111.271742002669171, 56.564654129421349 ], [ -111.2720674380449, 56.564653417833419 ], [ -111.272066148459814, 56.564473737462926 ], [ -111.272718308751649, 56.564651992102519 ], [ -111.272719601436663, 56.56483167245807 ], [ -111.273045038310158, 56.56483095831031 ], [ -111.273046332552667, 56.565010638655778 ], [ -111.27337177095373, 56.565009923651488 ], [ -111.273375658398621, 56.56554896464187 ], [ -111.274027843341415, 56.565727212358993 ], [ -111.274030441246623, 56.566086572963087 ], [ -111.274355888858324, 56.566085855374546 ], [ -111.274366293421238, 56.567523297542117 ], [ -111.274040833467765, 56.567524015169589 ], [ -111.274042132562911, 56.567703695421777 ], [ -111.2733899135158, 56.567525447869258 ], [ -111.273388617521206, 56.567345767602077 ], [ -111.273063159065558, 56.567346482669429 ], [ -111.272732529108197, 56.566628475725125 ], [ -111.272407076793613, 56.566629189069587 ], [ -111.272404494225242, 56.566269828448483 ], [ -111.272079044981098, 56.566270540931569 ], [ -111.272071306889586, 56.565192458913366 ], [ -111.271745866886235, 56.565193170515769 ] ] ] } },
{ "type": "Feature", "properties": { "area_km2": 0.15194355216330396, "mock": false }, "geometry": { "type": "Polygon", "coordinates": [ [ [ -111.274742549557885, 56.574530104630874 ], [ -111.274741246805348, 56.574350424587806 ], [ -111.27441572822795, 56.57435114325223 ], [ -111.274414427033918, 56.574171463199015 ], [ -111.274088909984926, 56.574172181006588 ], [ -111.274087610349383, 56.573992500943284 ], [ -111.273762094828825, 56.573993217894028 ], [ -111.273759498689614, 56.57363385774191 ], [ -111.273433986240889, 56.573634573830958 ], [ -111.273428800315884, 56.572915853444393 ], [ -111.272776494363242, 56.57273760290839 ], [ -111.272766148043758, 56.571300161763858 ], [ -111.27244065561284, 56.571300875234144 ], [ -111.27243807226867, 56.57094151488586 ], [ -111.272112582909131, 56.570942227494577 ], [ -111.272110002710889, 56.570582867115675 ], [ -111.271457743128963, 56.570404609551225 ], [ -111.271456456153231, 56.570224929338998 ], [ -111.271130972921441, 56.57022563937285 ], [ -111.271129687503617, 56.570045959150576 ], [ -111.270804205800047, 56.57004666832777 ], [ -111.270802921940103, 56.569866988095427 ], [ -111.270477441764697, 56.569867696415962 ], [ -111.270476159462632, 56.569688016173572 ], [ -111.270150680815433, 56.569688723637483 ], [ -111.270149400071162, 56.569509043385054 ], [ -111.26982392295217, 56.569509749992342 ], [ -111.269822643765707, 56.569330069729865 ], [ -111.269497168174922, 56.569330775480559 ], [ -111.269493335332953, 56.568791734647277 ], [ -111.270142996571778, 56.568610642044149 ], [ -111.270140435275579, 56.568251281471078 ], [ -111.269488225083649, 56.568073013462808 ], [ -111.269486947558192, 56.56789333315357 ], [ -111.268510557727041, 56.567895445180106 ], [ -111.26851183062395, 56.568075125503668 ], [ -111.267209971138598, 56.568077929633276 ], [ -111.267211237878783, 56.568257609970587 ], [ -111.266560304962525, 56.568259006934184 ], [ -111.266592200123824, 56.568258073299809 ], [ -111.266623776092743, 56.568255418349047 ], [ -111.266654728402301, 56.568251067441409 ], [ -111.266684759374911, 56.568245062542815 ], [ -111.266713579419957, 56.568237461593924 ], [ -111.266740911258736, 56.568228337602577 ], [ -111.26676649171462, 56.568217778639912 ], [ -111.266790074143415, 56.568205886307901 ], [ -111.266811431520964, 56.568192775103611 ], [ -111.266830358224937, 56.56817857124755 ], [ -111.26684667214343, 56.568163411690705 ], [ -111.266860215801984, 56.568147442405134 ], [ -111.266870859120488, 56.568130817030358 ], [ -111.266878499406076, 56.56811369588516 ], [ -111.266883062963814, 56.568096243628055 ], [ -111.266884506230639, 56.568078628536227 ], [ -111.26691640123191, 56.568077694818811 ], [ -111.266947977027641, 56.568075039785818 ], [ -111.266978929152501, 56.568070688797526 ], [ -111.267008959930678, 56.568064683820658 ], [ -111.267037779773432, 56.568057082796592 ], [ -111.267065111403994, 56.568047958733914 ], [ -111.26709069164778, 56.568037399704465 ], [ -111.267114273862632, 56.568025507310821 ], [ -111.267135631026406, 56.568012396050676 ], [ -111.267154557518879, 56.567998192145062 ], [ -111.267170871230149, 56.567983032545428 ], [ -111.267184414687776, 56.567967063224266 ], [ -111.267195057813581, 56.567950437821459 ], [ -111.267202697916545, 56.567933316655996 ], [ -111.267207261303525, 56.567915864386649 ], [ -111.267208704413065, 56.567898249290693 ], [ -111.267206171005853, 56.567538888589809 ], [ -111.267204479595662, 56.567521280227893 ], [ -111.267199670336538, 56.567503848096088 ], [ -111.267191789168976, 56.567486760278669 ], [ -111.26718091211221, 56.567470181111602 ], [ -111.267167144119753, 56.567454270466257 ], [ -111.267150617435561, 56.567439181417086 ], [ -111.267131491586881, 56.567425059253473 ], [ -111.267109950608273, 56.567412040138059 ], [ -111.267086201890393, 56.567400249402347 ], [ -111.267060474057573, 56.567389800563006 ], [ -111.267033015169517, 56.567380794157891 ], [ -111.267004089625132, 56.567373317123845 ], [ -111.266973975710883, 56.567367441274676 ], [ -111.266942963810976, 56.567363223305101 ], [ -111.266911352170112, 56.567360703901414 ], [ -111.266879445587506, 56.567359907115488 ], [ -111.26687767132124, 56.567341856367193 ], [ -111.266872620814127, 56.567323995387454 ], [ -111.266864345139766, 56.567306505007103 ], [ -111.266852928052657, 56.567289562123484 ], [ -111.266838485165565, 56.567273338444366 ], [ -111.266821162629697, 56.567257997975297 ], [ -111.26680113582654, 56.567243696124059 ], [ -111.266778607400298, 56.567230577638547 ], [ -111.266753805457853, 56.567218775173266 ], [ -111.266726981121394, 56.567208408396262 ], [ -111.266698405586084, 56.567199582108699 ], [ -111.266629553125554, 56.567180760069874 ], [ -111.267203637657175, 56.567179527867935 ], [ -111.267204904324203, 56.567359208231487 ], [ -111.268181280446441, 56.567357106468975 ], [ -111.268504193463016, 56.566997043483632 ], [ -111.269155104603982, 56.566995636365412 ], [ -111.269483115070443, 56.567354292194366 ], [ -111.269808573689573, 56.567353586496338 ], [ -111.269809852713536, 56.567533266816532 ], [ -111.270135312860688, 56.567532560261945 ], [ -111.270136593442217, 56.567712240572106 ], [ -111.270462055117406, 56.567711533160953 ], [ -111.270463337256558, 56.56789121346106 ], [ -111.270788800459741, 56.567890505193319 ], [ -111.270468465961244, 56.568609934609029 ], [ -111.271120689994717, 56.568788197447631 ], [ -111.271121975308603, 56.568967877706655 ], [ -111.271447447739433, 56.568967167706504 ], [ -111.27144873461107, 56.569146847955473 ], [ -111.272750630357265, 56.569143999417477 ], [ -111.273078693474176, 56.569502645587299 ], [ -111.273729647399662, 56.569501214484397 ], [ -111.27373094511691, 56.569680894683749 ], [ -111.2740564236002, 56.569680177849683 ], [ -111.274059022165716, 56.570039538222915 ], [ -111.273733540596396, 56.570040255066701 ], [ -111.273734838358621, 56.570219935250286 ], [ -111.273082577412794, 56.570041686198714 ], [ -111.273083872088918, 56.570221366392005 ], [ -111.272758388931621, 56.570222080685099 ], [ -111.272762268420465, 56.57076112124809 ], [ -111.27341454025769, 56.570939371948455 ], [ -111.273417132860757, 56.571298732267664 ], [ -111.273742625246811, 56.571298016241748 ], [ -111.273743923113997, 56.571477696388627 ], [ -111.274069417028201, 56.57147697950596 ], [ -111.274073315349327, 56.572016019900524 ], [ -111.274398813878165, 56.572015302151364 ], [ -111.274400114891804, 56.572194982267533 ], [ -111.275702115029716, 56.572192102732338 ], [ -111.275700807843094, 56.572012422635702 ], [ -111.276351804735015, 56.572010977766453 ], [ -111.276679926806167, 56.572369614212576 ], [ -111.277005428300782, 56.572368889638355 ], [ -111.277006741690741, 56.572548569704878 ], [ -111.277332244713463, 56.572547844273821 ], [ -111.27733487462551, 56.572907204381259 ], [ -111.277987204864075, 56.573085430979688 ], [ -111.277992477278246, 56.573804151071208 ], [ -111.278317991058799, 56.573803423049817 ], [ -111.278320630444128, 56.574162783054213 ], [ -111.2786461472963, 56.574162054170976 ], [ -111.278647468555292, 56.574341734160384 ], [ -111.278972986935656, 56.574341004420241 ], [ -111.278980924071263, 56.575419084216655 ], [ -111.278655396429784, 56.575419813986507 ], [ -111.278656717795627, 56.575599493939158 ], [ -111.277680130148909, 56.575601678151408 ], [ -111.277351970535051, 56.575243044568111 ], [ -111.27702644436097, 56.575243770072952 ], [ -111.277025130743397, 56.575064090085135 ], [ -111.276374081436842, 56.57506553852901 ], [ -111.276372770921498, 56.574885858526137 ], [ -111.275396201478742, 56.574888024787235 ], [ -111.275068069663732, 56.574529385109606 ], [ -111.274742549557885, 56.574530104630874 ] ] ] } },
{ "type": "Feature", "properties": { "area_km2": 0.0044000000000494763, "mock": false }, "geometry": { "type": "Polygon", "coordinates": [ [ [ -111.286502020573622, 56.579894058587115 ], [ -111.285852244513706, 56.580075236432592 ], [ -111.285853600245488, 56.580254916138564 ], [ -111.285201109586893, 56.58007673116834 ], [ -111.285199756958789, 56.579897051446977 ], [ -111.285525322885988, 56.579896304510235 ], [ -111.285522614588686, 56.579536945061889 ], [ -111.285848177412234, 56.579536197283133 ], [ -111.285846821743078, 56.579356517556185 ], [ -111.286172383006999, 56.579355768930355 ], [ -111.286173740220121, 56.579535448652265 ], [ -111.286499303012334, 56.579534699169223 ], [ -111.286502020573622, 56.579894058587115 ] ] ] } },
{ "type": "Feature", "properties": { "area_km2": 0.0055999999999796274, "mock": false }, "geometry": { "type": "Polygon", "coordinates": [ [ [ -111.363689974917364, 56.582746926512904 ], [ -111.363691699986035, 56.582926604756672 ], [ -111.363038799077572, 56.582748828782911 ], [ -111.363033633256492, 56.582209793981342 ], [ -111.363359216553675, 56.582208843291809 ], [ -111.363357493108936, 56.582029165020565 ], [ -111.364008656555171, 56.582027261097771 ], [ -111.364010383088299, 56.582206939356105 ], [ -111.364335966325683, 56.582205986109926 ], [ -111.364339422540212, 56.582565342597917 ], [ -111.363689974917364, 56.582746926512904 ] ] ] } },
{ "type": "Feature", "properties": { "area_km2": 0.007200000000040163, "mock": false }, "geometry": { "type": "Polygon", "coordinates": [ [ [ -111.297287985496226, 56.585259230871081 ], [ -111.297295036887149, 56.586157627681501 ], [ -111.296969417483368, 56.586158405480418 ], [ -111.296970826265806, 56.586338084832022 ], [ -111.29631817862699, 56.586159958521186 ], [ -111.296316772950078, 56.585980279153809 ], [ -111.295991155042145, 56.585981054390409 ], [ -111.295989750926068, 56.585801375012494 ], [ -111.296315367289409, 56.585800599781152 ], [ -111.296311150404861, 56.585261561631732 ], [ -111.29663676211824, 56.585260785563854 ], [ -111.296635354978022, 56.585081106175473 ], [ -111.297287985496226, 56.585259230871081 ] ] ] } },
{ "type": "Feature", "properties": { "area_km2": 0.012799999999999418, "mock": false }, "geometry": { "type": "Polygon", "coordinates": [ [ [ -111.355008554167625, 56.594451405632277 ], [ -111.355334243004052, 56.594450475819279 ], [ -111.355337615391647, 56.594809831949831 ], [ -111.355011923464346, 56.594810761775427 ], [ -111.355013608141917, 56.594990439839123 ], [ -111.354362221138004, 56.594992296945087 ], [ -111.354033167543918, 56.594633868048703 ], [ -111.353707477084299, 56.594634794457562 ], [ -111.353699084993721, 56.593736403908075 ], [ -111.354024767726401, 56.59373547753065 ], [ -111.354023087821147, 56.593555799411277 ], [ -111.355000131266578, 56.593553015182394 ], [ -111.355001815807853, 56.593732693282888 ], [ -111.355327498462728, 56.593731763495121 ], [ -111.355008554167625, 56.594451405632277 ] ] ] } },
{ "type": "Feature", "properties": { "area_km2": 0.0063999999999947614, "mock": false }, "geometry": { "type": "Polygon", "coordinates": [ [ [ -111.321145955949277, 56.595621523031582 ], [ -111.321797356009398, 56.595619839828288 ], [ -111.321798883118788, 56.595799518484021 ], [ -111.322124584667947, 56.595798675597663 ], [ -111.32212764203085, 56.596158032881974 ], [ -111.321801937390518, 56.596158875779757 ], [ -111.321803464552843, 56.596338554419773 ], [ -111.321150528056904, 56.596160559017335 ], [ -111.321149004003402, 56.595980880360663 ], [ -111.320823300855764, 56.595981720694759 ], [ -111.32082177836547, 56.59580204202711 ], [ -111.320496076745798, 56.595802881502848 ], [ -111.320494555818684, 56.595623202824292 ], [ -111.320168855727019, 56.595624041441646 ], [ -111.320491514017178, 56.595263845451392 ], [ -111.321144431948639, 56.595441844359165 ], [ -111.321145955949277, 56.595621523031582 ] ] ] } },
{ "type": "Feature", "properties": { "area_km2": 0.017599999999913272, "mock": false }, "geometry": { "type": "Polygon", "coordinates": [ [ [ -111.313651873340419, 56.595281277121877 ], [ -111.313653361776176, 56.595460955929212 ], [ -111.314630458406441, 56.595458488695229 ], [ -111.314631951496082, 56.595638167480558 ], [ -111.314957651883873, 56.595637343358341 ], [ -111.314634937727092, 56.595997525035514 ], [ -111.314309234230862, 56.595998348316243 ], [ -111.31431669238232, 56.596896742139641 ], [ -111.313990981140634, 56.596897564595594 ], [ -111.313992471276947, 56.597077243350093 ], [ -111.313339558605605, 56.596899206949438 ], [ -111.313338071577874, 56.596719528178518 ], [ -111.313012361830275, 56.596720348070839 ], [ -111.313010876365354, 56.596540669289141 ], [ -111.312685168146231, 56.596541488323183 ], [ -111.312676264991083, 56.595463415489341 ], [ -111.313001963936628, 56.595462596488609 ], [ -111.313000478591931, 56.59528291767014 ], [ -111.313651873340419, 56.595281277121877 ] ] ] } },
{ "type": "Feature", "properties": { "area_km2": 0.011200000000000583, "mock": false }, "geometry": { "type": "Polygon", "coordinates": [ [ [ -111.337531853760424, 56.606898147111451 ], [ -111.337857650300307, 56.606897262925649 ], [ -111.337862462384493, 56.607436297023014 ], [ -111.338188263545931, 56.607435411966165 ], [ -111.338191474788275, 56.607794767992793 ], [ -111.338517279024614, 56.607793882070915 ], [ -111.338194686104885, 56.608154123998403 ], [ -111.337543071389433, 56.608155893307064 ], [ -111.337541468815417, 56.607976215294883 ], [ -111.337215662976675, 56.607977098663639 ], [ -111.336883459382548, 56.607259269030138 ], [ -111.336557659693767, 56.60726015066885 ], [ -111.336552866225347, 56.606721116483868 ], [ -111.336878661274071, 56.60672023486309 ], [ -111.336877061941564, 56.60654055679688 ], [ -111.337530251316096, 56.606718469062493 ], [ -111.337531853760424, 56.606898147111451 ] ] ] } },
{ "type": "Feature", "properties": { "area_km2": 0.0063999999999842837, "mock": false }, "geometry": { "type": "Polygon", "coordinates": [ [ [ -111.329756567718732, 56.611950098887831 ], [ -111.329759699435641, 56.612309454960389 ], [ -111.330085542823554, 56.612308591071077 ], [ -111.330088677707337, 56.612667947110893 ], [ -111.329762831224969, 56.612668811011893 ], [ -111.329764397146803, 56.612848489029794 ], [ -111.329111138205917, 56.612670536254328 ], [ -111.329108012605502, 56.612311180179375 ], [ -111.328782169163304, 56.612312041509107 ], [ -111.328780607937418, 56.612132363457903 ], [ -111.328454766024379, 56.612133223928581 ], [ -111.328777485539803, 56.611773007339742 ], [ -111.329429163122967, 56.611771283862218 ], [ -111.329430727407086, 56.611950961912221 ], [ -111.329756567718732, 56.611950098887831 ] ] ] } },
{ "type": "Feature", "properties": { "area_km2": 0.01160000000002794, "mock": false }, "geometry": { "type": "Polygon", "coordinates": [ [ [ -111.29164005745389, 56.61294367641684 ], [ -111.291641442360856, 56.613123355075452 ], [ -111.291967293935045, 56.613122590989313 ], [ -111.291968680405361, 56.613302269637487 ], [ -111.292294533510841, 56.613301504692942 ], [ -111.292297309594261, 56.613660861963183 ], [ -111.292623165778394, 56.613660096155044 ], [ -111.292625945020788, 56.614019453393887 ], [ -111.292300085741871, 56.614020219212442 ], [ -111.292301473839757, 56.614199897829209 ], [ -111.291649752138994, 56.614201426916956 ], [ -111.291321124369261, 56.613842832911047 ], [ -111.290995266573645, 56.613843595311415 ], [ -111.290993884697372, 56.613663916663427 ], [ -111.29066802843316, 56.613664678205396 ], [ -111.29066250727719, 56.612945963540355 ], [ -111.290988357352077, 56.612945202019063 ], [ -111.290986975555697, 56.612765523344862 ], [ -111.29164005745389, 56.61294367641684 ] ] ] } },
{ "type": "Feature", "properties": { "area_km2": 0.0043999999999883585, "mock": false }, "geometry": { "type": "Polygon", "coordinates": [ [ [ -111.35830709564658, 56.633253336259671 ], [ -111.358636527243192, 56.633611751143327 ], [ -111.358962553209352, 56.633610811415011 ], [ -111.358639936031395, 56.633971104867662 ], [ -111.357332423181589, 56.633615501517902 ], [ -111.357655049812962, 56.633255211421478 ], [ -111.35830709564658, 56.633253336259671 ] ] ] } },
{ "type": "Feature", "properties": { "area_km2": 0.016399999999971479, "mock": false }, "geometry": { "type": "Polygon", "coordinates": [ [ [ -111.275695875738322, 56.660775198031068 ], [ -111.276022138762187, 56.660774475307221 ], [ -111.276020825653376, 56.660594797790701 ], [ -111.27667334855137, 56.660593349788584 ], [ -111.27667203235363, 56.660413672276668 ], [ -111.277324552086583, 56.660412220865354 ], [ -111.277325871388427, 56.660591898367414 ], [ -111.27765213278407, 56.660591171374691 ], [ -111.277658737282891, 56.661489558781703 ], [ -111.277985006423734, 56.661488830909512 ], [ -111.277987651434657, 56.661848185825747 ], [ -111.277661379189468, 56.661848913707829 ], [ -111.277662700165706, 56.662028591163022 ], [ -111.277336426353017, 56.662029318195245 ], [ -111.277335106928987, 56.661849640735106 ], [ -111.276682562362211, 56.661851092225255 ], [ -111.276353660566713, 56.661492461722602 ], [ -111.276027391349572, 56.66149318532085 ], [ -111.27602607817991, 56.661313507825298 ], [ -111.275699810499702, 56.661314230563875 ], [ -111.275698498897398, 56.661134553058183 ], [ -111.275372232754137, 56.661135274937031 ], [ -111.275695875738322, 56.660775198031068 ] ] ] } },
{ "type": "Feature", "properties": { "area_km2": 0.056399999999983116, "mock": false }, "geometry": { "type": "Polygon", "coordinates": [ [ [ -111.273436750161522, 56.664194105725578 ], [ -111.273110457523899, 56.664194821703681 ], [ -111.273107858686899, 56.663835466776575 ], [ -111.272781569139028, 56.663836181890076 ], [ -111.272777675653458, 56.663297149445576 ], [ -111.273103960544262, 56.663296434346648 ], [ -111.273102661193462, 56.663116756859537 ], [ -111.272776377854981, 56.663117471953605 ], [ -111.27277508007154, 56.662937794456397 ], [ -111.273101361857726, 56.662937079367168 ], [ -111.273098763231346, 56.662577724366741 ], [ -111.273425041897909, 56.662577008432415 ], [ -111.273422440227236, 56.66221765342074 ], [ -111.273748715774246, 56.662216936641329 ], [ -111.273419838616803, 56.661858298388097 ], [ -111.273746111059396, 56.661857581618428 ], [ -111.273744808724615, 56.661677904099122 ], [ -111.274398655899361, 56.661856145514641 ], [ -111.274399961353652, 56.662035823018961 ], [ -111.274726235303177, 56.662035103679997 ], [ -111.274728849361523, 56.662394458663137 ], [ -111.274077599185844, 56.662575573999284 ], [ -111.274078903148322, 56.662755251487511 ], [ -111.274405183321917, 56.662754532983826 ], [ -111.274410405532024, 56.66347324286486 ], [ -111.274736691899761, 56.66347252348681 ], [ -111.274737999042429, 56.663652200939083 ], [ -111.276369438415557, 56.663648591201508 ], [ -111.276368123511062, 56.663468913773755 ], [ -111.276694409787737, 56.663468189266602 ], [ -111.277023332082763, 56.663826818735153 ], [ -111.277349621433657, 56.663826092508415 ], [ -111.277352260633108, 56.664185447308171 ], [ -111.278006168226142, 56.664363669652495 ], [ -111.27800749096896, 56.664543347029401 ], [ -111.278333786483643, 56.664542618218277 ], [ -111.278010136500555, 56.664902701767467 ], [ -111.277683837865609, 56.664903429733599 ], [ -111.277686480353452, 56.66526278446058 ], [ -111.277360178598201, 56.665263511581692 ], [ -111.27736149831253, 56.665443188942255 ], [ -111.277035194989466, 56.665443915213395 ], [ -111.277033876827673, 56.665264237847879 ], [ -111.275728669593107, 56.665267134363546 ], [ -111.275399746993742, 56.664908501559296 ], [ -111.275073448236924, 56.664909222686241 ], [ -111.275072139435821, 56.664729545275534 ], [ -111.274745842216333, 56.66473026554268 ], [ -111.274744534982858, 56.664550588121848 ], [ -111.27376564789104, 56.664552743779289 ], [ -111.273436750161522, 56.664194105725578 ] ] ] } },
{ "type": "Feature", "properties": { "area_km2": 0.07960000000005181, "mock": false }, "geometry": { "type": "Polygon", "coordinates": [ [ [ -111.297427322577661, 56.685880418951939 ], [ -111.29710084311435, 56.685881197975775 ], [ -111.29709376961479, 56.68498281564127 ], [ -111.296439414642606, 56.684804694576201 ], [ -111.296763058668077, 56.684444564303639 ], [ -111.297742459749756, 56.684442227359163 ], [ -111.297741042039306, 56.684262550871395 ], [ -111.298067507479274, 56.684261770184165 ], [ -111.298063249783311, 56.683722740705349 ], [ -111.298389710543674, 56.683721959178513 ], [ -111.298382606940933, 56.682823576635556 ], [ -111.29870905991325, 56.682822794279787 ], [ -111.298707637687798, 56.682643117760776 ], [ -111.300667777400506, 56.682818082180276 ], [ -111.300669208968117, 56.682997758662026 ], [ -111.300995663378998, 56.682996970312608 ], [ -111.300998529672583, 56.683356323249676 ], [ -111.301324987175477, 56.683355534034042 ], [ -111.301337900308056, 56.684972621943103 ], [ -111.301011428815485, 56.684973411206983 ], [ -111.301014295474332, 56.685332764028715 ], [ -111.300687820856155, 56.685333552447773 ], [ -111.300694980021007, 56.686231934437174 ], [ -111.301021462412024, 56.686231145991364 ], [ -111.301022895849357, 56.686410822368138 ], [ -111.300696411903729, 56.686411610819349 ], [ -111.300697843803064, 56.686591287196265 ], [ -111.300043443962693, 56.686413185154962 ], [ -111.300042015189206, 56.686233508762129 ], [ -111.299715532748479, 56.686234294641196 ], [ -111.299714105546144, 56.686054618237769 ], [ -111.299061143724302, 56.686056187418536 ], [ -111.299059719647687, 56.685876510999194 ], [ -111.298080281455015, 56.685878858337546 ], [ -111.298081700867868, 56.686058534772847 ], [ -111.297428738881337, 56.686060095397814 ], [ -111.297427322577661, 56.685880418951939 ] ] ] } },
{ "type": "Feature", "properties": { "area_km2": 0.048399999999879512, "mock": false }, "geometry": { "type": "Polygon", "coordinates": [ [ [ -111.29418634229836, 56.6889426704521 ], [ -111.293862635215191, 56.689302793833335 ], [ -111.293209616833124, 56.689304332401406 ], [ -111.292880317973555, 56.688945747546427 ], [ -111.293531932260663, 56.68876453428544 ], [ -111.293530534369197, 56.688584857855055 ], [ -111.293857037332558, 56.688584088164092 ], [ -111.293855637902439, 56.688404411733671 ], [ -111.294508640670827, 56.688402869795233 ], [ -111.29451004321065, 56.688582546215159 ], [ -111.296469060454356, 56.688577899832602 ], [ -111.296792736440111, 56.688217769669265 ], [ -111.297119236130868, 56.688216991432256 ], [ -111.297117821185097, 56.688037315043999 ], [ -111.297444319304688, 56.688036535956634 ], [ -111.29744573580524, 56.688216212339626 ], [ -111.298098735104745, 56.688214651587415 ], [ -111.298097315494573, 56.688034975215025 ], [ -111.298750311618647, 56.688033411050839 ], [ -111.298751734338438, 56.688213087412599 ], [ -111.299078233930587, 56.68821230404172 ], [ -111.299081082529284, 56.688571656738894 ], [ -111.299407585214595, 56.688570872501707 ], [ -111.299086779924735, 56.689290362070274 ], [ -111.29941328882957, 56.689289577811785 ], [ -111.299416140736184, 56.689648930435396 ], [ -111.299089628721461, 56.689649714704551 ], [ -111.299091053144579, 56.689829391013824 ], [ -111.296478943994487, 56.689835634404453 ], [ -111.296477532011096, 56.689655958052761 ], [ -111.295497995474307, 56.689658285189388 ], [ -111.295496588172142, 56.68947860881665 ], [ -111.295170077515522, 56.689479382812216 ], [ -111.295167266069967, 56.689120030040506 ], [ -111.294840758506894, 56.689120803169864 ], [ -111.294839354363447, 56.688941126770885 ], [ -111.29418634229836, 56.6889426704521 ] ] ] } },
{ "type": "Feature", "properties": { "area_km2": 0.060000000000139699, "mock": false }, "geometry": { "type": "Polygon", "coordinates": [ [ [ -111.296163714292504, 56.691273821644678 ], [ -111.295837188118185, 56.691274597404323 ], [ -111.295507847046011, 56.69091601965183 ], [ -111.295834370126443, 56.690915244758465 ], [ -111.295832961155057, 56.690735568427677 ], [ -111.296486004156762, 56.690734016084278 ], [ -111.296809698408993, 56.690373885983341 ], [ -111.297462735092296, 56.690372328526742 ], [ -111.297792089963721, 56.690730901128752 ], [ -111.298771654146435, 56.690728555926931 ], [ -111.298770231195846, 56.690548879638548 ], [ -111.300402830061813, 56.690544953880966 ], [ -111.300401399352538, 56.690365277614013 ], [ -111.302360508114276, 56.690360538498261 ], [ -111.302689909388718, 56.690719098104104 ], [ -111.30301643055077, 56.690718304389996 ], [ -111.303019316933529, 56.691077656811729 ], [ -111.30236770847867, 56.691258919619621 ], [ -111.302369148601571, 56.691438595828167 ], [ -111.302042621185748, 56.69143938785237 ], [ -111.302044059770225, 56.691619064061037 ], [ -111.301717530782568, 56.691619855234883 ], [ -111.301718967828535, 56.691799531443699 ], [ -111.301392437269072, 56.691800321767147 ], [ -111.301393872776529, 56.691979997976098 ], [ -111.299434679740017, 56.691984721977818 ], [ -111.299436105932898, 56.692164398213599 ], [ -111.29878303834461, 56.692165966045337 ], [ -111.298781615262129, 56.691986289798884 ], [ -111.297148953779185, 56.691990194375627 ], [ -111.296819593979933, 56.691631620151384 ], [ -111.296493064728054, 56.691632397633072 ], [ -111.296491652581068, 56.691452721333789 ], [ -111.29714329271728, 56.691271489231269 ], [ -111.297141877492805, 56.691091812932079 ], [ -111.296487416238307, 56.690913692404521 ], [ -111.296163714292504, 56.691273821644678 ] ] ] } },
{ "type": "Feature", "properties": { "area_km2": 0.0061726902527613845, "mock": false }, "geometry": { "type": "Polygon", "coordinates": [ [ [ -111.328569535994816, 56.700356242538241 ], [ -111.328242932192595, 56.700357103314616 ], [ -111.328241368309762, 56.70017742781183 ], [ -111.32856797055598, 56.700176567041289 ], [ -111.328566405135277, 56.699996891539101 ], [ -111.329219606461322, 56.699995167441649 ], [ -111.329218037946831, 56.699815491945941 ], [ -111.329544637026615, 56.699814628619045 ], [ -111.329874379359296, 56.700173115398826 ], [ -111.33020098151465, 56.700172250348139 ], [ -111.330202554733503, 56.700351925815738 ], [ -111.330170549593475, 56.70035287587104 ], [ -111.330138867676538, 56.70035554702153 ], [ -111.330107814463318, 56.700359913752195 ], [ -111.330077688593903, 56.700365933946124 ], [ -111.330048780567267, 56.700373549516719 ], [ -111.33002136850331, 56.70038268731733 ], [ -111.329995716346687, 56.700393259145947 ], [ -111.329972071430845, 56.700405163278901 ], [ -111.329950661380721, 56.700418285107872 ], [ -111.329931692326724, 56.700432498312438 ], [ -111.329915346790401, 56.700447665853957 ], [ -111.329901782556234, 56.70046364168541 ], [ -111.329891129907139, 56.700480272106191 ], [ -111.329883491632998, 56.700497396750386 ], [ -111.329878941417931, 56.700514850926766 ], [ -111.329877522703228, 56.70053246634054 ], [ -111.328897706791921, 56.700535056391637 ], [ -111.328865701462348, 56.700536006111975 ], [ -111.328834019297958, 56.700538676930897 ], [ -111.328802965781691, 56.700543043336587 ], [ -111.328772839556621, 56.700549063215277 ], [ -111.328743931125103, 56.700556678483395 ], [ -111.328716518610932, 56.700565815997201 ], [ -111.328690865963139, 56.700576387557447 ], [ -111.32866722051989, 56.70058829144304 ], [ -111.328645809911151, 56.700601413048041 ], [ -111.328626840272761, 56.700615626054216 ], [ -111.328610494131894, 56.700630793424821 ], [ -111.328596929278831, 56.700646769114464 ], [ -111.328586276002468, 56.700663399423924 ], [ -111.32857863709873, 56.700680523988318 ], [ -111.328574086257774, 56.700697978117255 ], [ -111.328572666926917, 56.700715593516378 ], [ -111.328569535994816, 56.700356242538241 ] ] ] } },
{ "type": "Feature", "properties": { "area_km2": 0.0084900351100555931, "mock": false }, "geometry": { "type": "Polygon", "coordinates": [ [ [ -111.359537478534421, 56.728300730787439 ], [ -111.359530619452542, 56.727582034347051 ], [ -111.359203780716157, 56.727582976563106 ], [ -111.359200354411939, 56.727223628298603 ], [ -111.359202180663473, 56.727241677189575 ], [ -111.35920729657586, 56.727259533867574 ], [ -111.35921565042257, 56.727277017544452 ], [ -111.359227157666439, 56.727293951389449 ], [ -111.359241701788562, 56.727310163784608 ], [ -111.359259135619439, 56.727325490836506 ], [ -111.359279282654711, 56.727339777270899 ], [ -111.359301939035817, 56.727352878493363 ], [ -111.359326875361219, 56.727364662021614 ], [ -111.359353839146237, 56.727375008376818 ], [ -111.359382557782638, 56.727383812961797 ], [ -111.359856802606302, 56.727512461870994 ], [ -111.3598626071269, 56.728120113593022 ], [ -111.359864349273437, 56.728137720165563 ], [ -111.359869222108713, 56.728155148173158 ], [ -111.359877179089409, 56.728172229570227 ], [ -111.359888143473938, 56.728188800081554 ], [ -111.359902009473103, 56.728204699917754 ], [ -111.359918643906482, 56.7282197761063 ], [ -111.359937886211654, 56.728233883479845 ], [ -111.359959551235292, 56.728246886015746 ], [ -111.359983430393228, 56.728258658539744 ], [ -111.360009293804438, 56.728269087708114 ], [ -111.360036892099885, 56.728278073170351 ], [ -111.360065959533543, 56.728285528189211 ], [ -111.36009621644854, 56.728291381160794 ], [ -111.360127371074825, 56.728295575609579 ], [ -111.360159123786943, 56.728298071074299 ], [ -111.360191168417671, 56.728298843733292 ], [ -111.360194604313193, 56.728658191896351 ], [ -111.360196346640805, 56.72867579846249 ], [ -111.360201219700244, 56.728693226455327 ], [ -111.360209176946043, 56.728710307829388 ], [ -111.360220141634088, 56.728726878309701 ], [ -111.36023400797221, 56.728742778107168 ], [ -111.360250642776762, 56.728757854249643 ], [ -111.360269885481728, 56.728771961570224 ], [ -111.360291550929944, 56.728784964046774 ], [ -111.360315430533149, 56.728796736505608 ], [ -111.360341294406027, 56.728807165603612 ], [ -111.360368893175092, 56.728816150990966 ], [ -111.360397961089774, 56.728823605931169 ], [ -111.360428218488536, 56.728829458821075 ], [ -111.360459373596683, 56.728833653185887 ], [ -111.36049112678414, 56.728836148565257 ], [ -111.36052317187908, 56.72883692113826 ], [ -111.360524891435531, 56.729016595200235 ], [ -111.360492862747364, 56.729017553068758 ], [ -111.360461158918142, 56.729020231943707 ], [ -111.360430085639976, 56.729024606235619 ], [ -111.360399941745825, 56.729030633754832 ], [ -111.360371017908435, 56.729038256344147 ], [ -111.3603435923999, 56.729047400789362 ], [ -111.360317929294197, 56.729057978824486 ], [ -111.360294276030487, 56.729069888666025 ], [ -111.360288325768366, 56.729073535918687 ], [ -111.360162765390527, 56.728937287069137 ], [ -111.360146448058643, 56.728921592710812 ], [ -111.360127344653534, 56.728906879181181 ], [ -111.36010564830184, 56.728893295234414 ], [ -111.360081578987732, 56.728880978406892 ], [ -111.360055380105578, 56.728870053410247 ], [ -111.360027316812719, 56.728860630788496 ], [ -111.359997673405417, 56.728852805937514 ], [ -111.359966749549741, 56.728846658037888 ], [ -111.35993485864077, 56.728842249340964 ], [ -111.359902323219856, 56.728839624463426 ], [ -111.359869472682689, 56.728838809944783 ], [ -111.359542623054622, 56.72883975306263 ], [ -111.359509789881059, 56.72884075711027 ], [ -111.359477306378281, 56.728843569598602 ], [ -111.359445501417028, 56.728848162088724 ], [ -111.359414696668949, 56.728854488105107 ], [ -111.35938520432309, 56.728862483591278 ], [ -111.359357322517013, 56.72887206764171 ], [ -111.359331333709676, 56.728883143225168 ], [ -111.359307500932871, 56.728895598273567 ], [ -111.359286065186055, 56.728909306677572 ], [ -111.359267243814898, 56.728924129638855 ], [ -111.359251227094717, 56.728939917296984 ], [ -111.359178907252698, 56.729020480573958 ], [ -111.35889063550097, 56.729021310821501 ], [ -111.358560363867767, 56.728662903168768 ], [ -111.358233515719107, 56.728663842852427 ], [ -111.358282931526702, 56.728608795778712 ], [ -111.358414012491252, 56.728644354778936 ], [ -111.358443438371779, 56.728651372525007 ], [ -111.358473973895116, 56.728656770860404 ], [ -111.358505325046309, 56.728660497894069 ], [ -111.358537189627498, 56.728662517750166 ], [ -111.358569261021003, 56.728662811006522 ], [ -111.358601230150782, 56.728661374688969 ], [ -111.35863278940981, 56.728658222799083 ], [ -111.358663634614615, 56.728653385589872 ], [ -111.358693468765068, 56.728646909644723 ], [ -111.358722004490772, 56.728638857331404 ], [ -111.358748967151158, 56.728629306253893 ], [ -111.358774096789034, 56.728618348438332 ], [ -111.358797151715606, 56.728606089244479 ], [ -111.358817909813823, 56.728592646912759 ], [ -111.358836170973291, 56.728578150850176 ], [ -111.358851759531504, 56.728562740545222 ], [ -111.358981128695731, 56.72841862484259 ], [ -111.35921234682435, 56.728481347132494 ], [ -111.359210633562952, 56.728301673029108 ], [ -111.359537478534421, 56.728300730787439 ] ] ] } },
{ "type": "Feature", "properties": { "area_km2": 0.0048000000000401636, "mock": false }, "geometry": { "type": "Polygon", "coordinates": [ [ [ -111.312047909248264, 56.795628120189726 ], [ -111.311720477275216, 56.795628938540261 ], [ -111.311721967844178, 56.795808611563125 ], [ -111.311067100714894, 56.795810245697915 ], [ -111.311065613277179, 56.795630572663939 ], [ -111.310738181252248, 56.79563138843708 ], [ -111.31073520955988, 56.79527204234234 ], [ -111.311062638453606, 56.795271226580304 ], [ -111.311061151067719, 56.795091553530625 ], [ -111.311716005672153, 56.795089919440315 ], [ -111.311717496189175, 56.795269592478874 ], [ -111.312044925031017, 56.79526877413948 ], [ -111.312047909248264, 56.795628120189726 ] ] ] } },
{ "type": "Feature", "properties": { "area_km2": 0.010399999999960418, "mock": false }, "geometry": { "type": "Polygon", "coordinates": [ [ [ -111.316644067963125, 56.797053956436692 ], [ -111.316645582157307, 56.797233629333505 ], [ -111.317955365261568, 56.797230299024875 ], [ -111.317956885736521, 56.797409971893778 ], [ -111.318284333034271, 56.79740913716298 ], [ -111.318287377168815, 56.797768482873771 ], [ -111.317633995254468, 56.797949824357751 ], [ -111.317635514234198, 56.798129497211413 ], [ -111.316980607023751, 56.798131162422386 ], [ -111.316650124845424, 56.797772647992538 ], [ -111.316322674327893, 56.7977734784387 ], [ -111.316321161646755, 56.797593805551941 ], [ -111.315993712677496, 56.797594635133251 ], [ -111.315990690499575, 56.797235289332733 ], [ -111.31631813633723, 56.797234459762713 ], [ -111.316316623708815, 56.797054786860237 ], [ -111.316644067963125, 56.797053956436692 ] ] ] } },
{ "type": "Feature", "properties": { "area_km2": 0.0049907658047220801, "mock": false }, "geometry": { "type": "Polygon", "coordinates": [ [ [ -111.332670516891952, 56.868882589381457 ], [ -111.332665731443257, 56.86834357775848 ], [ -111.332698687485276, 56.868342580662912 ], [ -111.332731293815144, 56.868339775075 ], [ -111.332763220309488, 56.868335189364622 ], [ -111.332794144059193, 56.868328869940029 ], [ -111.332823751662048, 56.868320880792552 ], [ -111.332851743809471, 56.868311302765754 ], [ -111.332877836920616, 56.868300232832127 ], [ -111.33290176690565, 56.868287783005151 ], [ -111.332923291781583, 56.868274079343948 ], [ -111.332942193300596, 56.868259260601292 ], [ -111.332958280380424, 56.868243476597435 ], [ -111.333193358775659, 56.867982822039458 ], [ -111.333318667786784, 56.867982487766085 ], [ -111.33332040422998, 56.868000094319058 ], [ -111.333325283164058, 56.868017522964209 ], [ -111.333333257988556, 56.868034605649868 ], [ -111.33334425178947, 56.8680511780884 ], [ -111.333358158493766, 56.868067080471825 ], [ -111.333374844530226, 56.868082159803144 ], [ -111.333394148838138, 56.868096270884656 ], [ -111.333415885667733, 56.86810927765805 ], [ -111.333439845743555, 56.868121054908251 ], [ -111.333465798405584, 56.868131489246011 ], [ -111.333493493424101, 56.868140480271023 ], [ -111.333522664121887, 56.868147941192433 ], [ -111.333553029848417, 56.86815380034961 ], [ -111.333584297784427, 56.868158001207256 ], [ -111.333616167214771, 56.868160503242599 ], [ -111.333648330846614, 56.86816128257054 ], [ -111.333649930678021, 56.868340953104124 ], [ -111.333651667294106, 56.868358559651284 ], [ -111.333656546429523, 56.868375988282253 ], [ -111.33366452148185, 56.868393070945523 ], [ -111.333675515534949, 56.868409643353665 ], [ -111.333689422513302, 56.868425545698983 ], [ -111.333706108843089, 56.868440624984835 ], [ -111.333725413460741, 56.868454736014002 ], [ -111.333747150613547, 56.86846774272864 ], [ -111.33377111102287, 56.868479519914246 ], [ -111.333797064025546, 56.868489954182223 ], [ -111.333824759388534, 56.86849894513287 ], [ -111.333853930431331, 56.868506405976106 ], [ -111.333884296500074, 56.868512265052004 ], [ -111.33391556477217, 56.86851646582614 ], [ -111.333947434529293, 56.868518967776453 ], [ -111.333979598475423, 56.868519747018709 ], [ -111.333947449951211, 56.868520698183225 ], [ -111.333915626301817, 56.86852337038458 ], [ -111.333884434374497, 56.868527738097647 ], [ -111.33385417414334, 56.86853375919604 ], [ -111.333825137402883, 56.868541375584456 ], [ -111.333797603511371, 56.868550514108378 ], [ -111.333771837586482, 56.868561086558856 ], [ -111.333748088058627, 56.8685729912062 ], [ -111.333726583559766, 56.868586113437146 ], [ -111.33370753112969, 56.868600326927449 ], [ -111.333691114092161, 56.868615494635726 ], [ -111.3336774909219, 56.868631470513293 ], [ -111.333666792467923, 56.868648100859161 ], [ -111.333659121962114, 56.868665225308135 ], [ -111.333654553399612, 56.868682679170838 ], [ -111.333653130396669, 56.86870029415558 ], [ -111.333654730283939, 56.868879964673447 ], [ -111.332670516891952, 56.868882589381457 ] ] ] } },
{ "type": "Feature", "properties": { "area_km2": 0.0088000000000192091, "mock": false }, "geometry": { "type": "Polygon", "coordinates": [ [ [ -111.276555505582223, 56.8670429944803 ], [ -111.276559483686398, 56.867582009024375 ], [ -111.276231422197796, 56.867582734844142 ], [ -111.276232746690397, 56.867762406353336 ], [ -111.275248557413263, 56.867764578658509 ], [ -111.275247237639547, 56.867584907134528 ], [ -111.274919176089369, 56.867585629508348 ], [ -111.274915221579093, 56.867046614890278 ], [ -111.275570013941291, 56.866865497770732 ], [ -111.275568692671456, 56.866685826225577 ], [ -111.276226124381424, 56.866864048755154 ], [ -111.276227448812378, 56.867043720285224 ], [ -111.276555505582223, 56.8670429944803 ] ] ] } },
{ "type": "Feature", "properties": { "area_km2": 0.052400000000051225, "mock": false }, "geometry": { "type": "Polygon", "coordinates": [ [ [ -111.238848049690446, 56.560768633310552 ], [ -111.238845785780981, 56.560409271408766 ], [ -111.238520385995159, 56.560409896024474 ], [ -111.238519255602128, 56.560230215061466 ], [ -111.239168918612421, 56.560049284027215 ], [ -111.239165518298591, 56.559510241116485 ], [ -111.239490910347968, 56.559509614818907 ], [ -111.239489775394205, 56.55932993384242 ], [ -111.241116727734081, 56.559326789603389 ], [ -111.241444406587334, 56.559685520097595 ], [ -111.242095193572638, 56.559684254721319 ], [ -111.24242288477538, 56.560042982605694 ], [ -111.242748281318995, 56.560042347780147 ], [ -111.242425182558421, 56.560402344434522 ], [ -111.24209978291735, 56.560402978417137 ], [ -111.242098635561319, 56.560223297501032 ], [ -111.241447839323655, 56.56022456290308 ], [ -111.241448983595532, 56.560404243827755 ], [ -111.241123583914785, 56.560404875255756 ], [ -111.241125869413935, 56.560764237097942 ], [ -111.24177782078435, 56.560942654277902 ], [ -111.241778966651268, 56.561122335177309 ], [ -111.242104372474117, 56.561121702029055 ], [ -111.242106667331996, 56.561481063803562 ], [ -111.241781258424751, 56.561481696960392 ], [ -111.241784696184268, 56.562020739595702 ], [ -111.241459282637095, 56.56202137191385 ], [ -111.241460427041133, 56.562201052786079 ], [ -111.239833351395987, 56.562204201624262 ], [ -111.239505665939816, 56.561845467036157 ], [ -111.239180253842733, 56.561846093388937 ], [ -111.239177986691928, 56.561486731558531 ], [ -111.238852577666236, 56.561487357051213 ], [ -111.238849181664776, 56.560948314253565 ], [ -111.239174586063953, 56.560947688773624 ], [ -111.239173452547448, 56.560768007834831 ], [ -111.238848049690446, 56.560768633310552 ] ] ] } },
{ "type": "Feature", "properties": { "area_km2": 0.24759999999976601, "mock": false }, "geometry": { "type": "Polygon", "coordinates": [ [ [ -111.257806926588501, 56.573308583567687 ], [ -111.257805704196031, 56.573128903242107 ], [ -111.257480195664471, 56.573129577571464 ], [ -111.257478974829453, 56.572949897236064 ], [ -111.256175732088167, 56.572772905656947 ], [ -111.255847800406485, 56.57241421497492 ], [ -111.25552229796385, 56.572414884174464 ], [ -111.255521086444929, 56.572235203790747 ], [ -111.254870084604264, 56.572236539625024 ], [ -111.254542169926609, 56.57187784545399 ], [ -111.254216672057908, 56.57187851123232 ], [ -111.254215466753863, 56.571698830814761 ], [ -111.25388997041442, 56.571699495736681 ], [ -111.253888766667515, 56.571519815309394 ], [ -111.253563271857402, 56.571520479374904 ], [ -111.253562069667566, 56.571340798937854 ], [ -111.25323657638674, 56.571341462146975 ], [ -111.253235375753988, 56.571161781700205 ], [ -111.252909884002477, 56.571162444052945 ], [ -111.252908684926737, 56.570982763596433 ], [ -111.252583194704542, 56.570983425092791 ], [ -111.252581997185786, 56.570803744626545 ], [ -111.251605531065636, 56.570805723990979 ], [ -111.251604338190077, 56.570626043506081 ], [ -111.250953363793954, 56.570627358814093 ], [ -111.250952174018394, 56.57044767831502 ], [ -111.250626688342805, 56.570448334686773 ], [ -111.250624311919054, 56.570088973663999 ], [ -111.250298829315895, 56.570089629175015 ], [ -111.250294082805198, 56.569370907048715 ], [ -111.249968606360426, 56.569371561690126 ], [ -111.249963866240861, 56.568652839462203 ], [ -111.250289336513816, 56.568652184838548 ], [ -111.250282217487936, 56.567574101365956 ], [ -111.250607678490013, 56.567573445917176 ], [ -111.250606490490867, 56.567393765324496 ], [ -111.251257409368264, 56.567392451880565 ], [ -111.251256218297272, 56.567212771291551 ], [ -111.252883507535756, 56.567209472798254 ], [ -111.252884706320643, 56.567389153364893 ], [ -111.253861084326047, 56.567387164034386 ], [ -111.254188953587203, 56.567745860302225 ], [ -111.254514415966256, 56.567745194627776 ], [ -111.25451562250683, 56.567924875156159 ], [ -111.254841086414771, 56.567924208625392 ], [ -111.254842294512159, 56.568103889144027 ], [ -111.255167759949032, 56.568103221756949 ], [ -111.255168969603218, 56.5682829022658 ], [ -111.255494436568966, 56.568282234022426 ], [ -111.255495647780037, 56.568461914521507 ], [ -111.25647205322187, 56.568459904667002 ], [ -111.256473269075656, 56.56863958514721 ], [ -111.256798739071101, 56.568638913487554 ], [ -111.256807261241605, 56.569896676670254 ], [ -111.257132742023813, 56.569896004126882 ], [ -111.257135180142356, 56.570255364979907 ], [ -111.256809696274047, 56.570256037532424 ], [ -111.256815784101278, 56.571154439595993 ], [ -111.257467987948985, 56.571332773981368 ], [ -111.257469208657056, 56.571512454363983 ], [ -111.258120197927084, 56.571511104935674 ], [ -111.258118974132614, 56.571331424562203 ], [ -111.258769960259698, 56.571330071735517 ], [ -111.258768733393069, 56.571150391365983 ], [ -111.259094224892166, 56.571149713679404 ], [ -111.259422176297306, 56.571508395856384 ], [ -111.259747670854395, 56.571507716456836 ], [ -111.259748902379002, 56.571687396802062 ], [ -111.260074398465065, 56.571686716545997 ], [ -111.260075631547139, 56.571866396881383 ], [ -111.260401129162162, 56.571865715768801 ], [ -111.260402363801717, 56.572045396094325 ], [ -111.260727862945728, 56.572044714125227 ], [ -111.260729099142807, 56.572224394440852 ], [ -111.261054599815793, 56.572223711615216 ], [ -111.26138505775198, 56.572941749110711 ], [ -111.261710564569555, 56.572941064562684 ], [ -111.261714287308109, 56.573480105373442 ], [ -111.262039798741441, 56.573479419959547 ], [ -111.262047253866299, 56.574557501411597 ], [ -111.261721733172323, 56.574558186853409 ], [ -111.261722974199884, 56.574737867081708 ], [ -111.26074640740147, 56.574739918309106 ], [ -111.260745171004444, 56.574560238066908 ], [ -111.260094129487726, 56.574561601282625 ], [ -111.25943816716412, 56.573844239995211 ], [ -111.258787137881257, 56.573845596358233 ], [ -111.258459172189347, 56.573486912655163 ], [ -111.258133660599299, 56.573487588697581 ], [ -111.258132436649319, 56.573307908381793 ], [ -111.257806926588501, 56.573308583567687 ] ] ] } },
{ "type": "Feature", "properties": { "area_km2": 0.0040000000000145518, "mock": false }, "geometry": { "type": "Polygon", "coordinates": [ [ [ -111.23719473383774, 56.608567321132128 ], [ -111.23719586001566, 56.608747000706451 ], [ -111.23654310624751, 56.608568561546562 ], [ -111.236541983176366, 56.608388881958597 ], [ -111.236216170908648, 56.608389500881977 ], [ -111.236539737073031, 56.608029522766948 ], [ -111.237191355382095, 56.608028282377788 ], [ -111.23719248152095, 56.608207961967807 ], [ -111.237518292202793, 56.608207340489407 ], [ -111.237520547613329, 56.608566699645294 ], [ -111.23719473383774, 56.608567321132128 ] ] ] } },
{ "type": "Feature", "properties": { "area_km2": 0.039600000000003494, "mock": false }, "geometry": { "type": "Polygon", "coordinates": [ [ [ -111.232122797980466, 56.631576100376975 ], [ -111.232123901039827, 56.631755779347593 ], [ -111.233101942040662, 56.631753951676536 ], [ -111.233425737182557, 56.631393982831831 ], [ -111.233751747712688, 56.631393371054962 ], [ -111.233750636933067, 56.631213692094576 ], [ -111.234076645901212, 56.631213079468033 ], [ -111.234075533585298, 56.631033400506567 ], [ -111.234401540991414, 56.631032787030371 ], [ -111.23472977922593, 56.631391530601363 ], [ -111.235055789704575, 56.631390915409177 ], [ -111.235062491833432, 56.632468988961435 ], [ -111.234411566240837, 56.632649897457433 ], [ -111.234412680221851, 56.632829576367577 ], [ -111.234086657323545, 56.632830189885432 ], [ -111.234087769768166, 56.633009868794524 ], [ -111.233435720834322, 56.633011093276927 ], [ -111.233107480767643, 56.63265234638898 ], [ -111.232129416528124, 56.632654174122074 ], [ -111.231805598275429, 56.633014139540101 ], [ -111.231479573725366, 56.633014746231098 ], [ -111.231480673788141, 56.633194425168078 ], [ -111.230827524587013, 56.633015957051491 ], [ -111.230825330696831, 56.632656599145427 ], [ -111.230499309207246, 56.632657203266582 ], [ -111.230496023114952, 56.632118166355923 ], [ -111.230822039956763, 56.632117562247039 ], [ -111.230819846193484, 56.63175820428863 ], [ -111.231145859924155, 56.631757599334122 ], [ -111.231144761512354, 56.631577920351148 ], [ -111.232122797980466, 56.631576100376975 ] ] ] } },
{ "type": "Feature", "properties": { "area_km2": 0.0059999999999895224, "mock": false }, "geometry": { "type": "Polygon", "coordinates": [ [ [ -111.234746512181019, 56.634086714191135 ], [ -111.234095557240835, 56.634267621011496 ], [ -111.234096669788414, 56.634447299878687 ], [ -111.233443486615556, 56.634268845552086 ], [ -111.233441267756731, 56.633909487785353 ], [ -111.233767299976947, 56.633908875950333 ], [ -111.233765078070675, 56.633549518170966 ], [ -111.234091107179211, 56.63354890549035 ], [ -111.234089994695992, 56.63336922659699 ], [ -111.2344160222423, 56.633368613066636 ], [ -111.234417136274899, 56.633548291955847 ], [ -111.234743165357685, 56.633547677567449 ], [ -111.234746512181019, 56.634086714191135 ] ] ] } },
{ "type": "Feature", "properties": { "area_km2": 0.0048000000000314319, "mock": false }, "geometry": { "type": "Polygon", "coordinates": [ [ [ -111.245194733514836, 56.636402425547345 ], [ -111.244868680061714, 56.636403067330008 ], [ -111.245192402773483, 56.636043068212693 ], [ -111.245844503440694, 56.636041782102893 ], [ -111.246172893793215, 56.636400495075492 ], [ -111.246498947192293, 56.636399849876909 ], [ -111.246175233886561, 56.636759852362999 ], [ -111.245523120849114, 56.636761140215697 ], [ -111.245194733514836, 56.636402425547345 ] ] ] } },
{ "type": "Feature", "properties": { "area_km2": 0.0065421329728889716, "mock": false }, "geometry": { "type": "Polygon", "coordinates": [ [ [ -111.224398749585603, 56.64848025451262 ], [ -111.225049995714684, 56.64829939858695 ], [ -111.225048925598955, 56.64811972000858 ], [ -111.225701235603182, 56.648118539254597 ], [ -111.225702308820587, 56.648298217824973 ], [ -111.226028465354915, 56.648297626162396 ], [ -111.225704455292686, 56.648657574949944 ], [ -111.226196322063785, 56.648791943392929 ], [ -111.226156272215007, 56.64883643560492 ], [ -111.225053206136153, 56.648838434290674 ], [ -111.225021241944617, 56.648839357313484 ], [ -111.224989595737583, 56.648842001721512 ], [ -111.224958572650692, 56.648846342257606 ], [ -111.224928471034687, 56.648852337056745 ], [ -111.22489958115473, 56.648859928277226 ], [ -111.224872180955785, 56.648869043006663 ], [ -111.224846534268877, 56.648879593265178 ], [ -111.224822888374121, 56.64889147753707 ], [ -111.224801470905888, 56.648904581405226 ], [ -111.224782488065941, 56.648918778722148 ], [ -111.22476612250928, 56.648933932602056 ], [ -111.224752532212563, 56.64894989712981 ], [ -111.224741847709751, 56.648966518713372 ], [ -111.224734172097783, 56.648983637072085 ], [ -111.224729579419545, 56.649001087575407 ], [ -111.224728113526325, 56.649018701963556 ], [ -111.224696149174136, 56.649019624903019 ], [ -111.224664502793203, 56.649022269228482 ], [ -111.224633479520804, 56.649026609683581 ], [ -111.224603377709485, 56.64903260440412 ], [ -111.224574487626285, 56.649040195549105 ], [ -111.224547087218113, 56.649049310206884 ], [ -111.224521440318057, 56.649059860398289 ], [ -111.224497794208233, 56.649071744608271 ], [ -111.224476376525104, 56.64908484842028 ], [ -111.224457393472491, 56.649099045687393 ], [ -111.224441027707442, 56.649114199524313 ], [ -111.224427437208647, 56.649130164016263 ], [ -111.224416752511999, 56.649146785571588 ], [ -111.224409076716299, 56.649163903909908 ], [ -111.224404483866181, 56.649181354400859 ], [ -111.224403017814623, 56.649198968784802 ], [ -111.224398749585603, 56.64848025451262 ] ] ] } },
{ "type": "Feature", "properties": { "area_km2": 0.0048782643714580347, "mock": false }, "geometry": { "type": "Polygon", "coordinates": [ [ [ -111.22635569820838, 56.648476712202545 ], [ -111.2263535455577, 56.648117355083151 ], [ -111.226679700516286, 56.64811676171589 ], [ -111.22667862265881, 56.647937083152364 ], [ -111.227330929436903, 56.647935893862801 ], [ -111.227332010396026, 56.648115572418249 ], [ -111.227984320225701, 56.648114379703145 ], [ -111.227985404299048, 56.648294058245263 ], [ -111.228311560745922, 56.648293460602112 ], [ -111.228313732031992, 56.648652817662523 ], [ -111.227987572483357, 56.64865341531376 ], [ -111.22798581285987, 56.648635364237691 ], [ -111.227980769753913, 56.648617501908817 ], [ -111.227972494164035, 56.648600009171624 ], [ -111.227961069844042, 56.648583062947317 ], [ -111.227946612479784, 56.648566834977458 ], [ -111.227929268369181, 56.64855148931106 ], [ -111.227909213112028, 56.648537181408493 ], [ -111.227886649640453, 56.648524056078898 ], [ -111.227861806416357, 56.648512246046074 ], [ -111.22783493497974, 56.648501871054648 ], [ -111.227806307001956, 56.648493035988885 ], [ -111.227152910499356, 56.648314549229795 ], [ -111.227123966918384, 56.64830758308068 ], [ -111.227093935936566, 56.648302191831448 ], [ -111.227063099168348, 56.64829842617668 ], [ -111.227031745799451, 56.648296321344901 ], [ -111.227000169814261, 56.648295897013782 ], [ -111.226968667549826, 56.648297157314687 ], [ -111.226937534105048, 56.648300090300047 ], [ -111.226907061713973, 56.648304668575335 ], [ -111.226877536157076, 56.648310849125856 ], [ -111.226849233992908, 56.648318573950625 ], [ -111.226822421094354, 56.648327770693925 ], [ -111.226797348574422, 56.648338353101849 ], [ -111.226774251649715, 56.648350221832899 ], [ -111.226753346875611, 56.648363265720747 ], [ -111.226734830519334, 56.648377362406009 ], [ -111.226718875958227, 56.648392379598704 ], [ -111.226705633036431, 56.648408176606644 ], [ -111.226695225786699, 56.648424605148158 ], [ -111.226687751789129, 56.648441511239746 ], [ -111.226683281362213, 56.6484587362757 ], [ -111.226681856268669, 56.648476118827212 ], [ -111.22635569820838, 56.648476712202545 ] ] ] } },
{ "type": "Feature", "properties": { "area_km2": 0.005368075513880707, "mock": false }, "geometry": { "type": "Polygon", "coordinates": [ [ [ -111.226701260285964, 56.651710331887074 ], [ -111.225722702311842, 56.651712109667187 ], [ -111.22539437250343, 56.651353343596547 ], [ -111.225720555417325, 56.651352752720143 ], [ -111.225717335168767, 56.650813717260327 ], [ -111.226043513416826, 56.650813125541518 ], [ -111.226042438474394, 56.650633447048456 ], [ -111.226657306206505, 56.650801405561879 ], [ -111.226550112312253, 56.650831174231641 ], [ -111.22652158943211, 56.650840113568961 ], [ -111.226494841680946, 56.650850586387719 ], [ -111.226470139479801, 56.650862486814596 ], [ -111.22644773293888, 56.65087569418975 ], [ -111.226427848933241, 56.650890074958625 ], [ -111.226410688661858, 56.650905483574753 ], [ -111.226396425862163, 56.650921763940453 ], [ -111.226385204865295, 56.650938751476509 ], [ -111.226377139296574, 56.650956274023002 ], [ -111.226372310785649, 56.650974154357037 ], [ -111.226370768158446, 56.650992211452063 ], [ -111.226372921207812, 56.65135156840396 ], [ -111.226374597461216, 56.651369177092938 ], [ -111.226379398677025, 56.65138661057194 ], [ -111.226387279001599, 56.65140370074311 ], [ -111.226398162431011, 56.651420283246608 ], [ -111.226411943956819, 56.651436198177386 ], [ -111.226428491210868, 56.65145129241791 ], [ -111.226447644471008, 56.651465420626593 ], [ -111.226469219441697, 56.651478446580327 ], [ -111.226493008405754, 56.65149024487939 ], [ -111.226518782350496, 56.651500701931916 ], [ -111.226546292768802, 56.651509717118572 ], [ -111.226575274761586, 56.651517203415864 ], [ -111.226605449493604, 56.651523088919028 ], [ -111.226636525987445, 56.651527316838752 ], [ -111.226668205369549, 56.651529846391959 ], [ -111.226700182178917, 56.651530653428239 ], [ -111.226701260285964, 56.651710331887074 ] ] ] } },
{ "type": "Feature", "properties": { "area_km2": 0.011999999999952269, "mock": false }, "geometry": { "type": "Polygon", "coordinates": [ [ [ -111.22081835940017, 56.649744419089785 ], [ -111.220817309348263, 56.649564740501738 ], [ -111.221469644486504, 56.649563581898299 ], [ -111.22179792145937, 56.649922358462227 ], [ -111.223102603948547, 56.649920027553122 ], [ -111.223103664881975, 56.65009970610307 ], [ -111.223429837024639, 56.650099121235755 ], [ -111.223105786785666, 56.650459063187242 ], [ -111.221801085683936, 56.650461394143839 ], [ -111.221800030930197, 56.650281715588534 ], [ -111.220821509628863, 56.650283454822528 ], [ -111.220822559729385, 56.650463133389643 ], [ -111.220496384386863, 56.650463711429374 ], [ -111.220495335837398, 56.650284032858323 ], [ -111.220169162033812, 56.650284610039677 ], [ -111.220167068073351, 56.649925252874063 ], [ -111.22081835940017, 56.649744419089785 ] ] ] } },
{ "type": "Feature", "properties": { "area_km2": 0.09040000000015018, "mock": false }, "geometry": { "type": "Polygon", "coordinates": [ [ [ -111.245283341669193, 56.650057988740599 ], [ -111.245935684186719, 56.650056701949545 ], [ -111.245936853705118, 56.650236380202244 ], [ -111.246915372032916, 56.650234443594329 ], [ -111.246914197861429, 56.650054765354774 ], [ -111.247892711413826, 56.650052821070204 ], [ -111.247893890238402, 56.650232499296557 ], [ -111.248872408321091, 56.650230547308901 ], [ -111.248873591812455, 56.650410225516765 ], [ -111.250504462764653, 56.650406955093246 ], [ -111.250505654025048, 56.65058663327364 ], [ -111.250831829725229, 56.65058597662118 ], [ -111.25083421538956, 56.650945332957392 ], [ -111.251487768908007, 56.651123695222573 ], [ -111.251163977431602, 56.651483709893199 ], [ -111.250837793989589, 56.651484367422434 ], [ -111.250836601109128, 56.651304689272649 ], [ -111.24985805535384, 56.651306656720173 ], [ -111.249534246773365, 56.651666667156988 ], [ -111.249208061711329, 56.651667320418319 ], [ -111.249209246863487, 56.651846998579856 ], [ -111.248883060236565, 56.65184765099113 ], [ -111.248881876635608, 56.651667972825166 ], [ -111.248555691546173, 56.651668624377535 ], [ -111.24855332748767, 56.651309268021045 ], [ -111.247899784565988, 56.651130890349755 ], [ -111.247898605673171, 56.650951212149579 ], [ -111.247572426747325, 56.650951861120923 ], [ -111.247573604089027, 56.651131539325483 ], [ -111.247247423598424, 56.651132187446755 ], [ -111.247250951051782, 56.651671222042268 ], [ -111.246924765894121, 56.651671869322243 ], [ -111.246925940187936, 56.651851547514674 ], [ -111.243664072354719, 56.651857973362027 ], [ -111.243665231150018, 56.652037651592856 ], [ -111.241708100497846, 56.652041466111996 ], [ -111.241706951009817, 56.651861787855282 ], [ -111.241380764072332, 56.651862420613462 ], [ -111.241377320341641, 56.651323385798982 ], [ -111.241703502625597, 56.651322753053684 ], [ -111.242025081032423, 56.650603406329047 ], [ -111.242676279090034, 56.650422458314928 ], [ -111.242675125068601, 56.650242780024001 ], [ -111.245284508085533, 56.650237667002038 ], [ -111.245283341669193, 56.650057988740599 ] ] ] } },
{ "type": "Feature", "properties": { "area_km2": 0.0083328791426181912, "mock": false }, "geometry": { "type": "Polygon", "coordinates": [ [ [ -111.221811633892742, 56.652258179409024 ], [ -111.222462957513059, 56.652077337065549 ], [ -111.222461899546971, 56.651897658565233 ], [ -111.223115335960173, 56.652076169807017 ], [ -111.223118268745736, 56.652572788991314 ], [ -111.222917980496746, 56.652795244801624 ], [ -111.221814798593485, 56.652797214886533 ], [ -111.221782830971719, 56.65279813708004 ], [ -111.221751181220739, 56.652800780666027 ], [ -111.221720154510294, 56.652805120395243 ], [ -111.221690049225984, 56.652811114410468 ], [ -111.221661155668372, 56.652818704877532 ], [ -111.221633751817777, 56.652827818891289 ], [ -111.221608101540426, 56.652838368478761 ], [ -111.221584452150992, 56.65285025213074 ], [ -111.221563031317515, 56.65286335543604 ], [ -111.221544045274186, 56.652877552252612 ], [ -111.221527676706771, 56.6528927056995 ], [ -111.221514083621031, 56.652908669865695 ], [ -111.221503396577702, 56.652925291162681 ], [ -111.221495718698264, 56.652942409312558 ], [ -111.22149112404739, 56.652959859686767 ], [ -111.221489656495365, 56.652977474026805 ], [ -111.221458109373884, 56.65297837265922 ], [ -111.22142686810416, 56.652980947876202 ], [ -111.221396225469149, 56.652985175619264 ], [ -111.2213664689409, 56.652991016117667 ], [ -111.221337877422926, 56.652998414612732 ], [ -111.221310719295801, 56.653007301810732 ], [ -111.221285248994405, 56.65301759424807 ], [ -111.221261705547377, 56.653029195551753 ], [ -111.221240309806703, 56.653041996803523 ], [ -111.221221262172733, 56.653055877981309 ], [ -111.221204741457697, 56.653070708859659 ], [ -111.221190902611298, 56.65308635054091 ], [ -111.221179875256311, 56.653102656086709 ], [ -111.221171762886243, 56.653119472765361 ], [ -111.22116664172809, 56.653136642862364 ], [ -111.221164559609491, 56.653154005209721 ], [ -111.221165536296311, 56.653171397161749 ], [ -111.22116956235601, 56.653188655495526 ], [ -111.22117660014753, 56.653205618385648 ], [ -111.221186583829137, 56.653222126751771 ], [ -111.221199419530166, 56.653238025785633 ], [ -111.221454313880614, 56.653516577935619 ], [ -111.221166614999561, 56.653517089268874 ], [ -111.221165563140971, 56.653337410794649 ], [ -111.220839362991128, 56.653337989751698 ], [ -111.220837262413227, 56.652978632779714 ], [ -111.221488603121998, 56.65279779554082 ], [ -111.221487549760852, 56.652618117049613 ], [ -111.221813743681025, 56.652617536399248 ], [ -111.221811633892742, 56.652258179409024 ] ] ] } },
{ "type": "Feature", "properties": { "area_km2": 0.016000000000055879, "mock": false }, "geometry": { "type": "Polygon", "coordinates": [ [ [ -111.226379380654976, 56.652429639134006 ], [ -111.226378304049291, 56.652249960692103 ], [ -111.226704494681883, 56.652249367232152 ], [ -111.22670557283881, 56.652429045670047 ], [ -111.227031765010182, 56.652428451351561 ], [ -111.227033924464081, 56.652787808203577 ], [ -111.227687397822748, 56.652966295397022 ], [ -111.227688480683611, 56.653145973801848 ], [ -111.228014679022635, 56.65314537690363 ], [ -111.227690646442923, 56.653505330595813 ], [ -111.225081034459222, 56.653510075082899 ], [ -111.224752695070421, 56.653151307431955 ], [ -111.225404019958887, 56.65297044972948 ], [ -111.225402947969755, 56.652790771291194 ], [ -111.22572914329352, 56.652790180382702 ], [ -111.225728069765495, 56.652610501943194 ], [ -111.226054263525526, 56.652609910184218 ], [ -111.226053188458678, 56.652430231743494 ], [ -111.226379380654976, 56.652429639134006 ] ] ] } },
{ "type": "Feature", "properties": { "area_km2": 0.010799999999898136, "mock": false }, "geometry": { "type": "Polygon", "coordinates": [ [ [ -111.243996061065545, 56.652755725702512 ], [ -111.243997221479219, 56.652935403902831 ], [ -111.244323417617295, 56.652934764282726 ], [ -111.244324579595713, 56.653114442473438 ], [ -111.244650777271673, 56.653113801994458 ], [ -111.244651940814876, 56.653293480175606 ], [ -111.244978140028692, 56.65329283883775 ], [ -111.244981635393259, 56.653831873336685 ], [ -111.245307839247701, 56.653831231131221 ], [ -111.245310172660993, 56.654190587428921 ], [ -111.24498396570371, 56.654191229643111 ], [ -111.244985130879172, 56.654370907788483 ], [ -111.244331551748687, 56.654192511507802 ], [ -111.24433038968958, 56.654012833348496 ], [ -111.244004184243295, 56.654013472994677 ], [ -111.243999542346842, 56.653294760287714 ], [ -111.243345986487242, 56.653116358783208 ], [ -111.243344829162766, 56.652936680579487 ], [ -111.243018632984459, 56.652937317636038 ], [ -111.243342514554058, 56.65257732415629 ], [ -111.243996061065545, 56.652755725702512 ] ] ] } },
{ "type": "Feature", "properties": { "area_km2": 0.0080863451264238037, "mock": false }, "geometry": { "type": "Polygon", "coordinates": [ [ [ -111.237473295920609, 56.652948016856207 ], [ -111.237474425321281, 56.653127695136916 ], [ -111.237800623275916, 56.653127072602956 ], [ -111.237799492323944, 56.652947394326475 ], [ -111.238778081455266, 56.652945521610114 ], [ -111.238779217061222, 56.65312519987387 ], [ -111.23910541496339, 56.653124573921815 ], [ -111.238781488312569, 56.65348455638572 ], [ -111.237802885219153, 56.65348642914023 ], [ -111.237801754240991, 56.653306750874194 ], [ -111.237475554735013, 56.653307373412396 ], [ -111.237476684161805, 56.653487051682653 ], [ -111.236171879801887, 56.653489533306995 ], [ -111.236203847646976, 56.653488607419284 ], [ -111.236235496952375, 56.653485960160431 ], [ -111.236266522544184, 56.653481616815782 ], [ -111.236296626039902, 56.653475619278531 ], [ -111.23632551714951, 56.65346802541832 ], [ -111.236352917910679, 56.653458908174812 ], [ -111.236378564482976, 56.653448355554183 ], [ -111.236402209584867, 56.653436469097237 ], [ -111.236423625588813, 56.653423363244514 ], [ -111.236442606308088, 56.65340916416497 ], [ -111.236458969110785, 56.653394008763641 ], [ -111.236472556050913, 56.653378042972513 ], [ -111.236483236632424, 56.653361420397516 ], [ -111.236490907803031, 56.653344301330421 ], [ -111.236495495570281, 56.653326850409726 ], [ -111.23649695613868, 56.653309235899819 ], [ -111.236494706632286, 56.652949879318335 ], [ -111.237473295920609, 56.652948016856207 ] ] ] } },
{ "type": "Feature", "properties": { "area_km2": 0.012400000000076834, "mock": false }, "geometry": { "type": "Polygon", "coordinates": [ [ [ -111.235849043767288, 56.654029186419187 ], [ -111.23617524954399, 56.654028568136845 ], [ -111.236178619403134, 56.654567602919599 ], [ -111.2365048298212, 56.654566983770103 ], [ -111.23650707956196, 56.654926340257369 ], [ -111.236180866040911, 56.654926959415278 ], [ -111.23618198937929, 56.655106637655244 ], [ -111.235203344083587, 56.655108490014086 ], [ -111.23520222539976, 56.654928811761529 ], [ -111.234876011826799, 56.654929427501116 ], [ -111.234872660507492, 56.654390392699497 ], [ -111.234546451576051, 56.654391007571959 ], [ -111.234544220530708, 56.654031651003031 ], [ -111.235195513568755, 56.653850742136264 ], [ -111.235194394975579, 56.65367106384705 ], [ -111.235520597675446, 56.653670447282181 ], [ -111.235849043767288, 56.654029186419187 ] ] ] } },
{ "type": "Feature", "properties": { "area_km2": 0.065999999999927825, "mock": false }, "geometry": { "type": "Polygon", "coordinates": [ [ [ -111.247919827831609, 56.6541854189514 ], [ -111.247593620982869, 56.654186068002026 ], [ -111.247588910771128, 56.653467355508418 ], [ -111.248240131422207, 56.65328637846018 ], [ -111.248238950814311, 56.653106700327257 ], [ -111.248565148327458, 56.653106049594022 ], [ -111.248566330486696, 56.653285727722512 ], [ -111.249218728574604, 56.653284423683608 ], [ -111.249219913850226, 56.653464101798022 ], [ -111.250198515533171, 56.653462139317369 ], [ -111.250197325603494, 56.653282461216286 ], [ -111.250523524585603, 56.653281805351462 ], [ -111.250519950225254, 56.652742771030169 ], [ -111.250846144539636, 56.652742114324191 ], [ -111.25084495156247, 56.652562436211078 ], [ -111.251823529768828, 56.652560460979487 ], [ -111.252152120854987, 56.652919157045162 ], [ -111.252478316651434, 56.652918496062156 ], [ -111.252479517412766, 56.653098174142393 ], [ -111.252805714746628, 56.653097512300363 ], [ -111.252809321768083, 56.653636546496223 ], [ -111.253135523742074, 56.653635883786194 ], [ -111.253142747469354, 56.65471395200948 ], [ -111.253468958737983, 56.654713288417859 ], [ -111.253470164292807, 56.654892966432243 ], [ -111.252818941104366, 56.655073970788052 ], [ -111.252820143584032, 56.655253648800979 ], [ -111.250210415587574, 56.655258920040104 ], [ -111.249881822507803, 56.654900218987777 ], [ -111.249555609535349, 56.654900873183522 ], [ -111.249550861870233, 56.65418216087982 ], [ -111.249224655089918, 56.654182814203253 ], [ -111.249223469759414, 56.654003136109786 ], [ -111.248572241488134, 56.654184118286437 ], [ -111.248573423729482, 56.654363796383485 ], [ -111.247921006970074, 56.654365097057301 ], [ -111.247919827831609, 56.6541854189514 ] ] ] } },
{ "type": "Feature", "properties": { "area_km2": 0.0044000000000331786, "mock": false }, "geometry": { "type": "Polygon", "coordinates": [ [ [ -111.212365224926529, 56.654610492632003 ], [ -111.212691436246629, 56.654609935866368 ], [ -111.212690424653488, 56.654430257323241 ], [ -111.213669053889035, 56.654428581910295 ], [ -111.213997299220622, 56.654787378780874 ], [ -111.213671086395962, 56.654787938968589 ], [ -111.213672102667076, 56.654967617489923 ], [ -111.212693459468028, 56.65496929293699 ], [ -111.212365224926529, 56.654610492632003 ] ] ] } },
{ "type": "Feature", "properties": { "area_km2": 0.014800000000206055, "mock": false }, "geometry": { "type": "Polygon", "coordinates": [ [ [ -111.240743274038095, 56.654199500662727 ], [ -111.240744419044759, 56.654379178864261 ], [ -111.241070627727439, 56.654378547755037 ], [ -111.241074067481406, 56.654917582315349 ], [ -111.24172764383006, 56.655095995675183 ], [ -111.241403725333299, 56.65545598483903 ], [ -111.240751289363089, 56.655457247963483 ], [ -111.240422784302069, 56.655098521889791 ], [ -111.239117924562265, 56.655101034430963 ], [ -111.239116787260187, 56.65492135622906 ], [ -111.238790573843787, 56.654921982223634 ], [ -111.238788302382105, 56.654562625795556 ], [ -111.239439584181682, 56.654381694755465 ], [ -111.239438445380813, 56.654202016536843 ], [ -111.240743274038095, 56.654199500662727 ] ] ] } },
{ "type": "Feature", "properties": { "area_km2": 0.0067999999999901048, "mock": false }, "geometry": { "type": "Polygon", "coordinates": [ [ [ -111.232918730118044, 56.65493310399237 ], [ -111.232919837941225, 56.65511278227406 ], [ -111.232267407499123, 56.655114000942767 ], [ -111.232268512232025, 56.655293679227491 ], [ -111.231616078635696, 56.655294894486104 ], [ -111.23161497700589, 56.655115216193096 ], [ -111.231288761740132, 56.655115822536381 ], [ -111.231286561621801, 56.654756465926454 ], [ -111.231612773784519, 56.654755859591404 ], [ -111.231611672192969, 56.654576181282707 ], [ -111.232916514510208, 56.654573747413252 ], [ -111.233244943768341, 56.654932493380286 ], [ -111.232918730118044, 56.65493310399237 ] ] ] } },
{ "type": "Feature", "properties": { "area_km2": 0.0044000000000384175, "mock": false }, "geometry": { "type": "Polygon", "coordinates": [ [ [ -111.260351588325832, 56.659370779763755 ], [ -111.260677839627832, 56.659370097251056 ], [ -111.260676599581387, 56.659190419468239 ], [ -111.261655348745364, 56.659188366815727 ], [ -111.261984090960723, 56.659547036412 ], [ -111.261657838164282, 56.659547722348258 ], [ -111.261659082895349, 56.659727400106661 ], [ -111.260680319763793, 56.659729452800995 ], [ -111.260351588325832, 56.659370779763755 ] ] ] } },
{ "type": "Feature", "properties": { "area_km2": 0.059199999999963331, "mock": false }, "geometry": { "type": "Polygon", "coordinates": [ [ [ -111.261996554440458, 56.661343813713756 ], [ -111.262647841513868, 56.661162761486452 ], [ -111.262646592011166, 56.660983083783933 ], [ -111.262972857180515, 56.66098239524608 ], [ -111.262971606140169, 56.660802717543028 ], [ -111.264277917712917, 56.660979632546983 ], [ -111.264279174976224, 56.661159310226026 ], [ -111.264931708259368, 56.661157923738436 ], [ -111.264930447891857, 56.660978246068787 ], [ -111.265256712959442, 56.660977551547518 ], [ -111.26525292728823, 56.660438518521261 ], [ -111.265904183101824, 56.660257449266346 ], [ -111.265902918151198, 56.66007777158466 ], [ -111.266229175414608, 56.660077074522746 ], [ -111.266227908926638, 56.65989739684057 ], [ -111.267206675972801, 56.659895300540605 ], [ -111.267535477032183, 56.66025395538562 ], [ -111.266884229125509, 56.660435033164369 ], [ -111.26688549876161, 56.660614710821356 ], [ -111.266559236871416, 56.660615409607004 ], [ -111.26656050497013, 56.66079508726348 ], [ -111.266234241513189, 56.660795785199106 ], [ -111.266238041241081, 56.661334818151353 ], [ -111.266891847162555, 56.66151309902768 ], [ -111.266890577452983, 56.661333421396911 ], [ -111.267543113606052, 56.661332021223309 ], [ -111.267544386419942, 56.661511698844585 ], [ -111.267870656026545, 56.661510997470849 ], [ -111.267546932091918, 56.661871054071426 ], [ -111.267873204802868, 56.661870352688162 ], [ -111.267875753638208, 56.662229707884542 ], [ -111.268202029438854, 56.662229005636938 ], [ -111.268203305430873, 56.662408683222473 ], [ -111.267877028078047, 56.662409385474859 ], [ -111.26787830253258, 56.66258906305994 ], [ -111.266899465728812, 56.66259116470242 ], [ -111.26689819593102, 56.662411487103071 ], [ -111.266245641092823, 56.662412883914413 ], [ -111.265916833413584, 56.662054225795004 ], [ -111.265590559062289, 56.662054922054175 ], [ -111.265589295517415, 56.661875244420166 ], [ -111.265263022703678, 56.661875939819815 ], [ -111.265264284696357, 56.662055617458563 ], [ -111.264938010315817, 56.662056312008119 ], [ -111.264941791724794, 56.662595344907075 ], [ -111.264615512672947, 56.662596038615966 ], [ -111.264616771619515, 56.662775716243175 ], [ -111.264290491000821, 56.66277640910193 ], [ -111.264289233606519, 56.662596731470025 ], [ -111.262984117195401, 56.662599494338011 ], [ -111.262982866024714, 56.662419816682082 ], [ -111.26265658843792, 56.662420505257323 ], [ -111.262652839669371, 56.661881472244097 ], [ -111.262326566724795, 56.661882159950522 ], [ -111.262324070722457, 56.661522804572812 ], [ -111.261997800867803, 56.661523491415103 ], [ -111.261996554440458, 56.661343813713756 ] ] ] } },
{ "type": "Feature", "properties": { "area_km2": 0.012799999999952853, "mock": false }, "geometry": { "type": "Polygon", "coordinates": [ [ [ -111.270151972411369, 56.661146708749328 ], [ -111.270480812346648, 56.661505355708535 ], [ -111.270807081819811, 56.661504646641674 ], [ -111.270808370170073, 56.66168432420983 ], [ -111.271134641180481, 56.661683614283362 ], [ -111.271141090916657, 56.662582002021423 ], [ -111.270814812145161, 56.662582711971979 ], [ -111.270816100584938, 56.662762389508678 ], [ -111.270162254557448, 56.662584129308641 ], [ -111.270160969237097, 56.662404451757048 ], [ -111.269834691973159, 56.662405159138338 ], [ -111.269830840758061, 56.661866126437758 ], [ -111.269177014894652, 56.661687861020191 ], [ -111.269174453730599, 56.661328505830589 ], [ -111.269500721711083, 56.661327800187721 ], [ -111.269499439599144, 56.661148122589864 ], [ -111.270151972411369, 56.661146708749328 ] ] ] } },
{ "type": "Feature", "properties": { "area_km2": 0.0080000000000011642, "mock": false }, "geometry": { "type": "Polygon", "coordinates": [ [ [ -111.226160756776338, 56.670398049908272 ], [ -111.226159680476528, 56.670218371985669 ], [ -111.226486026336417, 56.670217778977644 ], [ -111.226814531008174, 56.67057654093837 ], [ -111.226488182054624, 56.670577134809548 ], [ -111.226490337822767, 56.670936490620527 ], [ -111.226163985750574, 56.670937083644688 ], [ -111.226165062100222, 56.671116761546358 ], [ -111.225186001149453, 56.671118535500256 ], [ -111.224861787785841, 56.671478480927775 ], [ -111.224208007130244, 56.671299979678665 ], [ -111.224206940087001, 56.671120301758165 ], [ -111.224533293786877, 56.671119713860655 ], [ -111.224532225202836, 56.670940035938926 ], [ -111.225184929459175, 56.670938857586535 ], [ -111.225509135119211, 56.670578911292573 ], [ -111.225835484110121, 56.670578319986639 ], [ -111.225834409350924, 56.670398642065258 ], [ -111.226160756776338, 56.670398049908272 ] ] ] } },
{ "type": "Feature", "properties": { "area_km2": 0.0063999999999743888, "mock": false }, "geometry": { "type": "Polygon", "coordinates": [ [ [ -111.226222126474497, 56.680639682847371 ], [ -111.226225357581058, 56.68117871568905 ], [ -111.225898916939357, 56.681179308087437 ], [ -111.225899992445676, 56.681358985694885 ], [ -111.225247108016589, 56.681360167933356 ], [ -111.225246035618582, 56.681180490317878 ], [ -111.22491959493955, 56.681181080149955 ], [ -111.224916382482419, 56.680642047260086 ], [ -111.225242818499069, 56.680641457440025 ], [ -111.225241746150758, 56.680461779803629 ], [ -111.225894615038655, 56.680460597605276 ], [ -111.22589569049515, 56.680640275233664 ], [ -111.226222126474497, 56.680639682847371 ] ] ] } },
{ "type": "Feature", "properties": { "area_km2": 0.0059999999999662398, "mock": false }, "geometry": { "type": "Polygon", "coordinates": [ [ [ -111.217615602009786, 56.71659081809841 ], [ -111.217618714437833, 56.717129848122262 ], [ -111.217291962275624, 56.717130418198138 ], [ -111.217292998217928, 56.717310094866171 ], [ -111.216638457915195, 56.717131555780128 ], [ -111.216636392297588, 56.716772202412926 ], [ -111.216309643214871, 56.716772769911294 ], [ -111.216307580760557, 56.716413416515465 ], [ -111.216634326727856, 56.716412849024792 ], [ -111.216633293960939, 56.716233172322895 ], [ -111.217287818626502, 56.716411711473739 ], [ -111.217288854520774, 56.716591388162648 ], [ -111.217615602009786, 56.71659081809841 ] ] ] } },
{ "type": "Feature", "properties": { "area_km2": 0.020400000000132715, "mock": false }, "geometry": { "type": "Polygon", "coordinates": [ [ [ -111.216972451045024, 56.71838872401095 ], [ -111.217630127600188, 56.719106291140434 ], [ -111.217303358301578, 56.719106861258972 ], [ -111.217307502671346, 56.719825567669687 ], [ -111.216654984580572, 56.720006381965021 ], [ -111.216657050629323, 56.720365735144007 ], [ -111.216330270388596, 56.720366302719547 ], [ -111.216331301872827, 56.720545979305079 ], [ -111.215676709871261, 56.720367435300503 ], [ -111.215672596518232, 56.71964872887537 ], [ -111.215345822473864, 56.719649293865402 ], [ -111.215342742258244, 56.719110263980127 ], [ -111.215669511628661, 56.719109699001571 ], [ -111.215667455095215, 56.718750345726292 ], [ -111.216319956203861, 56.718569536576815 ], [ -111.216318924851151, 56.718389859933779 ], [ -111.216972451045024, 56.71838872401095 ] ] ] } },
{ "type": "Feature", "properties": { "area_km2": 0.0040000000000029101, "mock": false }, "geometry": { "type": "Polygon", "coordinates": [ [ [ -111.235912951328615, 56.768664099069049 ], [ -111.235588002769433, 56.76902406734974 ], [ -111.234933597895164, 56.769025301580356 ], [ -111.23493247564835, 56.768845626631375 ], [ -111.234605274754642, 56.768846242455076 ], [ -111.234603033425955, 56.768486892533055 ], [ -111.234930231193786, 56.768486276717738 ], [ -111.234929108986051, 56.768306601753075 ], [ -111.235584626690354, 56.768485042512324 ], [ -111.235585752036982, 56.768664717463366 ], [ -111.235912951328615, 56.768664099069049 ] ] ] } },
{ "type": "Feature", "properties": { "area_km2": 0.015600000000011641, "mock": false }, "geometry": { "type": "Polygon", "coordinates": [ [ [ -111.21780283125716, 56.861948690175126 ], [ -111.217147844954226, 56.862129504761199 ], [ -111.217148885934392, 56.862309177226528 ], [ -111.21649181448997, 56.862130643439237 ], [ -111.21648143680116, 56.86033391842134 ], [ -111.216809436315998, 56.860333349551738 ], [ -111.216808397041291, 56.860153677025131 ], [ -111.217465435309364, 56.860332209228758 ], [ -111.217468562639667, 56.860871226753964 ], [ -111.218125616630445, 56.861049755452768 ], [ -111.21812770789154, 56.861409100417461 ], [ -111.217472732583204, 56.86158991671455 ], [ -111.21780283125716, 56.861948690175126 ] ] ] } },
{ "type": "Feature", "properties": { "area_km2": 0.0083129913485212731, "mock": false }, "geometry": { "type": "Polygon", "coordinates": [ [ [ -111.267662034083543, 56.862031480480283 ], [ -111.267992616638949, 56.862390120788021 ], [ -111.268648649144637, 56.862388711639646 ], [ -111.26832320552893, 56.862748760194378 ], [ -111.267995186123713, 56.862749464347502 ], [ -111.267996470888534, 56.862929136119426 ], [ -111.267340428888318, 56.862930541851277 ], [ -111.267339147268473, 56.862750870069782 ], [ -111.26668310835359, 56.862752272346754 ], [ -111.266681829893571, 56.862572600550486 ], [ -111.266392529170687, 56.8625732178321 ], [ -111.266645215171508, 56.862293682524751 ], [ -111.266657915328537, 56.862277734094633 ], [ -111.266667739730735, 56.862261187556776 ], [ -111.266674595999788, 56.862244198078365 ], [ -111.266678419997191, 56.862226924988434 ], [ -111.266679013990242, 56.862213257495277 ], [ -111.266679273018127, 56.862213256942304 ], [ -111.266677994602716, 56.862033585130369 ], [ -111.267662034083543, 56.862031480480283 ] ] ] } },
{ "type": "Feature", "properties": { "area_km2": 0.0056801124242764406, "mock": false }, "geometry": { "type": "Polygon", "coordinates": [ [ [ -111.255532887851871, 56.863134927816823 ], [ -111.255534112890984, 56.863314599756208 ], [ -111.254876841598403, 56.863136268096383 ], [ -111.254875619718533, 56.862956596142638 ], [ -111.254907765523882, 56.862955665327974 ], [ -111.254939590126497, 56.862953013250468 ], [ -111.254970786662057, 56.862948665241959 ], [ -111.25500105510406, 56.86294266324046 ], [ -111.255030103571912, 56.86293506515868 ], [ -111.255057652589272, 56.862925943976926 ], [ -111.255083436888199, 56.862915387739299 ], [ -111.255107207859155, 56.862903498021474 ], [ -111.255128736662854, 56.86289038929538 ], [ -111.25514781602655, 56.862876187757685 ], [ -111.255164262369391, 56.862861030337065 ], [ -111.255177916938791, 56.862845062984981 ], [ -111.255188648589339, 56.862828439322413 ], [ -111.255196353775958, 56.862811319651591 ], [ -111.255200958177895, 56.862793868616862 ], [ -111.255202417841758, 56.86277625448367 ], [ -111.255234563484066, 56.862775323585034 ], [ -111.255266387910225, 56.862772671424352 ], [ -111.255297584257576, 56.862768323334272 ], [ -111.255327852501452, 56.862762321253591 ], [ -111.255356900763175, 56.862754723095776 ], [ -111.255384449568353, 56.862745601841873 ], [ -111.255410233651119, 56.862735045536667 ], [ -111.255434004403995, 56.862723155756484 ], [ -111.255455532989814, 56.862710046973881 ], [ -111.255474612137931, 56.862695845386057 ], [ -111.25549105826957, 56.862680687922158 ], [ -111.255504712634149, 56.862664720534063 ], [ -111.25551544408826, 56.86264809684311 ], [ -111.255523149088717, 56.862630977151809 ], [ -111.255527753316542, 56.862613526104688 ], [ -111.255529212820022, 56.862595911967297 ], [ -111.255526762870048, 56.862236568041517 ], [ -111.255525063246452, 56.862218960365276 ], [ -111.255520221249, 56.862201528639652 ], [ -111.255512283130528, 56.862184440945001 ], [ -111.255501325459761, 56.862167861616093 ], [ -111.255491302827878, 56.862156365305246 ], [ -111.25585355158708, 56.862056224666425 ], [ -111.255854778113104, 56.862235896632576 ], [ -111.256182793341864, 56.862235224362337 ], [ -111.256187705878446, 56.862953912156421 ], [ -111.255532887851871, 56.863134927816823 ] ] ] } },
{ "type": "Feature", "properties": { "area_km2": 0.016799999999993015, "mock": false }, "geometry": { "type": "Polygon", "coordinates": [ [ [ -111.232895910635236, 56.862640159712548 ], [ -111.233221693866199, 56.862280203205707 ], [ -111.233877726194194, 56.862278976665365 ], [ -111.233878847381305, 56.862458648919777 ], [ -111.234534882802024, 56.862457418925779 ], [ -111.234865152340944, 56.862816147104773 ], [ -111.235193173163552, 56.862815529946069 ], [ -111.234867404241527, 56.8631754915519 ], [ -111.234211356267053, 56.863176723302089 ], [ -111.234212479091923, 56.863356395526203 ], [ -111.232900376696222, 56.863358848707144 ], [ -111.232899260161489, 56.863179176466311 ], [ -111.232243212030696, 56.863180397880377 ], [ -111.23224209865397, 56.863000725626001 ], [ -111.231586053616397, 56.863001943586355 ], [ -111.231255813798597, 56.862643206725245 ], [ -111.231910740806683, 56.862462318229973 ], [ -111.231911852572068, 56.862641990504159 ], [ -111.232895910635236, 56.862640159712548 ] ] ] } },
{ "type": "Feature", "properties": { "area_km2": 0.0071999999999877761, "mock": false }, "geometry": { "type": "Polygon", "coordinates": [ [ [ -111.230603091477306, 56.863183436341892 ], [ -111.230606408096847, 56.86372245313575 ], [ -111.230278379229858, 56.863723058256404 ], [ -111.230279483222844, 56.863902730514717 ], [ -111.229623422305139, 56.863903938180108 ], [ -111.229622321457342, 56.863724265913568 ], [ -111.229294292551842, 56.863724868450092 ], [ -111.229289895578901, 56.863006179315335 ], [ -111.229617918194208, 56.863005576795224 ], [ -111.229616817410445, 56.862825904502579 ], [ -111.230273963386381, 56.863004369170952 ], [ -111.23027506732798, 56.863184041450161 ], [ -111.230603091477306, 56.863183436341892 ] ] ] } },
{ "type": "Feature", "properties": { "area_km2": 0.020000000000095462, "mock": false }, "geometry": { "type": "Polygon", "coordinates": [ [ [ -111.248647975464991, 56.863687845001095 ], [ -111.248646783421123, 56.863508172977454 ], [ -111.248642015384206, 56.862789484830614 ], [ -111.248967648559898, 56.8624294874001 ], [ -111.249295665656959, 56.862428833212981 ], [ -111.249296860762527, 56.862608505259054 ], [ -111.249624879418107, 56.862607850206146 ], [ -111.249629666269485, 56.863326538320358 ], [ -111.250286916011575, 56.863504897601374 ], [ -111.250288115918281, 56.863684569602697 ], [ -111.250944172001979, 56.863683253413818 ], [ -111.250945375067801, 56.863862925400994 ], [ -111.251601434240683, 56.86386160575767 ], [ -111.251602640465691, 56.864041277730635 ], [ -111.251930671603674, 56.864040616612428 ], [ -111.2516050529578, 56.864400621660863 ], [ -111.251277018660531, 56.864401281926689 ], [ -111.251278223354987, 56.864580953888471 ], [ -111.250294115661191, 56.864582929531124 ], [ -111.249963682941541, 56.864224242391231 ], [ -111.249635650147013, 56.864224898345675 ], [ -111.24963445334366, 56.864045226351081 ], [ -111.249306422107807, 56.864045881439658 ], [ -111.249305226890982, 56.863866209435351 ], [ -111.248977197213819, 56.863866863658146 ], [ -111.248976003583465, 56.863687191644139 ], [ -111.248647975464991, 56.863687845001095 ] ] ] } },
{ "type": "Feature", "properties": { "area_km2": 0.023939131560909838, "mock": false }, "geometry": { "type": "Polygon", "coordinates": [ [ [ -111.227978897923961, 56.863188253090264 ], [ -111.22830692216283, 56.863187654011426 ], [ -111.228308016682064, 56.863367326310012 ], [ -111.227653056433397, 56.863548195915996 ], [ -111.227656330670143, 56.864087212789244 ], [ -111.227984362784596, 56.86408661455139 ], [ -111.227987641853574, 56.864625631365449 ], [ -111.228315678673269, 56.864625032253976 ], [ -111.228316773294395, 56.864804704510824 ], [ -111.227988734902013, 56.864805303626362 ], [ -111.227989827963171, 56.864984975882074 ], [ -111.227333747994891, 56.86498617153714 ], [ -111.227332658079135, 56.8648064992733 ], [ -111.226348542749776, 56.864808286283157 ], [ -111.226018337069334, 56.864449535654522 ], [ -111.226346372392385, 56.864448941715459 ], [ -111.226345287232633, 56.864269269423779 ], [ -111.225688137717356, 56.864090784127455 ], [ -111.225687055728088, 56.863911111817259 ], [ -111.225359025097731, 56.86391170402144 ], [ -111.225355783923149, 56.863372687047459 ], [ -111.226010752224383, 56.863191829474921 ], [ -111.226340946719873, 56.863550580204922 ], [ -111.226997001601958, 56.863549389783174 ], [ -111.227322849408111, 56.863189448663881 ], [ -111.226994825131129, 56.863190045158653 ], [ -111.226993736914721, 56.863010372838566 ], [ -111.227321759619173, 56.863009776347859 ], [ -111.227353906171317, 56.86300885262321 ], [ -111.227385732785592, 56.863006207564013 ], [ -111.227416932578407, 56.863001866434367 ], [ -111.22744720549187, 56.862995871106193 ], [ -111.227476259602227, 56.86298827942781 ], [ -111.227503815378938, 56.862979164317913 ], [ -111.227529607488819, 56.862968613762149 ], [ -111.227553387247156, 56.862956729281422 ], [ -111.227574925730067, 56.862943625297241 ], [ -111.22759401557164, 56.862929427960601 ], [ -111.227610473089968, 56.862914274159763 ], [ -111.227624139424861, 56.862898309811257 ], [ -111.22763488331772, 56.862881688507194 ], [ -111.227642601105373, 56.862864570527094 ], [ -111.227647218345936, 56.862847120498941 ], [ -111.22764869096217, 56.862829506678608 ], [ -111.227648274107409, 56.862760877960937 ], [ -111.227975748159707, 56.862670443562621 ], [ -111.227978897923961, 56.863188253090264 ] ] ] } },
{ "type": "Feature", "properties": { "area_km2": 0.0040000000000296855, "mock": false }, "geometry": { "type": "Polygon", "coordinates": [ [ [ -111.270306871905746, 56.864900577701547 ], [ -111.269649502726026, 56.864722323907884 ], [ -111.269648209948443, 56.864542652212258 ], [ -111.269320174877663, 56.864543359858871 ], [ -111.269645624438411, 56.864183308805288 ], [ -111.270301688244331, 56.864181890947194 ], [ -111.270302984137075, 56.86436156264363 ], [ -111.270631017590034, 56.864360852417668 ], [ -111.27063361256603, 56.864720195785154 ], [ -111.270305575967782, 56.864720906020793 ], [ -111.270306871905746, 56.864900577701547 ] ] ] } },
{ "type": "Feature", "properties": { "area_km2": 0.020400000000009313, "mock": false }, "geometry": { "type": "Polygon", "coordinates": [ [ [ -111.217487328913919, 56.864105330919287 ], [ -111.217486286240018, 56.863925658509991 ], [ -111.21814130227493, 56.86374484217945 ], [ -111.218471426376325, 56.864103613729768 ], [ -111.21879945883947, 56.864103039610519 ], [ -111.218800507816027, 56.864282711998968 ], [ -111.219128541839567, 56.864282137014406 ], [ -111.219129592401032, 56.864461809393752 ], [ -111.21945762798498, 56.864461233543885 ], [ -111.21978987850629, 56.865179346266373 ], [ -111.21946183664376, 56.865179922993342 ], [ -111.219462888839061, 56.865359595342682 ], [ -111.218150714975721, 56.865361893652093 ], [ -111.218149669071394, 56.8651822212871 ], [ -111.217821627147842, 56.865182793706992 ], [ -111.217822671479411, 56.865362466075901 ], [ -111.217166584450382, 56.865363608339244 ], [ -111.217167625648557, 56.865543280710696 ], [ -111.216510497372852, 56.865364747156903 ], [ -111.216509459332258, 56.865185074772469 ], [ -111.216837501304312, 56.865184505798219 ], [ -111.216835422113931, 56.864825161021493 ], [ -111.217490457008424, 56.864644348115881 ], [ -111.217489414298129, 56.864464675722239 ], [ -111.217817449943041, 56.864464104179319 ], [ -111.217815361413543, 56.864104759384176 ], [ -111.217487328913919, 56.864105330919287 ] ] ] } },
{ "type": "Feature", "properties": { "area_km2": 0.010572690252699763, "mock": false }, "geometry": { "type": "Polygon", "coordinates": [ [ [ -111.223391912033236, 56.864094911496032 ], [ -111.22339084105225, 56.863915239157706 ], [ -111.224047976576998, 56.864093736554736 ], [ -111.224050124866906, 56.864453081199713 ], [ -111.224378160265331, 56.864452492428988 ], [ -111.224381387512011, 56.864991509345259 ], [ -111.224709427615977, 56.864990919701114 ], [ -111.224677279296856, 56.864991842746264 ], [ -111.224645450803735, 56.864994487116022 ], [ -111.224614249029798, 56.864998827553578 ], [ -111.224583974044236, 56.865004822194877 ], [ -111.224554917783962, 56.865012413199729 ], [ -111.224527359794607, 56.865021527657831 ], [ -111.22450156542655, 56.865032077591955 ], [ -111.224477783383762, 56.865043961489512 ], [ -111.224456242611296, 56.865057064937012 ], [ -111.22443715049809, 56.865071261791002 ], [ -111.224420690750549, 56.865086415170204 ], [ -111.22440702225461, 56.865102379164277 ], [ -111.224396276295337, 56.865119000186326 ], [ -111.224388556562701, 56.865136117961143 ], [ -111.224383937525232, 56.865153567863771 ], [ -111.224382463285949, 56.865171181640264 ], [ -111.224383539072377, 56.865350853930053 ], [ -111.22438522421146, 56.865368462031178 ], [ -111.224390052142596, 56.865385894964511 ], [ -111.224397976757075, 56.865402984637441 ], [ -111.224408921623834, 56.865419566694925 ], [ -111.224422781141712, 56.865435481236162 ], [ -111.224439422193456, 56.86545057514742 ], [ -111.224458684151543, 56.86546470309024 ], [ -111.224480381674553, 56.86547772884407 ], [ -111.224504305865395, 56.865489527011114 ], [ -111.224530226409613, 56.865499984000749 ], [ -111.224557893386532, 56.865508999194269 ], [ -111.224587040389608, 56.865516485568087 ], [ -111.224617386995959, 56.865522371216677 ], [ -111.224648640570763, 56.865526599349351 ], [ -111.224680500537389, 56.865529129180949 ], [ -111.224712659693537, 56.865529936558389 ], [ -111.224713737077792, 56.865709608833711 ], [ -111.224057644275348, 56.865710787292763 ], [ -111.223727452535996, 56.865352030650158 ], [ -111.223399409249069, 56.865352617718116 ], [ -111.223394054032582, 56.864454256156996 ], [ -111.223066018596725, 56.864454842343541 ], [ -111.223063879742668, 56.864095497674583 ], [ -111.223391912033236, 56.864094911496032 ] ] ] } },
{ "type": "Feature", "properties": { "area_km2": 0.016097799698877344, "mock": false }, "geometry": { "type": "Polygon", "coordinates": [ [ [ -111.234223708059233, 56.865153117480361 ], [ -111.234222585103709, 56.864973445308429 ], [ -111.234550624823655, 56.864972829822072 ], [ -111.234549500308489, 56.864793157649117 ], [ -111.238157919060541, 56.864786330493011 ], [ -111.238488243837921, 56.865145048913213 ], [ -111.237833301824438, 56.865325971827026 ], [ -111.236193088023526, 56.865329083757395 ], [ -111.2361609397054, 56.86533000975777 ], [ -111.236129111743566, 56.865332657052797 ], [ -111.236097911026206, 56.865337000357506 ], [ -111.236067637612265, 56.865342997780225 ], [ -111.236038583423522, 56.865350591453975 ], [ -111.236011027985711, 56.865359708442753 ], [ -111.235985236624558, 56.865370260744982 ], [ -111.23596145801514, 56.865382146825226 ], [ -111.235939921069431, 56.86539525224898 ], [ -111.235920833139545, 56.865409450853782 ], [ -111.235904377891544, 56.865424605741481 ], [ -111.235890714168036, 56.865440570987211 ], [ -111.235879973208185, 56.865457192992046 ], [ -111.235872258653771, 56.865474311471253 ], [ -111.235867644923488, 56.865491761793116 ], [ -111.23586617606918, 56.865509375699688 ], [ -111.235538131683484, 56.865509994644313 ], [ -111.235505983193519, 56.865510920476261 ], [ -111.235474155031355, 56.865513567604509 ], [ -111.235442954087091, 56.865517910745673 ], [ -111.235412680421859, 56.865523908009713 ], [ -111.235383625959798, 56.86553150153113 ], [ -111.235374262084022, 56.865534599599897 ], [ -111.235364859513268, 56.865531536889847 ], [ -111.235335710352331, 56.865524053032502 ], [ -111.235305362068445, 56.865518169989002 ], [ -111.235274107305685, 56.865513944523435 ], [ -111.23524224664429, 56.865511417394153 ], [ -111.235210087284642, 56.865510612727526 ], [ -111.234882042872684, 56.865511229949291 ], [ -111.234880352795358, 56.865493621994247 ], [ -111.234875519971368, 56.86547618947067 ], [ -111.234867590565088, 56.865459100466566 ], [ -111.234856641061469, 56.865442519329335 ], [ -111.234842777113229, 56.865426605949338 ], [ -111.234826131885811, 56.865411513427318 ], [ -111.234806866051017, 56.865397387086141 ], [ -111.234785164990228, 56.865384363128641 ], [ -111.234761237635325, 56.865372566932912 ], [ -111.234735314330351, 56.865362112068183 ], [ -111.234707645019839, 56.865353099130395 ], [ -111.234678496128637, 56.865345615119274 ], [ -111.234648148092063, 56.865339731915746 ], [ -111.234616893551845, 56.865335506285454 ], [ -111.234585033086049, 56.865332978988327 ], [ -111.234552873893222, 56.86533217415235 ], [ -111.23389678814938, 56.865333404280399 ], [ -111.233895098543172, 56.865315796311144 ], [ -111.233890266200547, 56.865298363748593 ], [ -111.23388233728123, 56.865281274681053 ], [ -111.233871388265484, 56.865264693456609 ], [ -111.233861371433719, 56.865253195411732 ], [ -111.234223708059233, 56.865153117480361 ] ] ] } },
{ "type": "Feature", "properties": { "area_km2": 0.013378922954880522, "mock": false }, "geometry": { "type": "Polygon", "coordinates": [ [ [ -111.24012960058792, 56.865321578945029 ], [ -111.240126146794722, 56.864782562658348 ], [ -111.240454184703651, 56.864781931671011 ], [ -111.240451879096497, 56.864422587462386 ], [ -111.240779913846666, 56.864421955622262 ], [ -111.240778759490581, 56.864242283514422 ], [ -111.241434825805328, 56.864241017258628 ], [ -111.241435983306715, 56.864420689357843 ], [ -111.241764018016539, 56.864420054933561 ], [ -111.241766336205018, 56.864779399107668 ], [ -111.242094374046687, 56.864778763813348 ], [ -111.242099016876381, 56.865497452081648 ], [ -111.241442928597792, 56.865498721843508 ], [ -111.241410780267628, 56.865499649194895 ], [ -111.241378952536337, 56.86550229782722 ], [ -111.241347752289897, 56.86550664244259 ], [ -111.241317479582733, 56.865512641136796 ], [ -111.241288426329731, 56.865520236030541 ], [ -111.241260872047718, 56.865529354176111 ], [ -111.241235082051233, 56.865539907560773 ], [ -111.241211305002224, 56.865551794638669 ], [ -111.241189769797643, 56.865564900965687 ], [ -111.241170683772836, 56.865579100370681 ], [ -111.241154230575503, 56.865594255947784 ], [ -111.241150439968152, 56.865598685912168 ], [ -111.24012960058792, 56.865321578945029 ] ] ] } },
{ "type": "Feature", "properties": { "area_km2": 0.019922185552633861, "mock": false }, "geometry": { "type": "Polygon", "coordinates": [ [ [ -111.244068451565226, 56.865673294149914 ], [ -111.245052588355477, 56.865671367527767 ], [ -111.245378281000939, 56.86531137957148 ], [ -111.246035545408319, 56.865489761151167 ], [ -111.246036725022691, 56.865669433152796 ], [ -111.246692816065575, 56.865668139262347 ], [ -111.246691633305701, 56.865488467269529 ], [ -111.248331852807894, 56.865485217490594 ], [ -111.2483330434316, 56.865664889461257 ], [ -111.248661088863329, 56.865664236916771 ], [ -111.24866347329791, 56.866023580833591 ], [ -111.248335424720608, 56.866024233386952 ], [ -111.248338996758008, 56.866563249236393 ], [ -111.247684077685946, 56.866744223733676 ], [ -111.24768526526087, 56.866923895676692 ], [ -111.247357208777785, 56.866924545667906 ], [ -111.247358394793608, 56.86710421761012 ], [ -111.247030336723824, 56.867104866744299 ], [ -111.247031521180517, 56.867284538685723 ], [ -111.246703461524021, 56.867285186962825 ], [ -111.246701826822502, 56.867036886441149 ], [ -111.247175738458125, 56.866905936098021 ], [ -111.247204420518543, 56.866896992205433 ], [ -111.247231316330954, 56.866886515176859 ], [ -111.247256153974305, 56.866874610930623 ], [ -111.247278681965909, 56.866861400167821 ], [ -111.247298672201509, 56.866847016479895 ], [ -111.247315922409797, 56.866831605445348 ], [ -111.247330257947155, 56.866815323188625 ], [ -111.247341533752262, 56.866798334310147 ], [ -111.247349635652185, 56.86678081098507 ], [ -111.247354481657879, 56.866762930445383 ], [ -111.247356022775747, 56.866744873720457 ], [ -111.247352464852483, 56.866205857846815 ], [ -111.247350768883933, 56.866188250067587 ], [ -111.247345930169786, 56.866170818033559 ], [ -111.2473379949312, 56.866153729828 ], [ -111.247327039709219, 56.866137149790646 ], [ -111.247313170211655, 56.866121237801245 ], [ -111.247296519657397, 56.866106146947146 ], [ -111.247277248769521, 56.866092022535156 ], [ -111.247255542978095, 56.866079000749522 ], [ -111.247231611260602, 56.866067206947434 ], [ -111.247205684003006, 56.8660567546751 ], [ -111.247178011187941, 56.866047744503454 ], [ -111.247148859274049, 56.866040263405552 ], [ -111.247118508725691, 56.866034383234343 ], [ -111.247087252208814, 56.86603016072619 ], [ -111.24705539032054, 56.866027636611022 ], [ -111.247023230273044, 56.86602683498613 ], [ -111.247021534467521, 56.866009227201793 ], [ -111.247016695929844, 56.865991795154351 ], [ -111.247008760879467, 56.865974706927226 ], [ -111.246997805855628, 56.865958126860363 ], [ -111.246983936564234, 56.865942214833758 ], [ -111.246967286222173, 56.86592712393518 ], [ -111.246948015550501, 56.865912999471803 ], [ -111.246926309977198, 56.865899977628416 ], [ -111.246902378477614, 56.865888183762749 ], [ -111.246876451435668, 56.865877731421584 ], [ -111.246848778831875, 56.865868721176561 ], [ -111.246819627122861, 56.86586124000145 ], [ -111.246789276771011, 56.865855359749922 ], [ -111.246758020440367, 56.865851137159112 ], [ -111.24672615872629, 56.865848612959752 ], [ -111.246693998839248, 56.865847811249942 ], [ -111.245709857535985, 56.865849750806696 ], [ -111.245677709013407, 56.865850679256262 ], [ -111.245645881288709, 56.865853328975547 ], [ -111.245614681247829, 56.865857674656176 ], [ -111.245584408943188, 56.865863674383704 ], [ -111.24555535628582, 56.865871270268869 ], [ -111.24552780278681, 56.865880389354409 ], [ -111.245502013753139, 56.865890943618552 ], [ -111.245478237837503, 56.865902831506958 ], [ -111.245456703925939, 56.865915938567689 ], [ -111.245437619341331, 56.865930138622574 ], [ -111.245421167717524, 56.865945294759463 ], [ -111.245407507862197, 56.865961261041427 ], [ -111.245396770977322, 56.865977883859607 ], [ -111.24538906066536, 56.865995002921451 ], [ -111.245384451304247, 56.866012453589576 ], [ -111.245382986903678, 56.866030067602736 ], [ -111.245350838218087, 56.866030995968288 ], [ -111.245319010316933, 56.866033645604361 ], [ -111.245287810087859, 56.866037991203399 ], [ -111.245257537585076, 56.866043990851708 ], [ -111.245228484721565, 56.866051586660809 ], [ -111.245200931010345, 56.866060705674165 ], [ -111.24517514176047, 56.866071259870694 ], [ -111.245151365626725, 56.86608314769672 ], [ -111.245129831497238, 56.866096254700913 ], [ -111.24511074669698, 56.866110454705634 ], [ -111.245094294861886, 56.866125610799216 ], [ -111.245080634801695, 56.866141577045141 ], [ -111.245069897720299, 56.866158199834913 ], [ -111.245062187222103, 56.866175318876238 ], [ -111.245057577686779, 56.866192769531935 ], [ -111.245056113125742, 56.866210383540889 ], [ -111.245057288076509, 56.866390055534822 ], [ -111.24505906640762, 56.866408105719636 ], [ -111.245064147195009, 56.866425966697271 ], [ -111.245072479068071, 56.866443457636102 ], [ -111.24508397771173, 56.866460401631869 ], [ -111.245098526694662, 56.866476626963866 ], [ -111.245115978797728, 56.866491969607736 ], [ -111.245124415454029, 56.866497950338704 ], [ -111.244729236202161, 56.86639069862116 ], [ -111.244728062824237, 56.86621102662285 ], [ -111.244726368088465, 56.866193418806972 ], [ -111.244721530594177, 56.866175986670292 ], [ -111.244713596550767, 56.866158898297051 ], [ -111.244702642487766, 56.866142318028601 ], [ -111.244688774101832, 56.866126405746918 ], [ -111.244672124601152, 56.866111314542174 ], [ -111.244652854698657, 56.866097189724528 ], [ -111.244631149814936, 56.866084167482164 ], [ -111.244607218918674, 56.866072373176664 ], [ -111.244581292387991, 56.866061920359058 ], [ -111.244553620198502, 56.86605290960555 ], [ -111.244524468802808, 56.866045427894811 ], [ -111.244494118660313, 56.866039547085663 ], [ -111.244462862433011, 56.866035323920634 ], [ -111.244431000715267, 56.866032799135986 ], [ -111.244398840717622, 56.866031996835439 ], [ -111.244273537248105, 56.866032241912798 ], [ -111.24406934551115, 56.86581055143477 ], [ -111.244068451565226, 56.865673294149914 ] ] ] } },
{ "type": "Feature", "properties": { "area_km2": 0.0103417401196692, "mock": false }, "geometry": { "type": "Polygon", "coordinates": [ [ [ -111.23621347356692, 56.868563181411531 ], [ -111.236214606222305, 56.868742853453838 ], [ -111.234574242664863, 56.868745944248857 ], [ -111.234606393953754, 56.868745018654934 ], [ -111.234638224922023, 56.868742371746904 ], [ -111.234669428644011, 56.868738028806746 ], [ -111.234699705024056, 56.868732031723752 ], [ -111.234728762105036, 56.868724438363216 ], [ -111.234756320327733, 56.868715321659991 ], [ -111.23478211433553, 56.868704769615043 ], [ -111.23480589542531, 56.868692883763643 ], [ -111.234827434660403, 56.868679778540525 ], [ -111.234846524667645, 56.868665580108598 ], [ -111.234862981763598, 56.868650425366653 ], [ -111.234876647092079, 56.868634460240308 ], [ -111.234887389404207, 56.868617838329179 ], [ -111.234895105052061, 56.868600719918561 ], [ -111.234899719614276, 56.868583269640666 ], [ -111.234901189039533, 56.868565655753734 ], [ -111.235229260191076, 56.868565038460474 ], [ -111.235261411308159, 56.868564112698074 ], [ -111.23529324207604, 56.868561465623237 ], [ -111.235324445571081, 56.868557122519533 ], [ -111.235354721699778, 56.86855112527784 ], [ -111.235383778507426, 56.868543531764956 ], [ -111.235411336437451, 56.868534414917185 ], [ -111.235437130136006, 56.86852386273695 ], [ -111.235460910903015, 56.868511976760786 ], [ -111.235482449804891, 56.868498871424613 ], [ -111.235501539471684, 56.868484672892457 ], [ -111.235517996223251, 56.868469518064074 ], [ -111.235531661206679, 56.868453552865887 ], [ -111.235542403176439, 56.86843693089822 ], [ -111.235550118487907, 56.868419812446923 ], [ -111.23555473272296, 56.868402362144614 ], [ -111.235556201833433, 56.868384748249689 ], [ -111.235588352787502, 56.868383822403274 ], [ -111.235620183378956, 56.868381175245204 ], [ -111.235651386685817, 56.868376832059866 ], [ -111.235681662616372, 56.868370834738919 ], [ -111.235710719217849, 56.868363241149929 ], [ -111.235738276935649, 56.868354124229967 ], [ -111.235764070417986, 56.868343571982088 ], [ -111.235787850966858, 56.868331685943517 ], [ -111.235809389650782, 56.868318580550778 ], [ -111.235828479101883, 56.868304381968414 ], [ -111.235844935642106, 56.868289227096696 ], [ -111.235858600420613, 56.868273261862463 ], [ -111.235869342193794, 56.868256639866345 ], [ -111.235877057318945, 56.868239521394521 ], [ -111.235881671379744, 56.868222071079749 ], [ -111.235883140329662, 56.86820445718061 ], [ -111.235878184236, 56.867417140274235 ], [ -111.236585072070227, 56.867221892241631 ], [ -111.236588389407771, 56.867224899904578 ], [ -111.236607656854829, 56.867239025965539 ], [ -111.236629359623976, 56.867252049601177 ], [ -111.236653288767656, 56.867263845434067 ], [ -111.236679213923694, 56.867274299896103 ], [ -111.236706885127049, 56.867283312392871 ], [ -111.236736035930392, 56.867290795926813 ], [ -111.236766385874304, 56.867296678619731 ], [ -111.236797642291776, 56.867300903709392 ], [ -111.236829504578807, 56.867303430439939 ], [ -111.236861665510801, 56.867304234688177 ], [ -111.237189725572279, 56.867303612255462 ], [ -111.237191416818604, 56.867321220173181 ], [ -111.237196250959968, 56.867338652600893 ], [ -111.237204181827821, 56.867355741450837 ], [ -111.237215132930942, 56.867372322375907 ], [ -111.237228998608018, 56.86738823548621 ], [ -111.237245645682563, 56.867403327681778 ], [ -111.237264913469033, 56.867417453640691 ], [ -111.237286616569804, 56.867430477161506 ], [ -111.237310546034138, 56.867442272867905 ], [ -111.237336471496761, 56.867452727192976 ], [ -111.237364142989676, 56.867461739543685 ], [ -111.237393294062755, 56.867469222923823 ], [ -111.237423644254008, 56.867475105456691 ], [ -111.237454900894036, 56.867479330381613 ], [ -111.237486763376666, 56.867481856944288 ], [ -111.237518924475467, 56.867482661023161 ], [ -111.237486774343566, 56.867483587365889 ], [ -111.237454944647553, 56.867486234999205 ], [ -111.237423742292307, 56.867490578634865 ], [ -111.237393467352533, 56.867496576378045 ], [ -111.237364411764702, 56.867504170358657 ], [ -111.237336855068037, 56.867513287637735 ], [ -111.237311062600355, 56.867523840210922 ], [ -111.237287283047436, 56.86753572654019 ], [ -111.237265745330319, 56.867548832188582 ], [ -111.237246656808537, 56.867563030991541 ], [ -111.237230201153864, 56.867578186048966 ], [ -111.237216537212831, 56.867594151434325 ], [ -111.237205796226675, 56.867610773547398 ], [ -111.237198081837434, 56.867627892102426 ], [ -111.237193468462237, 56.867645342466922 ], [ -111.237192000149491, 56.867662956382539 ], [ -111.237192434561095, 56.867731584999582 ], [ -111.236718477504127, 56.867862497489185 ], [ -111.236689792196202, 56.867871438975463 ], [ -111.236662892724283, 56.867881913735722 ], [ -111.236638051043286, 56.867893815877075 ], [ -111.236615518675592, 56.8679070247223 ], [ -111.23659552377039, 56.867921406701946 ], [ -111.236578268648771, 56.867936816257377 ], [ -111.236563928008522, 56.86795309728133 ], [ -111.236552646968477, 56.867970085187977 ], [ -111.236544539761979, 56.867987607813639 ], [ -111.236539688440189, 56.868005487934653 ], [ -111.236538142059644, 56.868023544526586 ], [ -111.236541544665869, 56.868562560672181 ], [ -111.23621347356692, 56.868563181411531 ] ] ] } },
{ "type": "Feature", "properties": { "area_km2": 0.043131730425321223, "mock": false }, "geometry": { "type": "Polygon", "coordinates": [ [ [ -111.223082061588926, 56.867149926695568 ], [ -111.222754002548655, 56.867150512080549 ], [ -111.222752934501656, 56.866970839822947 ], [ -111.2234079782435, 56.866789995944657 ], [ -111.223406907075571, 56.866610323684611 ], [ -111.224063015656355, 56.866609148631277 ], [ -111.224061941355146, 56.866429476373987 ], [ -111.225046099413916, 56.866427707345096 ], [ -111.225376313273017, 56.866786460423043 ], [ -111.225704369067373, 56.866785868154302 ], [ -111.226030257359682, 56.866425930563096 ], [ -111.226155562309529, 56.86642570378325 ], [ -111.226394514403495, 56.866685297893802 ], [ -111.226410835924071, 56.866701009390546 ], [ -111.226429957272387, 56.866715743054385 ], [ -111.226451685143559, 56.866729349925173 ], [ -111.22647579923435, 56.866741692231486 ], [ -111.226502055697537, 56.866752645001519 ], [ -111.226530188790321, 56.866762097407594 ], [ -111.226559913504772, 56.866769953749824 ], [ -111.226590929347182, 56.86677613452725 ], [ -111.226622921982738, 56.866780577153676 ], [ -111.226655567832935, 56.866783236668006 ], [ -111.226688536374795, 56.866784086179308 ], [ -111.226689623284244, 56.866963758393894 ], [ -111.226361565954818, 56.866964353251085 ], [ -111.226362651304001, 56.867144025464484 ], [ -111.226034592389013, 56.867144619464248 ], [ -111.226040011459432, 56.868042980473319 ], [ -111.225711944666955, 56.868043573631802 ], [ -111.225713026945854, 56.868223245821994 ], [ -111.225056890177044, 56.86822442956251 ], [ -111.224730976930999, 56.86858436452944 ], [ -111.224402905369104, 56.868584954253947 ], [ -111.224405057430246, 56.868944298630034 ], [ -111.224076982709633, 56.868944887501051 ], [ -111.224078057185864, 56.869124559685268 ], [ -111.222437675529946, 56.869127491137228 ], [ -111.222435542321165, 56.868768146723603 ], [ -111.223090618996466, 56.868587304536732 ], [ -111.223089549276949, 56.868407632324846 ], [ -111.223417619315768, 56.868407046050422 ], [ -111.223416548035644, 56.868227373837314 ], [ -111.223744616488929, 56.868226786705371 ], [ -111.223742470820056, 56.867867442271518 ], [ -111.223085270523399, 56.867688943425115 ], [ -111.223082061588926, 56.867149926695568 ] ] ] } },
{ "type": "Feature", "properties": { "area_km2": 0.0076000000000040749, "mock": false }, "geometry": { "type": "Polygon", "coordinates": [ [ [ -111.183896629465266, 56.569486815936294 ], [ -111.183898373138803, 56.569846178582118 ], [ -111.18357289118434, 56.569846659456587 ], [ -111.183573761493165, 56.570026340774909 ], [ -111.182921927245246, 56.569847618649966 ], [ -111.182918458454751, 56.569128893298334 ], [ -111.183568539791068, 56.568948252786456 ], [ -111.183567669542569, 56.568768571436721 ], [ -111.183893142238986, 56.568768090581813 ], [ -111.183894014030471, 56.5689477719283 ], [ -111.184219488259771, 56.568947290218311 ], [ -111.184222108323553, 56.569486334216506 ], [ -111.183896629465266, 56.569486815936294 ] ] ] } },
{ "type": "Feature", "properties": { "area_km2": 0.0056000000000977889, "mock": false }, "geometry": { "type": "Polygon", "coordinates": [ [ [ -111.175775488287442, 56.572912527889684 ], [ -111.175772154628774, 56.572193802613917 ], [ -111.176097656880984, 56.572193342143223 ], [ -111.176096821947098, 56.572013660814306 ], [ -111.176748661356413, 56.572192418646068 ], [ -111.176752013535079, 56.572911143884298 ], [ -111.176426505128859, 56.572911606071372 ], [ -111.176427341654346, 56.573091287370978 ], [ -111.175775488287442, 56.572912527889684 ] ] ] } },
{ "type": "Feature", "properties": { "area_km2": 0.01240000000004482, "mock": false }, "geometry": { "type": "Polygon", "coordinates": [ [ [ -111.140748015160199, 56.607276337917362 ], [ -111.141399624100828, 56.607275599163806 ], [ -111.141726774301375, 56.607634589707203 ], [ -111.142052581845888, 56.60763421819275 ], [ -111.14205527961046, 56.608352940519445 ], [ -111.142381093334663, 56.608352568141797 ], [ -111.142381769342208, 56.608532248707881 ], [ -111.142055954071125, 56.608532621088031 ], [ -111.142056628539564, 56.608712301651416 ], [ -111.141730811713728, 56.608712673181003 ], [ -111.141730138792241, 56.60853299261511 ], [ -111.141078508211109, 56.608533733109958 ], [ -111.140751356370657, 56.608174740915196 ], [ -111.140425544154553, 56.608175109024877 ], [ -111.140424210740932, 56.607815747836447 ], [ -111.140098401610842, 56.607816115088049 ], [ -111.140422877358134, 56.607456386627085 ], [ -111.140748683386846, 56.607456018527394 ], [ -111.140748015160199, 56.607276337917362 ] ] ] } },
{ "type": "Feature", "properties": { "area_km2": 0.011599999999994179, "mock": false }, "geometry": { "type": "Polygon", "coordinates": [ [ [ -111.139123616282475, 56.60853593412012 ], [ -111.13944943162312, 56.608535569417832 ], [ -111.139452742164735, 56.609433972282417 ], [ -111.139126919089264, 56.609434336997047 ], [ -111.139127579673556, 56.609614017556758 ], [ -111.138475930405704, 56.609614744431639 ], [ -111.138475272915443, 56.609435063866982 ], [ -111.138149449817121, 56.609435426022266 ], [ -111.138146826120106, 56.608716703701603 ], [ -111.137821009202085, 56.608717064993925 ], [ -111.137819700492926, 56.608357703797317 ], [ -111.138145514317088, 56.608357342509883 ], [ -111.138144858426969, 56.608177661906183 ], [ -111.138796482958767, 56.608176936776964 ], [ -111.139123616282475, 56.60853593412012 ] ] ] } },
{ "type": "Feature", "properties": { "area_km2": 0.036800000000190923, "mock": false }, "geometry": { "type": "Polygon", "coordinates": [ [ [ -111.173355582285012, 56.613164668423856 ], [ -111.173354759074172, 56.612984988260273 ], [ -111.174658171486328, 56.612983165722987 ], [ -111.174982362698941, 56.612623347643655 ], [ -111.175634062638963, 56.612622429561554 ], [ -111.175633228625529, 56.612442749403989 ], [ -111.175959077033781, 56.612442289086225 ], [ -111.175958241482689, 56.612262608926535 ], [ -111.176609935175605, 56.612261685737614 ], [ -111.17693746240316, 56.612620583158645 ], [ -111.177263312319951, 56.612620119424847 ], [ -111.177264154079651, 56.612799799561529 ], [ -111.177590005534057, 56.612799334971349 ], [ -111.177591692177401, 56.613158695222658 ], [ -111.176940823311, 56.613339303686509 ], [ -111.176941663562246, 56.613518983805363 ], [ -111.175312375148849, 56.613521289754203 ], [ -111.175311542634589, 56.613341609619653 ], [ -111.17498568647035, 56.61334206824656 ], [ -111.174661489145052, 56.613701886296454 ], [ -111.174335629866789, 56.613702343223039 ], [ -111.174336457758045, 56.613882023356425 ], [ -111.17401059692277, 56.613882479432824 ], [ -111.174011423276113, 56.614062159564092 ], [ -111.173685560883854, 56.614062614790335 ], [ -111.173686385699284, 56.614242294919443 ], [ -111.173360521750013, 56.614242749295499 ], [ -111.173361345027516, 56.614422429422454 ], [ -111.173035479521232, 56.614422882948318 ], [ -111.173036301260737, 56.614602563073106 ], [ -111.171731201861206, 56.614245008376571 ], [ -111.171729570809404, 56.613885648076305 ], [ -111.172380473996867, 56.613705066864057 ], [ -111.172379655399709, 56.613525386706954 ], [ -111.172705513187722, 56.613524934903005 ], [ -111.172704693052637, 56.613345254743749 ], [ -111.173030549283752, 56.613344802089607 ], [ -111.173029727610768, 56.613165121928162 ], [ -111.173355582285012, 56.613164668423856 ] ] ] } },
{ "type": "Feature", "properties": { "area_km2": 0.027999999999972061, "mock": false }, "geometry": { "type": "Polygon", "coordinates": [ [ [ -111.188026175608911, 56.614580817587424 ], [ -111.188027068543818, 56.614760497559416 ], [ -111.188352936688617, 56.614760004775839 ], [ -111.188355620197967, 56.615299044650392 ], [ -111.188681492975078, 56.61529855100347 ], [ -111.188686869558865, 56.616376630591169 ], [ -111.18836098749594, 56.616377124258207 ], [ -111.188362776678048, 56.616736484085621 ], [ -111.18803689150937, 56.616736976905997 ], [ -111.188037784568209, 56.616916656815199 ], [ -111.18771189784151, 56.616917148785554 ], [ -111.187713680894632, 56.617276508594941 ], [ -111.187387791062079, 56.617276999718598 ], [ -111.187388681056348, 56.617456679618769 ], [ -111.186736011366122, 56.617277979405792 ], [ -111.186734237599524, 56.616918619576431 ], [ -111.186408350831655, 56.616919108133338 ], [ -111.18640303906416, 56.61584102849983 ], [ -111.18705390566339, 56.615660370621889 ], [ -111.187053017319684, 56.61548069066604 ], [ -111.187378891685654, 56.615480200429033 ], [ -111.187375332223226, 56.614761480566713 ], [ -111.188026175608911, 56.614580817587424 ] ] ] } },
{ "type": "Feature", "properties": { "area_km2": 0.0056000000000128057, "mock": false }, "geometry": { "type": "Polygon", "coordinates": [ [ [ -111.183476240863001, 56.617103146694262 ], [ -111.183477983694559, 56.617462506578939 ], [ -111.1828270689943, 56.617643145732622 ], [ -111.182827937339624, 56.617822825668384 ], [ -111.182176148072642, 56.617823781480517 ], [ -111.181848526030379, 56.617464898210287 ], [ -111.182499442348686, 56.617284264168418 ], [ -111.182498575581235, 56.617104584213713 ], [ -111.182824464018537, 56.617104105893922 ], [ -111.182823595713373, 56.616924425937249 ], [ -111.183149482592881, 56.616923946767344 ], [ -111.183150352445793, 56.617103626720777 ], [ -111.183476240863001, 56.617103146694262 ] ] ] } },
{ "type": "Feature", "properties": { "area_km2": 0.013600000000000582, "mock": false }, "geometry": { "type": "Polygon", "coordinates": [ [ [ -111.175985819771142, 56.618192051433532 ], [ -111.176637615604037, 56.618191128037822 ], [ -111.176638454569812, 56.618370808018582 ], [ -111.177289411398107, 56.618190201228479 ], [ -111.177288569346288, 56.618010521248785 ], [ -111.1779403620057, 56.618009591032155 ], [ -111.177941207153225, 56.618189271005548 ], [ -111.178267105016118, 56.618188804613965 ], [ -111.177942897477593, 56.618548630936623 ], [ -111.176640132530494, 56.618730167964415 ], [ -111.17631590487882, 56.619089990029558 ], [ -111.175663259186678, 56.618911231780473 ], [ -111.175662424835579, 56.618731551806022 ], [ -111.175336522251285, 56.618732011379727 ], [ -111.175335689457754, 56.618552331396927 ], [ -111.175009788411742, 56.618552790114073 ], [ -111.175008957175748, 56.618373110122931 ], [ -111.17468305766802, 56.618373567983554 ], [ -111.17500729473258, 56.618013750124916 ], [ -111.175984983910809, 56.618012371441253 ], [ -111.175985819771142, 56.618192051433532 ] ] ] } },
{ "type": "Feature", "properties": { "area_km2": 0.049199999999859134, "mock": false }, "geometry": { "type": "Polygon", "coordinates": [ [ [ -111.190978020926678, 56.618349629523387 ], [ -111.190326222885005, 56.618350628025475 ], [ -111.189998519001492, 56.617991766296797 ], [ -111.189672623050242, 56.617992263407594 ], [ -111.18967082134067, 56.617632903680324 ], [ -111.189996714196269, 56.617632406576284 ], [ -111.18999490943277, 56.617273046834825 ], [ -111.190320799182331, 56.617272548884181 ], [ -111.190319895268473, 56.617092869008971 ], [ -111.19097257865009, 56.617271550422743 ], [ -111.190973485669957, 56.61745123028593 ], [ -111.191625268191316, 56.617450228404188 ], [ -111.191949336120288, 56.617090366472056 ], [ -111.192601112387351, 56.617089359483714 ], [ -111.19260202713555, 56.617269039335092 ], [ -111.192927916800983, 56.617268534557439 ], [ -111.192929749424721, 56.61762789423765 ], [ -111.193582454338326, 56.617806561933854 ], [ -111.19358613213825, 56.618525281183075 ], [ -111.193260231659195, 56.618525787691532 ], [ -111.193262067527115, 56.618885147291628 ], [ -111.193587971102019, 56.618884640776272 ], [ -111.193593488248567, 56.619962719430312 ], [ -111.193267575385747, 56.619963225966266 ], [ -111.193268493399344, 56.620142905727079 ], [ -111.192290750103098, 56.620144420224463 ], [ -111.191963012017624, 56.619785563795823 ], [ -111.191637100649928, 56.619786066061067 ], [ -111.191636190397645, 56.619606386272686 ], [ -111.191310280567436, 56.619606887681094 ], [ -111.191307554517664, 56.619067848274398 ], [ -111.191633459703937, 56.619067346876221 ], [ -111.191631639294116, 56.618707987252392 ], [ -111.1909789280095, 56.618529309355161 ], [ -111.190978020926678, 56.618349629523387 ] ] ] } },
{ "type": "Feature", "properties": { "area_km2": 0.01599999999994936, "mock": false }, "geometry": { "type": "Polygon", "coordinates": [ [ [ -111.182507243706766, 56.618901383525348 ], [ -111.18250811057446, 56.619081063427721 ], [ -111.1828340160382, 56.619080585072247 ], [ -111.182835752899607, 56.619439944854811 ], [ -111.182184801119973, 56.619620580615283 ], [ -111.182185666479754, 56.619800260499972 ], [ -111.181859754803995, 56.619800737161547 ], [ -111.181861482457492, 56.620160096921722 ], [ -111.181535567675667, 56.620160572736268 ], [ -111.181536429969313, 56.62034025261174 ], [ -111.180883738082088, 56.620161521805002 ], [ -111.18088201971689, 56.619802162025486 ], [ -111.180556108001284, 56.619802635273231 ], [ -111.180551820002094, 56.618904235716812 ], [ -111.180877723977773, 56.618903762485139 ], [ -111.180876864859755, 56.618724082561378 ], [ -111.18152866968542, 56.618723133544194 ], [ -111.181529531899301, 56.61890281346151 ], [ -111.182507243706766, 56.618901383525348 ] ] ] } },
{ "type": "Feature", "properties": { "area_km2": 0.0071999999999604186, "mock": false }, "geometry": { "type": "Polygon", "coordinates": [ [ [ -111.201087570821358, 56.619591474178968 ], [ -111.201415393724332, 56.61995030652902 ], [ -111.201741306315895, 56.619949778656554 ], [ -111.201742264578741, 56.620129458326083 ], [ -111.20206817870725, 56.620128929596568 ], [ -111.20174418113767, 56.620488817649417 ], [ -111.200766429397248, 56.620490398738639 ], [ -111.200765475756498, 56.62031071906884 ], [ -111.200439560035676, 56.62031124438807 ], [ -111.200437655883334, 56.619951885025671 ], [ -111.200111743247632, 56.619952409484291 ], [ -111.200110792736012, 56.619772729791684 ], [ -111.200436703823698, 56.619772205336631 ], [ -111.200435751775061, 56.619592525642339 ], [ -111.201087570821358, 56.619591474178968 ] ] ] } },
{ "type": "Feature", "properties": { "area_km2": 0.022799999999833526, "mock": false }, "geometry": { "type": "Polygon", "coordinates": [ [ [ -111.185121509045814, 56.620334971674922 ], [ -111.185122388378446, 56.620514651509318 ], [ -111.18577422390247, 56.620513680237224 ], [ -111.185775106341495, 56.620693360059803 ], [ -111.187078783459356, 56.620691407260622 ], [ -111.18740648310316, 56.621050276523377 ], [ -111.187732405442958, 56.62104978532971 ], [ -111.187733297201561, 56.621229465116663 ], [ -111.1880592210792, 56.621228973066188 ], [ -111.187735080749718, 56.62158882467488 ], [ -111.187409153765387, 56.621589315878552 ], [ -111.187410044006725, 56.621768995653127 ], [ -111.186106329773793, 56.621770951945919 ], [ -111.1861072138325, 56.621950631728559 ], [ -111.18545535355814, 56.621951604760447 ], [ -111.185454472595907, 56.621771924971199 ], [ -111.185128543991667, 56.621772410203569 ], [ -111.185125905810693, 56.621233370794563 ], [ -111.184473181583911, 56.621054658858974 ], [ -111.184470552813764, 56.620515619367481 ], [ -111.184796470601171, 56.620515135865141 ], [ -111.184795592816656, 56.620335456027455 ], [ -111.185121509045814, 56.620334971674922 ] ] ] } },
{ "type": "Feature", "properties": { "area_km2": 0.033200000000020956, "mock": false }, "geometry": { "type": "Polygon", "coordinates": [ [ [ -111.193600845039569, 56.62140015734262 ], [ -111.194252695503067, 56.621399141655147 ], [ -111.194251772770627, 56.621219461941322 ], [ -111.19490362009509, 56.621218442846754 ], [ -111.194904545923904, 56.62139812255365 ], [ -111.195556396301882, 56.621397100038166 ], [ -111.195557325237772, 56.621576779732891 ], [ -111.196209178669179, 56.621575753796385 ], [ -111.196210110712258, 56.62175543347891 ], [ -111.196536038959991, 56.621754919226888 ], [ -111.196538839798592, 56.62229395823266 ], [ -111.196212906906098, 56.62229447249512 ], [ -111.196217567444862, 56.623192870750849 ], [ -111.195891626799991, 56.623193384177206 ], [ -111.195892557391701, 56.623373063816153 ], [ -111.195240672972986, 56.623374088115156 ], [ -111.195241600478695, 56.623553767755801 ], [ -111.194588788511368, 56.623375108999866 ], [ -111.194585090982585, 56.622656390357236 ], [ -111.193932297606068, 56.622477728119399 ], [ -111.193931376357867, 56.622298048433514 ], [ -111.193280428542408, 56.622478742141148 ], [ -111.193279510390767, 56.622299062448384 ], [ -111.192953577391279, 56.622299568175507 ], [ -111.193275837890411, 56.621580343625013 ], [ -111.193601764686306, 56.6215798370581 ], [ -111.193600845039569, 56.62140015734262 ] ] ] } },
{ "type": "Feature", "properties": { "area_km2": 0.0055999999999610008, "mock": false }, "geometry": { "type": "Polygon", "coordinates": [ [ [ -111.167861490404093, 56.623414025570398 ], [ -111.167535547341387, 56.623414464739398 ], [ -111.167536343233408, 56.623594144654085 ], [ -111.166884453983585, 56.623595020437357 ], [ -111.166883661188379, 56.623415340516686 ], [ -111.16655771809809, 56.623415777124968 ], [ -111.16655613563195, 56.623056417262063 ], [ -111.166882075625452, 56.623055980659707 ], [ -111.166881282857759, 56.62287630072337 ], [ -111.16785909813818, 56.62287498580384 ], [ -111.167859895550933, 56.62305466573126 ], [ -111.168185835507657, 56.623054225714654 ], [ -111.167861490404093, 56.623414025570398 ] ] ] } },
{ "type": "Feature", "properties": { "area_km2": 0.21560000000003202, "mock": false }, "geometry": { "type": "Polygon", "coordinates": [ [ [ -111.138213111642045, 56.626864416684981 ], [ -111.138212454970116, 56.626684736619836 ], [ -111.137234539843405, 56.626685818671668 ], [ -111.136907267188036, 56.626326817482685 ], [ -111.136581298553921, 56.626327175600707 ], [ -111.136580649648224, 56.626147495507688 ], [ -111.13625468255529, 56.626147852769584 ], [ -111.136254035205752, 56.625968172668905 ], [ -111.135928069654, 56.62596852907474 ], [ -111.135926778074676, 56.625609168852833 ], [ -111.1352742104621, 56.625430198970278 ], [ -111.135273567788303, 56.625250518841426 ], [ -111.134947608408666, 56.625250872676681 ], [ -111.134946967290887, 56.625071192540204 ], [ -111.134621009452417, 56.625071545519404 ], [ -111.134945685077568, 56.624711832251563 ], [ -111.135271639811521, 56.624711478423521 ], [ -111.135270997167453, 56.624531798273757 ], [ -111.13624885667906, 56.624530731675101 ], [ -111.136248209396925, 56.62435105152737 ], [ -111.13657416100402, 56.624350694289696 ], [ -111.136572863365217, 56.623991333983369 ], [ -111.1372241084579, 56.623810936800773 ], [ -111.137223456560406, 56.623631256639406 ], [ -111.137549401951077, 56.623630896850663 ], [ -111.137222152788055, 56.623271896300977 ], [ -111.13657091696335, 56.623452293484654 ], [ -111.136570268177721, 56.623272613307954 ], [ -111.136244325861298, 56.62327297053109 ], [ -111.136243031409322, 56.62291361015717 ], [ -111.135917092182154, 56.622913966521907 ], [ -111.135913218295684, 56.621835885260161 ], [ -111.135587288350848, 56.621836240756828 ], [ -111.135584068058478, 56.620937839549555 ], [ -111.135258145847189, 56.620938194180674 ], [ -111.135254933481619, 56.620039792830646 ], [ -111.135906116868696, 56.619859402458161 ], [ -111.135905471329224, 56.619679722172052 ], [ -111.136231382688933, 56.619679365850871 ], [ -111.136230735608933, 56.619499685561948 ], [ -111.137534374780657, 56.619498251752347 ], [ -111.137535028052781, 56.619677932031543 ], [ -111.137860939374917, 56.61967757144307 ], [ -111.137862903880745, 56.62021661224189 ], [ -111.137211723694847, 56.620397012840741 ], [ -111.137213027225954, 56.620756373346481 ], [ -111.137538947844135, 56.620756013596825 ], [ -111.137539601169124, 56.620935693839378 ], [ -111.137865523327889, 56.620935333233781 ], [ -111.137864868454741, 56.620755652993651 ], [ -111.13851670965326, 56.620754929226848 ], [ -111.138516051691411, 56.620575248986391 ], [ -111.139493808787634, 56.620574156942411 ], [ -111.139821056120795, 56.620933151676653 ], [ -111.140146978226156, 56.620932785096542 ], [ -111.140147643944033, 56.62111246531417 ], [ -111.140473567589865, 56.62111209787809 ], [ -111.140476904035822, 56.622010498875206 ], [ -111.140802835415045, 56.622010130573138 ], [ -111.140803504275638, 56.622189810754378 ], [ -111.140152304184781, 56.622370226691018 ], [ -111.140152969964234, 56.622549906866794 ], [ -111.139501097877584, 56.622550639218247 ], [ -111.139500435194734, 56.622370959037482 ], [ -111.138848566174033, 56.622371687969761 ], [ -111.13884790659543, 56.622192007778843 ], [ -111.138196040640764, 56.622192733292017 ], [ -111.138195384166323, 56.622013053090932 ], [ -111.13786945272588, 56.622013414564769 ], [ -111.137870107652049, 56.622193094768306 ], [ -111.137544174655758, 56.62219345539102 ], [ -111.137545481434245, 56.622552815787316 ], [ -111.138198010109676, 56.622731773863876 ], [ -111.138199323126912, 56.623091134218996 ], [ -111.138851864181575, 56.623270088845963 ], [ -111.138852523805966, 56.623449769005539 ], [ -111.13917846761025, 56.623449404951337 ], [ -111.139179128790687, 56.623629085103197 ], [ -111.139505074135741, 56.623628720192954 ], [ -111.139505736872266, 56.623808400337097 ], [ -111.139831683758075, 56.623808034570771 ], [ -111.139832348050732, 56.623987714707226 ], [ -111.14015829647731, 56.623987348084839 ], [ -111.140158962326097, 56.624167028213549 ], [ -111.141136812204962, 56.624165923217291 ], [ -111.141464106257743, 56.624524913399732 ], [ -111.141790059291097, 56.624524542501796 ], [ -111.141794774756264, 56.625782303095569 ], [ -111.142120738621855, 56.625781931326372 ], [ -111.142122764298392, 56.626320971494849 ], [ -111.142775379636603, 56.626499905420914 ], [ -111.142776057982999, 56.626679585456316 ], [ -111.14245008638963, 56.626679958945523 ], [ -111.142451440008429, 56.627039319005718 ], [ -111.142125465309775, 56.627039691646289 ], [ -111.142127491150333, 56.627578731704958 ], [ -111.141801511797468, 56.627579103499421 ], [ -111.141802185544464, 56.627758783511055 ], [ -111.141149553068402, 56.627579844527183 ], [ -111.141148211793009, 56.627220484478173 ], [ -111.140822235514435, 56.627220853706461 ], [ -111.14082156643714, 56.627041173671621 ], [ -111.139843642201356, 56.627042276226817 ], [ -111.139844306632313, 56.62722195626916 ], [ -111.139192354005786, 56.627222687042426 ], [ -111.13886505811935, 56.626863691043752 ], [ -111.138213111642045, 56.626864416684981 ] ] ] } },
{ "type": "Feature", "properties": { "area_km2": 0.079599999999823631, "mock": false }, "geometry": { "type": "Polygon", "coordinates": [ [ [ -111.203871121288344, 56.652288845812045 ], [ -111.203870151731223, 56.652109167100853 ], [ -111.204522531518123, 56.652108097254782 ], [ -111.204523504177757, 56.65228777595869 ], [ -111.205502078427401, 56.652286164769883 ], [ -111.20550110111401, 56.652106486076903 ], [ -111.206479670608076, 56.652104867208571 ], [ -111.207128110049382, 56.651385068939618 ], [ -111.207780477200004, 56.65138398203311 ], [ -111.20778146532642, 56.651563660721322 ], [ -111.20876002062009, 56.651562023941914 ], [ -111.208759027840159, 56.651382345264814 ], [ -111.211042312264098, 56.651378496232269 ], [ -111.211043315902302, 56.651558174883228 ], [ -111.211369500896311, 56.651557621599785 ], [ -111.211371511309963, 56.651916978878447 ], [ -111.212024895794599, 56.652095548357046 ], [ -111.21202892921832, 56.652814262800533 ], [ -111.211702733388876, 56.652814817819312 ], [ -111.21170374022266, 56.652994496420895 ], [ -111.211051345426171, 56.652995603902404 ], [ -111.210723143662449, 56.652636799130462 ], [ -111.2094183662944, 56.652639000391218 ], [ -111.209094160758454, 56.652998905838359 ], [ -111.209420358231938, 56.65299835765201 ], [ -111.209421354218009, 56.653178036274575 ], [ -111.209095155193154, 56.653178584464634 ], [ -111.209096149639393, 56.653358263085686 ], [ -111.20779134721964, 56.653360447315492 ], [ -111.207463173218599, 56.653001633952229 ], [ -111.207136975676306, 56.653002177011444 ], [ -111.207135990561028, 56.652822498357708 ], [ -111.206483598544892, 56.652823581905182 ], [ -111.206159363453708, 56.653183479721399 ], [ -111.205833164314555, 56.653184019366172 ], [ -111.205834143247188, 56.653363698024123 ], [ -111.205507942545353, 56.653364236818007 ], [ -111.205508919937941, 56.653543915474394 ], [ -111.2042041108121, 56.653546062119162 ], [ -111.203879847807542, 56.653905953977464 ], [ -111.20322647039373, 56.653727341806608 ], [ -111.203225503849609, 56.653547663130041 ], [ -111.203551706181656, 56.65354713031428 ], [ -111.203547833911671, 56.652828415570063 ], [ -111.20387403002708, 56.652827881914277 ], [ -111.20387209085672, 56.652468524518028 ], [ -111.203545897843867, 56.652469058166574 ], [ -111.203544929826819, 56.652289379456981 ], [ -111.203871121288344, 56.652288845812045 ] ] ] } },
{ "type": "Feature", "properties": { "area_km2": 0.17079999999950291, "mock": false }, "geometry": { "type": "Polygon", "coordinates": [ [ [ -111.192134618020816, 56.653565270411846 ], [ -111.192787023414951, 56.653564262034806 ], [ -111.19278610652627, 56.65338458324026 ], [ -111.193112307656037, 56.653384077773353 ], [ -111.192782439077718, 56.652665868009784 ], [ -111.193108634002101, 56.652665362556618 ], [ -111.193107715615199, 56.652485683739378 ], [ -111.193760102329506, 56.652484670276358 ], [ -111.193761023818993, 56.652664349086734 ], [ -111.194413413593239, 56.65266333219877 ], [ -111.194414338196026, 56.652843010997032 ], [ -111.194740534618433, 56.652842501267806 ], [ -111.195064875629996, 56.652482633096213 ], [ -111.194738682320931, 56.652483143673024 ], [ -111.194736830066333, 56.652123786057324 ], [ -111.195388281254921, 56.651943085254324 ], [ -111.195387352051981, 56.651763406440331 ], [ -111.197018287356883, 56.651760836535928 ], [ -111.197342597397437, 56.651400962389829 ], [ -111.197994965217092, 56.651399926751751 ], [ -111.197995906808018, 56.651579605548221 ], [ -111.199300648521131, 56.651577524004232 ], [ -111.199301596327771, 56.651757202781326 ], [ -111.199627783279865, 56.651756680255595 ], [ -111.199630631419325, 56.652295716544856 ], [ -111.199304439813517, 56.652296239081245 ], [ -111.19930538766404, 56.652475917837428 ], [ -111.198326808127007, 56.65247748033017 ], [ -111.198327751334645, 56.652657159091724 ], [ -111.197675361819407, 56.652658196488055 ], [ -111.197676301935317, 56.652837875251429 ], [ -111.197350105610056, 56.652838392671335 ], [ -111.197351982771849, 56.653197750189385 ], [ -111.197678182199795, 56.653197232762466 ], [ -111.197679122348362, 56.653376911510129 ], [ -111.19833152427428, 56.653375874085626 ], [ -111.198332467536488, 56.653555552821018 ], [ -111.200289682359937, 56.65355242001732 ], [ -111.200288729789435, 56.65337274130318 ], [ -111.200614930670142, 56.6533722161819 ], [ -111.200615884792043, 56.653551894892459 ], [ -111.200942087213079, 56.653551368913057 ], [ -111.200943998592791, 56.653910726311338 ], [ -111.201270204105597, 56.653910199470239 ], [ -111.201272118632446, 56.654269556840433 ], [ -111.201598327237051, 56.654269029137609 ], [ -111.201600244911205, 56.654628386479708 ], [ -111.201274033203632, 56.654628914189701 ], [ -111.201274990505851, 56.65480859285649 ], [ -111.200296350662214, 56.654810170869716 ], [ -111.199972039584324, 56.655170052511373 ], [ -111.198014740915596, 56.655173180378995 ], [ -111.198015682735445, 56.655352859065601 ], [ -111.196384592453697, 56.655355442138095 ], [ -111.196383658391667, 56.655175763433917 ], [ -111.195731225306275, 56.655176790673721 ], [ -111.19573215626518, 56.655356469384856 ], [ -111.191817538233877, 56.655362561078853 ], [ -111.191816625893765, 56.655182882326351 ], [ -111.191490409206963, 56.655183384409199 ], [ -111.191484033982263, 56.653925632971415 ], [ -111.192135531817286, 56.653744949207983 ], [ -111.192134618020816, 56.653565270411846 ] ] ] } },
{ "type": "Feature", "properties": { "area_km2": 0.013209994796982876, "mock": false }, "geometry": { "type": "Polygon", "coordinates": [ [ [ -111.20747106696254, 56.654439062964151 ], [ -111.207797276904657, 56.654438519020871 ], [ -111.207798265225534, 56.654618197620096 ], [ -111.207145842226907, 56.654619284659475 ], [ -111.207113069479675, 56.654620248535572 ], [ -111.207080638406453, 56.654623021304715 ], [ -111.207048877347049, 56.654627574930132 ], [ -111.207018107529194, 56.654633863329352 ], [ -111.206988640787685, 56.654641822827138 ], [ -111.206960775001633, 56.654651372881759 ], [ -111.206934792467379, 56.654662416806417 ], [ -111.206910956153123, 56.654674842853375 ], [ -111.206889507094743, 56.654688525206574 ], [ -111.206870662772033, 56.654703325331852 ], [ -111.206854613692386, 56.654719093599624 ], [ -111.206530365912272, 56.655078992280835 ], [ -111.206517709832781, 56.655094935095597 ], [ -111.20650791273863, 56.6551114774323 ], [ -111.206501066757511, 56.655128464164648 ], [ -111.206497235939992, 56.655145735990232 ], [ -111.206496456104503, 56.655163130958066 ], [ -111.206498734844601, 56.655180485816118 ], [ -111.206504050560838, 56.655197637989446 ], [ -111.206512353607323, 56.655214426476675 ], [ -111.206523565976042, 56.65523069382705 ], [ -111.206537582446842, 56.65524628766579 ], [ -111.206554271733467, 56.655261061500845 ], [ -111.206573477311238, 56.655274876967511 ], [ -111.206595018888379, 56.655287604454955 ], [ -111.20661869469788, 56.655299124629735 ], [ -111.206644282644064, 56.655309329332361 ], [ -111.206671542594108, 56.65531812301095 ], [ -111.206700219152864, 56.655325423076121 ], [ -111.206730043137753, 56.655331161156226 ], [ -111.20676073500627, 56.655335283451201 ], [ -111.206792006815817, 56.655337751178465 ], [ -111.206823565490026, 56.65533854128622 ], [ -111.206948169569984, 56.65533833426506 ], [ -111.207185649139475, 56.655597975001648 ], [ -111.207201871135297, 56.655613689613823 ], [ -111.207220877807032, 56.655628426801201 ], [ -111.207242477009075, 56.655642037568022 ], [ -111.207266449742718, 56.6556543841034 ], [ -111.207292553590236, 56.655665341392719 ], [ -111.207320524353463, 56.655674798562615 ], [ -111.207350078668995, 56.655682659864951 ], [ -111.207380917765761, 56.655688845748614 ], [ -111.207412729100227, 56.655693293575659 ], [ -111.207445190927629, 56.655695958332409 ], [ -111.207477974588159, 56.655696813074869 ], [ -111.207151753773843, 56.655697356189393 ], [ -111.207153724380731, 56.65605671332419 ], [ -111.206827500451766, 56.656057255591442 ], [ -111.206828484220679, 56.656236934154677 ], [ -111.206176033225319, 56.656238016132704 ], [ -111.206175052559701, 56.656058337562108 ], [ -111.205848828596629, 56.656058877265522 ], [ -111.205842954150853, 56.654980805710224 ], [ -111.206494401308959, 56.654800046889278 ], [ -111.206491454964151, 56.654261011047296 ], [ -111.206817663389046, 56.654260469671435 ], [ -111.206816679745401, 56.654080791050639 ], [ -111.207470080204573, 56.65425938435596 ], [ -111.20747106696254, 56.654439062964151 ] ] ] } },
{ "type": "Feature", "properties": { "area_km2": 0.0064863451264772403, "mock": false }, "geometry": { "type": "Polygon", "coordinates": [ [ [ -111.208777892624454, 56.654796239234642 ], [ -111.20910211655854, 56.654436334702048 ], [ -111.209428326443273, 56.654435786485934 ], [ -111.209427330376514, 56.654256107899997 ], [ -111.210079747008422, 56.654255008911484 ], [ -111.210080746178136, 56.654434687489967 ], [ -111.210406956028237, 56.654434136710108 ], [ -111.210408957505308, 56.654793493843869 ], [ -111.210082744552238, 56.654794044631196 ], [ -111.210083743756641, 56.654973723193962 ], [ -111.209105100173531, 56.65497537043963 ], [ -111.209106094734906, 56.655155049008329 ], [ -111.208779878632598, 56.655155596384752 ], [ -111.208778885622792, 56.654975917812344 ], [ -111.20877721740608, 56.654958308891217 ], [ -111.208772423853546, 56.654940874738287 ], [ -111.208764550753259, 56.654923783457136 ], [ -111.208753674047358, 56.654907199417146 ], [ -111.208739898686176, 56.65489128253666 ], [ -111.208723356984066, 56.654876185950087 ], [ -111.20870420861381, 56.654862055019485 ], [ -111.208682637826257, 56.654849025991915 ], [ -111.208658852299109, 56.654837224294262 ], [ -111.208633081011001, 56.654826763548733 ], [ -111.208605572440973, 56.654817744407993 ], [ -111.208576591465999, 56.654810253931487 ], [ -111.208546416905975, 56.654804364062358 ], [ -111.208515339729857, 56.654800131630537 ], [ -111.208483658809911, 56.654797597461354 ], [ -111.208451679613717, 56.65479678574907 ], [ -111.208777892624454, 56.654796239234642 ] ] ] } },
{ "type": "Feature", "properties": { "area_km2": 0.0068000000000884757, "mock": false }, "geometry": { "type": "Polygon", "coordinates": [ [ [ -111.157237601886209, 56.655231347260276 ], [ -111.157565318440319, 56.6555902930629 ], [ -111.15723909764138, 56.655590705418255 ], [ -111.157239845531947, 56.655770384489415 ], [ -111.156587400804867, 56.655771206641909 ], [ -111.156586656017538, 56.6555915275652 ], [ -111.155607993517151, 56.655592754375959 ], [ -111.15528029553046, 56.655233803412294 ], [ -111.155606513277903, 56.655233396190134 ], [ -111.155605773171118, 56.655053717089395 ], [ -111.156584421707265, 56.655052490303603 ], [ -111.15658516646873, 56.655232169396015 ], [ -111.157237601886209, 56.655231347260276 ] ] ] } },
{ "type": "Feature", "properties": { "area_km2": 0.0040701407301572123, "mock": false }, "geometry": { "type": "Polygon", "coordinates": [ [ [ -111.158954131985439, 56.675532978523897 ], [ -111.158953375373713, 56.675353300041721 ], [ -111.159932549970421, 56.675352046656464 ], [ -111.159933311242952, 56.675531725130128 ], [ -111.160057982380266, 56.675531564993008 ], [ -111.160159314506117, 56.675642482705229 ], [ -111.159934833814418, 56.675891082061803 ], [ -111.158830972899651, 56.675892494507046 ], [ -111.158920768443608, 56.675793055608132 ], [ -111.158933451551093, 56.675777117671522 ], [ -111.158943274841064, 56.675760579120833 ], [ -111.158950145946847, 56.675743595048132 ], [ -111.158954000589958, 56.675726324731933 ], [ -111.158954802736801, 56.675708930109664 ], [ -111.158952544592722, 56.675691574430083 ], [ -111.158947247572669, 56.675674420275641 ], [ -111.158938961154874, 56.675657628665398 ], [ -111.158927763198733, 56.675641357078312 ], [ -111.158913758795791, 56.675625757927371 ], [ -111.158897079123832, 56.675610977752555 ], [ -111.158877880621347, 56.675597154975968 ], [ -111.158856343515978, 56.675584419274834 ], [ -111.158832669533311, 56.675572890057218 ], [ -111.158807080750663, 56.675562675565168 ], [ -111.15877981730641, 56.675553871440236 ], [ -111.158751134624055, 56.675546560367671 ], [ -111.158721301938357, 56.675540810820671 ], [ -111.158690598866755, 56.675536676705356 ], [ -111.158659313449348, 56.675534196914178 ], [ -111.15862773888206, 56.675533394611307 ], [ -111.158954131985439, 56.675532978523897 ] ] ] } },
{ "type": "Feature", "properties": { "area_km2": 0.11439999999984808, "mock": false }, "geometry": { "type": "Polygon", "coordinates": [ [ [ -111.145098150254043, 56.722086679119208 ], [ -111.145097458373542, 56.72190700187339 ], [ -111.144770663479406, 56.721907381850194 ], [ -111.144769282858945, 56.721548027337761 ], [ -111.144115012097856, 56.721369107441568 ], [ -111.144114324924018, 56.721189430167179 ], [ -111.143460747545717, 56.721190184102923 ], [ -111.143132593869908, 56.72083120520584 ], [ -111.142805808277274, 56.720831580026761 ], [ -111.142805127359935, 56.720651902726473 ], [ -111.142478343317549, 56.720652276688135 ], [ -111.142477663966218, 56.720472599380066 ], [ -111.141497316466257, 56.720473716117127 ], [ -111.141169187736381, 56.720114731997391 ], [ -111.140842408329121, 56.720115101667915 ], [ -111.140841065262236, 56.719755746989989 ], [ -111.140514288963317, 56.719756115798774 ], [ -111.140513618999606, 56.719576438449486 ], [ -111.13986006949456, 56.719577173492006 ], [ -111.139859402654636, 56.719397496132487 ], [ -111.139532629448524, 56.719397862366236 ], [ -111.139530633649116, 56.718858830248912 ], [ -111.139857402181264, 56.718858464022624 ], [ -111.139856735372277, 56.718678786642236 ], [ -111.140510939222381, 56.718857729000085 ], [ -111.140512279095447, 56.719217083735238 ], [ -111.140839050720317, 56.719216714933971 ], [ -111.140839722226488, 56.719396392291181 ], [ -111.141493268568851, 56.719395652113569 ], [ -111.141492593946651, 56.719215974761376 ], [ -111.142472908727456, 56.719214858077436 ], [ -111.143129181571567, 56.719932818664851 ], [ -111.143782051599942, 56.719752389159645 ], [ -111.143781366055848, 56.719572711835667 ], [ -111.144434915372329, 56.71957195623267 ], [ -111.144435604032466, 56.71975163355151 ], [ -111.145742708801549, 56.719750112054946 ], [ -111.146727234862638, 56.7208270256316 ], [ -111.148687238755286, 56.720645024917239 ], [ -111.149015443696982, 56.721003989174434 ], [ -111.149995804664286, 56.721002813300025 ], [ -111.149996519877348, 56.721182490532506 ], [ -111.150323308408076, 56.721182096858243 ], [ -111.149997950328427, 56.721541844981765 ], [ -111.149671158673002, 56.721542237804641 ], [ -111.149673299737046, 56.722081269447372 ], [ -111.149346503398604, 56.722081661421498 ], [ -111.149347927699424, 56.722441015829205 ], [ -111.150002241880671, 56.72261990820423 ], [ -111.150002957168383, 56.722799585389687 ], [ -111.149676154604961, 56.722799978231251 ], [ -111.149677582088572, 56.723159332591884 ], [ -111.149024681340876, 56.723339792893086 ], [ -111.149025391986541, 56.723519470065675 ], [ -111.148698583164801, 56.723519860347473 ], [ -111.148699292260275, 56.723699537517476 ], [ -111.147392050657558, 56.723701090087118 ], [ -111.147391347795832, 56.723521412906571 ], [ -111.147064538933137, 56.723521798904308 ], [ -111.147062435071973, 56.722982767323401 ], [ -111.148368236772669, 56.722621863830874 ], [ -111.14836682180524, 56.722262509417675 ], [ -111.148040023875609, 56.722262897967347 ], [ -111.148039317962457, 56.722083220750299 ], [ -111.145098150254043, 56.722086679119208 ] ] ] } },
{ "type": "Feature", "properties": { "area_km2": 0.0068000000000320139, "mock": false }, "geometry": { "type": "Polygon", "coordinates": [ [ [ -111.142809893947188, 56.721909643718931 ], [ -111.142811255900341, 56.722268998241248 ], [ -111.142158337631557, 56.722449422611938 ], [ -111.142159015511211, 56.722629099865109 ], [ -111.14150473834296, 56.722450166302195 ], [ -111.141504063587774, 56.722270489038763 ], [ -111.141177265490029, 56.722270859596186 ], [ -111.141175919119704, 56.721911505048602 ], [ -111.141502714100895, 56.721911134496189 ], [ -111.141502039369172, 56.721731457217082 ], [ -111.142482419590934, 56.72173034042688 ], [ -111.142483098997417, 56.721910017698399 ], [ -111.142809893947188, 56.721909643718931 ] ] ] } },
{ "type": "Feature", "properties": { "area_km2": 0.015199999999947613, "mock": false }, "geometry": { "type": "Polygon", "coordinates": [ [ [ -111.138931417779759, 56.733593088170366 ], [ -111.138930755014684, 56.73341341121057 ], [ -111.139257649816017, 56.733413046496857 ], [ -111.13925698549923, 56.733233369534304 ], [ -111.139911439395561, 56.733412314498011 ], [ -111.139916111661577, 56.734670053054813 ], [ -111.139589205959297, 56.73467041950024 ], [ -111.139589871897286, 56.734850096418548 ], [ -111.138609150065463, 56.73485119061921 ], [ -111.138608488806156, 56.734671513693463 ], [ -111.138281583073066, 56.734671876710181 ], [ -111.138280263696501, 56.734312522838103 ], [ -111.137953361074835, 56.734312884992733 ], [ -111.137952044847864, 56.733953531094855 ], [ -111.138605182624602, 56.733773128986485 ], [ -111.138604521411295, 56.733593452029417 ], [ -111.138931417779759, 56.733593088170366 ] ] ] } },
{ "type": "Feature", "properties": { "area_km2": 0.01319999999996915, "mock": false }, "geometry": { "type": "Polygon", "coordinates": [ [ [ -111.208081087694495, 56.765120091899689 ], [ -111.208408256764685, 56.765119545674423 ], [ -111.20873741976628, 56.765478349336448 ], [ -111.208410247582421, 56.765478896427318 ], [ -111.208412238446357, 56.765838247159316 ], [ -111.208085063125651, 56.765838793399439 ], [ -111.208089038741406, 56.766557494815643 ], [ -111.207435666371026, 56.766738260099437 ], [ -111.207436657189803, 56.766917935442606 ], [ -111.206781300021888, 56.766739346609391 ], [ -111.206450172422649, 56.766021187107789 ], [ -111.207103537094383, 56.765840426970762 ], [ -111.207102547907255, 56.765660751592556 ], [ -111.207429721699853, 56.765660207930644 ], [ -111.207428730961595, 56.76548053255091 ], [ -111.207755903180043, 56.765479988034556 ], [ -111.207754910890642, 56.765300312653295 ], [ -111.208082081534982, 56.76529976728245 ], [ -111.208081087694495, 56.765120091899689 ] ] ] } },
{ "type": "Feature", "properties": { "area_km2": 0.0092000000000669394, "mock": false }, "geometry": { "type": "Polygon", "coordinates": [ [ [ -111.140809828403079, 56.798813643181425 ], [ -111.141137291995122, 56.798813273267264 ], [ -111.141139316920999, 56.799352298389174 ], [ -111.140485052191593, 56.799532712408542 ], [ -111.140485724058195, 56.799712387438547 ], [ -111.139830112439995, 56.799533447960577 ], [ -111.139826768884532, 56.798635072707242 ], [ -111.139499306827332, 56.798635439181872 ], [ -111.139498639705536, 56.798455764113065 ], [ -111.139826100196757, 56.798455397640929 ], [ -111.139825431516741, 56.798275722569407 ], [ -111.14048102115585, 56.798454662118942 ], [ -111.140481692975627, 56.798634337180239 ], [ -111.140809155009492, 56.798633968127845 ], [ -111.140809828403079, 56.798813643181425 ] ] ] } },
{ "type": "Feature", "properties": { "area_km2": 0.0064000000001012813, "mock": false }, "geometry": { "type": "Polygon", "coordinates": [ [ [ -111.206960259441061, 56.799260499996116 ], [ -111.206963228789704, 56.799799523196832 ], [ -111.206635757743058, 56.799800065843421 ], [ -111.206636745982834, 56.799979740236928 ], [ -111.20598180072291, 56.799980822959597 ], [ -111.205980815615362, 56.799801148558736 ], [ -111.20565334453434, 56.799801688627461 ], [ -111.205650393978601, 56.799262665382528 ], [ -111.205977860361372, 56.799262125324823 ], [ -111.205976875299598, 56.799082450903065 ], [ -111.206631804898791, 56.799081368217223 ], [ -111.206632793092638, 56.799261042631606 ], [ -111.206960259441061, 56.799260499996116 ] ] ] } },
{ "type": "Feature", "properties": { "area_km2": 0.0068, "mock": false }, "geometry": { "type": "Polygon", "coordinates": [ [ [ -111.13919913920833, 56.806002478230845 ], [ -111.139200470977357, 56.806361827930253 ], [ -111.138872941549621, 56.806362192793131 ], [ -111.138873605878899, 56.806541867637485 ], [ -111.138217882670986, 56.806362919940362 ], [ -111.13821656030261, 56.806003570226117 ], [ -111.138544086612214, 56.806003207087187 ], [ -111.138542098417091, 56.805464182484116 ], [ -111.139196475763185, 56.8052837787695 ], [ -111.139197141612868, 56.805463453642666 ], [ -111.139524663199154, 56.805463087932743 ], [ -111.139526665494799, 56.806002112513461 ], [ -111.13919913920833, 56.806002478230845 ] ] ] } },
{ "type": "Feature", "properties": { "area_km2": 0.008399999999919092, "mock": false }, "geometry": { "type": "Polygon", "coordinates": [ [ [ -111.174592809782126, 56.810449876779771 ], [ -111.174594480457017, 56.810809225613085 ], [ -111.174266912795034, 56.810809683380242 ], [ -111.174267746579801, 56.810989357792167 ], [ -111.173285038834152, 56.810990725945025 ], [ -111.173284209751088, 56.810811051523785 ], [ -111.17262907434025, 56.810811959321242 ], [ -111.172299857886486, 56.810453063053806 ], [ -111.172627422471891, 56.810452610450717 ], [ -111.172626596552107, 56.810272936007635 ], [ -111.174264411498882, 56.810270660113098 ], [ -111.174265245254588, 56.81045033454069 ], [ -111.174592809782126, 56.810449876779771 ] ] ] } },
{ "type": "Feature", "properties": { "area_km2": 0.0067999999999871939, "mock": false }, "geometry": { "type": "Polygon", "coordinates": [ [ [ -111.142878486174439, 56.826121956016145 ], [ -111.142223763436988, 56.826302378597475 ], [ -111.142224444312035, 56.826482052838102 ], [ -111.141569034400547, 56.826482797743182 ], [ -111.141568356663143, 56.826303123497468 ], [ -111.141240653264376, 56.826303494657232 ], [ -111.141239300950772, 56.825944146145176 ], [ -111.141894022182697, 56.825763728716829 ], [ -111.141893342908048, 56.825584054452825 ], [ -111.142548737115902, 56.825583307852874 ], [ -111.142549419528052, 56.825762982111769 ], [ -111.142877118188821, 56.825762607519046 ], [ -111.142878486174439, 56.826121956016145 ] ] ] } },
{ "type": "Feature", "properties": { "area_km2": 0.0048000000000424916, "mock": false }, "geometry": { "type": "Polygon", "coordinates": [ [ [ -111.151403078974042, 56.827189959516147 ], [ -111.150746935270362, 56.827011078460117 ], [ -111.150745491899869, 56.826651730141073 ], [ -111.151400179682156, 56.826471262899688 ], [ -111.151399454880263, 56.826291588732531 ], [ -111.151727158026304, 56.82629119090798 ], [ -111.151727884397019, 56.826470865072423 ], [ -111.152055589103455, 56.826470466384976 ], [ -111.152057045007894, 56.826829814692815 ], [ -111.15140235413844, 56.827010285369852 ], [ -111.151403078974042, 56.827189959516147 ] ] ] } },
{ "type": "Feature", "properties": { "area_km2": 0.019599999999912108, "mock": false }, "geometry": { "type": "Polygon", "coordinates": [ [ [ -111.142554196635118, 56.827020701778274 ], [ -111.142554879110719, 56.827200375995474 ], [ -111.142882590322117, 56.827200001382344 ], [ -111.142884642503304, 56.827739023995065 ], [ -111.142229891597367, 56.827919446575372 ], [ -111.142230572543667, 56.82809912076906 ], [ -111.140919696208442, 56.828100607229615 ], [ -111.140593323331188, 56.828460325091285 ], [ -111.13993720884578, 56.82828138724895 ], [ -111.139934529007718, 56.82756269039313 ], [ -111.139606814587736, 56.827563057269593 ], [ -111.139606146216622, 56.8273833830401 ], [ -111.140260900409785, 56.827202974202272 ], [ -111.140261571910955, 56.82738264843195 ], [ -111.140916997574053, 56.827381910383053 ], [ -111.141243357985914, 56.827022191618823 ], [ -111.142554196635118, 56.827020701778274 ] ] ] } },
{ "type": "Feature", "properties": { "area_km2": 0.068399999999948197, "mock": false }, "geometry": { "type": "Polygon", "coordinates": [ [ [ -111.154368736777769, 56.831139177365401 ], [ -111.154367258497146, 56.830779829346142 ], [ -111.154039516193365, 56.83078023412083 ], [ -111.15403509097294, 56.829702189921385 ], [ -111.15370735807582, 56.829702593819277 ], [ -111.153703678473448, 56.828804223495965 ], [ -111.154031403525053, 56.828803819611835 ], [ -111.154029928605908, 56.828444471451526 ], [ -111.154357650510875, 56.828444066712677 ], [ -111.154356911495114, 56.828264392627432 ], [ -111.155013094294944, 56.828443254654282 ], [ -111.155013836457329, 56.82862292872877 ], [ -111.15534155990548, 56.828622521406466 ], [ -111.155342303645526, 56.828802195472946 ], [ -111.155670028654086, 56.828801787287638 ], [ -111.155996259906345, 56.828442030115028 ], [ -111.156323981759456, 56.828441620214846 ], [ -111.156323233329658, 56.828261946146249 ], [ -111.156650953605066, 56.828261535388634 ], [ -111.156651703603899, 56.828441209454397 ], [ -111.156979425439587, 56.828440797833771 ], [ -111.156984686659058, 56.829698516128538 ], [ -111.157312419469633, 56.829698103628004 ], [ -111.157313172676524, 56.829877777646459 ], [ -111.158296375763086, 56.829876534974822 ], [ -111.158297133686261, 56.830056208979578 ], [ -111.158624869600018, 56.830055793032329 ], [ -111.158626388611239, 56.830415141020595 ], [ -111.157971666878453, 56.830595646058093 ], [ -111.157972423267623, 56.830775320044843 ], [ -111.15698919661655, 56.830776560177888 ], [ -111.156988444935109, 56.83059688618269 ], [ -111.156660704269854, 56.830597297836938 ], [ -111.156661454382018, 56.830776971834972 ], [ -111.15633371213876, 56.830777382631751 ], [ -111.156335209250727, 56.831136730617693 ], [ -111.156991451713253, 56.831315582132191 ], [ -111.156992203429667, 56.831495256106514 ], [ -111.157319951932621, 56.831494843577914 ], [ -111.157321458530319, 56.83185419150535 ], [ -111.156993706888628, 56.83185460403957 ], [ -111.156994458631232, 56.832034277998268 ], [ -111.156338203579111, 56.831855426527028 ], [ -111.156337454983941, 56.831675752557516 ], [ -111.156009704885477, 56.831676162507954 ], [ -111.156008957868366, 56.831496488530419 ], [ -111.155681209330538, 56.831496897617761 ], [ -111.155680463891457, 56.831317223632247 ], [ -111.154697222934033, 56.831318445723952 ], [ -111.15469648221152, 56.831138771724902 ], [ -111.154368736777769, 56.831139177365401 ] ] ] } },
{ "type": "Feature", "properties": { "area_km2": 0.13999999999988533, "mock": false }, "geometry": { "type": "Polygon", "coordinates": [ [ [ -111.1438850121923, 56.832229748061202 ], [ -111.14388639016714, 56.832589096167652 ], [ -111.14355863190444, 56.832589473438382 ], [ -111.143559319334415, 56.832769147486367 ], [ -111.142903799646177, 56.832769899451904 ], [ -111.142903115355111, 56.832590225398803 ], [ -111.141919840471488, 56.832591346886701 ], [ -111.141919160896691, 56.832411672820761 ], [ -111.141263647406944, 56.832412416172495 ], [ -111.1412629709789, 56.832232742096288 ], [ -111.140935215791643, 56.832233112479116 ], [ -111.140933866097924, 56.831873764306003 ], [ -111.141261618146387, 56.831873393928213 ], [ -111.141259588956615, 56.83133437163702 ], [ -111.14093184161618, 56.831334742007243 ], [ -111.140930492000919, 56.830975393782005 ], [ -111.141585302462289, 56.830794978075986 ], [ -111.141914404094365, 56.831153954213214 ], [ -111.142242149841834, 56.831153581264601 ], [ -111.142242830930641, 56.831333255364491 ], [ -111.1425705782395, 56.831332881553003 ], [ -111.142571260905555, 56.831512555645126 ], [ -111.142899009775817, 56.831512180970776 ], [ -111.142898325540443, 56.831332506881196 ], [ -111.143226072833414, 56.831332131349072 ], [ -111.143222643929477, 56.830433760835774 ], [ -111.143550383368108, 56.83043338445615 ], [ -111.143549696042015, 56.830253710340408 ], [ -111.144532909602262, 56.830252576047521 ], [ -111.14453221757654, 56.830072901934265 ], [ -111.144859953844701, 56.830072522118684 ], [ -111.144857873108364, 56.829533499755492 ], [ -111.145185604660952, 56.829533119087372 ], [ -111.145183519289887, 56.828994096685065 ], [ -111.145511246127057, 56.828993715164472 ], [ -111.145510549450464, 56.828814041022554 ], [ -111.146821450441706, 56.828812506348228 ], [ -111.147150584721246, 56.829171468781531 ], [ -111.148461498101526, 56.829169916881355 ], [ -111.1484622089163, 56.829349590989231 ], [ -111.148789938809855, 56.829349200860904 ], [ -111.148792076011162, 56.829888223145232 ], [ -111.149448260743654, 56.830067114370856 ], [ -111.14944969187934, 56.830426462513273 ], [ -111.149777431163031, 56.83042606978816 ], [ -111.149781016994197, 56.831324440039609 ], [ -111.149126236778386, 56.831504898696267 ], [ -111.149126950839289, 56.831684572731078 ], [ -111.148143699958453, 56.831685743219637 ], [ -111.147817365240044, 56.832045479737005 ], [ -111.147489611782959, 56.832045867324133 ], [ -111.147490318021767, 56.832225541356543 ], [ -111.147818073048256, 56.832225153766764 ], [ -111.14781948868935, 56.832584501810643 ], [ -111.147491730523996, 56.832584889405702 ], [ -111.147492436787431, 56.832764563422465 ], [ -111.146509157533799, 56.832765721053384 ], [ -111.146508455978719, 56.83258604702872 ], [ -111.145852939574425, 56.832586814475626 ], [ -111.145852241166352, 56.832407140440537 ], [ -111.145196727868438, 56.832407904440792 ], [ -111.144867583832067, 56.832048937048988 ], [ -111.144212076763338, 56.832049695876783 ], [ -111.144212767308119, 56.832229369935241 ], [ -111.1438850121923, 56.832229748061202 ] ] ] } },
{ "type": "Feature", "properties": { "area_km2": 0.024400000000068686, "mock": false }, "geometry": { "type": "Polygon", "coordinates": [ [ [ -111.13766227780242, 56.833494487604113 ], [ -111.140612173785385, 56.833491200460927 ], [ -111.140612847129404, 56.833670874505685 ], [ -111.141596150358779, 56.833669763296726 ], [ -111.141925277354261, 56.834028739226632 ], [ -111.142253048212908, 56.834028366237391 ], [ -111.142253729428404, 56.834208040253891 ], [ -111.142581501848724, 56.834207666401667 ], [ -111.142582184641768, 56.834387340410416 ], [ -111.14290995862379, 56.834386965695252 ], [ -111.142583550251686, 56.834746688412274 ], [ -111.14127244168732, 56.834748178689082 ], [ -111.140943314613068, 56.834389201080029 ], [ -111.140615540583724, 56.834389570632688 ], [ -111.140614867208399, 56.834209896608755 ], [ -111.138976004792653, 56.834211731453287 ], [ -111.138975339273173, 56.834032057411655 ], [ -111.137664255479621, 56.834033509789954 ], [ -111.137335169192042, 56.833674522609918 ], [ -111.13766293702048, 56.833674161671269 ], [ -111.13766227780242, 56.833494487604113 ] ] ] } },
{ "type": "Feature", "properties": { "area_km2": 0.0099999999999033761, "mock": false }, "geometry": { "type": "Polygon", "coordinates": [ [ [ -111.1636200401813, 56.848196493572097 ], [ -111.163292145821302, 56.848196922718515 ], [ -111.163292928209543, 56.848376596148483 ], [ -111.162637136320171, 56.8483774518646 ], [ -111.162636357074007, 56.848197778428798 ], [ -111.162308462686738, 56.848198204992656 ], [ -111.162306129715631, 56.847659184645281 ], [ -111.164271106458116, 56.847117592060094 ], [ -111.164600568608748, 56.84747650724249 ], [ -111.163945577996074, 56.847657043261144 ], [ -111.163946363498994, 56.847836716700918 ], [ -111.163618472290125, 56.847837146702354 ], [ -111.1636200401813, 56.848196493572097 ] ] ] } },
{ "type": "Feature", "properties": { "area_km2": 0.0071999999999906869, "mock": false }, "geometry": { "type": "Polygon", "coordinates": [ [ [ -111.200678770371397, 56.849400166495464 ], [ -111.200679731935068, 56.849579839517943 ], [ -111.200022961937137, 56.849401218532911 ], [ -111.200021045127841, 56.849041872457938 ], [ -111.200348946208322, 56.849041346876831 ], [ -111.200346066364759, 56.848502327736 ], [ -111.201000895998163, 56.848321600962429 ], [ -111.201001859065784, 56.848501274012627 ], [ -111.20132975539947, 56.848500745859624 ], [ -111.201333614066186, 56.849219437993867 ], [ -111.200678770371397, 56.849400166495464 ] ] ] } },
{ "type": "Feature", "properties": { "area_km2": 0.0048000000000069853, "mock": false }, "geometry": { "type": "Polygon", "coordinates": [ [ [ -111.188545403829025, 56.849239398597504 ], [ -111.188547210680824, 56.849598744905222 ], [ -111.188219304497139, 56.849599239504364 ], [ -111.188220206367617, 56.849778912653754 ], [ -111.187564390826495, 56.849779899276044 ], [ -111.187563492098363, 56.849600226119918 ], [ -111.187235585883286, 56.849600718136315 ], [ -111.187233791600647, 56.849241371801703 ], [ -111.187561694673434, 56.849240879792013 ], [ -111.187560795976651, 56.849061206620242 ], [ -111.188216598948628, 56.849060220024853 ], [ -111.188217500787644, 56.849239893189896 ], [ -111.188545403829025, 56.849239398597504 ] ] ] } },
{ "type": "Feature", "properties": { "area_km2": 0.0043999999999877765, "mock": false }, "geometry": { "type": "Polygon", "coordinates": [ [ [ -111.155761021417476, 56.850721983950955 ], [ -111.155761767793365, 56.850901657373569 ], [ -111.155433849652482, 56.850902065900904 ], [ -111.155434594465746, 56.851081739321081 ], [ -111.154778013344782, 56.850902880372743 ], [ -111.154777271682761, 56.850723206941794 ], [ -111.155432360051961, 56.850542719044917 ], [ -111.155431615264703, 56.8503630456091 ], [ -111.155759528691746, 56.8503626370901 ], [ -111.15575878234192, 56.850182963651854 ], [ -111.156086694189042, 56.850182554274703 ], [ -111.15641610502081, 56.850541490896738 ], [ -111.155761021417476, 56.850721983950955 ] ] ] } },
{ "type": "Feature", "properties": { "area_km2": 0.0079999999999505241, "mock": false }, "geometry": { "type": "Polygon", "coordinates": [ [ [ -111.173798084471926, 56.851057535753405 ], [ -111.174126003669784, 56.851057079009486 ], [ -111.173799750114213, 56.851416882248429 ], [ -111.173471827764004, 56.851417338137608 ], [ -111.173472659028334, 56.851597011380427 ], [ -111.172488887205631, 56.851598373891406 ], [ -111.172488060655397, 56.851418700639343 ], [ -111.172160138266619, 56.851419153084649 ], [ -111.172157663387594, 56.850880133287895 ], [ -111.172485581062389, 56.850879680851833 ], [ -111.172484754550595, 56.850700007578901 ], [ -111.172812670644518, 56.850699554284979 ], [ -111.172813498727592, 56.850879227554827 ], [ -111.173797251665334, 56.850877862498081 ], [ -111.173798084471926, 56.851057535753405 ] ] ] } },
{ "type": "Feature", "properties": { "area_km2": 0.01079999999999709, "mock": false }, "geometry": { "type": "Polygon", "coordinates": [ [ [ -111.161670490424811, 56.852331543442347 ], [ -111.161015400907573, 56.852512064007037 ], [ -111.161016172513911, 56.852691737332215 ], [ -111.160359536614123, 56.852512907803103 ], [ -111.160357999714137, 56.852153561125618 ], [ -111.160685928722444, 56.852153139663827 ], [ -111.160683618725315, 56.851614119617125 ], [ -111.161011543010446, 56.851613697303016 ], [ -111.161009999914427, 56.851254350584888 ], [ -111.161665067495107, 56.851073830024106 ], [ -111.162324017908077, 56.85179167277628 ], [ -111.161668940971268, 56.851972196777481 ], [ -111.161670490424811, 56.852331543442347 ] ] ] } },
{ "type": "Feature", "properties": { "area_km2": 0.010400000000077417, "mock": false }, "geometry": { "type": "Polygon", "coordinates": [ [ [ -111.154455276053937, 56.852161000207225 ], [ -111.154454535902985, 56.851981326810012 ], [ -111.154782463497952, 56.851980920848924 ], [ -111.15478320522034, 56.852160594243379 ], [ -111.155111134378117, 56.852160187418562 ], [ -111.155112620991687, 56.852519534186285 ], [ -111.154457496558507, 56.852700020367635 ], [ -111.154459717140568, 56.853239040481135 ], [ -111.154131778536637, 56.853239445600529 ], [ -111.154132517176336, 56.853419118964041 ], [ -111.153476636799581, 56.853419926625229 ], [ -111.153475901302997, 56.853240253256224 ], [ -111.153147962673344, 56.853240655792519 ], [ -111.153145760949471, 56.852701635646 ], [ -111.153800891737305, 56.852521156341759 ], [ -111.15380015471203, 56.85234148294942 ], [ -111.154128085467065, 56.852341078704839 ], [ -111.154127346878937, 56.852161405310056 ], [ -111.154455276053937, 56.852161000207225 ] ] ] } },
{ "type": "Feature", "properties": { "area_km2": 0.16080000000002037, "mock": false }, "geometry": { "type": "Polygon", "coordinates": [ [ [ -111.17021544273905, 56.856452699364468 ], [ -111.170214626932193, 56.856273026231676 ], [ -111.169886662043396, 56.856273472732298 ], [ -111.169884219395129, 56.855734453293522 ], [ -111.170539322391562, 56.855553886298836 ], [ -111.17053850506035, 56.85537421314303 ], [ -111.169881776832099, 56.855195433807843 ], [ -111.16988096266337, 56.855015760635496 ], [ -111.169553008767608, 56.855016206253723 ], [ -111.169552196180064, 56.854836533073176 ], [ -111.169224243846557, 56.854836977827283 ], [ -111.169223432840141, 56.854657304638465 ], [ -111.168895482068891, 56.854657748528474 ], [ -111.168894672643617, 56.854478075331428 ], [ -111.168566723434608, 56.85447851835734 ], [ -111.168565915590378, 56.854298845152073 ], [ -111.168237967943639, 56.854299287313893 ], [ -111.168564299930111, 56.853939498725872 ], [ -111.169220188908852, 56.853938611831126 ], [ -111.169219377949617, 56.853758938616245 ], [ -111.169875263747429, 56.853758048283332 ], [ -111.170204837989729, 56.854116948231614 ], [ -111.170532784008145, 56.854116500906436 ], [ -111.170533601272794, 56.854296174098742 ], [ -111.171189496424404, 56.854295276859119 ], [ -111.171188676016484, 56.854115603672938 ], [ -111.171516622006351, 56.854115153764567 ], [ -111.171512512251994, 56.853216787770805 ], [ -111.170855817199381, 56.853038013475313 ], [ -111.17085499842976, 56.852858340249604 ], [ -111.170527063421758, 56.852858788414466 ], [ -111.170525429054081, 56.852499441941262 ], [ -111.171180472462112, 56.852318871524432 ], [ -111.171179652159168, 56.852139198280909 ], [ -111.171836333001565, 56.852317970908025 ], [ -111.171837156456974, 56.8524976441402 ], [ -111.17249302010103, 56.852496740073626 ], [ -111.172822608277059, 56.852855633179033 ], [ -111.173150543218014, 56.85285517898707 ], [ -111.173151372988158, 56.853034852191236 ], [ -111.173479309490958, 56.853034397135133 ], [ -111.173480140842301, 56.853214070331013 ], [ -111.173808078906973, 56.853213614410791 ], [ -111.173810577733704, 56.853752633957846 ], [ -111.174138520503334, 56.853752177167252 ], [ -111.174139355036573, 56.85393185033606 ], [ -111.174467299368104, 56.853931392681304 ], [ -111.174466463263272, 56.8537517195156 ], [ -111.17545029148468, 56.853750341394374 ], [ -111.175779918997804, 56.854109226599654 ], [ -111.176107864852142, 56.854108764636479 ], [ -111.17610870883459, 56.854288437776084 ], [ -111.176436656250772, 56.854287974948704 ], [ -111.176442575404721, 56.855545686757864 ], [ -111.176770533812999, 56.855545223047308 ], [ -111.176774769934312, 56.856443588453111 ], [ -111.17611968149987, 56.85662418811652 ], [ -111.17612052561978, 56.856803861183138 ], [ -111.175464586748475, 56.856804784342735 ], [ -111.175138296135884, 56.857164590767262 ], [ -111.173826405661686, 56.857166423333098 ], [ -111.173825572525615, 56.856986750255011 ], [ -111.173169630374147, 56.856987661364748 ], [ -111.173168800391593, 56.856807988275236 ], [ -111.17218489180776, 56.85680934847197 ], [ -111.171858569659975, 56.85716914634709 ], [ -111.171530596959371, 56.857169597168699 ], [ -111.170871375631833, 56.856451803773773 ], [ -111.17021544273905, 56.856452699364468 ] ] ] } },
{ "type": "Feature", "properties": { "area_km2": 0.013199999999953433, "mock": false }, "geometry": { "type": "Polygon", "coordinates": [ [ [ -111.166280641544247, 56.856637673736927 ], [ -111.166279047645759, 56.85627832740434 ], [ -111.166607012637712, 56.856277890376177 ], [ -111.166605415632645, 56.85591854402869 ], [ -111.166933377471665, 56.855918106145346 ], [ -111.166932577411274, 56.855738432966774 ], [ -111.167588497917748, 56.855737554622728 ], [ -111.167918067717949, 56.856096460493021 ], [ -111.168246031091442, 56.856096019162187 ], [ -111.168246837457815, 56.856275692318363 ], [ -111.168574802393763, 56.856275250123417 ], [ -111.168575610341378, 56.856454923271336 ], [ -111.168903576839782, 56.856454480212221 ], [ -111.168905195906973, 56.856813826486459 ], [ -111.168577226264787, 56.856814269551577 ], [ -111.168578034240596, 56.856993942683893 ], [ -111.168250063017098, 56.856994384890903 ], [ -111.168249256613208, 56.85681471175559 ], [ -111.167593317281955, 56.856815593580123 ], [ -111.167592514031213, 56.85663592043359 ], [ -111.16726454592343, 56.856636360051134 ], [ -111.167265347602267, 56.856816033200673 ], [ -111.166609408214981, 56.85681690985831 ], [ -111.166608609679926, 56.856637236702802 ], [ -111.166280641544247, 56.856637673736927 ] ] ] } },
{ "type": "Feature", "properties": { "area_km2": 0.012000000000016298, "mock": false }, "geometry": { "type": "Polygon", "coordinates": [ [ [ -111.137419411373457, 56.856672760500999 ], [ -111.138075349128925, 56.856672037133045 ], [ -111.138076010908634, 56.856851710525582 ], [ -111.138731951777118, 56.856850983708064 ], [ -111.138732616708396, 56.857030657090469 ], [ -111.1397165326688, 56.857029560398075 ], [ -111.139717202323624, 56.857209233767783 ], [ -111.140045175866817, 56.857208866478835 ], [ -111.140047189593986, 56.857747886549191 ], [ -111.139719211334864, 56.857748253845628 ], [ -111.139719881020866, 56.857927927194488 ], [ -111.139391901181924, 56.857928293632277 ], [ -111.139391233067954, 56.857748620280915 ], [ -111.138735276510815, 56.857749350567907 ], [ -111.138405971447924, 56.857390367686364 ], [ -111.138077996294015, 56.857390730671966 ], [ -111.138077334491172, 56.857211057295039 ], [ -111.137421387304173, 56.857211780677801 ], [ -111.137092099548227, 56.856852794293218 ], [ -111.137420070009355, 56.856852433898482 ], [ -111.137419411373457, 56.856672760500999 ] ] ] } },
{ "type": "Feature", "properties": { "area_km2": 0.005600000000094296, "mock": false }, "geometry": { "type": "Polygon", "coordinates": [ [ [ -111.198106797869599, 56.859106691275556 ], [ -111.197778808701131, 56.85910721102865 ], [ -111.197779756719797, 56.859286883801602 ], [ -111.197122830331097, 56.859108247951184 ], [ -111.197121885467709, 56.858928575165962 ], [ -111.196793897838305, 56.858929092331884 ], [ -111.196792011288665, 56.858569746738738 ], [ -111.197119995773889, 56.858569229579864 ], [ -111.197119050943456, 56.858389556778995 ], [ -111.19777501673677, 56.858388519884713 ], [ -111.197775964711312, 56.85856819267854 ], [ -111.19810394916351, 56.85856767293604 ], [ -111.198106797869599, 56.859106691275556 ] ] ] } },
{ "type": "Feature", "properties": { "area_km2": 0.19800000000002618, "mock": false }, "geometry": { "type": "Polygon", "coordinates": [ [ [ -111.089518442643438, 56.57426230227189 ], [ -111.089517593711079, 56.573902938469729 ], [ -111.08984311178169, 56.573902703746398 ], [ -111.089841407802027, 56.573183976085723 ], [ -111.090492002511411, 56.57300382217089 ], [ -111.09049157344694, 56.572824140240627 ], [ -111.090817082242125, 56.572823902971017 ], [ -111.090816651639244, 56.572644221037123 ], [ -111.091142158886072, 56.572643982917164 ], [ -111.091141726744809, 56.57246430097964 ], [ -111.091467232443293, 56.57246406200936 ], [ -111.091466798763676, 56.572284380068254 ], [ -111.092443311199006, 56.572283658050665 ], [ -111.092769695045007, 56.572642779538192 ], [ -111.093095202261608, 56.57264253630656 ], [ -111.093095643668093, 56.572822218229014 ], [ -111.093421152422977, 56.572821974143785 ], [ -111.0934246962061, 56.574259429322034 ], [ -111.094076184478709, 56.57443862043948 ], [ -111.094403497667116, 56.575157101206031 ], [ -111.094729026466865, 56.575156853691176 ], [ -111.094729475662859, 56.575336535532095 ], [ -111.094403945319485, 56.575336783048627 ], [ -111.094405735980715, 56.576055510366743 ], [ -111.094080199457494, 56.576055757037942 ], [ -111.09440752672468, 56.576774237601192 ], [ -111.094081984026516, 56.576774484279099 ], [ -111.094083322507416, 56.577313529655029 ], [ -111.093432670915789, 56.577493702249413 ], [ -111.093433114003844, 56.577673384029048 ], [ -111.093107563571195, 56.577673628158976 ], [ -111.093108005120499, 56.577853309935037 ], [ -111.092782453138867, 56.577853553214503 ], [ -111.092783773185687, 56.578392598516238 ], [ -111.092458216567252, 56.578392840948545 ], [ -111.092459093535979, 56.57875220446018 ], [ -111.091808409512126, 56.578932368526154 ], [ -111.091808844921161, 56.57911205027218 ], [ -111.091157719297243, 56.579112529184854 ], [ -111.091157286976198, 56.578932847435581 ], [ -111.090831725700724, 56.578933085612078 ], [ -111.09083086416156, 56.578573722094625 ], [ -111.090505305969046, 56.578573959415749 ], [ -111.090504447537668, 56.578214595874179 ], [ -111.090178892428057, 56.57821483233996 ], [ -111.090178464763724, 56.578035150559714 ], [ -111.089527357617527, 56.578035620931693 ], [ -111.089527782194068, 56.57821530271513 ], [ -111.089202227069691, 56.578215536624512 ], [ -111.089204342306132, 56.579113945471136 ], [ -111.088878779457076, 56.579114178536301 ], [ -111.088879200975015, 56.5792938602915 ], [ -111.088227653744369, 56.579114642110177 ], [ -111.088223888092713, 56.577497506049603 ], [ -111.088549437056173, 56.577497274702864 ], [ -111.088548177294527, 56.576958229259937 ], [ -111.088873721621667, 56.576957997065819 ], [ -111.088868664487492, 56.574801814842388 ], [ -111.089194190285554, 56.574801581815144 ], [ -111.089192921480915, 56.574262536146378 ], [ -111.089518442643438, 56.57426230227189 ] ] ] } },
{ "type": "Feature", "properties": { "area_km2": 0.061599999999989524, "mock": false }, "geometry": { "type": "Polygon", "coordinates": [ [ [ -111.086287372142309, 56.584865826351752 ], [ -111.086284916338769, 56.583787736639884 ], [ -111.085959313296314, 56.583787962075405 ], [ -111.085958497821878, 56.58342859879324 ], [ -111.085632897863604, 56.583428823373417 ], [ -111.085630460819658, 56.582350733392261 ], [ -111.08595605151163, 56.582350508821222 ], [ -111.08595564380974, 56.582170827140935 ], [ -111.08660723288142, 56.582350057122376 ], [ -111.086608465281472, 56.582889102122721 ], [ -111.086934060592313, 56.582888874990289 ], [ -111.086936122409469, 56.583787283211919 ], [ -111.088239371609674, 56.584145729367918 ], [ -111.08824020874512, 56.584505092586618 ], [ -111.087914599553287, 56.584505323142238 ], [ -111.087915850659073, 56.585044367935758 ], [ -111.088241464484611, 56.585044137375434 ], [ -111.088242301668444, 56.585403500541858 ], [ -111.088567918578363, 56.585403269126061 ], [ -111.088569179024375, 56.585942313831765 ], [ -111.089220845345366, 56.586121529988574 ], [ -111.089222115117991, 56.586660574622059 ], [ -111.088896487404952, 56.58666080775366 ], [ -111.088897330854962, 56.587020170819677 ], [ -111.089222961657555, 56.587019937684929 ], [ -111.089223808216687, 56.587379300726859 ], [ -111.089549442103987, 56.587379066736531 ], [ -111.08955114146039, 56.588097792751306 ], [ -111.088900283083532, 56.588277941386039 ], [ -111.088900704849976, 56.588457622874607 ], [ -111.088248999835798, 56.58827840512032 ], [ -111.088248581164066, 56.588098723623375 ], [ -111.087922941077821, 56.588098954210267 ], [ -111.087594807596034, 56.587021094834554 ], [ -111.087269176769283, 56.587021323707248 ], [ -111.087267106799459, 56.586122915963884 ], [ -111.086941483691618, 56.58612314397643 ], [ -111.08693900915361, 56.585045054502594 ], [ -111.086287372142309, 56.584865826351752 ] ] ] } },
{ "type": "Feature", "properties": { "area_km2": 0.0043999999999615831, "mock": false }, "geometry": { "type": "Polygon", "coordinates": [ [ [ -111.1058647815901, 56.599404924284492 ], [ -111.105538042611627, 56.599045838853215 ], [ -111.105863776682767, 56.599045562119834 ], [ -111.105863274237819, 56.59886588102966 ], [ -111.106840471778384, 56.598865045718448 ], [ -111.10716722154379, 56.599224127735795 ], [ -111.10684148595, 56.599224407882225 ], [ -111.106841993044597, 56.59940408895627 ], [ -111.1058647815901, 56.599404924284492 ] ] ] } },
{ "type": "Feature", "properties": { "area_km2": 0.013200000000277651, "mock": false }, "geometry": { "type": "Polygon", "coordinates": [ [ [ -111.118247279194705, 56.600831224188305 ], [ -111.118573028486736, 56.600830914174907 ], [ -111.118574716934617, 56.601369957023955 ], [ -111.118248963003992, 56.601370267043677 ], [ -111.118249524286739, 56.601549947985021 ], [ -111.117598013313625, 56.601550565470049 ], [ -111.11727114453565, 56.601191511032795 ], [ -111.115968134856175, 56.601192732340266 ], [ -111.115641284626136, 56.600833673592909 ], [ -111.115967033969596, 56.600833370402327 ], [ -111.115966483535843, 56.600653689425499 ], [ -111.116943726889545, 56.600652774742812 ], [ -111.116943171823763, 56.600473093766993 ], [ -111.117920410481318, 56.600472171414928 ], [ -111.118247279194705, 56.600831224188305 ] ] ] } },
{ "type": "Feature", "properties": { "area_km2": 0.0056000000000046568, "mock": false }, "geometry": { "type": "Polygon", "coordinates": [ [ [ -111.109783006276018, 56.602635795047249 ], [ -111.109131476423059, 56.602636368206063 ], [ -111.108804678537297, 56.602277291563965 ], [ -111.108478916688497, 56.602277576007246 ], [ -111.108803645610905, 56.60191792960093 ], [ -111.109780921843708, 56.601917071165374 ], [ -111.109781442942761, 56.602096752143687 ], [ -111.110107203221261, 56.602096464290781 ], [ -111.110108248530025, 56.602455826227811 ], [ -111.109782485158917, 56.602456114084617 ], [ -111.109783006276018, 56.602635795047249 ] ] ] } },
{ "type": "Feature", "properties": { "area_km2": 0.005600000000043074, "mock": false }, "geometry": { "type": "Polygon", "coordinates": [ [ [ -111.130636288841572, 56.60387341825394 ], [ -111.130636908981003, 56.604053099038069 ], [ -111.12998535522766, 56.604053781406392 ], [ -111.129658347347345, 56.603694759723787 ], [ -111.129332573545781, 56.603695098770963 ], [ -111.129657116382873, 56.603335398115519 ], [ -111.13063442846628, 56.603334375870197 ], [ -111.13063504858421, 56.603514056670001 ], [ -111.130960820810785, 56.603513714213392 ], [ -111.130962064161039, 56.60387307579267 ], [ -111.130636288841572, 56.60387341825394 ] ] ] } },
{ "type": "Feature", "properties": { "area_km2": 0.011600000000073924, "mock": false }, "geometry": { "type": "Polygon", "coordinates": [ [ [ -111.135228599089771, 56.612672896830041 ], [ -111.135555737514309, 56.613031903289247 ], [ -111.135881591616595, 56.613031547910758 ], [ -111.135882236879894, 56.613211228390327 ], [ -111.136208092522111, 56.613210872156188 ], [ -111.136208739340262, 56.61339055262809 ], [ -111.136534596522381, 56.613390195538273 ], [ -111.136535893275976, 56.613749556461585 ], [ -111.13588481800771, 56.613929950256264 ], [ -111.135885463308313, 56.614109630709663 ], [ -111.135233094321549, 56.613930660184081 ], [ -111.135231809932478, 56.613571299251902 ], [ -111.134579453317798, 56.613392325278333 ], [ -111.134578814236619, 56.613212644794395 ], [ -111.134252958557283, 56.613212996762272 ], [ -111.134251683511835, 56.612853635773945 ], [ -111.134577536096444, 56.612853283810821 ], [ -111.134576897037434, 56.612673603311201 ], [ -111.135228599089771, 56.612672896830041 ] ] ] } },
{ "type": "Feature", "properties": { "area_km2": 0.027600000000071595, "mock": false }, "geometry": { "type": "Polygon", "coordinates": [ [ [ -111.075604219019468, 56.615957663287098 ], [ -111.075603500905586, 56.615598301784281 ], [ -111.074951391265941, 56.61541901526207 ], [ -111.074951035314612, 56.61523933449493 ], [ -111.075276909063547, 56.615239137804409 ], [ -111.07527655156872, 56.615059457033347 ], [ -111.076254168147855, 56.615058861845931 ], [ -111.076579312974815, 56.614699300196527 ], [ -111.077556920218186, 56.614698694777545 ], [ -111.077556551903015, 56.614519014000351 ], [ -111.077882419428107, 56.614518810488804 ], [ -111.078209029773717, 56.614877967667589 ], [ -111.077883159157807, 56.614878172035219 ], [ -111.077883898904616, 56.615237533560752 ], [ -111.077558025189248, 56.61523773707782 ], [ -111.077558761857944, 56.615597098585198 ], [ -111.077884638668522, 56.615596895065359 ], [ -111.077885378449551, 56.61595625654909 ], [ -111.078537511240768, 56.616135527675119 ], [ -111.078537884237377, 56.616315208401133 ], [ -111.077886488153169, 56.616495298735472 ], [ -111.077887227976973, 56.616854660166936 ], [ -111.077561340332508, 56.616854863696453 ], [ -111.077561708703044, 56.61703454440574 ], [ -111.076909565030803, 56.616855268195359 ], [ -111.07690919976001, 56.616675587478099 ], [ -111.077235085865226, 56.616675385656706 ], [ -111.077234352240893, 56.616316024209283 ], [ -111.076908469231114, 56.616316226027926 ], [ -111.076908103972997, 56.616136545295006 ], [ -111.075930459561491, 56.616137145626773 ], [ -111.07593009895065, 56.615957464884552 ], [ -111.075604219019468, 56.615957663287098 ] ] ] } },
{ "type": "Feature", "properties": { "area_km2": 0.069999999999917351, "mock": false }, "geometry": { "type": "Polygon", "coordinates": [ [ [ -111.115036201592886, 56.616107141858997 ], [ -111.115362082437173, 56.616106840200153 ], [ -111.115360438817206, 56.615567798574823 ], [ -111.115034562615875, 56.615568100227506 ], [ -111.115034016302843, 56.615388419673252 ], [ -111.114382266976477, 56.615389020414561 ], [ -111.114055308982302, 56.61502995836878 ], [ -111.113729437398604, 56.615030256602111 ], [ -111.113728897294777, 56.614850576024011 ], [ -111.114380094168112, 56.614670298128871 ], [ -111.114379550981724, 56.614490617544391 ], [ -111.115357151748327, 56.614489715183026 ], [ -111.115356603925719, 56.614310034599434 ], [ -111.116660065335694, 56.61430881951312 ], [ -111.11666061934838, 56.61448850008847 ], [ -111.116986486232406, 56.614488194181583 ], [ -111.116988708537406, 56.615206916422416 ], [ -111.117314581605228, 56.615206609653917 ], [ -111.117315138745155, 56.61538629019897 ], [ -111.118292762552684, 56.615385364767306 ], [ -111.118619763822394, 56.61574441564111 ], [ -111.119922704962377, 56.615563485837761 ], [ -111.120249723236412, 56.61592253241114 ], [ -111.119923844036691, 56.615922846868003 ], [ -111.119926122264374, 56.616641568865759 ], [ -111.120578465707595, 56.61682061956369 ], [ -111.120579038383099, 56.617000300040552 ], [ -111.119927831004304, 56.617180610309184 ], [ -111.119928400597459, 56.617360290779878 ], [ -111.119602509009312, 56.617360604400432 ], [ -111.119603077061242, 56.617540284868021 ], [ -111.118951290769644, 56.617540909553206 ], [ -111.118624270803579, 56.617181859662637 ], [ -111.117646600584578, 56.617182787717226 ], [ -111.117319596096365, 56.616823734371202 ], [ -111.116993709099518, 56.616824041158452 ], [ -111.116993153455795, 56.616644360653126 ], [ -111.116015497069952, 56.616645275888402 ], [ -111.116014946075836, 56.616465595371636 ], [ -111.115363178215503, 56.616466201257559 ], [ -111.115036201592886, 56.616107141858997 ] ] ] } },
{ "type": "Feature", "properties": { "area_km2": 0.0084000000000587893, "mock": false }, "geometry": { "type": "Polygon", "coordinates": [ [ [ -111.130031654055344, 56.617529825660561 ], [ -111.129380482694756, 56.61771018535871 ], [ -111.129381097195221, 56.617889865749461 ], [ -111.129055201161918, 56.617890204125054 ], [ -111.129055814121628, 56.618069884512884 ], [ -111.128403409074039, 56.617890878316025 ], [ -111.128401579524407, 56.617351837107471 ], [ -111.128727470928396, 56.617351500445537 ], [ -111.128726248168334, 56.616992139618247 ], [ -111.129052136469681, 56.616991802107499 ], [ -111.129051523552505, 56.616812121688312 ], [ -111.129377410299028, 56.616811783326497 ], [ -111.129704529070935, 56.617170804935284 ], [ -111.130030418898727, 56.617170464862127 ], [ -111.130031654055344, 56.617529825660561 ] ] ] } },
{ "type": "Feature", "properties": { "area_km2": 0.010399999999884167, "mock": false }, "geometry": { "type": "Polygon", "coordinates": [ [ [ -111.11797473192847, 56.6179012011212 ], [ -111.117975292260766, 56.618080881583644 ], [ -111.118301190072927, 56.618080572221622 ], [ -111.118302313852766, 56.618439933126666 ], [ -111.118628214754224, 56.618439622907005 ], [ -111.11862877820181, 56.618619303349583 ], [ -111.118302875752434, 56.618619613571347 ], [ -111.118303437658597, 56.618799294010806 ], [ -111.117325725627737, 56.61880021956177 ], [ -111.116998710182145, 56.618441165471054 ], [ -111.116672809248385, 56.618441471423608 ], [ -111.116670592672222, 56.617722749550865 ], [ -111.116996487414482, 56.617722443606617 ], [ -111.116995931738643, 56.617542763127439 ], [ -111.11764827687972, 56.617721829157929 ], [ -111.11764883565769, 56.617901509627728 ], [ -111.11797473192847, 56.6179012011212 ] ] ] } },
{ "type": "Feature", "properties": { "area_km2": 0.0084000000000733419, "mock": false }, "geometry": { "type": "Polygon", "coordinates": [ [ [ -111.08375797847026, 56.619007018548992 ], [ -111.083758376303649, 56.619186699168345 ], [ -111.084084283986158, 56.619186479405393 ], [ -111.08408548215796, 56.619725521227572 ], [ -111.083759569831386, 56.619725740994987 ], [ -111.083759967683164, 56.619905421593444 ], [ -111.08310774516444, 56.619726177969426 ], [ -111.082780260039115, 56.619007672712719 ], [ -111.082128057639991, 56.618828423922729 ], [ -111.082453178989141, 56.618468847153324 ], [ -111.08310537672628, 56.618648094251313 ], [ -111.083105771454569, 56.61882777488406 ], [ -111.083431676050324, 56.618827556830972 ], [ -111.083432072331121, 56.619007237457012 ], [ -111.08375797847026, 56.619007018548992 ] ] ] } },
{ "type": "Feature", "properties": { "area_km2": 0.1803999999999121, "mock": false }, "geometry": { "type": "Polygon", "coordinates": [ [ [ -111.116692208664745, 56.62473028424278 ], [ -111.116691099915087, 56.62437092368274 ], [ -111.11603864457841, 56.624191852872087 ], [ -111.116038093316561, 56.624012172574865 ], [ -111.113429423835541, 56.62365521568038 ], [ -111.113102403327645, 56.623296151635998 ], [ -111.112776460517978, 56.623296447401707 ], [ -111.112775924771881, 56.623116767058001 ], [ -111.112449983504391, 56.623117061968131 ], [ -111.112448915127516, 56.622757701261072 ], [ -111.112122976950573, 56.622757995313634 ], [ -111.112447846775368, 56.622398340533096 ], [ -111.112773781849484, 56.622398045630973 ], [ -111.112773246134381, 56.622218365261162 ], [ -111.113099179654, 56.622218069507497 ], [ -111.113098105145824, 56.621858708756172 ], [ -111.112772174722764, 56.621859004505801 ], [ -111.112771639026235, 56.621679324120322 ], [ -111.113097567901065, 56.621679028372682 ], [ -111.113097030662516, 56.621499347983956 ], [ -111.114400739906642, 56.621498156466245 ], [ -111.114400196481469, 56.621318476080383 ], [ -111.114726122228618, 56.621318176069195 ], [ -111.114396936062448, 56.620240393655443 ], [ -111.115048222495361, 56.620060112385652 ], [ -111.115047676024361, 56.619880431962052 ], [ -111.115699502717035, 56.619879827704928 ], [ -111.115700052284168, 56.62005950812442 ], [ -111.116025967169051, 56.620059204713577 ], [ -111.116027069418593, 56.620418565532781 ], [ -111.116679459592163, 56.620597636540069 ], [ -111.116680013829125, 56.620777316932475 ], [ -111.117005934887274, 56.620777010952935 ], [ -111.117006490678804, 56.620956691338016 ], [ -111.117332413278675, 56.62095638450289 ], [ -111.117332970624815, 56.621136064880666 ], [ -111.117658894766407, 56.621135757189954 ], [ -111.117659453667187, 56.62131543756044 ], [ -111.118311305027348, 56.621314819614284 ], [ -111.118636103613468, 56.620955148627381 ], [ -111.118962026180924, 56.620954837524756 ], [ -111.118961461100469, 56.620775157152266 ], [ -111.119287382113228, 56.620774845198248 ], [ -111.119287948741842, 56.620954525568642 ], [ -111.119939793843997, 56.620953899095859 ], [ -111.119940363575523, 56.621133579456774 ], [ -111.120266287664876, 56.62113326493801 ], [ -111.120267430244056, 56.621492625639895 ], [ -111.120593357423218, 56.621492310263335 ], [ -111.120594503125304, 56.621851670940025 ], [ -111.120920433394303, 56.621851354705655 ], [ -111.120921582219424, 56.622210715357156 ], [ -111.121574026449665, 56.622389760632799 ], [ -111.121574603975475, 56.622569440941177 ], [ -111.121248667526629, 56.622569758891231 ], [ -111.121251547514007, 56.623468160365427 ], [ -111.120600232033311, 56.62364847400984 ], [ -111.120600804960588, 56.623828154288049 ], [ -111.120274857653101, 56.623828469692441 ], [ -111.120274286274281, 56.62364878941208 ], [ -111.11897050317225, 56.623650042485167 ], [ -111.118971068357311, 56.623829722774033 ], [ -111.118645121016982, 56.623830033910444 ], [ -111.11864906665582, 56.625087795801036 ], [ -111.119301549795054, 56.625266852889936 ], [ -111.119304383823092, 56.626165254036266 ], [ -111.118978416357947, 56.626165566053814 ], [ -111.118978981634541, 56.626345246269523 ], [ -111.118327043587286, 56.626345867747808 ], [ -111.117999953299332, 56.62598681675717 ], [ -111.117673987356824, 56.625987125357952 ], [ -111.117673428287929, 56.625807445123371 ], [ -111.117347463887612, 56.625807752868383 ], [ -111.117346906373811, 56.625628072626505 ], [ -111.117020943515669, 56.625628379515796 ], [ -111.117018163786383, 56.624729978217545 ], [ -111.116692208664745, 56.62473028424278 ] ], [ [ -111.117339659281399, 56.623292229006367 ], [ -111.117665602002432, 56.623291921290594 ], [ -111.117664484065116, 56.6229325606594 ], [ -111.117012048947828, 56.622753494901445 ], [ -111.1170126048101, 56.622933175229058 ], [ -111.116686665172935, 56.62293348123351 ], [ -111.116687773820004, 56.623292841877202 ], [ -111.117340216711355, 56.623471909316194 ], [ -111.117339659281399, 56.623292229006367 ] ], [ [ -111.115055327193801, 56.622395957416792 ], [ -111.115381262217838, 56.622395655686283 ], [ -111.115381810325673, 56.622575336034679 ], [ -111.116033683451334, 56.622574730008921 ], [ -111.116033132246883, 56.622395049664647 ], [ -111.11635906725185, 56.622394745373505 ], [ -111.116357961765488, 56.622035384673431 ], [ -111.116032029857095, 56.622035688960445 ], [ -111.116029825154015, 56.621316967489314 ], [ -111.11537742564056, 56.621137893101306 ], [ -111.115377973703986, 56.621317573486287 ], [ -111.115052047969471, 56.621317875204504 ], [ -111.115055327193801, 56.622395957416792 ] ] ] } },
{ "type": "Feature", "properties": { "area_km2": 0.091999999999879511, "mock": false }, "geometry": { "type": "Polygon", "coordinates": [ [ [ -111.127122769279197, 56.624720068038478 ], [ -111.126144904516394, 56.624721062940196 ], [ -111.125817754114834, 56.624362032427499 ], [ -111.125491802270133, 56.624362361496068 ], [ -111.125490013767305, 56.623823320791146 ], [ -111.126141308908231, 56.623642981572893 ], [ -111.126464851418206, 56.622923929798965 ], [ -111.127116126423118, 56.622743585462274 ], [ -111.127115522569028, 56.622563905196721 ], [ -111.127441458894893, 56.622563571882722 ], [ -111.127440853499451, 56.622383891614199 ], [ -111.127766788269994, 56.622383557448906 ], [ -111.127766181333271, 56.622203877177434 ], [ -111.128092114548508, 56.622203542160889 ], [ -111.128091506070547, 56.622023861886419 ], [ -111.129069301029091, 56.622022851722399 ], [ -111.129396462017027, 56.622381873819329 ], [ -111.12972239674518, 56.622381534532771 ], [ -111.129721780518707, 56.622201854275019 ], [ -111.130373646857024, 56.622201173145896 ], [ -111.130373027541125, 56.622021492887512 ], [ -111.131676753938549, 56.622020120396115 ], [ -111.132003939641635, 56.622379135627611 ], [ -111.132329874312262, 56.622378789512688 ], [ -111.132330502932348, 56.622558469746579 ], [ -111.132656439144014, 56.622558122775764 ], [ -111.132657069319706, 56.622737803002067 ], [ -111.132983007072397, 56.622737455175347 ], [ -111.132984270542323, 56.623096815607568 ], [ -111.132333017485379, 56.623277190629878 ], [ -111.132333646141817, 56.623456870837657 ], [ -111.132007702181056, 56.623457216966671 ], [ -111.132008329296355, 56.623636897171558 ], [ -111.131355814237821, 56.623457906663972 ], [ -111.1313551902266, 56.623278226449187 ], [ -111.131029247792512, 56.623278570015145 ], [ -111.131028625336882, 56.623098889792779 ], [ -111.130050802636717, 56.623099915362197 ], [ -111.130050184833365, 56.622920235127644 ], [ -111.129072366713984, 56.622921253008037 ], [ -111.129072979872234, 56.623100933249496 ], [ -111.128747038936538, 56.623101270838127 ], [ -111.128748262177538, 56.623460631309918 ], [ -111.129400764963364, 56.623639635493376 ], [ -111.129401379698422, 56.623819315711607 ], [ -111.130053273921575, 56.62381863624806 ], [ -111.130380459804655, 56.62417765564286 ], [ -111.130706409995284, 56.624177313772464 ], [ -111.130707030945629, 56.624356993965762 ], [ -111.131032982677567, 56.624356651239445 ], [ -111.131033605183603, 56.624536331425205 ], [ -111.131359558456836, 56.62453598784294 ], [ -111.131360182518605, 56.624715668021118 ], [ -111.131686137333148, 56.624715323582912 ], [ -111.131686762950679, 56.624895003753544 ], [ -111.13201271930653, 56.624894658459361 ], [ -111.132013973660435, 56.62525401878024 ], [ -111.131688014207455, 56.625254364079126 ], [ -111.131688639846686, 56.625434044234076 ], [ -111.131362678837874, 56.625434388681654 ], [ -111.131362054747228, 56.625254708524359 ], [ -111.130710135805145, 56.625255394853923 ], [ -111.130382937455096, 56.624896376394013 ], [ -111.129731024664267, 56.624897057592484 ], [ -111.129730408337991, 56.624717377407926 ], [ -111.129078498615712, 56.624718055187294 ], [ -111.129079111844888, 56.624897735376457 ], [ -111.127123373217117, 56.624899748241297 ], [ -111.127122769279197, 56.624720068038478 ] ] ] } },
{ "type": "Feature", "properties": { "area_km2": 0.0043999999999778808, "mock": false }, "geometry": { "type": "Polygon", "coordinates": [ [ [ -111.088993189262084, 56.627807742951859 ], [ -111.089319171192741, 56.627807509457725 ], [ -111.089318746808104, 56.627627829115362 ], [ -111.089971135039335, 56.627807039908284 ], [ -111.089972417516009, 56.628346080894488 ], [ -111.089646430948548, 56.628346316100867 ], [ -111.089646856901751, 56.628525996420763 ], [ -111.088994457798847, 56.628346783952402 ], [ -111.088993189262084, 56.627807742951859 ] ] ] } },
{ "type": "Feature", "properties": { "area_km2": 0.067599999999802096, "mock": false }, "geometry": { "type": "Polygon", "coordinates": [ [ [ -111.073047490160789, 56.642012874592339 ], [ -111.073047142901061, 56.641833194590497 ], [ -111.07272103988258, 56.641833385499474 ], [ -111.072720694177121, 56.641653705491116 ], [ -111.07304679564534, 56.641653514583425 ], [ -111.073045753902321, 56.641114474530859 ], [ -111.072719657084718, 56.641114665434664 ], [ -111.072718274350848, 56.640395945286279 ], [ -111.073044364967885, 56.640395754387669 ], [ -111.073044017744309, 56.640216074338809 ], [ -111.074022284920915, 56.640215496522124 ], [ -111.07402263679478, 56.640395176567054 ], [ -111.075000908585054, 56.64039459105927 ], [ -111.075001265113315, 56.640574271094984 ], [ -111.075653449386479, 56.640573876483117 ], [ -111.075653089757935, 56.640394196450067 ], [ -111.07630527091419, 56.64039379842437 ], [ -111.076958915395053, 56.641112117061326 ], [ -111.077611108918731, 56.641111712191574 ], [ -111.077610739976691, 56.640932032182377 ], [ -111.078915120772038, 56.640931212198609 ], [ -111.078915495914742, 56.641110892202263 ], [ -111.079241592652934, 56.641110685069535 ], [ -111.079242346051799, 56.641470045058348 ], [ -111.079568445886025, 56.641469837068634 ], [ -111.079569958937086, 56.642188556977928 ], [ -111.079243852901854, 56.64218876497327 ], [ -111.079244229625274, 56.642368444938953 ], [ -111.078265906842603, 56.642369063804054 ], [ -111.077939058199561, 56.642009908436265 ], [ -111.076634640147716, 56.642010718203252 ], [ -111.076309261161455, 56.642370278471006 ], [ -111.075330938263974, 56.642370874272864 ], [ -111.07533058014414, 56.642191194290682 ], [ -111.074678367958981, 56.642191587218292 ], [ -111.074678012943835, 56.642011907228216 ], [ -111.073047490160789, 56.642012874592339 ] ] ] } },
{ "type": "Feature", "properties": { "area_km2": 0.15840000000020896, "mock": false }, "geometry": { "type": "Polygon", "coordinates": [ [ [ -111.084789267235053, 56.642903832615019 ], [ -111.084788864142624, 56.642724152689823 ], [ -111.084136642910011, 56.642724595169355 ], [ -111.084136242922895, 56.642544915235909 ], [ -111.083484024772432, 56.642545354295628 ], [ -111.083158706367115, 56.64290493241478 ], [ -111.082180369791303, 56.642905582044094 ], [ -111.081853479316223, 56.642546436996462 ], [ -111.08152737021139, 56.642546650974033 ], [ -111.081526982631431, 56.642366971023598 ], [ -111.081200875072426, 56.64236718414552 ], [ -111.081200489047234, 56.642187504188399 ], [ -111.080874383034086, 56.642187716454679 ], [ -111.08087246072634, 56.641289316583546 ], [ -111.081524269697212, 56.641109211224212 ], [ -111.081523882153135, 56.640929531232004 ], [ -111.082828656481382, 56.641108350235527 ], [ -111.082828262736612, 56.640928670249153 ], [ -111.085763118781188, 56.640926683070091 ], [ -111.085763526477479, 56.641106363042979 ], [ -111.087394009644356, 56.641105229151783 ], [ -111.087720940272504, 56.641464359722676 ], [ -111.088047039987075, 56.641464129524699 ], [ -111.088047458549084, 56.641643809471113 ], [ -111.088373559809057, 56.641643578417387 ], [ -111.08837397992616, 56.641823258357022 ], [ -111.090004493903919, 56.641822090267965 ], [ -111.090004066035618, 56.641642410336274 ], [ -111.090982369712279, 56.641641699237567 ], [ -111.091309339071401, 56.642000820341579 ], [ -111.091635443382458, 56.642000580742902 ], [ -111.091635879012017, 56.642180260656055 ], [ -111.092614196565663, 56.64217953673004 ], [ -111.092613756285274, 56.641999856821791 ], [ -111.09293986057601, 56.641999613806391 ], [ -111.092938535114655, 56.641460574055294 ], [ -111.093264634749573, 56.641460330190682 ], [ -111.093263748033834, 56.641100970333795 ], [ -111.093915494637002, 56.640920800115779 ], [ -111.094242485612483, 56.641279913551031 ], [ -111.094568583676605, 56.641279666271437 ], [ -111.094569033237846, 56.641459346190601 ], [ -111.095873887410221, 56.641638028431053 ], [ -111.095874343182842, 56.641817708333001 ], [ -111.096852651232666, 56.641816951103969 ], [ -111.096853111661318, 56.641996630995529 ], [ -111.097505320101774, 56.64199612190184 ], [ -111.097832354488958, 56.642355225830805 ], [ -111.098158461796345, 56.642354969145039 ], [ -111.098158928442217, 56.642534649014003 ], [ -111.098485037294509, 56.642534391472267 ], [ -111.098159861750176, 56.642894008736242 ], [ -111.096529301904738, 56.64289528364916 ], [ -111.096529760815002, 56.643074963511133 ], [ -111.095224853932692, 56.642896288203744 ], [ -111.095224401229117, 56.642716608329756 ], [ -111.093919959374631, 56.642717599210229 ], [ -111.093594738806857, 56.643077204554373 ], [ -111.093268625224411, 56.643077449288121 ], [ -111.093268181817805, 56.642897769409288 ], [ -111.092615957738246, 56.642898256310787 ], [ -111.092615517437466, 56.642718576423441 ], [ -111.092289406940381, 56.642718818591234 ], [ -111.092289845690829, 56.642898498480221 ], [ -111.090985397450567, 56.642899458615844 ], [ -111.090660147390295, 56.643259056292806 ], [ -111.09000748912068, 56.643079849643492 ], [ -111.090007061217733, 56.642900169748344 ], [ -111.089680949130198, 56.642900405084099 ], [ -111.089680522782515, 56.642720725182166 ], [ -111.088049970022894, 56.642721889039841 ], [ -111.088049551431823, 56.642542209124784 ], [ -111.086419006302762, 56.642543351619565 ], [ -111.086093715845536, 56.642902937399427 ], [ -111.084789267235053, 56.642903832615019 ] ] ] } },
{ "type": "Feature", "properties": { "area_km2": 0.012399999999954016, "mock": false }, "geometry": { "type": "Polygon", "coordinates": [ [ [ -111.123604215647219, 56.645207190704788 ], [ -111.123604803325804, 56.645386870336331 ], [ -111.1242570696851, 56.645386221073394 ], [ -111.124584387535762, 56.645745254394704 ], [ -111.124910523799542, 56.645744927623085 ], [ -111.124585572244442, 56.646104613607967 ], [ -111.123280428560591, 56.645926232556221 ], [ -111.123279842412259, 56.645746552938164 ], [ -111.121975877125976, 56.645927517439588 ], [ -111.121975297180214, 56.645747837812827 ], [ -111.12164916085537, 56.645748156895728 ], [ -111.121648004085202, 56.645388797622132 ], [ -111.121974137308811, 56.645388478543545 ], [ -111.121973557383185, 56.645208798901095 ], [ -111.123604215647219, 56.645207190704788 ] ] ] } },
{ "type": "Feature", "properties": { "area_km2": 0.17360000000024331, "mock": false }, "geometry": { "type": "Polygon", "coordinates": [ [ [ -111.102435843610976, 56.656366566780875 ], [ -111.101783387177846, 56.656367101790543 ], [ -111.10178290304728, 56.656187422343358 ], [ -111.101456676373985, 56.656187688564408 ], [ -111.101456193800701, 56.656008009110217 ], [ -111.100803743540709, 56.6560085389848 ], [ -111.100803264076333, 56.655828859521776 ], [ -111.099172146087838, 56.655830169243274 ], [ -111.099171674387179, 56.655650489766138 ], [ -111.098845452324667, 56.655650749144783 ], [ -111.098844041910297, 56.655111710676749 ], [ -111.098517824497137, 56.655111969195502 ], [ -111.098516887351195, 56.654752610187188 ], [ -111.098843101661245, 56.654752351671931 ], [ -111.098841221228469, 56.654033633599653 ], [ -111.099167429327039, 56.654033374236846 ], [ -111.099166486040403, 56.653674015172889 ], [ -111.099818421277391, 56.653493814354377 ], [ -111.099817946544917, 56.653314134812874 ], [ -111.100470350292241, 56.653313610119532 ], [ -111.100469872462497, 56.653133930576374 ], [ -111.101448473387805, 56.65313313713267 ], [ -111.101448955871717, 56.653312816670436 ], [ -111.104058570503241, 56.653310663206113 ], [ -111.104059065403959, 56.653490342724041 ], [ -111.105037675450973, 56.653489521069346 ], [ -111.105038175011686, 56.653669200576473 ], [ -111.106669199397899, 56.653667814051509 ], [ -111.106669706721604, 56.653847493543999 ], [ -111.107322119537969, 56.653846932948312 ], [ -111.107322629970454, 56.654026612431778 ], [ -111.107648837921246, 56.654026330850179 ], [ -111.107650373908641, 56.654565369263466 ], [ -111.106998457596774, 56.654745611048 ], [ -111.106998966507248, 56.654925290507251 ], [ -111.106672750787112, 56.654925570389217 ], [ -111.106673258151915, 56.655105249845143 ], [ -111.106347040874326, 56.655105528874394 ], [ -111.106347546693442, 56.65528520832698 ], [ -111.106021327858429, 56.65528548650353 ], [ -111.106021832131773, 56.655465165952791 ], [ -111.106674780281594, 56.655644288181534 ], [ -111.106675287669873, 56.65582396761657 ], [ -111.107001511148013, 56.655823687725089 ], [ -111.107002020093873, 56.656003367153005 ], [ -111.107328245117756, 56.656003086405008 ], [ -111.107328755621154, 56.656182765825754 ], [ -111.107654982190809, 56.656182484221212 ], [ -111.10733079769382, 56.656901483456615 ], [ -111.107657030470364, 56.656901201844413 ], [ -111.107658054645682, 56.657260560624671 ], [ -111.107331818765616, 56.657260842240689 ], [ -111.107332329310381, 56.657440521624892 ], [ -111.106353616979362, 56.657441361350621 ], [ -111.106353111090002, 56.657261681960719 ], [ -111.105700639276961, 56.657262237500703 ], [ -111.105700136496992, 56.657082558101813 ], [ -111.105047667764211, 56.657083110219325 ], [ -111.105047168093606, 56.656903430811454 ], [ -111.104068469606389, 56.656904252572183 ], [ -111.103741249855858, 56.656545165936826 ], [ -111.102436330850566, 56.656546246219179 ], [ -111.102435843610976, 56.656366566780875 ] ], [ [ -111.101449920856311, 56.653672175730328 ], [ -111.101124677803242, 56.654031800114083 ], [ -111.10177757798094, 56.654210948079786 ], [ -111.102102816357259, 56.653851322002751 ], [ -111.101449920856311, 56.653672175730328 ] ] ] } },
{ "type": "Feature", "properties": { "area_km2": 0.12680000000002736, "mock": false }, "geometry": { "type": "Polygon", "coordinates": [ [ [ -111.120717820843723, 56.660482821771438 ], [ -111.119739030131981, 56.660483766731687 ], [ -111.119738460506895, 56.660304087513047 ], [ -111.118433412340721, 56.660305335484715 ], [ -111.118432848930539, 56.660125656252376 ], [ -111.117454067393595, 56.660126583249735 ], [ -111.117126692483978, 56.659767532042217 ], [ -111.115821662734987, 56.65976875263636 ], [ -111.115494306443409, 56.659409697109282 ], [ -111.115168052087853, 56.659409999262095 ], [ -111.115167504230214, 56.659230319982846 ], [ -111.113861951309289, 56.659051840745825 ], [ -111.113534619862079, 56.658692780015912 ], [ -111.113860868041314, 56.658692482144922 ], [ -111.113860326416727, 56.65851280283664 ], [ -111.115165312863084, 56.658511602813647 ], [ -111.115164765037179, 56.658331923508285 ], [ -111.116795990192756, 56.658330404258813 ], [ -111.116796545778215, 56.658510083553857 ], [ -111.117775285450222, 56.658509161741421 ], [ -111.117775845697849, 56.658688841024997 ], [ -111.121038902139645, 56.6588653919964 ], [ -111.121366306392943, 56.659224432958929 ], [ -111.121692559072599, 56.659224114568211 ], [ -111.12169313797007, 56.659403793805289 ], [ -111.122345064411761, 56.659223475222547 ], [ -111.122343318447832, 56.658684437492916 ], [ -111.122669566451464, 56.658684116544535 ], [ -111.122668982925049, 56.658504437293061 ], [ -111.123321475808169, 56.658503792836498 ], [ -111.123322062438419, 56.658683472083588 ], [ -111.124627054330702, 56.65868217290511 ], [ -111.124627647175487, 56.658861852138166 ], [ -111.126258894645957, 56.658860208922739 ], [ -111.126259495257372, 56.659039888139418 ], [ -111.126585746282629, 56.659039556929912 ], [ -111.126586950630298, 56.659398915343061 ], [ -111.126260696501092, 56.659399246557072 ], [ -111.126263099071934, 56.660117963329704 ], [ -111.126916223503926, 56.660296979204539 ], [ -111.126916827275181, 56.660476658374904 ], [ -111.127243090702748, 56.660476325437855 ], [ -111.127243696033091, 56.660656004600725 ], [ -111.127569961005776, 56.660655670806626 ], [ -111.127571174791782, 56.661015029112193 ], [ -111.127244906714822, 56.661015362910831 ], [ -111.127245512066224, 56.661195042058011 ], [ -111.12659237053991, 56.661016027943703 ], [ -111.126591768299861, 56.660836348786738 ], [ -111.125939235201329, 56.660837010395952 ], [ -111.12593863607249, 56.660657331229274 ], [ -111.125286106050496, 56.660657989414865 ], [ -111.125285510032867, 56.660478310238496 ], [ -111.12430671960449, 56.660479291099385 ], [ -111.124306128250026, 56.660299611911128 ], [ -111.12071724656235, 56.660303142559208 ], [ -111.120717820843723, 56.660482821771438 ] ] ] } },
{ "type": "Feature", "properties": { "area_km2": 0.0043999999999784628, "mock": false }, "geometry": { "type": "Polygon", "coordinates": [ [ [ -111.128882378470777, 56.662810476492808 ], [ -111.12888053896377, 56.662271439210741 ], [ -111.129206817870951, 56.662271101122087 ], [ -111.129206203163889, 56.662091422019905 ], [ -111.129859375663969, 56.66227042238026 ], [ -111.12986122914181, 56.662809459641608 ], [ -111.129534945591928, 56.662809799446855 ], [ -111.129535561879834, 56.662989478525823 ], [ -111.128882378470777, 56.662810476492808 ] ] ] } },
{ "type": "Feature", "properties": { "area_km2": 0.011286345126330396, "mock": false }, "geometry": { "type": "Polygon", "coordinates": [ [ [ -111.11227075325381, 56.672529254779299 ], [ -111.112269684577655, 56.672169896941767 ], [ -111.112921876435081, 56.671989627959725 ], [ -111.112921339005979, 56.671809949031925 ], [ -111.114226785090594, 56.67180875866736 ], [ -111.11422732873271, 56.671988437587075 ], [ -111.114553691791414, 56.671988137856054 ], [ -111.114554236993101, 56.67216781676855 ], [ -111.114227872381122, 56.672168116501602 ], [ -111.114229503364143, 56.672707153213793 ], [ -111.113576764801479, 56.672707750126634 ], [ -111.113544777665325, 56.672708644536257 ], [ -111.113513103634688, 56.672711260609773 ], [ -111.113482048112743, 56.672715573363263 ], [ -111.113451909762489, 56.672721541198875 ], [ -111.113422979203449, 56.672729106534902 ], [ -111.113395534771527, 56.672738196707989 ], [ -111.113369840724346, 56.672748723974742 ], [ -111.113346144797973, 56.672760587041097 ], [ -111.113324675108473, 56.672773671694102 ], [ -111.113305638360316, 56.672787851971279 ], [ -111.113289217727996, 56.672802991150768 ], [ -111.113275571718788, 56.672818943459347 ], [ -111.113264831402461, 56.672835555422367 ], [ -111.113257100414216, 56.672852666851995 ], [ -111.113252453329636, 56.672870113184501 ], [ -111.113250934524316, 56.672887726199981 ], [ -111.11259765691058, 56.672708639082096 ], [ -111.112597121009884, 56.67252896017316 ], [ -111.11227075325381, 56.672529254779299 ] ] ] } },
{ "type": "Feature", "properties": { "area_km2": 0.0059999999999714787, "mock": false }, "geometry": { "type": "Polygon", "coordinates": [ [ [ -111.126408661865767, 56.703600172596119 ], [ -111.126409264212029, 56.703779850512305 ], [ -111.126735902233577, 56.703779518742074 ], [ -111.126737110059963, 56.704138874554296 ], [ -111.127063751187436, 56.704138541923349 ], [ -111.126738317914345, 56.704498230345635 ], [ -111.126084428594723, 56.704319215150363 ], [ -111.126083827784015, 56.704139537247599 ], [ -111.125757186635596, 56.704139867309969 ], [ -111.125756587388324, 56.703960189399723 ], [ -111.125429947789428, 56.703960518603672 ], [ -111.125428752428633, 56.70360116276305 ], [ -111.125755388914612, 56.70360083356357 ], [ -111.125754789688173, 56.703421155637642 ], [ -111.126408661865767, 56.703600172596119 ] ] ] } },
{ "type": "Feature", "properties": { "area_km2": 0.0048000000000419096, "mock": false }, "geometry": { "type": "Polygon", "coordinates": [ [ [ -111.077101549617794, 56.711007245634924 ], [ -111.077102284617936, 56.71136660158156 ], [ -111.076775580355076, 56.711366803270181 ], [ -111.076775946304309, 56.711546481237036 ], [ -111.076122534651475, 56.711546882047728 ], [ -111.076122171816721, 56.711367204078144 ], [ -111.075795467541198, 56.711367403197471 ], [ -111.07579474499866, 56.711008047239936 ], [ -111.07612144615976, 56.711007848123323 ], [ -111.076121083337611, 56.710828170138065 ], [ -111.076774482532855, 56.710827769338273 ], [ -111.076774848469356, 56.711007447320796 ], [ -111.077101549617794, 56.711007245634924 ] ] ] } },
{ "type": "Feature", "properties": { "area_km2": 0.0092000000000174616, "mock": false }, "geometry": { "type": "Polygon", "coordinates": [ [ [ -111.082659014370464, 56.712620787321512 ], [ -111.082659802397515, 56.712980143125833 ], [ -111.082333084193891, 56.712980359386918 ], [ -111.082333869124412, 56.713339715173319 ], [ -111.082007147801448, 56.713339930580837 ], [ -111.082007538716113, 56.713519608467664 ], [ -111.081354092941751, 56.713520036716147 ], [ -111.081353705141936, 56.713340358826422 ], [ -111.081026983805415, 56.713340571664475 ], [ -111.081025438880602, 56.712621860047513 ], [ -111.081352153987595, 56.712621647215244 ], [ -111.081351766210247, 56.712441969299427 ], [ -111.082331906832209, 56.712441325668188 ], [ -111.082332299281546, 56.712621003579635 ], [ -111.082659014370464, 56.712620787321512 ] ] ] } },
{ "type": "Feature", "properties": { "area_km2": 0.042400000000044236, "mock": false }, "geometry": { "type": "Polygon", "coordinates": [ [ [ -111.132342985996544, 56.719226025347687 ], [ -111.132669757810177, 56.719225677963301 ], [ -111.132667227659013, 56.718506968238458 ], [ -111.13299399323347, 56.718506620006856 ], [ -111.132992725086083, 56.718147265117871 ], [ -111.133319487537364, 56.718146916034364 ], [ -111.133318851916826, 56.7179672385844 ], [ -111.134626537268673, 56.718145511133933 ], [ -111.134627179128174, 56.718325188569132 ], [ -111.134953943100342, 56.718324835200036 ], [ -111.134955229957498, 56.718684190049927 ], [ -111.135609410666788, 56.718863158144423 ], [ -111.135610057229954, 56.719042835551519 ], [ -111.135936827411442, 56.71904247960277 ], [ -111.135940068129813, 56.719940866547795 ], [ -111.135287157229186, 56.720121254990921 ], [ -111.13528780228674, 56.72030093236387 ], [ -111.134961021183997, 56.720301286616106 ], [ -111.13496166469092, 56.720480963986248 ], [ -111.13463488202261, 56.720481317384191 ], [ -111.134635523978858, 56.720660994751512 ], [ -111.133981316663665, 56.720482021609904 ], [ -111.13398067783109, 56.720302344232564 ], [ -111.133653896698618, 56.720302695057967 ], [ -111.133653259431554, 56.720123017673053 ], [ -111.133326479849771, 56.720123367639367 ], [ -111.13332584414816, 56.719943690246815 ], [ -111.13267228807868, 56.719944387604571 ], [ -111.132671655500545, 56.719764710202092 ], [ -111.132344879012862, 56.71976505759357 ], [ -111.132342985996544, 56.719226025347687 ] ] ] } },
{ "type": "Feature", "properties": { "area_km2": 0.0055999999999912691, "mock": false }, "geometry": { "type": "Polygon", "coordinates": [ [ [ -111.128774897978971, 56.726955915504497 ], [ -111.128448059068191, 56.726956252707325 ], [ -111.128448671675642, 56.727135929931286 ], [ -111.127794381225343, 56.726956924542193 ], [ -111.127793771742546, 56.726777247308448 ], [ -111.127466934369266, 56.726777581938208 ], [ -111.127465718542368, 56.726418227450523 ], [ -111.127792552798155, 56.72641789282531 ], [ -111.127791943336561, 56.72623821557589 ], [ -111.128445608709512, 56.726237543759311 ], [ -111.128446221288527, 56.726417221004141 ], [ -111.128773055523055, 56.726416883808199 ], [ -111.128774897978971, 56.726955915504497 ] ] ] } },
{ "type": "Feature", "properties": { "area_km2": 0.0080000000000011642, "mock": false }, "geometry": { "type": "Polygon", "coordinates": [ [ [ -111.136835115028688, 56.786420422146129 ], [ -111.136506454331823, 56.786061429825118 ], [ -111.136833806882265, 56.786061071254622 ], [ -111.136833152820444, 56.785881395801063 ], [ -111.138797258574513, 56.785879226357146 ], [ -111.139125939544158, 56.786238212644641 ], [ -111.138798585482547, 56.78623857722954 ], [ -111.138799248948132, 56.78641825265791 ], [ -111.136835115028688, 56.786420422146129 ] ] ] } },
{ "type": "Feature", "properties": { "area_km2": 0.020399999999980791, "mock": false }, "geometry": { "type": "Polygon", "coordinates": [ [ [ -111.115904282834038, 56.792909957189551 ], [ -111.115904837004237, 56.793089632584156 ], [ -111.116232251035257, 56.793089328040217 ], [ -111.116232806777347, 56.79326900342754 ], [ -111.116560222367383, 56.79326869802243 ], [ -111.116889873507873, 56.793987093238762 ], [ -111.117545279216074, 56.794166153469313 ], [ -111.117218976779498, 56.794525812156515 ], [ -111.116236697152686, 56.794526730992821 ], [ -111.116237252946405, 56.794706406338427 ], [ -111.115582396698358, 56.794707014604491 ], [ -111.11558184403583, 56.794527339254749 ], [ -111.115254417467767, 56.794527642097023 ], [ -111.115252764215455, 56.793988616010296 ], [ -111.114925342337671, 56.793988917987278 ], [ -111.114922045398728, 56.792910865660751 ], [ -111.115249457883579, 56.792910563696068 ], [ -111.115248906850667, 56.792730888292141 ], [ -111.115904282834038, 56.792909957189551 ] ] ] } },
{ "type": "Feature", "properties": { "area_km2": 0.045199999999983705, "mock": false }, "geometry": { "type": "Polygon", "coordinates": [ [ [ -111.108703285952942, 56.793635141489489 ], [ -111.109358646562299, 56.79381424474419 ], [ -111.109359169454038, 56.79399392015295 ], [ -111.109686591437821, 56.793993632780762 ], [ -111.109687115901181, 56.794173308182366 ], [ -111.110014539444435, 56.794173019949099 ], [ -111.110015065479445, 56.794352695343491 ], [ -111.110342490582156, 56.79435240624916 ], [ -111.110343018188871, 56.794532081636405 ], [ -111.110670444851038, 56.794531791680981 ], [ -111.110670974029489, 56.794711467061042 ], [ -111.110998402251127, 56.794711176244498 ], [ -111.110998933001341, 56.794890851617374 ], [ -111.110671503214078, 56.79489114243588 ], [ -111.110672032404821, 56.795070817805517 ], [ -111.109362306931942, 56.795071972496075 ], [ -111.109035918291724, 56.795431609764087 ], [ -111.108708483770883, 56.795431895433609 ], [ -111.108709003585872, 56.795611570799366 ], [ -111.108054131394709, 56.795612139564831 ], [ -111.108054648084305, 56.795791814929238 ], [ -111.107399259179516, 56.795612704893685 ], [ -111.107069775152581, 56.794894284736579 ], [ -111.106414406595547, 56.794715169495198 ], [ -111.106739793366543, 56.793996188202676 ], [ -111.10641237132873, 56.793996467842916 ], [ -111.106411353730806, 56.793637116985508 ], [ -111.108374312550822, 56.793096399989786 ], [ -111.108374830721871, 56.793276075425247 ], [ -111.108702246461803, 56.79327579063812 ], [ -111.108703285952942, 56.793635141489489 ] ] ] } },
{ "type": "Feature", "properties": { "area_km2": 0.031600000000114668, "mock": false }, "geometry": { "type": "Polygon", "coordinates": [ [ [ -111.117553148413393, 56.796681607862659 ], [ -111.116897698775091, 56.79650254776368 ], [ -111.116896580801864, 56.796143197179816 ], [ -111.116569140168494, 56.796143503477353 ], [ -111.11656802535272, 56.795784152868471 ], [ -111.1168954628546, 56.795783846575119 ], [ -111.116894344933314, 56.79542449594954 ], [ -111.117221779297296, 56.795424188801206 ], [ -111.117221218780713, 56.795244513482686 ], [ -111.117876648005705, 56.795423571927053 ], [ -111.117877211660186, 56.79560324723618 ], [ -111.11820464757028, 56.795602937508271 ], [ -111.118205212797051, 56.795782612810029 ], [ -111.118532650266275, 56.795782302220864 ], [ -111.118533217065291, 56.795961977515304 ], [ -111.118860656093673, 56.795961666064848 ], [ -111.118862361227599, 56.79650069191058 ], [ -111.119189804946686, 56.796500379594576 ], [ -111.11919094486727, 56.796859730128077 ], [ -111.119846411650698, 56.797038778164612 ], [ -111.119848704124877, 56.797757479131128 ], [ -111.120176158785057, 56.79775716422256 ], [ -111.120177308193945, 56.798116514670269 ], [ -111.119849850401906, 56.79811682958313 ], [ -111.119850423550403, 56.798296504801286 ], [ -111.119194934797861, 56.798117456831108 ], [ -111.119194364787901, 56.797937781603466 ], [ -111.118866908541904, 56.797938093936459 ], [ -111.118866340104503, 56.79775841870147 ], [ -111.11853888541782, 56.797758730173115 ], [ -111.118538318552936, 56.797579054930814 ], [ -111.118210865425581, 56.797579365541125 ], [ -111.118210300133157, 56.797399690291471 ], [ -111.117882848565131, 56.797400000040454 ], [ -111.117553148413393, 56.796681607862659 ] ] ] } },
{ "type": "Feature", "properties": { "area_km2": 0.046400000000139698, "mock": false }, "geometry": { "type": "Polygon", "coordinates": [ [ [ -111.081870578989367, 56.800842659526388 ], [ -111.081869795875065, 56.800483308812908 ], [ -111.08121444983918, 56.800304061387315 ], [ -111.081214061425769, 56.800124386014623 ], [ -111.080886585742391, 56.800124598693685 ], [ -111.080885812061368, 56.799765247929791 ], [ -111.080230483244236, 56.79958599531161 ], [ -111.080557183716309, 56.799226433557401 ], [ -111.080884651573555, 56.79922622174486 ], [ -111.080885038398335, 56.79940589714505 ], [ -111.081539977231529, 56.799405470939227 ], [ -111.081539587274563, 56.799225795541929 ], [ -111.081867055118309, 56.799225581151539 ], [ -111.081866272085861, 56.798866230344281 ], [ -111.081210954280806, 56.798686982845581 ], [ -111.081210177539688, 56.79832763200119 ], [ -111.081537637557759, 56.798327418477342 ], [ -111.081537247627992, 56.798147743048816 ], [ -111.081864706075592, 56.798147528667172 ], [ -111.081865097571352, 56.798327204094264 ], [ -111.082847477584664, 56.798326555789508 ], [ -111.082847873782939, 56.798506231206979 ], [ -111.083175335344194, 56.798506013385406 ], [ -111.083504394268317, 56.799224496310472 ], [ -111.083176926447507, 56.799224714997237 ], [ -111.083179711056218, 56.800482442617323 ], [ -111.083835069571293, 56.800661679714118 ], [ -111.083835470528115, 56.800841355059362 ], [ -111.08481791623484, 56.80084069122487 ], [ -111.085146212585371, 56.801199818890865 ], [ -111.085473697605977, 56.801199595031683 ], [ -111.085474515215168, 56.801558945670621 ], [ -111.08514702706195, 56.801559169532865 ], [ -111.085147434307345, 56.801738844846028 ], [ -111.084492050741332, 56.801559614679284 ], [ -111.084491646633282, 56.801379939357865 ], [ -111.083182098043949, 56.801560494659896 ], [ -111.082853817309513, 56.801201361843681 ], [ -111.082526332251547, 56.801201578828135 ], [ -111.082525937550486, 56.801021903487374 ], [ -111.082198454054193, 56.801022119611012 ], [ -111.082198060923972, 56.800842444263552 ], [ -111.081870578989367, 56.800842659526388 ] ] ] } },
{ "type": "Feature", "properties": { "area_km2": 0.019599999999992433, "mock": false }, "geometry": { "type": "Polygon", "coordinates": [ [ [ -111.079251481422673, 56.801203701408909 ], [ -111.079250723350313, 56.800844350693254 ], [ -111.078595383499064, 56.800665089523193 ], [ -111.078594631717934, 56.800305738770625 ], [ -111.078922108998569, 56.80030553210532 ], [ -111.078921731548391, 56.80012585672263 ], [ -111.079577063546665, 56.800305116196725 ], [ -111.079577824724993, 56.800664466940837 ], [ -111.080233169248487, 56.800843722950667 ], [ -111.0802339367184, 56.801203073657781 ], [ -111.080561421808085, 56.801202862688719 ], [ -111.080562577745297, 56.801741888706005 ], [ -111.080235087956694, 56.801742099679373 ], [ -111.080235855471187, 56.802101450334412 ], [ -111.079908362545424, 56.802101660451278 ], [ -111.079909509151406, 56.802640686399016 ], [ -111.079582011522049, 56.802640895660772 ], [ -111.079582392166472, 56.802820570967675 ], [ -111.078927393761589, 56.802820986915897 ], [ -111.078927016250006, 56.802641311606145 ], [ -111.078599518607405, 56.802641518289754 ], [ -111.078598766730224, 56.802282167651818 ], [ -111.079253376680626, 56.802102078106913 ], [ -111.079252239512641, 56.801563052103752 ], [ -111.078924751272638, 56.801563259638272 ], [ -111.078923996315268, 56.801203908940622 ], [ -111.079251481422673, 56.801203701408909 ] ] ] } },
{ "type": "Feature", "properties": { "area_km2": 0.0043999999999336436, "mock": false }, "geometry": { "type": "Polygon", "coordinates": [ [ [ -111.077628164905448, 56.80803239037779 ], [ -111.077628536280727, 56.808212065536821 ], [ -111.076973075579431, 56.808032796093343 ], [ -111.076972339109645, 56.807673445754155 ], [ -111.077627050805518, 56.807493364869458 ], [ -111.077626679447505, 56.807313689689586 ], [ -111.077954217836322, 56.807313485548043 ], [ -111.07828250520879, 56.807672630895908 ], [ -111.077954963690487, 56.807672835899773 ], [ -111.077955709561991, 56.80803218623069 ], [ -111.077628164905448, 56.80803239037779 ] ] ] } },
{ "type": "Feature", "properties": { "area_km2": 0.054800000000000584, "mock": false }, "geometry": { "type": "Polygon", "coordinates": [ [ [ -111.118602983589071, 56.818061998982373 ], [ -111.118275351830462, 56.818062309833806 ], [ -111.118274219753658, 56.817702960517657 ], [ -111.118601848376343, 56.817702649670458 ], [ -111.118601280779885, 56.817522975006675 ], [ -111.119584161904484, 56.81752203731223 ], [ -111.11958473420475, 56.81770171196964 ], [ -111.11991236280096, 56.817701397682946 ], [ -111.119588168146024, 56.818779759804521 ], [ -111.120244019630647, 56.818958804962172 ], [ -111.120244595120283, 56.819138479573603 ], [ -111.120899877367492, 56.819137846666344 ], [ -111.121228678888983, 56.819496878117086 ], [ -111.121556323131969, 56.819496559509311 ], [ -111.121559813926808, 56.820574606953969 ], [ -111.120905085302269, 56.820754917895748 ], [ -111.120905663995316, 56.820934592450755 ], [ -111.120578007193288, 56.820934909355898 ], [ -111.120578584324775, 56.821114583907857 ], [ -111.120250925947772, 56.821114899955184 ], [ -111.120251501517671, 56.821294574504051 ], [ -111.119268521641672, 56.82129551749253 ], [ -111.119267950776646, 56.821115842937232 ], [ -111.118940292372983, 56.821116155544608 ], [ -111.118939153799417, 56.820756806414117 ], [ -111.118611498525652, 56.820757118157253 ], [ -111.118610363114996, 56.820397769001694 ], [ -111.11828271097113, 56.820398079880611 ], [ -111.11827648393357, 56.818421659129086 ], [ -111.118604118828173, 56.818421348273432 ], [ -111.118602983589071, 56.818061998982373 ] ] ] } },
{ "type": "Feature", "properties": { "area_km2": 0.0087999999999499416, "mock": false }, "geometry": { "type": "Polygon", "coordinates": [ [ [ -111.080613478895756, 56.825458987045309 ], [ -111.079958468260529, 56.825639083155089 ], [ -111.079958851040374, 56.825818757793719 ], [ -111.079303451336955, 56.825819175824797 ], [ -111.079303071694639, 56.825639501183304 ], [ -111.078975373405058, 56.825639708907211 ], [ -111.078973861154807, 56.824921010283461 ], [ -111.079301553169515, 56.824920802565209 ], [ -111.079301173549254, 56.824741127897667 ], [ -111.079956554428065, 56.824740709883677 ], [ -111.080285013517795, 56.82509984890784 ], [ -111.080612707083432, 56.825099637747684 ], [ -111.080613478895756, 56.825458987045309 ] ] ] } },
{ "type": "Feature", "properties": { "area_km2": 0.0043999999999697319, "mock": false }, "geometry": { "type": "Polygon", "coordinates": [ [ [ -111.105855738595992, 56.828853959367329 ], [ -111.105856245413989, 56.829033633781044 ], [ -111.106183973090637, 56.829033355489884 ], [ -111.105857259067662, 56.829392982592857 ], [ -111.105201293728726, 56.829213862194919 ], [ -111.105200790043028, 56.829034187782639 ], [ -111.104873062348759, 56.829034463493066 ], [ -111.104872560238022, 56.828854789073695 ], [ -111.104544834106989, 56.828855063921992 ], [ -111.104871556034055, 56.828495440219335 ], [ -111.105527507239501, 56.828674562375525 ], [ -111.105528012482537, 56.82885423679636 ], [ -111.105855738595992, 56.828853959367329 ] ] ] } },
{ "type": "Feature", "properties": { "area_km2": 0.0071999999999790452, "mock": false }, "geometry": { "type": "Polygon", "coordinates": [ [ [ -111.093414665669556, 56.833894780430086 ], [ -111.093416007699972, 56.834433803421078 ], [ -111.093088232725904, 56.834434048212543 ], [ -111.093088678510114, 56.834613722534122 ], [ -111.092432682762208, 56.834434535214278 ], [ -111.092432240122434, 56.834254860884158 ], [ -111.092104466702509, 56.834255103092737 ], [ -111.092103584577643, 56.833895754413611 ], [ -111.091775814291793, 56.833895995758461 ], [ -111.092102702473269, 56.833536405713645 ], [ -111.09275823675128, 56.8335359204493 ], [ -111.093086895404326, 56.83389502521657 ], [ -111.093414665669556, 56.833894780430086 ] ] ] } },
{ "type": "Feature", "properties": { "area_km2": 0.0055999999999889402, "mock": false }, "geometry": { "type": "Polygon", "coordinates": [ [ [ -111.093094028325069, 56.836769813986777 ], [ -111.09342182370608, 56.836769569173612 ], [ -111.093422271127579, 56.836949243425799 ], [ -111.093750068073291, 56.836948997750454 ], [ -111.093750517069907, 56.837128671995771 ], [ -111.094078315580305, 56.837128425458268 ], [ -111.093751415078799, 56.837488020470779 ], [ -111.093095365895451, 56.837308836732745 ], [ -111.093094920033479, 56.837129162489276 ], [ -111.092767121507464, 56.837129406445264 ], [ -111.092766677220581, 56.836949732194959 ], [ -111.092438880259309, 56.836949975288775 ], [ -111.0924384375475, 56.836770301031599 ], [ -111.092110642150985, 56.836770543263256 ], [ -111.092437552139316, 56.836410952501595 ], [ -111.093093582478645, 56.836590139727683 ], [ -111.093094028325069, 56.836769813986777 ] ] ] } },
{ "type": "Feature", "properties": { "area_km2": 0.0063999999999592543, "mock": false }, "geometry": { "type": "Polygon", "coordinates": [ [ [ -111.134088955333283, 56.842482108890813 ], [ -111.133761110491363, 56.842482460482387 ], [ -111.133761751247249, 56.842662134318125 ], [ -111.133105420785199, 56.842483161083493 ], [ -111.133104783177671, 56.842303487237793 ], [ -111.132776939883883, 56.842303836244923 ], [ -111.132775031816962, 56.841764814669439 ], [ -111.133102870399497, 56.841764465669414 ], [ -111.133102232821614, 56.841584791802852 ], [ -111.1337585475423, 56.841763765087393 ], [ -111.133759188268385, 56.841943438943943 ], [ -111.134087028399037, 56.84194308735956 ], [ -111.134088955333283, 56.842482108890813 ] ] ] } }
]
}
