{
"type": "FeatureCollection",
"name": "river_ice",
"crs": { "type": "name", "properties": { "name": "urn:ogc:def:crs:OGC:1.3:CRS84" } },
"features": [
{ "type": "Feature", "properties": { }, "geometry": { "type": "Polygon", "coordinates": [ [ [ -111.434041447465262, 56.868391846785947 ], [ -111.43403936626666, 56.868212178364161 ], [ -111.433381165383608, 56.86803478779327 ], [ -111.433385321464968, 56.868394124673124 ], [ -111.434041447465262, 56.868391846785947 ] ] ] } },
{ "type": "Feature", "properties": { }, "geometry": { "type": "Polygon", "coordinates": [ [ [ -111.437319979083014, 56.868200737317942 ], [ -111.437311591615895, 56.867482063890066 ], [ -111.436983536735241, 56.867483211839996 ], [ -111.436991917910873, 56.868201885299165 ], [ -111.437319979083014, 56.868200737317942 ] ] ] } },
{ "type": "Feature", "properties": { }, "geometry": { "type": "Polygon", "coordinates": [ [ [ -111.359242495633637, 56.868629330717368 ], [ -111.359239050526497, 56.868269990632797 ], [ -111.359567115392394, 56.868269046828651 ], [ -111.35989172891945, 56.867908762083225 ], [ -111.359563667219533, 56.867909706735993 ], [ -111.3595619431632, 56.86773003668182 ], [ -111.358904101958586, 56.86755225331779 ], [ -111.358907543759528, 56.867911593457102 ], [ -111.359235605499549, 56.867910650527286 ], [ -111.359237328003005, 56.86809032058266 ], [ -111.358909264690027, 56.868091263518906 ], [ -111.358914427601704, 56.868630273672871 ], [ -111.359242495633637, 56.868629330717368 ] ] ] } },
{ "type": "Feature", "properties": { }, "geometry": { "type": "Polygon", "coordinates": [ [ [ -111.303138225398882, 56.868239040951458 ], [ -111.303136771873483, 56.868059369882921 ], [ -111.303791444964929, 56.867878105003783 ], [ -111.3037885317069, 56.867518762862282 ], [ -111.303132411398764, 56.867520356645919 ], [ -111.303133864873416, 56.867700027730145 ], [ -111.302805803121032, 56.86770082333517 ], [ -111.302810158927556, 56.868239836572762 ], [ -111.303138225398882, 56.868239040951458 ] ] ] } },
{ "type": "Feature", "properties": { }, "geometry": { "type": "Polygon", "coordinates": [ [ [ -111.330041199335184, 56.86835053893094 ], [ -111.330039616806658, 56.868170868332051 ], [ -111.330694161142503, 56.867989462627456 ], [ -111.330689404285053, 56.867450450819184 ], [ -111.330361345590106, 56.867451318782429 ], [ -111.330359761580738, 56.867271648163303 ], [ -111.32904753290839, 56.867275111378021 ], [ -111.329049110626158, 56.867454782020758 ], [ -111.32839456762423, 56.867636179120353 ], [ -111.328399291504994, 56.868175191036734 ], [ -111.328727356602045, 56.868174328218778 ], [ -111.328728932838601, 56.868353998841236 ], [ -111.330041199335184, 56.86835053893094 ] ] ] } },
{ "type": "Feature", "properties": { }, "geometry": { "type": "Polygon", "coordinates": [ [ [ -111.366459987232076, 56.868608367736961 ], [ -111.366458230062563, 56.868428697840116 ], [ -111.366130164048855, 56.868429659742034 ], [ -111.36612489738188, 56.867890650000405 ], [ -111.365796836066622, 56.867891611021193 ], [ -111.365465270013402, 56.867533231300371 ], [ -111.364809153572551, 56.867535149008447 ], [ -111.364807404390135, 56.867355479047461 ], [ -111.363823234294884, 56.867358349129056 ], [ -111.363821489851432, 56.867178679143287 ], [ -111.362507530933371, 56.867002823815348 ], [ -111.362511007217108, 56.867362163844113 ], [ -111.362182950397056, 56.86736311536923 ], [ -111.362189896915595, 56.868081795389848 ], [ -111.362846023118777, 56.868079891426262 ], [ -111.362844283312953, 56.867900221441943 ], [ -111.363828467747041, 56.86789735905495 ], [ -111.363826723242681, 56.867717689084898 ], [ -111.36415478310721, 56.867716733239469 ], [ -111.364156529184498, 56.867896403203019 ], [ -111.364814401241887, 56.868074158859976 ], [ -111.364816150505717, 56.868253828800015 ], [ -111.364488085963032, 56.868254786387951 ], [ -111.364163513696766, 56.86861508300484 ], [ -111.364819649094443, 56.868613168664361 ], [ -111.365144215028067, 56.868252870350588 ], [ -111.365472279530039, 56.868251911039678 ], [ -111.365803852038241, 56.868610290692416 ], [ -111.366459987232076, 56.868608367736961 ] ] ] } },
{ "type": "Feature", "properties": { }, "geometry": { "type": "Polygon", "coordinates": [ [ [ -111.433700907086049, 56.867314975504215 ], [ -111.433694668717123, 56.86677597010528 ], [ -111.433036494717257, 56.866598577637639 ], [ -111.432712596788491, 56.866959051344985 ], [ -111.433040647266239, 56.866957914617025 ], [ -111.43304272357696, 56.867137583098852 ], [ -111.433700907086049, 56.867314975504215 ] ] ] } },
{ "type": "Feature", "properties": { }, "geometry": { "type": "Polygon", "coordinates": [ [ [ -111.299847495710907, 56.866989260429726 ], [ -111.300169794418764, 56.866269787953321 ], [ -111.298857597035479, 56.866272934019712 ], [ -111.298532410338311, 56.866633060769828 ], [ -111.299847495710907, 56.866989260429726 ] ] ] } },
{ "type": "Feature", "properties": { }, "geometry": { "type": "Polygon", "coordinates": [ [ [ -111.33790021024295, 56.866712455718577 ], [ -111.337898590132397, 56.866532785215995 ], [ -111.338226640534089, 56.866531897469258 ], [ -111.338223397223985, 56.866172556460477 ], [ -111.33789534996788, 56.866173444195127 ], [ -111.337893729913887, 56.865993773676848 ], [ -111.337237638490677, 56.865995546549776 ], [ -111.337239255399126, 56.866175217080141 ], [ -111.336911208086534, 56.866176102230511 ], [ -111.336914438814304, 56.866535443287596 ], [ -111.337242489272498, 56.86653455812516 ], [ -111.337244106237392, 56.866714228639829 ], [ -111.33790021024295, 56.866712455718577 ] ] ] } },
{ "type": "Feature", "properties": { }, "geometry": { "type": "Polygon", "coordinates": [ [ [ -111.301486328061188, 56.866805641531847 ], [ -111.301484882535334, 56.866625970394438 ], [ -111.30181293491782, 56.866625178267718 ], [ -111.301807146691417, 56.865906493687405 ], [ -111.301151054492067, 56.865908077036252 ], [ -111.30115249837786, 56.866087748199952 ], [ -111.300824450680196, 56.86608853858764 ], [ -111.30082589301, 56.866268209751496 ], [ -111.30115394228045, 56.866267419358444 ], [ -111.301158274089033, 56.86680643280252 ], [ -111.301486328061188, 56.866805641531847 ] ] ] } },
{ "type": "Feature", "properties": { }, "geometry": { "type": "Polygon", "coordinates": [ [ [ -111.427152119658615, 56.868415592737534 ], [ -111.42714392713269, 56.867696918371806 ], [ -111.426815869931886, 56.867698039624642 ], [ -111.426801544938613, 56.866440359228996 ], [ -111.427129591129827, 56.866439238029635 ], [ -111.427121399652449, 56.865720563432866 ], [ -111.426467364516071, 56.86590247358145 ], [ -111.426465319827827, 56.865722804909105 ], [ -111.42580923990802, 56.865725042939815 ], [ -111.425807198388853, 56.865545374246977 ], [ -111.42547915996596, 56.865546491962633 ], [ -111.425475080144167, 56.865187154545978 ], [ -111.425147044842788, 56.865188271385023 ], [ -111.425157236712053, 56.866086614925329 ], [ -111.425485279876696, 56.866085498048228 ], [ -111.425487319894415, 56.86626516673293 ], [ -111.425815364608027, 56.866264048986814 ], [ -111.425817406222208, 56.866443717658647 ], [ -111.426145452484789, 56.866442599043509 ], [ -111.426477588314256, 56.866800816864377 ], [ -111.426149538929934, 56.866801936356175 ], [ -111.426151582188169, 56.866981605004639 ], [ -111.42549548020267, 56.866983841419213 ], [ -111.42549344008998, 56.866804172755515 ], [ -111.42516539063439, 56.866805289663041 ], [ -111.425173544936271, 56.86752396431676 ], [ -111.424845489165719, 56.867525080393278 ], [ -111.424855674712333, 56.86842342363029 ], [ -111.427152119658615, 56.868415592737534 ] ] ] } },
{ "type": "Feature", "properties": { }, "geometry": { "type": "Polygon", "coordinates": [ [ [ -111.361514703086286, 56.866107325506761 ], [ -111.36183927922734, 56.86574703562183 ], [ -111.361511236522063, 56.865747985365807 ], [ -111.361509503270213, 56.865568315287469 ], [ -111.360851690858254, 56.865390542081798 ], [ -111.360848230746029, 56.865031201873094 ], [ -111.360520194271004, 56.865032149007043 ], [ -111.36052537975155, 56.865571159331594 ], [ -111.360853420944579, 56.865570212178298 ], [ -111.360855151051027, 56.86574988226954 ], [ -111.36118319379662, 56.865748934248387 ], [ -111.36118665721537, 56.866108274402258 ], [ -111.361514703086286, 56.866107325506761 ] ] ] } },
{ "type": "Feature", "properties": { }, "geometry": { "type": "Polygon", "coordinates": [ [ [ -111.427443291453287, 56.865180435422879 ], [ -111.42743919285536, 56.86482109807676 ], [ -111.427111160841847, 56.864822220068739 ], [ -111.427115256294613, 56.865181557430141 ], [ -111.427443291453287, 56.865180435422879 ] ] ] } },
{ "type": "Feature", "properties": { }, "geometry": { "type": "Polygon", "coordinates": [ [ [ -111.363472521819958, 56.865023593791761 ], [ -111.363470779213003, 56.864843923731371 ], [ -111.363798813933556, 56.864842968851498 ], [ -111.364123357190309, 56.864482672999813 ], [ -111.363795325635238, 56.864483628728038 ], [ -111.363793581516532, 56.864303958658454 ], [ -111.363465551513741, 56.864304913518815 ], [ -111.363134039604319, 56.863946527336914 ], [ -111.362806012706102, 56.863947480461583 ], [ -111.362807752066601, 56.864127150561139 ], [ -111.361167609409605, 56.864131903296645 ], [ -111.361165877911802, 56.863952233164696 ], [ -111.360509823852937, 56.86395412821652 ], [ -111.360511552205665, 56.864133798361372 ], [ -111.360183523573511, 56.864134744601706 ], [ -111.360186977194189, 56.864494084888584 ], [ -111.360515008971461, 56.864493138635353 ], [ -111.3608465007201, 56.864851531760877 ], [ -111.361174535602359, 56.864850583772004 ], [ -111.361172804023951, 56.86467091366103 ], [ -111.361828870582784, 56.864669015112085 ], [ -111.362160376444621, 56.86502740472347 ], [ -111.363472521819958, 56.865023593791761 ] ] ] } },
{ "type": "Feature", "properties": { }, "geometry": { "type": "Polygon", "coordinates": [ [ [ -111.302457438284534, 56.865186222272129 ], [ -111.302455988192008, 56.865006551103875 ], [ -111.302784026369096, 56.865005756441533 ], [ -111.30310915810422, 56.864645618587282 ], [ -111.301797017943414, 56.864648795470579 ], [ -111.301795571046767, 56.864469124275836 ], [ -111.301467537537064, 56.864469916337796 ], [ -111.301466092229873, 56.86429024513243 ], [ -111.300808586160073, 56.864112155440104 ], [ -111.300810028305264, 56.864291826661471 ], [ -111.300481996317785, 56.864292616133937 ], [ -111.30048487751327, 56.864651958571748 ], [ -111.300156842363791, 56.864652747193588 ], [ -111.300159720481005, 56.865012089621217 ], [ -111.301471873559592, 56.865008929922531 ], [ -111.301473318934072, 56.865188601107 ], [ -111.302457438284534, 56.865186222272129 ] ] ] } },
{ "type": "Feature", "properties": { }, "geometry": { "type": "Polygon", "coordinates": [ [ [ -111.30506566733068, 56.863203458150814 ], [ -111.305064204843859, 56.863023786968526 ], [ -111.305392225587013, 56.863022985475098 ], [ -111.305390761544743, 56.862843314293038 ], [ -111.304734723186385, 56.862844916407646 ], [ -111.304737644998028, 56.863204258788357 ], [ -111.30506566733068, 56.863203458150814 ] ] ] } },
{ "type": "Feature", "properties": { }, "geometry": { "type": "Polygon", "coordinates": [ [ [ -111.43499435007196, 56.865693396965675 ], [ -111.434992264518655, 56.865513728488416 ], [ -111.435320302245231, 56.865512585792764 ], [ -111.435314041013044, 56.864973580352839 ], [ -111.434986008004287, 56.864974723025135 ], [ -111.435309866979665, 56.86461424336661 ], [ -111.436293956424834, 56.864610810228328 ], [ -111.436296048147042, 56.864790478700684 ], [ -111.436624079486009, 56.864789332590767 ], [ -111.43662826614856, 56.86514866950408 ], [ -111.436956300608315, 56.865147522517177 ], [ -111.436937447241377, 56.863530506312046 ], [ -111.436609426934226, 56.863531653228627 ], [ -111.436929068600861, 56.862811832306498 ], [ -111.436270949086875, 56.86263445668574 ], [ -111.436266766250867, 56.862275119609706 ], [ -111.435938756901621, 56.862276264749056 ], [ -111.435936667092406, 56.862096596195357 ], [ -111.43560865929112, 56.862097740465664 ], [ -111.435610747528045, 56.862277409027143 ], [ -111.435282738130184, 56.862278552443968 ], [ -111.435284824819078, 56.862458221008005 ], [ -111.434956813824627, 56.862459363571318 ], [ -111.434958898965462, 56.862639032137885 ], [ -111.434630886374421, 56.862640173847709 ], [ -111.434307037824155, 56.863000651844715 ], [ -111.433651006231486, 56.863002930989005 ], [ -111.433648927331589, 56.862823262401875 ], [ -111.432994974542055, 56.863005206688101 ], [ -111.43300742958013, 56.864083218193585 ], [ -111.433335454871525, 56.864082080728188 ], [ -111.433343765003414, 56.864800754929121 ], [ -111.433671796560759, 56.864799616571375 ], [ -111.43367387572674, 56.864979285100723 ], [ -111.434332024249301, 56.865156674294212 ], [ -111.434336188992688, 56.865516011295576 ], [ -111.43499435007196, 56.865693396965675 ] ] ] } },
{ "type": "Feature", "properties": { }, "geometry": { "type": "Polygon", "coordinates": [ [ [ -111.360169709894492, 56.862697383244708 ], [ -111.360167983275005, 56.862517713051503 ], [ -111.360495997754953, 56.86251676686917 ], [ -111.360164530096341, 56.86215837264939 ], [ -111.360818823042749, 56.861976809253214 ], [ -111.360487357097213, 56.861618415856839 ], [ -111.359831343840639, 56.861620307295773 ], [ -111.359833068787381, 56.861799977521613 ], [ -111.359178774128097, 56.861981535761764 ], [ -111.359180495970278, 56.862161205989977 ], [ -111.359508507365675, 56.862160262404394 ], [ -111.359511954254899, 56.862519602832258 ], [ -111.360169709894492, 56.862697383244708 ] ] ] } },
{ "type": "Feature", "properties": { }, "geometry": { "type": "Polygon", "coordinates": [ [ [ -111.307682470216008, 56.862298666297853 ], [ -111.30768099523516, 56.862118995133265 ], [ -111.308337020706446, 56.862117377558924 ], [ -111.30833554259803, 56.861937706400127 ], [ -111.308663553735499, 56.861936896326533 ], [ -111.308660594425575, 56.861577554004285 ], [ -111.30800310193824, 56.86139950208814 ], [ -111.308000149020742, 56.861040159712445 ], [ -111.307672145710455, 56.861040968035937 ], [ -111.30767509548339, 56.861400310422631 ], [ -111.307347089011358, 56.861401117895845 ], [ -111.307350035708282, 56.861760460272613 ], [ -111.307022026074463, 56.861761266895542 ], [ -111.307026441531292, 56.862300280437992 ], [ -111.307682470216008, 56.862298666297853 ] ] ] } },
{ "type": "Feature", "properties": { }, "geometry": { "type": "Polygon", "coordinates": [ [ [ -111.433308449613776, 56.86174638899471 ], [ -111.433306372455434, 56.861566720363065 ], [ -111.433960298660978, 56.861384774444062 ], [ -111.433956138176327, 56.861025437185518 ], [ -111.434610051780112, 56.860843487867925 ], [ -111.434607968453989, 56.860663819241061 ], [ -111.433949897630896, 56.860486431258295 ], [ -111.433945737388257, 56.860127093947213 ], [ -111.43361774673555, 56.86012823296457 ], [ -111.433621903833966, 56.860487570291156 ], [ -111.433293910012864, 56.86048870846281 ], [ -111.4333001411254, 56.861027714436574 ], [ -111.43264621791927, 56.861209656905594 ], [ -111.432650365874593, 56.861568994215645 ], [ -111.433308449613776, 56.86174638899471 ] ] ] } },
{ "type": "Feature", "properties": { }, "geometry": { "type": "Polygon", "coordinates": [ [ [ -111.355891850522042, 56.86127224296164 ], [ -111.355888438502873, 56.860912902319697 ], [ -111.356216439091767, 56.860911967391587 ], [ -111.356214731539737, 56.860732297069134 ], [ -111.355886732523047, 56.860733231990871 ], [ -111.355555324730815, 56.860374825365277 ], [ -111.354899332887058, 56.860376690877118 ], [ -111.354901034110625, 56.860556361235481 ], [ -111.355558733486532, 56.860734166051351 ], [ -111.355563846768817, 56.861273177041213 ], [ -111.355891850522042, 56.86127224296164 ] ] ] } },
{ "type": "Feature", "properties": { }, "geometry": { "type": "Polygon", "coordinates": [ [ [ -111.356245470516114, 56.863966362072063 ], [ -111.356242054756379, 56.863607021599975 ], [ -111.355914030582042, 56.863607956623611 ], [ -111.355908911808896, 56.863068945857108 ], [ -111.355580892332114, 56.86306988000031 ], [ -111.355577483060799, 56.862710539450383 ], [ -111.355249466709054, 56.862711472719575 ], [ -111.355244357667956, 56.862172461836337 ], [ -111.354916346013539, 56.862173394225152 ], [ -111.354914644611824, 56.861993723913912 ], [ -111.354256926151038, 56.861815915765824 ], [ -111.354253529735757, 56.861456575091808 ], [ -111.353925524311293, 56.86145750487141 ], [ -111.353918738006811, 56.860738823435177 ], [ -111.353261046294264, 56.860561009975214 ], [ -111.353257659588621, 56.860201669189898 ], [ -111.351945681558178, 56.860205372628954 ], [ -111.3519473686125, 56.860385043049462 ], [ -111.351619372483597, 56.86038596676245 ], [ -111.351621057985355, 56.860565637184003 ], [ -111.351949055686433, 56.860564713464719 ], [ -111.351952429893188, 56.86092405427955 ], [ -111.352280430719063, 56.860923129686427 ], [ -111.352282119424132, 56.861102800079678 ], [ -111.352938124161369, 56.861100948297079 ], [ -111.353269513403134, 56.86145936184684 ], [ -111.352941507919496, 56.861460289042654 ], [ -111.35294319982809, 56.86163995940759 ], [ -111.351959178542259, 56.861642735846331 ], [ -111.351960865753611, 56.861822406224952 ], [ -111.351632857046738, 56.861823329988276 ], [ -111.35163622838364, 56.862182670742378 ], [ -111.351308216512464, 56.862183593657001 ], [ -111.351309900637972, 56.862363264032481 ], [ -111.35065555469248, 56.8625447776732 ], [ -111.350657235712362, 56.862724448050763 ], [ -111.351314953132032, 56.862902275127496 ], [ -111.351318321559404, 56.863261615831327 ], [ -111.350663959987457, 56.863443129508646 ], [ -111.350667322242387, 56.863802470206188 ], [ -111.350995348304679, 56.86380154895766 ], [ -111.350997031034012, 56.863981219292292 ], [ -111.351981113820955, 56.863978450359802 ], [ -111.351979426374044, 56.863798780044036 ], [ -111.352307452357906, 56.86379785535015 ], [ -111.352304074377955, 56.863438514715476 ], [ -111.352632097197173, 56.863437589172847 ], [ -111.35263040666419, 56.863257918853982 ], [ -111.353284755440427, 56.863076394885866 ], [ -111.353283061801903, 56.862896724569147 ], [ -111.352955043739414, 56.86289765181548 ], [ -111.352953351693031, 56.862717981487208 ], [ -111.352625335183276, 56.862718907865926 ], [ -111.352293940909703, 56.862360492685852 ], [ -111.352621954294335, 56.862359567181045 ], [ -111.352620263879373, 56.862179896830746 ], [ -111.353276287444885, 56.862178043249884 ], [ -111.353277981004581, 56.862357713587556 ], [ -111.353605994330167, 56.862356785498861 ], [ -111.353611079844697, 56.862895796461487 ], [ -111.353939097867752, 56.862894867492521 ], [ -111.353940794651137, 56.863074537796592 ], [ -111.354598533730936, 56.863252347548197 ], [ -111.354603633693742, 56.863791358375259 ], [ -111.354931659519892, 56.863790426790615 ], [ -111.354929957940001, 56.863610756526526 ], [ -111.355586006387867, 56.863608890785919 ], [ -111.355587711112761, 56.86378856103731 ], [ -111.356245470516114, 56.863966362072063 ] ] ] } },
{ "type": "Feature", "properties": { }, "geometry": { "type": "Polygon", "coordinates": [ [ [ -111.346706075999236, 56.861118401138917 ], [ -111.34670441402227, 56.860938730639397 ], [ -111.347032415160001, 56.860937819826283 ], [ -111.347029088119641, 56.860578478823925 ], [ -111.346701090126345, 56.860579389624625 ], [ -111.346699428207387, 56.860399719109402 ], [ -111.34637143176694, 56.860400629042665 ], [ -111.346040117815903, 56.860042197043725 ], [ -111.345384131127147, 56.860044012579351 ], [ -111.345382475554715, 56.859864342023663 ], [ -111.345054483753586, 56.859865248493463 ], [ -111.344723187134576, 56.859506812950251 ], [ -111.343739220990798, 56.859509524571763 ], [ -111.343740868664199, 56.859689195168755 ], [ -111.343412878339151, 56.859690097326336 ], [ -111.343417816757963, 56.86022910910431 ], [ -111.343745811799423, 56.860228206928298 ], [ -111.343747459549505, 56.86040787750435 ], [ -111.344075456143983, 56.86040697446095 ], [ -111.344406754565739, 56.860765411668091 ], [ -111.345062753947445, 56.860763601250476 ], [ -111.345064408043953, 56.860943271786176 ], [ -111.345720410493144, 56.860941457911217 ], [ -111.345722067753385, 56.861121128429318 ], [ -111.346706075999236, 56.861118401138917 ] ] ] } },
{ "type": "Feature", "properties": { }, "geometry": { "type": "Polygon", "coordinates": [ [ [ -111.432295423001037, 56.859234436858621 ], [ -111.432291278816962, 56.858875099396528 ], [ -111.43163531925434, 56.858877367849828 ], [ -111.431637388190381, 56.859057036598969 ], [ -111.432295423001037, 56.859234436858621 ] ] ] } },
{ "type": "Feature", "properties": { }, "geometry": { "type": "Polygon", "coordinates": [ [ [ -111.425102207661268, 56.861235558248161 ], [ -111.425100169880238, 56.861055889408824 ], [ -111.425756168128913, 56.861053655219422 ], [ -111.42575412722725, 56.86087398639004 ], [ -111.4260821247438, 56.8608728680111 ], [ -111.426075997464807, 56.860333861514341 ], [ -111.425748004664669, 56.86033497987043 ], [ -111.425743923075004, 56.859975642164422 ], [ -111.425415933395342, 56.859976759644077 ], [ -111.425403698628287, 56.858898746354363 ], [ -111.425075718357022, 56.858899862927167 ], [ -111.424743666283945, 56.858541640803168 ], [ -111.424087711910772, 56.85854386961261 ], [ -111.424097875813899, 56.859442214238285 ], [ -111.424425860872191, 56.859441100226199 ], [ -111.42442992974307, 56.859800438024529 ], [ -111.424757917921809, 56.859799323136073 ], [ -111.424766062235975, 56.860517998639345 ], [ -111.425094056679399, 56.860516882859301 ], [ -111.424774206929158, 56.86123667405861 ], [ -111.425102207661268, 56.861235558248161 ] ] ] } },
{ "type": "Feature", "properties": { }, "geometry": { "type": "Polygon", "coordinates": [ [ [ -111.349971003633982, 56.859492220065725 ], [ -111.349969326110241, 56.859312549581382 ], [ -111.350297312904274, 56.859311630212133 ], [ -111.35029395477126, 56.858952289240264 ], [ -111.34963631155874, 56.858774456586211 ], [ -111.349637987451899, 56.858954127092531 ], [ -111.349310003762952, 56.858955044726891 ], [ -111.349313352463682, 56.859314385736297 ], [ -111.349971003633982, 56.859492220065725 ] ] ] } },
{ "type": "Feature", "properties": { }, "geometry": { "type": "Polygon", "coordinates": [ [ [ -111.35456623809992, 56.859838611215629 ], [ -111.354564538527612, 56.859658940829952 ], [ -111.355218815137206, 56.859477406713154 ], [ -111.35521370716593, 56.858938395547128 ], [ -111.354885723810909, 56.858939327821631 ], [ -111.354884022765461, 56.858759657416122 ], [ -111.354556040962677, 56.858760588823081 ], [ -111.354554341509001, 56.858580918406005 ], [ -111.353896684698213, 56.858403108188739 ], [ -111.35389838098817, 56.858582778623735 ], [ -111.353570400698118, 56.858583707440857 ], [ -111.353572095435794, 56.858763377876933 ], [ -111.353900077297837, 56.858762449053501 ], [ -111.353578874583661, 56.859482059568904 ], [ -111.353906862733893, 56.859481130720155 ], [ -111.353908559142241, 56.859660801123731 ], [ -111.35456623809992, 56.859838611215629 ] ] ] } },
{ "type": "Feature", "properties": { }, "geometry": { "type": "Polygon", "coordinates": [ [ [ -111.34438694463924, 56.858609364683403 ], [ -111.344711620944906, 56.858249118754081 ], [ -111.344054016451267, 56.858071256644017 ], [ -111.343729335352904, 56.858431500879931 ], [ -111.34438694463924, 56.858609364683403 ] ] ] } },
{ "type": "Feature", "properties": { }, "geometry": { "type": "Polygon", "coordinates": [ [ [ -111.352251725738711, 56.857868732199861 ], [ -111.352576319992593, 56.857508465884997 ], [ -111.351918691358293, 56.857330645188782 ], [ -111.351594092310222, 56.857690909810728 ], [ -111.352251725738711, 56.857868732199861 ] ] ] } },
{ "type": "Feature", "properties": { }, "geometry": { "type": "Polygon", "coordinates": [ [ [ -111.341431843170852, 56.858258126920745 ], [ -111.341430206654465, 56.858078456238999 ], [ -111.341758182945895, 56.858077559303673 ], [ -111.341754906826395, 56.857718217936686 ], [ -111.339459094394257, 56.85772447831426 ], [ -111.339457467366401, 56.857544807580268 ], [ -111.3388015239304, 56.857546588497115 ], [ -111.338803147814446, 56.857726259243243 ], [ -111.337491254428272, 56.857729810767417 ], [ -111.337160049004368, 56.857371354937669 ], [ -111.336176138142122, 56.857374006919159 ], [ -111.336174526870792, 56.857194336114283 ], [ -111.334862651746263, 56.857197860009684 ], [ -111.334861046781086, 56.857018189175562 ], [ -111.334206714071897, 56.857199616790588 ], [ -111.334537889760995, 56.857558080495195 ], [ -111.335192227111165, 56.857376651150418 ], [ -111.335523413784827, 56.857735112219217 ], [ -111.336507334190983, 56.857732465368493 ], [ -111.336508947090465, 56.857912136151647 ], [ -111.337492872043512, 56.857909481532495 ], [ -111.337494489677582, 56.858089152292351 ], [ -111.339462348506743, 56.858083819766549 ], [ -111.339463975591386, 56.858263490484831 ], [ -111.340774254014519, 56.858080247526146 ], [ -111.340775887386982, 56.858259918220106 ], [ -111.341431843170852, 56.858258126920745 ] ] ] } },
{ "type": "Feature", "properties": { }, "geometry": { "type": "Polygon", "coordinates": [ [ [ -111.356189120643023, 56.858037241603803 ], [ -111.356513678466399, 56.85767696511143 ], [ -111.357169622950636, 56.857675091178756 ], [ -111.357166199150257, 56.857315750378334 ], [ -111.35683823006184, 56.857316687762477 ], [ -111.356506843520165, 56.856958283438573 ], [ -111.355850911531292, 56.856960153875711 ], [ -111.355852617094385, 56.857139824314523 ], [ -111.355524649498335, 56.857140758247773 ], [ -111.355529761591015, 56.857679769551865 ], [ -111.355201789259539, 56.857680702643059 ], [ -111.355533169751922, 56.858039110395083 ], [ -111.356189120643023, 56.858037241603803 ] ] ] } },
{ "type": "Feature", "properties": { }, "geometry": { "type": "Polygon", "coordinates": [ [ [ -111.328311139580833, 56.858113627500025 ], [ -111.328309565961234, 56.857933956573468 ], [ -111.32896394013126, 56.857752559826281 ], [ -111.328960786695973, 56.857393217970511 ], [ -111.328632815963289, 56.857394081297024 ], [ -111.328629665745112, 56.857034739408554 ], [ -111.328301698137835, 56.857035601862165 ], [ -111.328300124628072, 56.856855930904224 ], [ -111.326988260303452, 56.856859372083974 ], [ -111.326986693099272, 56.856679701097349 ], [ -111.325674834770226, 56.856683128475808 ], [ -111.325676395687125, 56.856862799485775 ], [ -111.32534842948759, 56.856863654183421 ], [ -111.325349988850789, 56.857043325193985 ], [ -111.325677956622144, 56.857042470490512 ], [ -111.325681078546708, 56.857401812484305 ], [ -111.326009049443641, 56.857400956908052 ], [ -111.326010612005064, 56.857580627891267 ], [ -111.326338584455726, 56.857579771448052 ], [ -111.326669688353249, 56.857938256071073 ], [ -111.32798159047617, 56.857934818195304 ], [ -111.327983162523836, 56.858114489127736 ], [ -111.328311139580833, 56.858113627500025 ] ] ] } },
{ "type": "Feature", "properties": { }, "geometry": { "type": "Polygon", "coordinates": [ [ [ -111.306333700621522, 56.857810109900406 ], [ -111.306332232357335, 56.857630438583143 ], [ -111.306986707967269, 56.857449156861925 ], [ -111.30698376523678, 56.857089814223166 ], [ -111.306655796460575, 56.857090619842118 ], [ -111.306654326692865, 56.856910948509409 ], [ -111.305998392232894, 56.85691255715296 ], [ -111.305996925625962, 56.856732885804071 ], [ -111.305013028523632, 56.856735292294523 ], [ -111.305014490415047, 56.856914963659804 ], [ -111.304686523108387, 56.856915764106503 ], [ -111.30468506278882, 56.856736092735773 ], [ -111.304029131268237, 56.85673769103488 ], [ -111.3037069880003, 56.857457174409618 ], [ -111.304034960073508, 56.85745637653001 ], [ -111.304365849777952, 56.857814920494555 ], [ -111.304693824961078, 56.857814120881763 ], [ -111.305018876191326, 56.857453977724298 ], [ -111.305674820184862, 56.857452374214766 ], [ -111.305676285288129, 56.8576320455482 ], [ -111.306333700621522, 56.857810109900406 ] ] ] } },
{ "type": "Feature", "properties": { }, "geometry": { "type": "Polygon", "coordinates": [ [ [ -111.333550776322994, 56.85720137012698 ], [ -111.333875544726126, 56.856841152179996 ], [ -111.333547578986057, 56.856842028405694 ], [ -111.333545980345505, 56.856662357537196 ], [ -111.333218016158639, 56.856663232895805 ], [ -111.332886861015027, 56.856304765616763 ], [ -111.332232531151917, 56.856486182907389 ], [ -111.33223093883565, 56.856306512004601 ], [ -111.331902977718187, 56.856307383906874 ], [ -111.331901386992214, 56.856127712992922 ], [ -111.331245467845292, 56.856129454202282 ], [ -111.331243880281335, 56.855949783271249 ], [ -111.330589548624502, 56.856131191967265 ], [ -111.33092068028391, 56.856489665373552 ], [ -111.33157660575489, 56.856487925862687 ], [ -111.331907750007105, 56.856846396617321 ], [ -111.332563681654335, 56.85684465191602 ], [ -111.332565275597986, 56.857024322797159 ], [ -111.333221210314719, 56.85702257463948 ], [ -111.333222807420626, 56.857202245503473 ], [ -111.333550776322994, 56.85720137012698 ] ] ] } },
{ "type": "Feature", "properties": { }, "geometry": { "type": "Polygon", "coordinates": [ [ [ -111.351578926323555, 56.856073875074138 ], [ -111.351575556319929, 56.855714533963955 ], [ -111.351247601041806, 56.855715456652291 ], [ -111.35125096790199, 56.856074797775044 ], [ -111.351578926323555, 56.856073875074138 ] ] ] } },
{ "type": "Feature", "properties": { }, "geometry": { "type": "Polygon", "coordinates": [ [ [ -111.324033458410824, 56.856507722279474 ], [ -111.324031905389191, 56.856328051229994 ], [ -111.324359866945755, 56.85632719999424 ], [ -111.324356757813192, 56.855967857891159 ], [ -111.324028799400153, 56.855968709115317 ], [ -111.324027246432721, 56.855789038050133 ], [ -111.323369782890026, 56.855611066821602 ], [ -111.323371332695942, 56.855790737903597 ], [ -111.323043375800509, 56.855791586538686 ], [ -111.323048020611196, 56.856330599770615 ], [ -111.323375982221904, 56.856329751118182 ], [ -111.323377532099954, 56.856509422179244 ], [ -111.324033458410824, 56.856507722279474 ] ] ] } },
{ "type": "Feature", "properties": { }, "geometry": { "type": "Polygon", "coordinates": [ [ [ -111.354858509458126, 56.856064600705075 ], [ -111.35485170666135, 56.855345918716445 ], [ -111.35353989879107, 56.855349638695806 ], [ -111.353541593173901, 56.855529309226164 ], [ -111.353869546742757, 56.855528380516603 ], [ -111.353871242716991, 56.855708051035393 ], [ -111.354199197837815, 56.855707121458423 ], [ -111.35420089540348, 56.855886791965638 ], [ -111.354858509458126, 56.856064600705075 ] ] ] } },
{ "type": "Feature", "properties": { }, "geometry": { "type": "Polygon", "coordinates": [ [ [ -111.351247601041806, 56.855715456652291 ], [ -111.35124591764108, 56.85553578608306 ], [ -111.351573871347512, 56.855534863401012 ], [ -111.351572186394705, 56.855355192832832 ], [ -111.350916282105572, 56.855357037323287 ], [ -111.350919645744071, 56.855716378479556 ], [ -111.351247601041806, 56.855715456652291 ] ] ] } },
{ "type": "Feature", "properties": { }, "geometry": { "type": "Polygon", "coordinates": [ [ [ -111.329276131828379, 56.855954986197546 ], [ -111.329600930594523, 56.855594779259029 ], [ -111.329272975616476, 56.855595644248901 ], [ -111.328941867624962, 56.855237166396321 ], [ -111.327630060029577, 56.855240614253681 ], [ -111.327633200451189, 56.855599956282013 ], [ -111.327961155520853, 56.855599095597555 ], [ -111.327962727330785, 56.855778766598014 ], [ -111.328946597145119, 56.855776179360518 ], [ -111.328948173688516, 56.855955850338113 ], [ -111.329276131828379, 56.855954986197546 ] ] ] } },
{ "type": "Feature", "properties": { }, "geometry": { "type": "Polygon", "coordinates": [ [ [ -111.326974156122205, 56.855242333015951 ], [ -111.326972589082104, 56.855062661982245 ], [ -111.327300539473256, 56.855061803037486 ], [ -111.327297402304481, 56.854702460966045 ], [ -111.326641507790484, 56.854704177971087 ], [ -111.326639942376673, 56.854524506915837 ], [ -111.325984050933045, 56.85452622046499 ], [ -111.325982488680609, 56.854346549392837 ], [ -111.325326600307463, 56.854348259486159 ], [ -111.325328159416713, 56.854527930569972 ], [ -111.325000213631341, 56.854528784330896 ], [ -111.325003328761028, 56.854888126494451 ], [ -111.325331277689642, 56.854887272721911 ], [ -111.325332836853306, 56.855066943790021 ], [ -111.325988737799378, 56.855065233650102 ], [ -111.325990300124488, 56.855244904701337 ], [ -111.326974156122205, 56.855242333015951 ] ] ] } },
{ "type": "Feature", "properties": { }, "geometry": { "type": "Polygon", "coordinates": [ [ [ -111.308277909780628, 56.854930527128332 ], [ -111.308276432359889, 56.854750855760358 ], [ -111.30794848408496, 56.854751664752207 ], [ -111.3076175872894, 56.854393130109365 ], [ -111.306961696940263, 56.854394743765795 ], [ -111.306963168040241, 56.854574415166233 ], [ -111.307291114794964, 56.85457360876304 ], [ -111.307622010070375, 56.854932144261994 ], [ -111.308277909780628, 56.854930527128332 ] ] ] } },
{ "type": "Feature", "properties": { }, "geometry": { "type": "Polygon", "coordinates": [ [ [ -111.309589708994764, 56.854927282528237 ], [ -111.309585257924638, 56.854388268474949 ], [ -111.308927887269377, 56.854210221091321 ], [ -111.30892936778173, 56.854389892463942 ], [ -111.308601422684433, 56.854390703166864 ], [ -111.308276432359889, 56.854750855760358 ], [ -111.309589708994764, 56.854927282528237 ] ] ] } },
{ "type": "Feature", "properties": { }, "geometry": { "type": "Polygon", "coordinates": [ [ [ -111.305654310528581, 56.854936974997443 ], [ -111.305652845680953, 56.854757303585551 ], [ -111.305980794075651, 56.854756500621114 ], [ -111.305979327673427, 56.854576829209478 ], [ -111.305651380850364, 56.854577632168443 ], [ -111.305648451240273, 56.854218289318538 ], [ -111.305976394920165, 56.854217486370494 ], [ -111.305974928569114, 56.854037814943169 ], [ -111.306958754791665, 56.85403540094925 ], [ -111.306957283743031, 56.853855729533137 ], [ -111.30531758114455, 56.853859748523774 ], [ -111.305316117970662, 56.853680077075055 ], [ -111.304988178971371, 56.853680878284642 ], [ -111.304989640573709, 56.853860549738826 ], [ -111.304333759381066, 56.853862149585808 ], [ -111.3043352178573, 56.854041821045655 ], [ -111.304007275663963, 56.85404261968305 ], [ -111.304010189524206, 56.85440196259794 ], [ -111.30466462009845, 56.854220692996407 ], [ -111.304666080180212, 56.854400364440338 ], [ -111.304994025482742, 56.854399564069986 ], [ -111.30499694884044, 56.854758906931274 ], [ -111.305654310528581, 56.854936974997443 ] ] ] } },
{ "type": "Feature", "properties": { }, "geometry": { "type": "Polygon", "coordinates": [ [ [ -111.308927887269377, 56.854210221091321 ], [ -111.309249902614511, 56.853490724012232 ], [ -111.308592549297856, 56.853312674819591 ], [ -111.308588112836787, 56.852773660575359 ], [ -111.308260181865876, 56.852774470367592 ], [ -111.308258704651351, 56.852594798936877 ], [ -111.307604319872524, 56.852776087369087 ], [ -111.30760284580083, 56.852596415927358 ], [ -111.307274916349826, 56.852597223131113 ], [ -111.307271971400667, 56.852237880220976 ], [ -111.306944045075326, 56.852238686552752 ], [ -111.306948457810577, 56.852777700926602 ], [ -111.307276388850113, 56.852776894578341 ], [ -111.307280806453704, 56.853315908888653 ], [ -111.307608742190482, 56.853315101662915 ], [ -111.307610216330772, 56.853494773083732 ], [ -111.307282279022488, 56.853495580314977 ], [ -111.306957283743031, 56.853855729533137 ], [ -111.307285224211469, 56.853854923151907 ], [ -111.307286696831653, 56.854034594562549 ], [ -111.3079425808602, 56.854032979206025 ], [ -111.30794110509693, 56.853853307806396 ], [ -111.308269045513924, 56.853852498842102 ], [ -111.308270522848744, 56.854032170236209 ], [ -111.308927887269377, 56.854210221091321 ] ] ] } },
{ "type": "Feature", "properties": { }, "geometry": { "type": "Polygon", "coordinates": [ [ [ -111.31678789956058, 56.852932807227056 ], [ -111.316786381471601, 56.852753135946877 ], [ -111.317114311989343, 56.852752303768852 ], [ -111.317111272721576, 56.852392961204131 ], [ -111.31612749054382, 56.852395455121282 ], [ -111.316125975650579, 56.852215783814096 ], [ -111.315798049794097, 56.852216613392201 ], [ -111.315799563115974, 56.852396284705037 ], [ -111.314815780726875, 56.852398768290421 ], [ -111.314817289352163, 56.852578439614952 ], [ -111.314489360282622, 56.852579265760426 ], [ -111.314820306655406, 56.852937782248311 ], [ -111.315476171027527, 56.852936127351882 ], [ -111.315474659224265, 56.852756456049079 ], [ -111.31678789956058, 56.852932807227056 ] ] ] } },
{ "type": "Feature", "properties": { }, "geometry": { "type": "Polygon", "coordinates": [ [ [ -111.310545281162746, 56.851511083887338 ], [ -111.310542304993476, 56.851151741024921 ], [ -111.309886471525502, 56.851153369980445 ], [ -111.309887956458951, 56.851333041425377 ], [ -111.310545281162746, 56.851511083887338 ] ] ] } },
{ "type": "Feature", "properties": { }, "geometry": { "type": "Polygon", "coordinates": [ [ [ -111.315465588774032, 56.85167842812249 ], [ -111.315464077093864, 56.851498756783087 ], [ -111.31579199668262, 56.851497928088527 ], [ -111.315785943852774, 56.850779242701158 ], [ -111.315130117227724, 56.85078089918418 ], [ -111.315133137322505, 56.851140241910898 ], [ -111.314805220841137, 56.851141068872295 ], [ -111.314806729343616, 56.851320740233426 ], [ -111.315134647396221, 56.851319913266401 ], [ -111.315137667596389, 56.851679255961741 ], [ -111.315465588774032, 56.85167842812249 ] ] ] } },
{ "type": "Feature", "properties": { }, "geometry": { "type": "Polygon", "coordinates": [ [ [ -111.42296593031341, 56.846329704879544 ], [ -111.422957824892947, 56.845611027565141 ], [ -111.422629960731967, 56.845612137550219 ], [ -111.422638059869811, 56.846330814894856 ], [ -111.42296593031341, 56.846329704879544 ] ] ] } },
{ "type": "Feature", "properties": { }, "geometry": { "type": "Polygon", "coordinates": [ [ [ -111.422289957970477, 56.844535230454746 ], [ -111.421941889810526, 56.842739644477732 ], [ -111.421286211579059, 56.842741858181569 ], [ -111.421288229670139, 56.842921527639803 ], [ -111.42063456317797, 56.843103407384184 ], [ -111.42064665351306, 56.844181424082144 ], [ -111.420974505250669, 56.844180319321644 ], [ -111.420976521959034, 56.84435998874541 ], [ -111.421632228504819, 56.844357776627284 ], [ -111.421634248377629, 56.844537446030728 ], [ -111.422289957970477, 56.844535230454746 ] ] ] } },
{ "type": "Feature", "properties": { }, "geometry": { "type": "Polygon", "coordinates": [ [ [ -111.405692671311172, 56.795358812778467 ], [ -111.405688791591089, 56.794999470393471 ], [ -111.405361368447188, 56.795000534436447 ], [ -111.405365245036222, 56.795359876835931 ], [ -111.405692671311172, 56.795358812778467 ] ] ] } },
{ "type": "Feature", "properties": { }, "geometry": { "type": "Polygon", "coordinates": [ [ [ -111.411087915722902, 56.779709189972735 ], [ -111.411080057862392, 56.778990503849236 ], [ -111.410752774360873, 56.778991581843677 ], [ -111.41075473722789, 56.779171253389777 ], [ -111.410427452139686, 56.77917233053298 ], [ -111.410431374814294, 56.779531673624049 ], [ -111.411087915722902, 56.779709189972735 ] ] ] } },
{ "type": "Feature", "properties": { }, "geometry": { "type": "Polygon", "coordinates": [ [ [ -111.406623307308621, 56.760318572221806 ], [ -111.406617482179513, 56.759779555649935 ], [ -111.406290365614439, 56.75978062170681 ], [ -111.405959371967782, 56.759422342469243 ], [ -111.404978031441601, 56.759425532875021 ], [ -111.404979965274137, 56.759605205117602 ], [ -111.405307080367251, 56.759604142499711 ], [ -111.405309015784155, 56.759783814729822 ], [ -111.405636132416731, 56.759782751246767 ], [ -111.40563806941806, 56.759962423464373 ], [ -111.405965187590098, 56.759961359116126 ], [ -111.405967126175867, 56.76014103132124 ], [ -111.406623307308621, 56.760318572221806 ] ] ] } },
{ "type": "Feature", "properties": { }, "geometry": { "type": "Polygon", "coordinates": [ [ [ -111.404978031441601, 56.759425532875021 ], [ -111.404976097631504, 56.759245860627182 ], [ -111.404321873625591, 56.759247983260281 ], [ -111.404323804311886, 56.759427655522551 ], [ -111.404978031441601, 56.759425532875021 ] ] ] } },
{ "type": "Feature", "properties": { }, "geometry": { "type": "Polygon", "coordinates": [ [ [ -111.374079226882827, 56.74442904560631 ], [ -111.374077441633318, 56.744249372264242 ], [ -111.374731407337393, 56.744247408612409 ], [ -111.374727830659012, 56.743888061939231 ], [ -111.374400850938102, 56.743889044180499 ], [ -111.374391917406797, 56.742990677372255 ], [ -111.373737973505953, 56.742992639215814 ], [ -111.373736189982395, 56.742812965825074 ], [ -111.373080468736944, 56.742635250816377 ], [ -111.373091151341043, 56.74371329119348 ], [ -111.373418129584408, 56.743712312388588 ], [ -111.3734252579751, 56.74443100584169 ], [ -111.374079226882827, 56.74442904560631 ] ] ] } },
{ "type": "Feature", "properties": { }, "geometry": { "type": "Polygon", "coordinates": [ [ [ -111.373080468736944, 56.742635250816377 ], [ -111.37307690803415, 56.742275903982012 ], [ -111.37340387379534, 56.742274925230376 ], [ -111.373727272674941, 56.741914598792619 ], [ -111.374054235274414, 56.741913618339552 ], [ -111.374384770954819, 56.742271983831159 ], [ -111.374711736633216, 56.742271001649975 ], [ -111.374708160411217, 56.741911654861283 ], [ -111.375035122948518, 56.741910671836109 ], [ -111.375033333308494, 56.741730998440566 ], [ -111.37437941133345, 56.741732963620201 ], [ -111.374377624834437, 56.741553290206049 ], [ -111.373721922538735, 56.741375578510159 ], [ -111.373716572588719, 56.740836558180433 ], [ -111.374043525827531, 56.740835577767363 ], [ -111.37403995617754, 56.740476230867962 ], [ -111.374366906275583, 56.740475249610896 ], [ -111.374361547275925, 56.739936229242424 ], [ -111.373705873247175, 56.739758517379244 ], [ -111.373702306965484, 56.739399170403509 ], [ -111.373375366185826, 56.739400149905961 ], [ -111.373371803106636, 56.739040802895907 ], [ -111.373044865426095, 56.739041781527767 ], [ -111.372710814293228, 56.738324065166047 ], [ -111.372383882810752, 56.738325042056786 ], [ -111.372382106064194, 56.738145368502941 ], [ -111.372055176120909, 56.738146344529795 ], [ -111.372053400954741, 56.737966670964049 ], [ -111.371726472550648, 56.737967646127018 ], [ -111.371724698964812, 56.73778797254942 ], [ -111.371397772099897, 56.737788946848518 ], [ -111.371396000094379, 56.737609273259025 ], [ -111.370740380556867, 56.737431545664329 ], [ -111.370736842887382, 56.737072198432635 ], [ -111.370081235806921, 56.73689446734042 ], [ -111.3700759388759, 56.736355446398157 ], [ -111.369749024385811, 56.736356416358312 ], [ -111.369747260342692, 56.736176742693786 ], [ -111.369420347391753, 56.736177711790162 ], [ -111.369422109875273, 56.736357385461282 ], [ -111.368768280792892, 56.736359321095627 ], [ -111.368766521428554, 56.736179647411355 ], [ -111.367785782330756, 56.736182544414248 ], [ -111.367787537016284, 56.736362218118217 ], [ -111.368443124046181, 56.736539961312602 ], [ -111.368446639757593, 56.736899308668029 ], [ -111.369102239244242, 56.737077048365308 ], [ -111.369105761316789, 56.73743639566294 ], [ -111.369432685205723, 56.737435427377676 ], [ -111.369766665942407, 56.738153152714759 ], [ -111.370093596029449, 56.738152182688644 ], [ -111.370095361857452, 56.738331856288831 ], [ -111.370422293483813, 56.738330885398867 ], [ -111.370425828320904, 56.738690232570271 ], [ -111.370752763046397, 56.738689260809842 ], [ -111.370759839206116, 56.739407955063221 ], [ -111.371415493285596, 56.739585682454631 ], [ -111.37142258233547, 56.740304376550085 ], [ -111.372078255155103, 56.740482100406552 ], [ -111.372081806084651, 56.740841447385769 ], [ -111.372408759426733, 56.740840471259375 ], [ -111.372412313558812, 56.741199818204322 ], [ -111.372739270000409, 56.741198841207307 ], [ -111.372753499834658, 56.742636228723931 ], [ -111.373080468736944, 56.742635250816377 ] ] ] } },
{ "type": "Feature", "properties": { }, "geometry": { "type": "Polygon", "coordinates": [ [ [ -111.376910569224847, 56.733280428702258 ], [ -111.376908771225246, 56.733100755094895 ], [ -111.375928113203614, 56.733103716044383 ], [ -111.375929906525371, 56.733283389671875 ], [ -111.376910569224847, 56.733280428702258 ] ] ] } },
{ "type": "Feature", "properties": { }, "geometry": { "type": "Polygon", "coordinates": [ [ [ -111.428404803785114, 56.863200708821857 ], [ -111.428400696277393, 56.862841371406141 ], [ -111.42872871089827, 56.862840246053068 ], [ -111.429052611793693, 56.862479782432629 ], [ -111.429708634626408, 56.862477527450721 ], [ -111.429710694609895, 56.862657196141022 ], [ -111.430038707562659, 56.86265606735045 ], [ -111.430040769142451, 56.862835736027812 ], [ -111.430698862869249, 56.863013144504137 ], [ -111.430690604019219, 56.862294469845807 ], [ -111.431344555670321, 56.86211253760424 ], [ -111.431340420148388, 56.861753200263898 ], [ -111.431012415153177, 56.861754332461032 ], [ -111.431010349000545, 56.861574663775279 ], [ -111.430682345553549, 56.861575795103448 ], [ -111.43068028099718, 56.861396126404728 ], [ -111.430352279098386, 56.861397256863953 ], [ -111.430350216138251, 56.861217588152272 ], [ -111.430022215787673, 56.861218717742567 ], [ -111.43002015442373, 56.861039049017947 ], [ -111.429362098599412, 56.860861636854175 ], [ -111.429677737750055, 56.859782496466046 ], [ -111.429019705627141, 56.859605082427869 ], [ -111.429015592786996, 56.859245744832727 ], [ -111.429343575916363, 56.859244617910598 ], [ -111.429341517960182, 56.859064949112827 ], [ -111.429013536402806, 56.859066076027283 ], [ -111.429333286374884, 56.85834627386923 ], [ -111.429661261620524, 56.858345146124343 ], [ -111.42965920221215, 56.858165477307985 ], [ -111.429987175861939, 56.858164348709643 ], [ -111.429989236842218, 56.858344017518299 ], [ -111.430643123089567, 56.858162088929511 ], [ -111.430638994913465, 56.85780275132722 ], [ -111.430311024455378, 56.857803881632442 ], [ -111.430304837086794, 56.857264875166514 ], [ -111.429976871320207, 56.85726600458753 ], [ -111.429970688882847, 56.856726998051236 ], [ -111.429642727807604, 56.856728126588088 ], [ -111.429962445968684, 56.856008322595983 ], [ -111.429308593917099, 56.856190247634174 ], [ -111.429306536367889, 56.856010578747117 ], [ -111.428648572289376, 56.855833162546325 ], [ -111.428644463597138, 56.855473824715261 ], [ -111.427986512067818, 56.855296404993148 ], [ -111.427982409805281, 56.854937067099911 ], [ -111.427324470824757, 56.854759643856667 ], [ -111.427318327110598, 56.854220636915791 ], [ -111.426990387846885, 56.854221758456944 ], [ -111.4269862952995, 56.853862420454824 ], [ -111.426658359154914, 56.853863541119708 ], [ -111.426652225226633, 56.853324534054231 ], [ -111.426324293772566, 56.853325653835228 ], [ -111.426316121819937, 56.85260697764388 ], [ -111.425988196627557, 56.852608096533423 ], [ -111.425986155270138, 56.852428427464837 ], [ -111.4253282697657, 56.852250993556751 ], [ -111.425322155334712, 56.851711986258053 ], [ -111.42499423792755, 56.851713102526695 ], [ -111.424992201402532, 56.851533433409024 ], [ -111.424334336300731, 56.851355994210223 ], [ -111.424328236365895, 56.850816986764379 ], [ -111.424000326743695, 56.850818100412312 ], [ -111.423998295050509, 56.850638431245606 ], [ -111.423670386975829, 56.850639544025043 ], [ -111.423666326802589, 56.850280205660731 ], [ -111.423338421846523, 56.850281317564146 ], [ -111.423332336476946, 56.849742309955545 ], [ -111.423004436210476, 56.849743420975372 ], [ -111.422994302254665, 56.848845074818179 ], [ -111.42332219466617, 56.848843963836181 ], [ -111.423318138107007, 56.848484625351674 ], [ -111.423646027353058, 56.848483513523981 ], [ -111.423643997537951, 56.848303844281425 ], [ -111.42266033444173, 56.84830717715932 ], [ -111.422658309362888, 56.848127507888812 ], [ -111.422330423187901, 56.848128617118917 ], [ -111.422328399703488, 56.847948947835604 ], [ -111.422000515075823, 56.847950056197348 ], [ -111.421998493185797, 56.847770386901232 ], [ -111.421670610105465, 56.847771494394628 ], [ -111.421338689575393, 56.847413262389061 ], [ -111.420355049548064, 56.847416577076878 ], [ -111.420353035582551, 56.847236907727364 ], [ -111.419697278588771, 56.84723911320026 ], [ -111.419695267788214, 56.84705944383046 ], [ -111.41903750620682, 56.84688197645518 ], [ -111.41903148343998, 56.846342968253538 ], [ -111.419359354141605, 56.846341867706535 ], [ -111.419357345028672, 56.846162198302977 ], [ -111.420013083220468, 56.846159994641688 ], [ -111.420344979954663, 56.84651823027675 ], [ -111.421000724288746, 56.846516021420875 ], [ -111.420998707298935, 56.846336352060135 ], [ -111.4213265778601, 56.846335246348595 ], [ -111.421314466989941, 56.845257230119053 ], [ -111.420986605852605, 56.845258335785417 ], [ -111.420654714205156, 56.844900101775771 ], [ -111.419998998095565, 56.844902308774842 ], [ -111.419996986028465, 56.844722639344276 ], [ -111.419013416400233, 56.84472594336507 ], [ -111.419011409068105, 56.844546273906765 ], [ -111.418683554049181, 56.844547373518125 ], [ -111.4186815483109, 56.844367704047087 ], [ -111.418353694839141, 56.844368802790271 ], [ -111.418351690694678, 56.844189133306479 ], [ -111.418023838770097, 56.8441902311815 ], [ -111.41802183621941, 56.844010561684996 ], [ -111.417364136054843, 56.843833085321336 ], [ -111.417360137351594, 56.843473746272203 ], [ -111.417687983040963, 56.843472650148414 ], [ -111.417669975894285, 56.841855624234505 ], [ -111.417997807427469, 56.841854527317288 ], [ -111.417993802954797, 56.841495188182485 ], [ -111.417665974562055, 56.841496285084766 ], [ -111.417659972738221, 56.840957276320765 ], [ -111.417987796420434, 56.840956179440902 ], [ -111.417977785995447, 56.840057831433228 ], [ -111.418305601803851, 56.840056733730165 ], [ -111.418303598218642, 56.839877064120344 ], [ -111.418959226625461, 56.839874866147497 ], [ -111.418953206589549, 56.839335857331456 ], [ -111.418295584110822, 56.839158385628572 ], [ -111.418285567000183, 56.838260037395692 ], [ -111.417957766891448, 56.838261135024027 ], [ -111.417949759901603, 56.837542456313308 ], [ -111.417292173623352, 56.837364979223025 ], [ -111.417286178113727, 56.836825970074301 ], [ -111.416958390493647, 56.836827065061506 ], [ -111.416948406290757, 56.835928716337989 ], [ -111.417276186062423, 56.835927621388059 ], [ -111.417264196367611, 56.834849602791273 ], [ -111.416608655636097, 56.834851791741272 ], [ -111.41660666057399, 56.83467212194185 ], [ -111.416278891742934, 56.834673215118833 ], [ -111.416276898273537, 56.834493545306721 ], [ -111.415619373373687, 56.834316059232442 ], [ -111.415613402590736, 56.833777049704238 ], [ -111.415285641537565, 56.833778140262972 ], [ -111.415275698542317, 56.832879790907135 ], [ -111.414947945312903, 56.832880880568403 ], [ -111.414943971415269, 56.832521540774465 ], [ -111.415271721506059, 56.832520451128033 ], [ -111.415263767710968, 56.831801771506839 ], [ -111.414936023897212, 56.831802861123592 ], [ -111.414928076748723, 56.831084181388697 ], [ -111.414600339188624, 56.831085270115516 ], [ -111.414588428573381, 56.830007250311148 ], [ -111.414916156718917, 56.830006161628795 ], [ -111.414904237520545, 56.828928141679853 ], [ -111.415231956229078, 56.828927052181776 ], [ -111.415218040566302, 56.827669362054316 ], [ -111.415545748269651, 56.827668271748024 ], [ -111.415869473979086, 56.827307840527602 ], [ -111.416852587468171, 56.827304561912037 ], [ -111.416848596177445, 56.826945221881694 ], [ -111.416520894841767, 56.826946315598796 ], [ -111.416512918813496, 56.826227635445285 ], [ -111.416185223729386, 56.82622872827249 ], [ -111.416175262058601, 56.825330377925255 ], [ -111.415847574794384, 56.825331469855179 ], [ -111.415843593425294, 56.824972129664665 ], [ -111.415515909275015, 56.82497322071967 ], [ -111.4155099421004, 56.824434210372196 ], [ -111.415182262632513, 56.824435300544891 ], [ -111.415166363731345, 56.822997939327827 ], [ -111.415494030652027, 56.822996849214512 ], [ -111.415488064240321, 56.822457838693715 ], [ -111.414830754164541, 56.8222803478169 ], [ -111.414826782991511, 56.821921007403269 ], [ -111.414499125434304, 56.821922095752136 ], [ -111.414493173552401, 56.82138308507006 ], [ -111.414165520676718, 56.821384172536753 ], [ -111.414133805899652, 56.818509447982287 ], [ -111.414461433687038, 56.818508360634027 ], [ -111.414457466618856, 56.818149019984979 ], [ -111.414785091247467, 56.818147931791692 ], [ -111.414783106180138, 56.817968261466696 ], [ -111.415436364052596, 56.817786412200029 ], [ -111.415432387762138, 56.817427071553439 ], [ -111.415760006050292, 56.817425980810349 ], [ -111.415754037084696, 56.816886969823344 ], [ -111.416407271440846, 56.816705115477674 ], [ -111.416401293346738, 56.816166104472245 ], [ -111.416728900591579, 56.816165011201804 ], [ -111.416724912176079, 56.815805670520128 ], [ -111.417052516262515, 56.815804576404808 ], [ -111.417040542166916, 56.814726554278408 ], [ -111.417368136824891, 56.81472545934804 ], [ -111.417362145387798, 56.814186448236299 ], [ -111.417689735320195, 56.814185352468577 ], [ -111.417679742218937, 56.813287000547895 ], [ -111.418007324291167, 56.813285903957784 ], [ -111.418001324007179, 56.812746892764729 ], [ -111.418328901354215, 56.812745795337356 ], [ -111.418326899738773, 56.81256612493663 ], [ -111.418654475495273, 56.812565026657083 ], [ -111.418978041798368, 56.812204586730573 ], [ -111.419635194763842, 56.812382056284441 ], [ -111.419631179111377, 56.812022715516605 ], [ -111.419303608126469, 56.812023816352642 ], [ -111.4192955833702, 56.811305134723931 ], [ -111.418968018630693, 56.811306234670383 ], [ -111.418957996045336, 56.810407882478856 ], [ -111.41863043911799, 56.81040898152829 ], [ -111.418622427736992, 56.809690299650576 ], [ -111.418294877054436, 56.809691397810525 ], [ -111.418288873463908, 56.809152386324641 ], [ -111.41796132745894, 56.809153483602636 ], [ -111.417951329774141, 56.808255130983738 ], [ -111.417623791580311, 56.808256227364865 ], [ -111.417615800117844, 56.807537545145351 ], [ -111.417288268167994, 56.807538640637134 ], [ -111.417272298890708, 56.806101275886256 ], [ -111.416944779451157, 56.806102370458952 ], [ -111.416932812866605, 56.805024346630411 ], [ -111.416605302803248, 56.805025440298998 ], [ -111.416595339118956, 56.804127086926876 ], [ -111.416267836864733, 56.804128179698864 ], [ -111.416253899643522, 56.802870484705153 ], [ -111.415926408330634, 56.802871576565728 ], [ -111.415914472440505, 56.801793552035917 ], [ -111.415586990501879, 56.801794642992618 ], [ -111.415579039968577, 56.801075959837959 ], [ -111.415251564271429, 56.801077049905679 ], [ -111.415247592275506, 56.800717708282001 ], [ -111.414920119687466, 56.800718797475611 ], [ -111.414918135290165, 56.800539126648466 ], [ -111.414263193177092, 56.800541302443079 ], [ -111.414261211934928, 56.800361631595869 ], [ -111.41393374240991, 56.800362718196887 ], [ -111.413929783126662, 56.800003376471949 ], [ -111.414257249519665, 56.800002289885725 ], [ -111.414255268346537, 56.799822619022756 ], [ -111.41490821364944, 56.799640772433975 ], [ -111.414898292584979, 56.798742418088125 ], [ -111.414570837199577, 56.798743506341012 ], [ -111.414562907026237, 56.798024822740146 ], [ -111.414235457881134, 56.798025910104201 ], [ -111.414229515190243, 56.797486897326195 ], [ -111.413902070719445, 56.797487983808885 ], [ -111.413896132932805, 56.796948970961402 ], [ -111.413568693136156, 56.796950056562785 ], [ -111.413562760253413, 56.796411043645854 ], [ -111.413235325130785, 56.796412128365937 ], [ -111.413229397151611, 56.795873115379571 ], [ -111.412901966702862, 56.795874199218396 ], [ -111.41289604362693, 56.79533518616261 ], [ -111.412568617851903, 56.795336269120213 ], [ -111.412558754344715, 56.794437913885353 ], [ -111.412231336374191, 56.79443899594704 ], [ -111.412215568477052, 56.793001627239114 ], [ -111.411888163006552, 56.793002708382886 ], [ -111.411864532689975, 56.790846654602284 ], [ -111.411537145978784, 56.790847734798817 ], [ -111.411533211042993, 56.790488392413799 ], [ -111.411860594624059, 56.79048731223196 ], [ -111.411850749859482, 56.789588956214217 ], [ -111.411523374103368, 56.7895900363593 ], [ -111.411513537734947, 56.78869168017345 ], [ -111.411186169780493, 56.788692759422901 ], [ -111.411182238522727, 56.788333416897096 ], [ -111.411509603347511, 56.788332337662325 ], [ -111.411480098354374, 56.785637268159036 ], [ -111.411807439686058, 56.785636188175637 ], [ -111.411795629740865, 56.7845581600874 ], [ -111.412122961662746, 56.784557079289321 ], [ -111.41211705230549, 56.784018065196335 ], [ -111.411789725076829, 56.784019145972337 ], [ -111.411775948327332, 56.78276144618664 ], [ -111.412103264605747, 56.782760365462103 ], [ -111.412097355934634, 56.782221351211462 ], [ -111.411770044348913, 56.782222431913929 ], [ -111.411764140576153, 56.781683417593946 ], [ -111.411436833660105, 56.781684497415725 ], [ -111.411428968539454, 56.780965811552782 ], [ -111.410774367151745, 56.780967968561662 ], [ -111.410450989553794, 56.781328388764138 ], [ -111.40914177390124, 56.781332689102328 ], [ -111.409143729243965, 56.781512360616702 ], [ -111.409471034755327, 56.781511286812808 ], [ -111.409476905612223, 56.782050301302469 ], [ -111.409804215793343, 56.782049226617993 ], [ -111.409808132939972, 56.782408569570201 ], [ -111.410135446226747, 56.782407494012432 ], [ -111.410147207598129, 56.78348552269906 ], [ -111.410474530247797, 56.783484446238667 ], [ -111.410488263834225, 56.784742146082742 ], [ -111.410160930233786, 56.7847432225944 ], [ -111.410170732799386, 56.785641579504869 ], [ -111.409843391353675, 56.785642655194373 ], [ -111.409845350370531, 56.785822326568031 ], [ -111.409192620192229, 56.786004146768327 ], [ -111.409190664281766, 56.785824475385311 ], [ -111.408863321203299, 56.785825548505777 ], [ -111.408861366880117, 56.785645877110191 ], [ -111.408204732612816, 56.785468349344754 ], [ -111.408200830337975, 56.785109006498161 ], [ -111.407873493449614, 56.785110077013123 ], [ -111.407867644900691, 56.784571062681991 ], [ -111.407540312683082, 56.784572132316356 ], [ -111.407536416892512, 56.784212789388114 ], [ -111.407209087781141, 56.784213858149187 ], [ -111.407203248958055, 56.7836748436956 ], [ -111.406546656953324, 56.78349730708841 ], [ -111.406542770820067, 56.783137964053516 ], [ -111.406870090590516, 56.783136897053474 ], [ -111.406862312337694, 56.782418210949714 ], [ -111.406534998824299, 56.782419277920717 ], [ -111.406529170064374, 56.781880263265968 ], [ -111.406201861220993, 56.781881329356523 ], [ -111.406188272519501, 56.78062362826077 ], [ -111.406515570414115, 56.780622562220977 ], [ -111.40683897974678, 56.780262152134085 ], [ -111.408146208005007, 56.780078204439377 ], [ -111.4081384062642, 56.779359518094736 ], [ -111.40781111943042, 56.779360588376662 ], [ -111.407805273054265, 56.778821573541165 ], [ -111.408132555196389, 56.778820503281089 ], [ -111.408455933589522, 56.778460088941657 ], [ -111.409110491505103, 56.778457944157893 ], [ -111.409108536548302, 56.778278272554203 ], [ -111.409435813908246, 56.77827719888181 ], [ -111.409437770428866, 56.77845687047818 ], [ -111.410094287879204, 56.778634392119621 ], [ -111.410086449331715, 56.777915705782092 ], [ -111.409759175144799, 56.777916781156947 ], [ -111.409757217128572, 56.777737109552099 ], [ -111.409429944482682, 56.777738184061107 ], [ -111.40942798805294, 56.777558512443704 ], [ -111.408771492540922, 56.777380987234309 ], [ -111.408765632838197, 56.776841972290988 ], [ -111.40843836794275, 56.77684304418797 ], [ -111.408430561577774, 56.776124357494169 ], [ -111.408103302914171, 56.776125428503505 ], [ -111.408097453069018, 56.775586413406131 ], [ -111.408424707041959, 56.775585342418651 ], [ -111.408412998582023, 56.774507312125735 ], [ -111.408085753989965, 56.774508383069495 ], [ -111.408076005379911, 56.773610024311139 ], [ -111.40774876858211, 56.773611094360085 ], [ -111.407744872423166, 56.773251750805414 ], [ -111.408072106094338, 56.773250680771014 ], [ -111.408070156485493, 56.773071008993078 ], [ -111.408397388570734, 56.773069938107589 ], [ -111.408395437421262, 56.772890266331672 ], [ -111.408722667920586, 56.772889194595116 ], [ -111.408720715230515, 56.772709522821231 ], [ -111.409047944143921, 56.772708450233601 ], [ -111.409371261469587, 56.772348033253287 ], [ -111.409044035705321, 56.772349106684686 ], [ -111.409040127357471, 56.771989763114739 ], [ -111.408712904696898, 56.771990835673186 ], [ -111.408708999566088, 56.77163149206762 ], [ -111.408381780009137, 56.771632563753158 ], [ -111.408377878095251, 56.771273220112001 ], [ -111.408050661641894, 56.771274290924637 ], [ -111.4080428643381, 56.770555603550143 ], [ -111.407715654114355, 56.770556673475355 ], [ -111.4077098110631, 56.770017657867463 ], [ -111.407382605505745, 56.770018726912561 ], [ -111.407376767346818, 56.769479711235576 ], [ -111.407049566455697, 56.769480779400595 ], [ -111.407039844456946, 56.768582419797518 ], [ -111.406712651357637, 56.768583487067986 ], [ -111.406700995080584, 56.767505455327324 ], [ -111.406373811335357, 56.767506521696049 ], [ -111.406360224310035, 56.766248817708757 ], [ -111.406033051480861, 56.766249883168541 ], [ -111.406029172801539, 56.765890539110394 ], [ -111.406356342505561, 56.765889473665098 ], [ -111.406350519967816, 56.765350457560181 ], [ -111.406677684961736, 56.765349391278491 ], [ -111.406673800257579, 56.76499004719679 ], [ -111.406346638388627, 56.764991113463978 ], [ -111.406334994191667, 56.763913081049211 ], [ -111.406662146686145, 56.763912014825557 ], [ -111.40665632020476, 56.763372998568997 ], [ -111.406002024567243, 56.76337513011476 ], [ -111.406009780755483, 56.764093818504321 ], [ -111.405682626653601, 56.764094883019077 ], [ -111.405359344508796, 56.76445529086795 ], [ -111.404705029943116, 56.764457415635945 ], [ -111.404381735321465, 56.764817820947322 ], [ -111.404054574857682, 56.764818881200519 ], [ -111.404052645061469, 56.764639209088678 ], [ -111.403396400542633, 56.764461654874822 ], [ -111.403392547311796, 56.764102310596037 ], [ -111.402736315269763, 56.763924752876491 ], [ -111.402728621664437, 56.763206064177339 ], [ -111.402401475150157, 56.763207120075364 ], [ -111.402397631605979, 56.762847775679894 ], [ -111.402070488193928, 56.762848830705508 ], [ -111.40206664786345, 56.762489486274674 ], [ -111.401739507553586, 56.762490540427905 ], [ -111.401724159620144, 56.761053162437065 ], [ -111.401067988660586, 56.76087559576802 ], [ -111.4010564975232, 56.759797561936779 ], [ -111.4007293805778, 56.759798613408627 ], [ -111.400721726511705, 56.759079924054113 ], [ -111.401048837209473, 56.759078872610857 ], [ -111.401046922186595, 56.758899200266242 ], [ -111.401374031300264, 56.758898147972232 ], [ -111.401697304165268, 56.758537750143937 ], [ -111.402678621934911, 56.758534585583725 ], [ -111.402680544722458, 56.758714257902994 ], [ -111.403334759581, 56.758712143892296 ], [ -111.403332833669793, 56.758532471587394 ], [ -111.403005727813522, 56.758533529014507 ], [ -111.40300380348647, 56.758353856697163 ], [ -111.402349594830554, 56.758355968963315 ], [ -111.402347673649416, 56.758176296626345 ], [ -111.401691549992591, 56.757998733090012 ], [ -111.401687713988778, 56.757639388361113 ], [ -111.401360615829873, 56.757640441462897 ], [ -111.401680042248216, 56.756920698840254 ], [ -111.401023943645512, 56.756743131721031 ], [ -111.401018199510219, 56.756204114466499 ], [ -111.400691113800093, 56.756205165795343 ], [ -111.400687287610779, 56.755845820918424 ], [ -111.400031212431955, 56.75566824851343 ], [ -111.400025482750081, 56.755129231100035 ], [ -111.399698406342608, 56.75513027981259 ], [ -111.399694589788425, 56.7547709348298 ], [ -111.399367516481718, 56.75477198267032 ], [ -111.399361796500756, 56.754232965135337 ], [ -111.399034727856147, 56.754234012096695 ], [ -111.39902710777001, 56.753515321948015 ], [ -111.39870004534869, 56.753516368023185 ], [ -111.398690528544691, 56.752618005183521 ], [ -111.398363473907636, 56.752619050365396 ], [ -111.398359670463051, 56.752259705178545 ], [ -111.398032618926351, 56.752260749488499 ], [ -111.398025018546548, 56.75154205902335 ], [ -111.397697973232397, 56.751543102447229 ], [ -111.397688481059049, 56.750644739212063 ], [ -111.397361443528212, 56.750645781742826 ], [ -111.397353856429959, 56.749927091031765 ], [ -111.397680887716845, 56.749926048529368 ], [ -111.397675192941463, 56.749387030462181 ], [ -111.397348166337366, 56.749388072943304 ], [ -111.397342476442802, 56.748849054807565 ], [ -111.397669498364294, 56.748848012347693 ], [ -111.397656211788359, 56.74759030323002 ], [ -111.397983222762377, 56.747589259962226 ], [ -111.397975624675013, 56.746870568950612 ], [ -111.398627731483458, 56.746688807147379 ], [ -111.39862012135211, 56.745970116087506 ], [ -111.398947118214252, 56.745969070311084 ], [ -111.398941406165918, 56.745430051982311 ], [ -111.399268398324395, 56.745429005369743 ], [ -111.399255060061691, 56.744171295801898 ], [ -111.399582041275011, 56.744170248381707 ], [ -111.399572506806024, 56.743271884282613 ], [ -111.399899480195586, 56.743270836040629 ], [ -111.399893755098901, 56.7427318175395 ], [ -111.399566786390082, 56.742732865760111 ], [ -111.399564879629011, 56.742553192908758 ], [ -111.399891846777606, 56.742552144695281 ], [ -111.399889938478438, 56.742372471845805 ], [ -111.400216904044711, 56.742371422782064 ], [ -111.400540046816246, 56.742011027174783 ], [ -111.401193971597252, 56.742008924789012 ], [ -111.401505606309087, 56.740570489526782 ], [ -111.401832556163427, 56.740569436247782 ], [ -111.401828721354363, 56.740210090513727 ], [ -111.402155668066484, 56.740209036391725 ], [ -111.402151830226472, 56.739849690650985 ], [ -111.402478773796432, 56.739848635686023 ], [ -111.402473012523643, 56.73930961705701 ], [ -111.401821052003115, 56.73949139898253 ], [ -111.401826803983184, 56.740030417638806 ], [ -111.401499858808791, 56.740031470896326 ], [ -111.401503690453424, 56.740390816655221 ], [ -111.401176742136869, 56.740391869069754 ], [ -111.401180570750384, 56.740751214821934 ], [ -111.40085361929161, 56.740752266393443 ], [ -111.40085935769828, 56.741291285003754 ], [ -111.400532401537149, 56.741292335739381 ], [ -111.400213084392476, 56.742012077081618 ], [ -111.399886121946551, 56.742013126131091 ], [ -111.399888030201438, 56.74219279899107 ], [ -111.399236007279526, 56.742374567401136 ], [ -111.399239817659151, 56.742733913123324 ], [ -111.398912848906107, 56.742734959629161 ], [ -111.398928078826259, 56.744172342364649 ], [ -111.398601097568744, 56.744173388069974 ], [ -111.398602999847768, 56.744353060895364 ], [ -111.397950933326086, 56.744534822582246 ], [ -111.397962328870548, 56.745612859478001 ], [ -111.397635335063327, 56.745613902667756 ], [ -111.39731971884494, 56.746692981791682 ], [ -111.396992715630262, 56.746694023308962 ], [ -111.396996505221935, 56.747053368878319 ], [ -111.396669498863986, 56.747054409552241 ], [ -111.396677072068329, 56.747773100656204 ], [ -111.396350059445609, 56.747774140500866 ], [ -111.396355734897213, 56.748313158794879 ], [ -111.396028717570275, 56.748314197803182 ], [ -111.395705477722302, 56.748674581485226 ], [ -111.395051436715576, 56.748676655242186 ], [ -111.3950495510758, 56.748496982465056 ], [ -111.394393630606913, 56.748319379981119 ], [ -111.394389865679841, 56.747960034372412 ], [ -111.394062851343122, 56.747961068221223 ], [ -111.394055327993939, 56.747242376912652 ], [ -111.393728319878278, 56.747243409875814 ], [ -111.393717044872901, 56.746165372713222 ], [ -111.394044043624774, 56.746164339792216 ], [ -111.394036521148365, 56.745445648273495 ], [ -111.394688622416794, 56.745263907036488 ], [ -111.394681087893161, 56.74454521546896 ], [ -111.395008072535077, 56.744544180038822 ], [ -111.394996762043021, 56.743466142572146 ], [ -111.394669786763231, 56.743467177960035 ], [ -111.394664136493247, 56.742928159134657 ], [ -111.394991107092196, 56.742927123767878 ], [ -111.394987337234312, 56.742567777872097 ], [ -111.395314304690942, 56.742566741662017 ], [ -111.394979797780962, 56.741849086017488 ], [ -111.395306758996881, 56.741848049835568 ], [ -111.395297327371637, 56.7409496849343 ], [ -111.395624280765205, 56.740948647930303 ], [ -111.395618617372577, 56.740409628947646 ], [ -111.395945566064171, 56.740408591107446 ], [ -111.395939898188715, 56.739869572098669 ], [ -111.396266842178505, 56.739868533422367 ], [ -111.396261169820548, 56.739329514387499 ], [ -111.395934230510505, 56.739330553042606 ], [ -111.395930452167931, 56.738971206978952 ], [ -111.396257388358237, 56.73897016833795 ], [ -111.396249825696785, 56.738251476175847 ], [ -111.396576755625915, 56.738250436705854 ], [ -111.396561618877996, 56.736813052185923 ], [ -111.396888536307543, 56.736812011915262 ], [ -111.396884749220803, 56.736452665746882 ], [ -111.39721166350914, 56.736451624633176 ], [ -111.397207873391096, 56.736092278457917 ], [ -111.397534784538308, 56.73609123650121 ], [ -111.397527198327879, 56.73537254411599 ], [ -111.398179108463566, 56.735190784592504 ], [ -111.39817340974605, 56.734651765275188 ], [ -111.398500308351345, 56.734650720803764 ], [ -111.398498407263489, 56.734471047694576 ], [ -111.398825304287328, 56.734470002373129 ], [ -111.399148392942038, 56.734109609988863 ], [ -111.400129074458519, 56.734106466353147 ], [ -111.400130983299093, 56.734286139437252 ], [ -111.40078477398481, 56.734284039380277 ], [ -111.400775214410004, 56.733385673978603 ], [ -111.400119530587673, 56.733208100853808 ], [ -111.400113804530847, 56.732669081491132 ], [ -111.398806279028477, 56.732673271063327 ], [ -111.398804376623943, 56.732493597903435 ], [ -111.397823736943053, 56.732496731062106 ], [ -111.397821839238162, 56.732317057875676 ], [ -111.397168082459189, 56.732319142348651 ], [ -111.397169977045721, 56.73249881554927 ], [ -111.396189337034969, 56.732501935852056 ], [ -111.39618744712601, 56.732322262630227 ], [ -111.394226175868326, 56.732328480052942 ], [ -111.393903055259997, 56.732688859827341 ], [ -111.393249291719059, 56.732690923759115 ], [ -111.393254919543608, 56.733229943567274 ], [ -111.392928033062745, 56.733230974268572 ], [ -111.392929907488494, 56.733410647534456 ], [ -111.39260301942663, 56.733411677385675 ], [ -111.392606765224713, 56.733771023915686 ], [ -111.392279874022506, 56.733772052923811 ], [ -111.392287359641898, 56.734490745948776 ], [ -111.392614257081576, 56.734489716912663 ], [ -111.392618003140342, 56.734849063379635 ], [ -111.392944903677133, 56.734848033472396 ], [ -111.392950527606615, 56.735387053112426 ], [ -111.392623622391426, 56.735388083040675 ], [ -111.392636734737692, 56.736645795399177 ], [ -111.392309818583897, 56.736646824519234 ], [ -111.392330408693681, 56.738623229210866 ], [ -111.392003475361278, 56.738624257550619 ], [ -111.392014698078356, 56.739702296247323 ], [ -111.391687755365041, 56.739703323771749 ], [ -111.39170083860229, 56.740961035394413 ], [ -111.391373884947356, 56.74096206211042 ], [ -111.39137948769401, 56.74150108131942 ], [ -111.391052529337159, 56.741502107199011 ], [ -111.39105626148968, 56.741861453326017 ], [ -111.390729299990937, 56.741862478362201 ], [ -111.390734893701548, 56.742401497534232 ], [ -111.390407927500661, 56.742402521733943 ], [ -111.390092130560348, 56.743481583362019 ], [ -111.389765154954716, 56.743482605888673 ], [ -111.389767015017028, 56.743662278924873 ], [ -111.389440037829516, 56.743663300601071 ], [ -111.389443754898153, 56.744022646671581 ], [ -111.389116774568393, 56.744023667504223 ], [ -111.389118631574675, 56.744203340538547 ], [ -111.388466521636829, 56.74438505268833 ], [ -111.388472083487031, 56.744924071785618 ], [ -111.388145095290639, 56.744925090080585 ], [ -111.388146947723271, 56.745104763109445 ], [ -111.387819957944913, 56.745105780553864 ], [ -111.387496666832845, 56.7454661432104 ], [ -111.386190538069215, 56.745649874093175 ], [ -111.386192381224589, 56.745829547142435 ], [ -111.386519377352158, 56.74582853395782 ], [ -111.386528601252678, 56.746726899090881 ], [ -111.386201597322142, 56.746727912309957 ], [ -111.386205283910869, 56.747087258340215 ], [ -111.385878276837616, 56.74708827071553 ], [ -111.385880118603367, 56.747267943729646 ], [ -111.385553109948077, 56.747268955254306 ], [ -111.385554950174495, 56.747448628270064 ], [ -111.385227939937167, 56.747449638944055 ], [ -111.385229778624208, 56.747629311961433 ], [ -111.384902766804814, 56.747630321784747 ], [ -111.384579426159192, 56.747990676796952 ], [ -111.383925396170909, 56.74799269218321 ], [ -111.383923563684235, 56.747813019148907 ], [ -111.383269536732413, 56.747815031091221 ], [ -111.382938867679471, 56.747456689650647 ], [ -111.381629004424468, 56.747281026661945 ], [ -111.381298355681878, 56.746922680813526 ], [ -111.379988518599333, 56.746747000542676 ], [ -111.379657890166285, 56.746388650286868 ], [ -111.379003887636145, 56.746390639824391 ], [ -111.379002078749764, 56.746210966640781 ], [ -111.377692277057122, 56.746035262182822 ], [ -111.377690474454965, 56.745855588961732 ], [ -111.37736347775639, 56.745856578993958 ], [ -111.377032882137513, 56.745498221683839 ], [ -111.37637889487813, 56.745500197433948 ], [ -111.376048311764265, 56.745141837476645 ], [ -111.375394330621916, 56.745143808055033 ], [ -111.375396122216955, 56.745323481344116 ], [ -111.375723114359033, 56.745322496476966 ], [ -111.375724907535371, 56.745502169754111 ], [ -111.376051901217153, 56.745501184022778 ], [ -111.376053695974818, 56.745680857287979 ], [ -111.376709484296569, 56.745858556485928 ], [ -111.376713080158339, 56.746217902963231 ], [ -111.377367079860448, 56.746215925444361 ], [ -111.377697684989045, 56.746574281814596 ], [ -111.378351690808188, 56.746572299123706 ], [ -111.378353496615262, 56.746751972310314 ], [ -111.379663326315168, 56.74692766976559 ], [ -111.37966513840685, 56.74710734291466 ], [ -111.379992145882966, 56.747106346832538 ], [ -111.380322783827282, 56.747464696148157 ], [ -111.380976804917054, 56.747462699669079 ], [ -111.380978623314704, 56.747642372775253 ], [ -111.381305635388671, 56.747641373242608 ], [ -111.381307455368159, 56.747821046336739 ], [ -111.381634468981773, 56.747820045939726 ], [ -111.381636290543128, 56.747999719021806 ], [ -111.38196330569636, 56.747998717760424 ], [ -111.38229397025772, 56.74835706176264 ], [ -111.382948006701497, 56.748355054924751 ], [ -111.382949834569516, 56.748534727963801 ], [ -111.383276854320428, 56.748533723251661 ], [ -111.383278683770499, 56.748713396278632 ], [ -111.383605705061001, 56.748712390702053 ], [ -111.383607536093137, 56.748892063716973 ], [ -111.383934558923244, 56.748891057275962 ], [ -111.383936391537503, 56.749070730278753 ], [ -111.384592276012938, 56.749248387794104 ], [ -111.384610634757308, 56.751045117343658 ], [ -111.385266556845465, 56.751222771206066 ], [ -111.385273913513913, 56.751941462802925 ], [ -111.384946864231793, 56.751942472791058 ], [ -111.384952377273635, 56.752481491454162 ], [ -111.38527943123934, 56.752480481445431 ], [ -111.385295985568092, 56.754097537089329 ], [ -111.38562305356416, 56.754096526161021 ], [ -111.385628576742164, 56.754635544593839 ], [ -111.385955649401097, 56.754634532787101 ], [ -111.385966705702884, 56.755712569469679 ], [ -111.386293787709363, 56.755711556763842 ], [ -111.386299320833658, 56.756250575013581 ], [ -111.386626407503456, 56.756249561429257 ], [ -111.386631945505243, 56.75678857961104 ], [ -111.386959036838505, 56.756787565148187 ], [ -111.3872972234728, 56.757864585966431 ], [ -111.387624324133384, 56.757863569746412 ], [ -111.387628025869446, 56.75822291507022 ], [ -111.387955129632118, 56.758221897978487 ], [ -111.387960687082781, 56.758760915904062 ], [ -111.388287795509413, 56.758759897933665 ], [ -111.388289649597837, 56.758939570558105 ], [ -111.388616759564812, 56.758938551722856 ], [ -111.388618615236609, 56.759118224335097 ], [ -111.389274697046829, 56.759295856670093 ], [ -111.389280273627648, 56.759834874417962 ], [ -111.389607391339524, 56.759833852974218 ], [ -111.389612972800464, 56.760372870653981 ], [ -111.389940095176712, 56.760371848331438 ], [ -111.38994381938268, 56.760731193411104 ], [ -111.390270944861371, 56.760730170216675 ], [ -111.390276536018661, 56.761269187775923 ], [ -111.390603666161937, 56.76126816370261 ], [ -111.390607396832522, 56.76162750870192 ], [ -111.390934530078383, 56.761626483756679 ], [ -111.390938263959868, 56.761985828721038 ], [ -111.391265400308384, 56.761984802903839 ], [ -111.391271005979732, 56.762523820290049 ], [ -111.391927159709837, 56.762701438477286 ], [ -111.391940262392851, 56.7639591453934 ], [ -111.392267415861241, 56.763958116925195 ], [ -111.392271162805272, 56.764317461697118 ], [ -111.392598319376702, 56.76431643235685 ], [ -111.392605819775483, 56.765035121809646 ], [ -111.392932982574905, 56.765034091583239 ], [ -111.392940489571998, 56.765752780923982 ], [ -111.393267658599711, 56.765751749811415 ], [ -111.393275172195686, 56.76647043904007 ], [ -111.392947996917613, 56.766471470180697 ], [ -111.392628323061317, 56.76719118966389 ], [ -111.393284564681252, 56.767368800457724 ], [ -111.393288321828109, 56.767728144988041 ], [ -111.393615508023188, 56.767727112940101 ], [ -111.393621148595358, 56.768266129675098 ], [ -111.393948339456955, 56.768265096747875 ], [ -111.393965276418058, 56.769882146606037 ], [ -111.394621571327377, 56.77005975021644 ], [ -111.394630997254382, 56.77095811096833 ], [ -111.394958211494497, 56.770957075360784 ], [ -111.394961985144676, 56.771316419610677 ], [ -111.395289202489082, 56.771315383130727 ], [ -111.395296756304873, 56.772034071539295 ], [ -111.395953095068208, 56.772211668022848 ], [ -111.395960661828397, 56.772930356269917 ], [ -111.39628789317571, 56.772929317151387 ], [ -111.396291679814155, 56.773288661229259 ], [ -111.396618914266071, 56.773287621238218 ], [ -111.396624599078606, 56.773826637294412 ], [ -111.396951838198532, 56.773825596423748 ], [ -111.396961321143152, 56.774723956376967 ], [ -111.397288568058102, 56.774722914612461 ], [ -111.397290466276544, 56.774902586580268 ], [ -111.397946864534688, 56.775080172410128 ], [ -111.397950667335806, 56.775439516291073 ], [ -111.398277920438559, 56.775438471922868 ], [ -111.398279823435757, 56.775618143848355 ], [ -111.398607078079934, 56.775617098614589 ], [ -111.398608982662793, 56.77579677052772 ], [ -111.399265402744035, 56.775974349364198 ], [ -111.399271126073245, 56.776513365013606 ], [ -111.399598388468988, 56.776512317168802 ], [ -111.399602207259846, 56.77687166089455 ], [ -111.399929472760718, 56.776870612177007 ], [ -111.399931383753085, 56.777050284024867 ], [ -111.400587831957552, 56.777227855828308 ], [ -111.400593574516733, 56.77776687128177 ], [ -111.401250038358526, 56.777944439558624 ], [ -111.401255790567234, 56.778483454906123 ], [ -111.401583070030753, 56.778482401831603 ], [ -111.401588827131391, 56.779021417110322 ], [ -111.401916111264214, 56.779020363155738 ], [ -111.401919952570523, 56.77937970663428 ], [ -111.40224723980883, 56.779378651806788 ], [ -111.402249162059363, 56.779558323530999 ], [ -111.402576450839291, 56.779557267837745 ], [ -111.402578374676111, 56.779736939549522 ], [ -111.403234882283883, 56.779914497265004 ], [ -111.403238736325164, 56.780273840633541 ], [ -111.40356603129392, 56.780272782335715 ], [ -111.403904907669926, 56.781349753072377 ], [ -111.404561449709135, 56.781527303713155 ], [ -111.404573050850473, 56.782605333299031 ], [ -111.404900366063202, 56.782604271472877 ], [ -111.40490423641846, 56.782963614611695 ], [ -111.405231554737242, 56.782962551912377 ], [ -111.405252860506167, 56.784938938720764 ], [ -111.405580196010646, 56.784937875083166 ], [ -111.405595705341227, 56.786375246850312 ], [ -111.40526835732031, 56.786376310545819 ], [ -111.40527998087579, 56.787454339193978 ], [ -111.404952623444288, 56.787455402074059 ], [ -111.404956495013252, 56.787814744929221 ], [ -111.405283855574268, 56.787813682034667 ], [ -111.405291605241203, 56.78853236765304 ], [ -111.404964238420987, 56.788533430576528 ], [ -111.404973918186485, 56.789431787517458 ], [ -111.40464654351932, 56.789432849618194 ], [ -111.404650412453009, 56.789792192372239 ], [ -111.40432303463345, 56.78979325362851 ], [ -111.404328833507492, 56.790332267741874 ], [ -111.404656216022033, 56.790331206463939 ], [ -111.404660085180396, 56.790690549165468 ], [ -111.404332699535757, 56.790691610457863 ], [ -111.404346231341918, 56.791949309798326 ], [ -111.404673627942444, 56.791948248455384 ], [ -111.404681367157977, 56.792666933648363 ], [ -111.405663575607377, 56.792663744378828 ], [ -111.405665515163264, 56.792843415642238 ], [ -111.405992919499965, 56.792842350827129 ], [ -111.405994860643659, 56.793022022078034 ], [ -111.406322266523105, 56.793020956396667 ], [ -111.406324209254663, 56.793200627635066 ], [ -111.406651616676854, 56.793199561087398 ], [ -111.406653560996304, 56.793379232313306 ], [ -111.406980969961225, 56.793378164899345 ], [ -111.406982915868596, 56.79355783611274 ], [ -111.407310326376276, 56.793556767832492 ], [ -111.407312273871597, 56.793736439033339 ], [ -111.407639685922021, 56.793735369886761 ], [ -111.407641635005334, 56.793915041075095 ], [ -111.408298414405749, 56.794092571358767 ], [ -111.40830817592969, 56.794990927122527 ], [ -111.408635598870148, 56.794989855347772 ], [ -111.408641460753216, 56.795528868721092 ], [ -111.408968888367554, 56.795527796065365 ], [ -111.408976710791734, 56.796246480460397 ], [ -111.409304144645702, 56.796245406916334 ], [ -111.409319803110037, 56.797682775395842 ], [ -111.408992356730522, 56.797683848998354 ], [ -111.408996268442408, 56.798043191080318 ], [ -111.408668818908595, 56.798044263838243 ], [ -111.408672727579699, 56.798403605913798 ], [ -111.408345274891531, 56.798404677827136 ], [ -111.408021724679188, 56.798765090964991 ], [ -111.407694268813955, 56.798766161174505 ], [ -111.407692319119249, 56.798586490127995 ], [ -111.407035463912223, 56.798408956888544 ], [ -111.407025731549609, 56.797510601478209 ], [ -111.406698286577182, 56.797511669059233 ], [ -111.406686617882357, 56.796433642349918 ], [ -111.406359182281534, 56.796434709028219 ], [ -111.406020097563584, 56.795357747861914 ], [ -111.405692671311172, 56.795358812778467 ], [ -111.405696551121366, 56.795718155142467 ], [ -111.405369121715324, 56.795719219214405 ], [ -111.405376875343705, 56.796437903908348 ], [ -111.405704311012201, 56.796436839807441 ], [ -111.405712071263565, 56.797155524388366 ], [ -111.406368898308969, 56.797333064668749 ], [ -111.40637861490076, 56.798231420177977 ], [ -111.406706066158918, 56.798230353427066 ], [ -111.406713846102136, 56.798949037710862 ], [ -111.408025627268344, 56.799124433027686 ], [ -111.408349180521753, 56.798764019896261 ], [ -111.409004092138815, 56.798761875181192 ], [ -111.409006048119707, 56.798941546193277 ], [ -111.409662921913096, 56.799119069018964 ], [ -111.409672717931656, 56.800017423901281 ], [ -111.410000184622177, 56.800016348485279 ], [ -111.410015871964049, 56.801453715965259 ], [ -111.409688392744911, 56.801454791439802 ], [ -111.409692311675855, 56.801814133271904 ], [ -111.409364829301609, 56.801815207901775 ], [ -111.409041259661791, 56.802175623512689 ], [ -111.408386288534842, 56.802177768505096 ], [ -111.408384335277319, 56.801998097572969 ], [ -111.407727417089575, 56.801820568161553 ], [ -111.407384347104056, 56.800384269772543 ], [ -111.40705687709989, 56.800385338329079 ], [ -111.407062717535069, 56.800924351338935 ], [ -111.406735242810086, 56.800925419058018 ], [ -111.406743024109105, 56.801644103026682 ], [ -111.407070505098616, 56.801643035278538 ], [ -111.407076346008779, 56.802182048178096 ], [ -111.407403831674259, 56.802180979548822 ], [ -111.407417472220317, 56.803438676079729 ], [ -111.407089975590821, 56.803439744759906 ], [ -111.407095817179581, 56.803978757501895 ], [ -111.407423318508236, 56.803977688799897 ], [ -111.407429164999897, 56.804516701472807 ], [ -111.407756671005203, 56.804515631889593 ], [ -111.407772275178232, 56.805952998728024 ], [ -111.40809979369314, 56.805951928227131 ], [ -111.408103698096269, 56.806311269869646 ], [ -111.40777617644811, 56.806312340385126 ], [ -111.407783979259833, 56.807031023636277 ], [ -111.408111507174709, 56.807029953091671 ], [ -111.408115411850048, 56.807389294671154 ], [ -111.408442942875709, 56.807388223252481 ], [ -111.408452712794983, 56.808286577072849 ], [ -111.40878025163191, 56.808285504758189 ], [ -111.408788074243532, 56.809004187690761 ], [ -111.408460529139077, 56.809005260034617 ], [ -111.408468345846487, 56.809723942912349 ], [ -111.408795897218724, 56.809722870539296 ], [ -111.408815456247581, 56.811519577293012 ], [ -111.408487889204537, 56.811520649739052 ], [ -111.408497661735211, 56.812419002955465 ], [ -111.40817008683338, 56.812420074578348 ], [ -111.408185711524879, 56.813857439509903 ], [ -111.40785812406169, 56.813858510331443 ], [ -111.407865930682391, 56.814577192700355 ], [ -111.407538336926748, 56.814578262691334 ], [ -111.407226332397698, 56.816016696424811 ], [ -111.406898726056312, 56.816017764754505 ], [ -111.406582793768251, 56.817096855542815 ], [ -111.405929504783188, 56.817278658539664 ], [ -111.405943103776181, 56.818536352237054 ], [ -111.40561547539582, 56.818537417229152 ], [ -111.405619357889805, 56.818896758252784 ], [ -111.406276565316247, 56.81907429786915 ], [ -111.406284343208995, 56.819792979774384 ], [ -111.405956703875574, 56.819794045677135 ], [ -111.40596058982149, 56.820153386612766 ], [ -111.406288232290962, 56.820152320695506 ], [ -111.406294066083433, 56.820691332037804 ], [ -111.406951308141899, 56.820868868002364 ], [ -111.406964943228203, 56.822126560812166 ], [ -111.407622213604526, 56.822304093164043 ], [ -111.407630018217489, 56.823022774574916 ], [ -111.407957685664826, 56.823021704241526 ], [ -111.407971355589481, 56.824279396457399 ], [ -111.408299033992918, 56.82427832521298 ], [ -111.408302943026953, 56.82463766578423 ], [ -111.408630624544628, 56.824636593665183 ], [ -111.408636492971638, 56.825175604460796 ], [ -111.40830880674838, 56.825176676601757 ], [ -111.408312716009604, 56.825536017120513 ], [ -111.408640405370008, 56.825534944964957 ], [ -111.408650186763879, 56.82643329613348 ], [ -111.408977883944729, 56.826432223081319 ], [ -111.408983757760083, 56.826971233697499 ], [ -111.409311459624305, 56.826970159763306 ], [ -111.409327136683842, 56.828407521116944 ], [ -111.409654851075757, 56.828406446264069 ], [ -111.409658773706255, 56.828765786535342 ], [ -111.409986491213161, 56.82876471080764 ], [ -111.410002195199141, 56.830202071624107 ], [ -111.410329925235146, 56.830200994977588 ], [ -111.410355467726987, 56.832536705492373 ], [ -111.410683218139525, 56.832535627890238 ], [ -111.410691084421813, 56.833254307840768 ], [ -111.411018841088833, 56.833253229348948 ], [ -111.411022777505949, 56.833612569278017 ], [ -111.411350537288868, 56.833611489911185 ], [ -111.411356446794471, 56.834150499743359 ], [ -111.411684211262795, 56.834149419494118 ], [ -111.411696040309522, 56.835227438972602 ], [ -111.412023814172017, 56.835226357818811 ], [ -111.412041573416346, 56.836843386615875 ], [ -111.412369361382801, 56.836842304535381 ], [ -111.41237528625318, 56.837381314017797 ], [ -111.412047493577447, 56.83738239612039 ], [ -111.412055387446827, 56.838101075386241 ], [ -111.412383186401883, 56.838099993254176 ], [ -111.412389111754536, 56.83863900262633 ], [ -111.412061308089818, 56.838640084780508 ], [ -111.412065255299879, 56.838999424350426 ], [ -111.412393062104485, 56.838998342181512 ], [ -111.412406889052775, 56.840256030459273 ], [ -111.412734706824537, 56.840254947378206 ], [ -111.412752500114834, 56.841871974719503 ], [ -111.4124246682116, 56.841873057866941 ], [ -111.412428619388479, 56.842232397233126 ], [ -111.412756454432255, 56.842231314070929 ], [ -111.412776227398936, 56.844028010513071 ], [ -111.413104078123453, 56.844026926416412 ], [ -111.413111994236019, 56.84474560481673 ], [ -111.413767708180018, 56.844743433982266 ], [ -111.413769690406795, 56.844923103554457 ], [ -111.414097548914768, 56.844922016838751 ], [ -111.414099532735165, 56.845101686398266 ], [ -111.414757239807656, 56.84527917990939 ], [ -111.414759226815377, 56.845458849443595 ], [ -111.41443136364181, 56.845459937902937 ], [ -111.414435334585349, 56.845819276970417 ], [ -111.413781584251538, 56.846001120877226 ], [ -111.413789513942476, 56.846719798987408 ], [ -111.414447247970173, 56.84689729404684 ], [ -111.414451219283194, 56.84725663303032 ], [ -111.414123340379518, 56.847257720703013 ], [ -111.414459162186361, 56.84797531093426 ], [ -111.414787047350259, 56.847974222371128 ], [ -111.415110954709874, 56.847613794035382 ], [ -111.41576671863865, 56.847611612634765 ], [ -111.416098587774528, 56.847969859510485 ], [ -111.416754357847609, 56.847967672915303 ], [ -111.416756354627267, 56.848147342326151 ], [ -111.417084241199845, 56.8481462477299 ], [ -111.417086239573607, 56.848325917128037 ], [ -111.417414127693846, 56.848324821663496 ], [ -111.417416127661753, 56.848504491048921 ], [ -111.418073910107282, 56.848681966887689 ], [ -111.418085929394707, 56.849759982968834 ], [ -111.418413830012867, 56.849758884862005 ], [ -111.418417839770541, 56.850118223498775 ], [ -111.418089936010247, 56.850119321620546 ], [ -111.418091939352976, 56.850298990938533 ], [ -111.417434128419771, 56.850121515281494 ], [ -111.417438128844111, 56.850480853942081 ], [ -111.418093942718997, 56.850478660251262 ], [ -111.418095946108323, 56.850658329558755 ], [ -111.418423854581945, 56.850657231414523 ], [ -111.418425859565716, 56.850836900709282 ], [ -111.418753769587155, 56.850835801696675 ], [ -111.418755776165412, 56.85101547097868 ], [ -111.41908368773467, 56.851014371097691 ], [ -111.419085695907455, 56.851194040366963 ], [ -111.419413609024545, 56.851192939617555 ], [ -111.419415618791874, 56.851372608874087 ], [ -111.419743533456781, 56.851371507256268 ], [ -111.41974554481871, 56.851551176500031 ], [ -111.420073461031436, 56.85155007401378 ], [ -111.420075473987993, 56.851729743244789 ], [ -111.42073332560814, 56.851907204885208 ], [ -111.420737357923443, 56.852266543290902 ], [ -111.42106528035093, 56.852265438191765 ], [ -111.421067298115048, 56.852445107379211 ], [ -111.421725166972465, 56.852622563750145 ], [ -111.421729208903486, 56.852981902068649 ], [ -111.422057137545835, 56.852980794356483 ], [ -111.422063205332876, 56.853519801772201 ], [ -111.422721097760942, 56.853697252832625 ], [ -111.422731227042419, 56.854595598318674 ], [ -111.423059169757181, 56.854594487955538 ], [ -111.423073362742244, 56.8558521713625 ], [ -111.423401316434578, 56.855851060085357 ], [ -111.423417550978044, 56.857288412174853 ], [ -111.423745517220652, 56.857287299976043 ], [ -111.42373739347299, 56.856568624003607 ], [ -111.424065353404885, 56.856567510974003 ], [ -111.424063320955327, 56.856387841975362 ], [ -111.425047195893924, 56.856384497742823 ], [ -111.425049233058658, 56.856564166718691 ], [ -111.425705152709384, 56.856561932909706 ], [ -111.426037196330228, 56.856920152603912 ], [ -111.425709233396958, 56.85692127081527 ], [ -111.42539350364143, 56.858000401801846 ], [ -111.425721476029366, 56.857999284405928 ], [ -111.425723516551173, 56.858178953319317 ], [ -111.426379464399574, 56.858176715928828 ], [ -111.426381508088937, 56.858356384821732 ], [ -111.426709483549388, 56.858355264827154 ], [ -111.426711528834446, 56.858534933707162 ], [ -111.427039505843027, 56.858533812843802 ], [ -111.427371579757079, 56.858892028833019 ], [ -111.428027539942889, 56.858889782769943 ], [ -111.428029591587219, 56.859069451603631 ], [ -111.428687609633712, 56.859246870893685 ], [ -111.428691719329819, 56.859606208504168 ], [ -111.428363733008595, 56.859607333719275 ], [ -111.428373999806794, 56.860505677691869 ], [ -111.42804600560126, 56.860506802084082 ], [ -111.428050109343474, 56.860866139651677 ], [ -111.427722111969771, 56.860867263197989 ], [ -111.427726212663117, 56.861226600759871 ], [ -111.42739821212119, 56.861227723460253 ], [ -111.427404358623392, 56.861766729786638 ], [ -111.427076353340937, 56.861767851648708 ], [ -111.427082495340841, 56.862306857950756 ], [ -111.427740565841233, 56.862484282061075 ], [ -111.427746717561135, 56.863023288254233 ], [ -111.428404803785114, 56.863200708821857 ] ], [ [ -111.428351413639021, 56.858529320778828 ], [ -111.427693409787892, 56.858351899676514 ], [ -111.427689309857797, 56.857992561946567 ], [ -111.428017282079182, 56.857991438522703 ], [ -111.42801523057804, 56.857811769657488 ], [ -111.428673226450329, 56.857989189091569 ], [ -111.428677335811784, 56.858348526775586 ], [ -111.428349360494366, 56.85834965193704 ], [ -111.428351413639021, 56.858529320778828 ] ], [ [ -111.414745318246489, 56.844201162593919 ], [ -111.414089613863908, 56.844203338548162 ], [ -111.414087630158875, 56.8440236689624 ], [ -111.413759779503451, 56.844024755641094 ], [ -111.413749869176385, 56.843126407596479 ], [ -111.413422026350005, 56.843127493377516 ], [ -111.413418065521242, 56.842768154108121 ], [ -111.413745905206909, 56.842767068341878 ], [ -111.413743923256732, 56.842587398706712 ], [ -111.414727437464407, 56.842584136266339 ], [ -111.414729424125568, 56.842763805879294 ], [ -111.415057263718936, 56.842762716670478 ], [ -111.415059251973531, 56.842942386270771 ], [ -111.415716925650017, 56.843119874836567 ], [ -111.415718917091624, 56.843299544411501 ], [ -111.41539107283343, 56.843300635363875 ], [ -111.415393062727787, 56.843480304941004 ], [ -111.414739357777862, 56.843662153865317 ], [ -111.414741344577635, 56.843841823446766 ], [ -111.415069193593354, 56.843840734193456 ], [ -111.414745318246489, 56.844201162593919 ] ], [ [ -111.412821318813684, 56.818334118417944 ], [ -111.412493692479188, 56.818335201459576 ], [ -111.412491718363697, 56.818155531088109 ], [ -111.412164093574091, 56.818156613262524 ], [ -111.412162121049391, 56.817976942878424 ], [ -111.411504905170929, 56.817799434228974 ], [ -111.411500966507276, 56.817440093405104 ], [ -111.411173347920169, 56.817441172970611 ], [ -111.411157606722568, 56.816003809406254 ], [ -111.411485212768127, 56.816002729899544 ], [ -111.411475367424885, 56.815104377537885 ], [ -111.411802965609681, 56.815103297208161 ], [ -111.411797053975818, 56.814564285750208 ], [ -111.412124647435192, 56.814563204582832 ], [ -111.412104927803554, 56.812766499455172 ], [ -111.412432505566159, 56.812765417501723 ], [ -111.41241474575196, 56.811148382504044 ], [ -111.412742309386743, 56.811147299757266 ], [ -111.412730461139958, 56.810069276233335 ], [ -111.413383591774291, 56.809887437658531 ], [ -111.413375680958069, 56.809168755242204 ], [ -111.413048134606498, 56.809169839627017 ], [ -111.413034302530846, 56.807912145144542 ], [ -111.413361837914366, 56.807911060811399 ], [ -111.413355905526018, 56.807372048833685 ], [ -111.413683436186247, 56.807370963663203 ], [ -111.414007005745887, 56.807010536318046 ], [ -111.41498958811907, 56.807007273115609 ], [ -111.414991573346526, 56.807186943753614 ], [ -111.415648619664111, 56.807364434591015 ], [ -111.415654584954666, 56.807903446413263 ], [ -111.415327049732355, 56.80790453676294 ], [ -111.415338971536187, 56.808982560310092 ], [ -111.41566651615959, 56.808981469915892 ], [ -111.415670493412748, 56.809340811041409 ], [ -111.415998041146906, 56.809339719772801 ], [ -111.416007992519127, 56.810238072457523 ], [ -111.416665097065845, 56.810415557773609 ], [ -111.416679052059834, 56.811673251170689 ], [ -111.416351484000145, 56.811674344255117 ], [ -111.416371406002327, 56.813471048735941 ], [ -111.416043822246792, 56.813472141035078 ], [ -111.415728173971729, 56.814551255000083 ], [ -111.41540058076545, 56.814552345624392 ], [ -111.415404556316602, 56.814911686439061 ], [ -111.415076959952245, 56.814912776218485 ], [ -111.41508490506159, 56.815631457814469 ], [ -111.414757302403984, 56.815632546763815 ], [ -111.414767226471909, 56.816530898677676 ], [ -111.414439615953086, 56.816531986804286 ], [ -111.414441599268201, 56.816711657178715 ], [ -111.414113987158643, 56.81671274445295 ], [ -111.414117950722584, 56.817072085200834 ], [ -111.413464698844606, 56.817253927580353 ], [ -111.413472613798746, 56.817972609051225 ], [ -111.413144990645861, 56.817973693797782 ], [ -111.412821318813684, 56.818334118417944 ] ], [ [ -111.405522048851196, 56.779547727962033 ], [ -111.404540183049079, 56.779550915647867 ], [ -111.404538249851043, 56.779371243974047 ], [ -111.404210962769341, 56.779372304811609 ], [ -111.404209031157649, 56.779192633125319 ], [ -111.40388174561744, 56.779193693097085 ], [ -111.403879815592077, 56.779014021398325 ], [ -111.403223320697023, 56.778836467033329 ], [ -111.403217540205617, 56.778297451846576 ], [ -111.402890262417515, 56.778298509206657 ], [ -111.402886411996036, 56.777939165708169 ], [ -111.402559137313148, 56.777940222195333 ], [ -111.402557213699708, 56.777760550431005 ], [ -111.402229940558271, 56.777761606052458 ], [ -111.402226096525865, 56.777402262493716 ], [ -111.401898826489585, 56.777403317242282 ], [ -111.401893065299419, 56.77686430184324 ], [ -111.40156579993193, 56.776865355711777 ], [ -111.401558124911702, 56.776146668410838 ], [ -111.401885384024652, 56.776145614570979 ], [ -111.402208799484555, 56.77578521621934 ], [ -111.402536055425756, 56.775784160676892 ], [ -111.402867161229693, 56.77614244790054 ], [ -111.403521679254652, 56.776140332494549 ], [ -111.403523607357911, 56.77632000428455 ], [ -111.404180059673436, 56.776497557200585 ], [ -111.404183922246474, 56.776856900725505 ], [ -111.404511187435091, 56.776855839988983 ], [ -111.404522785074704, 56.777933870394378 ], [ -111.405831883133771, 56.777929618689782 ], [ -111.405833822407388, 56.77810929037669 ], [ -111.40649031685318, 56.778286831025873 ], [ -111.406494201768297, 56.778646174344438 ], [ -111.406166921077087, 56.778647240304466 ], [ -111.4061727439273, 56.779186255264683 ], [ -111.405845458521924, 56.779187320387891 ], [ -111.405522048851196, 56.779547727962033 ] ], [ [ -111.403833501705137, 56.774701899052268 ], [ -111.402851762225751, 56.774705073276216 ], [ -111.402849837450816, 56.774525401424533 ], [ -111.402193425853937, 56.774347841396015 ], [ -111.402189582669379, 56.77398849763766 ], [ -111.40186234234055, 56.773989552249908 ], [ -111.401852742586229, 56.773091192726206 ], [ -111.401525510051755, 56.7730922464442 ], [ -111.401521673432583, 56.772732902583613 ], [ -111.401194444002385, 56.772733955428905 ], [ -111.401192527289453, 56.772554283483565 ], [ -111.400536157924563, 56.772376714619853 ], [ -111.400528503889731, 56.77165802670774 ], [ -111.399872153305211, 56.77148045429864 ], [ -111.399866422457549, 56.770941438250794 ], [ -111.399539208547907, 56.770942486732935 ], [ -111.399537299872748, 56.770762814699339 ], [ -111.398880969586216, 56.770585237021386 ], [ -111.398873347699848, 56.769866548756504 ], [ -111.398546143101882, 56.769867594621047 ], [ -111.398542335417289, 56.769508250442854 ], [ -111.398215133923117, 56.769509295434908 ], [ -111.398209427250691, 56.76897027910691 ], [ -111.397882230423136, 56.76897132321939 ], [ -111.397876528637966, 56.76843230682281 ], [ -111.397549336476885, 56.768433350055759 ], [ -111.397545538522678, 56.768074005750925 ], [ -111.397218349465163, 56.768075048111463 ], [ -111.397206965507948, 56.766997015028316 ], [ -111.396879785804771, 56.766998056488148 ], [ -111.39686841201609, 56.765920023173415 ], [ -111.396541241666625, 56.765921063732584 ], [ -111.396526090347109, 56.764483685628825 ], [ -111.396198932475627, 56.764484725273284 ], [ -111.396191363592962, 56.763766036067047 ], [ -111.395864211949061, 56.763767074825154 ], [ -111.395858540204628, 56.763228057844124 ], [ -111.395531393225752, 56.763229095722977 ], [ -111.395525726365605, 56.762690078673486 ], [ -111.395198584051599, 56.762691115673128 ], [ -111.39518159871443, 56.761074064177564 ], [ -111.395508726968998, 56.761073027241402 ], [ -111.395832074674956, 56.760712644640904 ], [ -111.397467699888139, 56.760707442871151 ], [ -111.397469597950746, 56.760887115241566 ], [ -111.398780008305991, 56.761062610690573 ], [ -111.398781912661008, 56.761242283022085 ], [ -111.399109042235537, 56.761241236640963 ], [ -111.399110948174751, 56.761420908960083 ], [ -111.399767119467199, 56.761598485909246 ], [ -111.399770937704815, 56.761957830492754 ], [ -111.40009807346145, 56.76195678150912 ], [ -111.400101894912055, 56.76231612605735 ], [ -111.400429033770862, 56.762315076201418 ], [ -111.400436683187152, 56.763033765206245 ], [ -111.401092888870167, 56.763211335086879 ], [ -111.401098635605948, 56.763750351726678 ], [ -111.401425786896283, 56.763749299239407 ], [ -111.401429621289353, 56.764108643625335 ], [ -111.401102466874292, 56.764109696126937 ], [ -111.401104382541817, 56.76428936831919 ], [ -111.401431538519262, 56.76428831581044 ], [ -111.401435373045857, 56.764647660164854 ], [ -111.401762532125886, 56.764646606783685 ], [ -111.401777883622444, 56.766083983933889 ], [ -111.40243222671576, 56.76608187448246 ], [ -111.402430304575617, 56.765902202371436 ], [ -111.40275747452624, 56.765901146365671 ], [ -111.40275939822898, 56.766080818469526 ], [ -111.403086569719846, 56.766079761598455 ], [ -111.403088495007495, 56.766259433689861 ], [ -111.403415668038619, 56.766258375953448 ], [ -111.403417594911218, 56.766438048032406 ], [ -111.403744769482572, 56.766436989430623 ], [ -111.403746697940164, 56.766616661497132 ], [ -111.404073874051761, 56.766615602029994 ], [ -111.404075804094376, 56.766795274084046 ], [ -111.404732092565951, 56.7669728245952 ], [ -111.404735959013934, 56.767332168648167 ], [ -111.405063141308929, 56.767331106577629 ], [ -111.405068945837399, 56.767870122596001 ], [ -111.405396132798131, 56.767869059645584 ], [ -111.405423245150885, 56.770384467004817 ], [ -111.405750453969489, 56.770383403094897 ], [ -111.405767899733846, 56.772000450074025 ], [ -111.406095122597776, 56.771999385240619 ], [ -111.406100942947219, 56.772538400784015 ], [ -111.405773715393693, 56.772539465639156 ], [ -111.405777592612765, 56.772898809322982 ], [ -111.406104823292793, 56.772897744453353 ], [ -111.406108703728464, 56.773257088101666 ], [ -111.405781469921877, 56.773258152985775 ], [ -111.405789224810192, 56.773976840248331 ], [ -111.405461984727737, 56.773977904303024 ], [ -111.405138615948445, 56.774338311127991 ], [ -111.404156886118543, 56.774341495609747 ], [ -111.403833501705137, 56.774701899052268 ] ], [ [ -111.396783133843158, 56.757834767285075 ], [ -111.396128933716525, 56.757836846908688 ], [ -111.396127042275324, 56.757657174420636 ], [ -111.395799943740812, 56.757658212938559 ], [ -111.395798053883254, 56.757478540438193 ], [ -111.395141973159724, 56.757300942366598 ], [ -111.395138199800996, 56.756941597311382 ], [ -111.394482131548997, 56.756763995736193 ], [ -111.394476481110487, 56.756224978055997 ], [ -111.393820428474669, 56.756047372958072 ], [ -111.393485829055749, 56.755329714988498 ], [ -111.392829796698067, 56.755152104626156 ], [ -111.392822294839476, 56.754433414045849 ], [ -111.392495224194789, 56.754434443858933 ], [ -111.39216066450895, 56.753716782093868 ], [ -111.391504666524057, 56.753539164668062 ], [ -111.391497190429405, 56.752820473786727 ], [ -111.391170133749824, 56.75282150010591 ], [ -111.391157062347418, 56.751563790812511 ], [ -111.391484108098709, 56.751562764542186 ], [ -111.391472895518064, 56.750484727841986 ], [ -111.391799931881266, 56.7504837007559 ], [ -111.391798061632713, 56.750304027961135 ], [ -111.39212509641321, 56.750303000024388 ], [ -111.392448384496063, 56.749942625652686 ], [ -111.39375651082581, 56.749938501954873 ], [ -111.393758390396755, 56.750118174718118 ], [ -111.394085423485691, 56.750117141642576 ], [ -111.394087304639427, 56.750296814393529 ], [ -111.394414339267513, 56.750295780453321 ], [ -111.394416222004082, 56.750475453192003 ], [ -111.394743258171331, 56.750474418387128 ], [ -111.394745142490763, 56.75065409111351 ], [ -111.395072180197147, 56.750653055443941 ], [ -111.395074066099482, 56.750832728158038 ], [ -111.39540110534503, 56.750831691623766 ], [ -111.395402992830313, 56.751011364325571 ], [ -111.396058965007114, 56.751188961352383 ], [ -111.396062746331552, 56.751548306701466 ], [ -111.396389791755666, 56.751547267565975 ], [ -111.396410607782116, 56.753523666532537 ], [ -111.396737670357652, 56.753522626461567 ], [ -111.396747140873018, 56.754420989382673 ], [ -111.397074211233388, 56.754419948418565 ], [ -111.397083690105489, 56.755318311172928 ], [ -111.397410768251106, 56.755317269315626 ], [ -111.39743353852748, 56.757473339305221 ], [ -111.397106441642606, 56.757474381247548 ], [ -111.396783133843158, 56.757834767285075 ] ] ] } },
{ "type": "Feature", "properties": { }, "geometry": { "type": "Polygon", "coordinates": [ [ [ -111.37429189724719, 56.732928960152336 ], [ -111.374288326300046, 56.732569612804241 ], [ -111.373961444825227, 56.732570593767804 ], [ -111.373959660941921, 56.732390920079212 ], [ -111.372979021071075, 56.732393857807523 ], [ -111.372982579503045, 56.732753205219417 ], [ -111.37429189724719, 56.732928960152336 ] ] ] } },
{ "type": "Feature", "properties": { }, "geometry": { "type": "Polygon", "coordinates": [ [ [ -111.362183331885547, 56.73152729402085 ], [ -111.362179876643125, 56.731167946103007 ], [ -111.361853006888154, 56.731168895303384 ], [ -111.361856459012358, 56.731528243234131 ], [ -111.362183331885547, 56.73152729402085 ] ] ] } },
{ "type": "Feature", "properties": { }, "geometry": { "type": "Polygon", "coordinates": [ [ [ -111.367457116151826, 56.73600383465174 ], [ -111.367455363066554, 56.735824160930726 ], [ -111.367782273020737, 56.73582319699058 ], [ -111.368105670606894, 56.735462884761695 ], [ -111.3687594841753, 56.7354609526218 ], [ -111.368757724912996, 56.735281278911273 ], [ -111.368430819698503, 56.735282245403241 ], [ -111.368429062016091, 56.735102571680905 ], [ -111.367773500101848, 56.73492482833953 ], [ -111.367769991076742, 56.734565480842363 ], [ -111.367114441617716, 56.734387734004223 ], [ -111.367109187650001, 56.733848712664056 ], [ -111.36678229480917, 56.733849674817897 ], [ -111.366778795384263, 56.733490327218462 ], [ -111.366125015879092, 56.733492248928684 ], [ -111.366123269315693, 56.733312575108023 ], [ -111.365796381092011, 56.733313534670962 ], [ -111.366443165231033, 56.73259291937898 ], [ -111.365789401278079, 56.732594839309741 ], [ -111.365787656375176, 56.73241516545631 ], [ -111.365460775927559, 56.732416124129564 ], [ -111.365459032604093, 56.732236450264367 ], [ -111.364803534581739, 56.732058691143209 ], [ -111.364798314148246, 56.731519669461328 ], [ -111.364471441435839, 56.731520625530905 ], [ -111.36446970289083, 56.731340951619934 ], [ -111.364142831717373, 56.731341906825975 ], [ -111.364139357805982, 56.730982558975313 ], [ -111.363812489730563, 56.730983513311351 ], [ -111.363821166864568, 56.731881882931063 ], [ -111.363494290973463, 56.73188283644248 ], [ -111.363496024901465, 56.73206251035716 ], [ -111.36316914743108, 56.732063463018008 ], [ -111.362845731620169, 56.732423762661313 ], [ -111.36317261222905, 56.732422810844575 ], [ -111.363176077107369, 56.732782158650139 ], [ -111.363502960814614, 56.732781205963377 ], [ -111.363504694843186, 56.732960879851809 ], [ -111.363831580089567, 56.732959926301483 ], [ -111.363829844501751, 56.732780252419545 ], [ -111.364485350521946, 56.73295801662961 ], [ -111.364487089248456, 56.733137690493329 ], [ -111.364160202483063, 56.733138645764299 ], [ -111.364165414105628, 56.733677667343457 ], [ -111.36449230554895, 56.73367671205299 ], [ -111.364497522030959, 56.734215733565414 ], [ -111.364824418132216, 56.734214777398336 ], [ -111.364827899006556, 56.734574125034044 ], [ -111.365154798206447, 56.734573167996835 ], [ -111.365156540233329, 56.734752841800301 ], [ -111.365483440972469, 56.734751883899456 ], [ -111.365485184579001, 56.734931557691169 ], [ -111.365812086857375, 56.73493059892666 ], [ -111.3658138320436, 56.735110272706592 ], [ -111.366140735861208, 56.735109313078418 ], [ -111.366142482627183, 56.735288986846577 ], [ -111.366798043225799, 56.735466738755555 ], [ -111.36680154309721, 56.735826086239513 ], [ -111.367457116151826, 56.73600383465174 ] ] ] } },
{ "type": "Feature", "properties": { }, "geometry": { "type": "Polygon", "coordinates": [ [ [ -111.361190652948423, 56.730272421149891 ], [ -111.361188930134404, 56.730092747137526 ], [ -111.361515790575183, 56.730091799689845 ], [ -111.361514066222171, 56.729912125678666 ], [ -111.361187207340365, 56.729913073119903 ], [ -111.361182039078145, 56.729374051035528 ], [ -111.361508893283144, 56.729373103613618 ], [ -111.361832295824328, 56.729012807278032 ], [ -111.36248599789873, 56.729010908175198 ], [ -111.362480811230043, 56.728471886089494 ], [ -111.362807657560637, 56.72847093527205 ], [ -111.362804196764145, 56.728111587201589 ], [ -111.362477353551157, 56.728112538006116 ], [ -111.362147055836942, 56.727754139836421 ], [ -111.36149337554582, 56.727756037135066 ], [ -111.361495099658882, 56.727935711209234 ], [ -111.360843137185782, 56.728117279174882 ], [ -111.361180316364027, 56.729194376996908 ], [ -111.360853463697936, 56.729195323555423 ], [ -111.36085518485315, 56.729374997600473 ], [ -111.360203194400668, 56.729556562212117 ], [ -111.360536928888948, 56.730274313487136 ], [ -111.361190652948423, 56.730272421149891 ] ] ] } },
{ "type": "Feature", "properties": { }, "geometry": { "type": "Polygon", "coordinates": [ [ [ -111.358199347388378, 56.725070359508933 ], [ -111.35819593099113, 56.724711011059121 ], [ -111.357869117112756, 56.724711949745441 ], [ -111.357863997340672, 56.724172927012212 ], [ -111.357537188117746, 56.724173864822582 ], [ -111.357535483125005, 56.723994190561299 ], [ -111.357208675440688, 56.723995127508502 ], [ -111.357206972026091, 56.723815453235609 ], [ -111.356880165880384, 56.723816389319651 ], [ -111.356878464043859, 56.723636715035148 ], [ -111.356551659436761, 56.723637650256045 ], [ -111.356549959178309, 56.723457975959938 ], [ -111.35622315610982, 56.723458910317703 ], [ -111.355892958797071, 56.723100495185321 ], [ -111.355239358794904, 56.723102359591628 ], [ -111.355237664828678, 56.722922685254396 ], [ -111.354910866356391, 56.722923616166078 ], [ -111.354909173968068, 56.722743941817271 ], [ -111.354582377034404, 56.722744871865878 ], [ -111.35458068622394, 56.722565197505489 ], [ -111.353925407739879, 56.72238738064155 ], [ -111.353922032449731, 56.722028031869307 ], [ -111.353595241690158, 56.722028959322436 ], [ -111.3535935556326, 56.721849284922136 ], [ -111.352939977171161, 56.721851137245572 ], [ -111.352938294249455, 56.721671462827445 ], [ -111.352611506547603, 56.721672387697801 ], [ -111.35229479795089, 56.722751358216939 ], [ -111.352621595021404, 56.722750434165619 ], [ -111.352624958001968, 56.723109782946246 ], [ -111.35295175816951, 56.723108858025597 ], [ -111.352953441247337, 56.723288532401753 ], [ -111.353608730854404, 56.723466354335883 ], [ -111.353612103340978, 56.723825703036759 ], [ -111.353938909683208, 56.72382477552059 ], [ -111.353940597514196, 56.724004449856864 ], [ -111.354594213256647, 56.724002592241554 ], [ -111.354917636105938, 56.723642313508819 ], [ -111.355898050163447, 56.723639518127499 ], [ -111.355899747324926, 56.723819192431066 ], [ -111.356226553529794, 56.723818258917376 ], [ -111.356228252269304, 56.723997933209347 ], [ -111.356555060012823, 56.723996998832533 ], [ -111.356556760330434, 56.7241766731129 ], [ -111.35721208232917, 56.724354476038556 ], [ -111.357215489296649, 56.724713824547614 ], [ -111.357542303214586, 56.724712887574931 ], [ -111.357544008286411, 56.724892561815224 ], [ -111.358199347388378, 56.725070359508933 ] ] ] } },
{ "type": "Feature", "properties": { }, "geometry": { "type": "Polygon", "coordinates": [ [ [ -111.344750513507364, 56.719717906914831 ], [ -111.344748869768182, 56.71953823227831 ], [ -111.345075639236455, 56.719537328043003 ], [ -111.345070703459527, 56.718998304120419 ], [ -111.344743938664962, 56.718999208337287 ], [ -111.344742295002007, 56.718819533679792 ], [ -111.344088768471451, 56.718821339531338 ], [ -111.344087127943254, 56.718641664856307 ], [ -111.343760366207292, 56.71864256649102 ], [ -111.343758727255931, 56.71846289180462 ], [ -111.343431967058805, 56.718463792576571 ], [ -111.343430329684267, 56.71828411787881 ], [ -111.343103571025978, 56.718285017788027 ], [ -111.343101935228219, 56.718105343078904 ], [ -111.342775178108752, 56.718106242125401 ], [ -111.342773543887731, 56.717926567404923 ], [ -111.342118401620979, 56.717748688177956 ], [ -111.342124926080615, 56.718467387098215 ], [ -111.341798165788745, 56.718468283587093 ], [ -111.341799795393101, 56.718647958310122 ], [ -111.342126557242807, 56.718647061815162 ], [ -111.342128188423899, 56.718826736526879 ], [ -111.342781715182255, 56.718824940954882 ], [ -111.342783349498006, 56.719004615649126 ], [ -111.343110114406642, 56.719003716572075 ], [ -111.343111750299229, 56.719183391254973 ], [ -111.343438516746787, 56.719182491315166 ], [ -111.343440154216239, 56.719362165986702 ], [ -111.343766922202704, 56.719361265184141 ], [ -111.344096971397775, 56.719719712827739 ], [ -111.344750513507364, 56.719717906914831 ] ] ] } },
{ "type": "Feature", "properties": { }, "geometry": { "type": "Polygon", "coordinates": [ [ [ -111.337859322036806, 56.716502551538234 ], [ -111.337854490034132, 56.715963526946531 ], [ -111.337201012559007, 56.715965296627154 ], [ -111.336871061897057, 56.715606830392559 ], [ -111.336217590540386, 56.715608594909966 ], [ -111.336219193364187, 56.715788269819633 ], [ -111.336545930609375, 56.715787387983198 ], [ -111.336547535009316, 56.715967062881624 ], [ -111.336874273793455, 56.715966180182654 ], [ -111.336875879769579, 56.71614585506984 ], [ -111.337202620092711, 56.716144971508321 ], [ -111.33720422764506, 56.716324646384258 ], [ -111.337859322036806, 56.716502551538234 ] ] ] } },
{ "type": "Feature", "properties": { }, "geometry": { "type": "Polygon", "coordinates": [ [ [ -111.400421584842533, 56.73087130047621 ], [ -111.400419674863514, 56.730691627299372 ], [ -111.400746539011422, 56.730690576985154 ], [ -111.400733158865776, 56.729432864650143 ], [ -111.401060012078872, 56.72943181352894 ], [ -111.400725513555926, 56.728714171771628 ], [ -111.401052360533626, 56.728713120679018 ], [ -111.401044709343296, 56.727994427744996 ], [ -111.401371550063701, 56.727993375824042 ], [ -111.40135623627836, 56.726555989760882 ], [ -111.401683064507225, 56.72655493704027 ], [ -111.401677317528268, 56.726015917201316 ], [ -111.401350493975116, 56.726016969900456 ], [ -111.401344751871619, 56.725477949992715 ], [ -111.40167157074923, 56.725476897315033 ], [ -111.401650500936341, 56.723500490660605 ], [ -111.401977302649485, 56.723499437204872 ], [ -111.401969635332605, 56.722780743746924 ], [ -111.402621306336101, 56.722598960959232 ], [ -111.402615546799467, 56.722059940837816 ], [ -111.403267202221272, 56.721878154673924 ], [ -111.403263356453564, 56.72151880791823 ], [ -111.403590140915327, 56.72151775025776 ], [ -111.403588216506833, 56.721338076879213 ], [ -111.403914999388221, 56.721337018369226 ], [ -111.403913073443974, 56.721157344992641 ], [ -111.404239854744958, 56.721156285633164 ], [ -111.404562777969986, 56.720795878676817 ], [ -111.405867955171146, 56.72061195595397 ], [ -111.405866019968315, 56.720432282599631 ], [ -111.406192794902893, 56.720431218128958 ], [ -111.406190858164521, 56.720251544776588 ], [ -111.406844404850347, 56.72024941327976 ], [ -111.406842465018528, 56.720069739936612 ], [ -111.409456638397188, 56.720061179741116 ], [ -111.409454686124434, 56.719881506450889 ], [ -111.411742075737251, 56.71987397135679 ], [ -111.411744038915486, 56.720053644595794 ], [ -111.413377895746081, 56.720048236649589 ], [ -111.413379866736776, 56.720227909846564 ], [ -111.41403341242507, 56.72022574065678 ], [ -111.414035386554545, 56.720405413833753 ], [ -111.414688935267179, 56.720403241202575 ], [ -111.414690912535519, 56.720582914359525 ], [ -111.415344464272408, 56.72058073828692 ], [ -111.415346444679642, 56.720760411423797 ], [ -111.417962656065541, 56.720931345879492 ], [ -111.417964648982931, 56.721111018946459 ], [ -111.418618209607203, 56.721108825695772 ], [ -111.418620205663785, 56.721288498742574 ], [ -111.419273769311573, 56.721286302050224 ], [ -111.419271770138906, 56.721106629018365 ], [ -111.419925330577897, 56.721104428914209 ], [ -111.419927332866649, 56.721284101931118 ], [ -111.420907678025088, 56.721280795327296 ], [ -111.420905671062215, 56.721101122332861 ], [ -111.422539571403789, 56.721095594230292 ], [ -111.422537556674058, 56.720915921268158 ], [ -111.424825005264509, 56.720908145996759 ], [ -111.424822979652134, 56.720728473082218 ], [ -111.426130086384106, 56.720724011253438 ], [ -111.426128054563293, 56.720544338363979 ], [ -111.426781604672044, 56.720542102324778 ], [ -111.42677956975885, 56.720362429445231 ], [ -111.428413436827711, 56.72035682439374 ], [ -111.428411394148412, 56.720177151547034 ], [ -111.42906493769442, 56.720174903545121 ], [ -111.429062891922939, 56.719995230708435 ], [ -111.429716432258218, 56.719992979295228 ], [ -111.429714383394668, 56.719813306468581 ], [ -111.431019402477062, 56.719629120591854 ], [ -111.431017347429531, 56.719449447785372 ], [ -111.431344112792701, 56.71944831739026 ], [ -111.431342056211136, 56.71926864458618 ], [ -111.431668819992609, 56.719267513342146 ], [ -111.431991464427384, 56.718907035648321 ], [ -111.432644985639655, 56.718904768907947 ], [ -111.432642922898467, 56.718725096118874 ], [ -111.432969681910947, 56.718723961471497 ], [ -111.432967617635896, 56.718544288684868 ], [ -111.43329437506668, 56.718543153188612 ], [ -111.433292309257808, 56.718363480404427 ], [ -111.433619065106868, 56.718362344059287 ], [ -111.433616997764204, 56.718182671277567 ], [ -111.433943752031581, 56.718181534083577 ], [ -111.433941683155155, 56.718001861304323 ], [ -111.434268435840821, 56.718000723261483 ], [ -111.434266365430688, 56.717821050484694 ], [ -111.43491779411309, 56.717639099078205 ], [ -111.434913647182213, 56.717279753529283 ], [ -111.435565063379343, 56.717097798742749 ], [ -111.435560910362312, 56.71673845319328 ], [ -111.435887652024249, 56.716737310921886 ], [ -111.43588557399427, 56.716557638147016 ], [ -111.436212314074552, 56.71655649502685 ], [ -111.436210234511123, 56.716376822254489 ], [ -111.436861628829831, 56.71619486069806 ], [ -111.436857463593427, 56.715835515158105 ], [ -111.437508845427942, 56.715653550222108 ], [ -111.437502588482189, 56.71511453190363 ], [ -111.437829315981844, 56.71511338456321 ], [ -111.43782514169078, 56.714754039006834 ], [ -111.438476500163901, 56.714572069017279 ], [ -111.438468139510263, 56.713853377882707 ], [ -111.438794856035798, 56.713852228027548 ], [ -111.438792764375691, 56.71367255523856 ], [ -111.438139334414942, 56.713674854076828 ], [ -111.438141422960499, 56.713854526881448 ], [ -111.437487989788337, 56.713856822309566 ], [ -111.437490075243502, 56.714036495124518 ], [ -111.436836638860058, 56.714038787142449 ], [ -111.436838721224746, 56.714218459967704 ], [ -111.435858561796607, 56.714221891594555 ], [ -111.43586063951345, 56.714401564437878 ], [ -111.435207196659562, 56.714403847922348 ], [ -111.435205122057397, 56.714224175063499 ], [ -111.433900310663304, 56.714408404613756 ], [ -111.43389824229051, 56.714228731723935 ], [ -111.433242737028948, 56.7140513320049 ], [ -111.433230346126606, 56.712973294431201 ], [ -111.432903636977883, 56.712974429688252 ], [ -111.432909827649624, 56.713513448521937 ], [ -111.432583113805265, 56.713514582945685 ], [ -111.432585175853092, 56.713694255887425 ], [ -111.432258460427562, 56.713695389462465 ], [ -111.43226258148033, 56.714054735345563 ], [ -111.431611201776022, 56.714236672906118 ], [ -111.431617374261805, 56.71477569172167 ], [ -111.431290649420674, 56.714776822773494 ], [ -111.43129270540625, 56.714956495709174 ], [ -111.430965978983878, 56.714957625912213 ], [ -111.430968033435875, 56.715137298850308 ], [ -111.430641305432289, 56.715138428204547 ], [ -111.43064335835065, 56.715318101145051 ], [ -111.430316628765837, 56.715319229650461 ], [ -111.430318680150549, 56.715498902593374 ], [ -111.429667266088217, 56.715680830003031 ], [ -111.429671362746575, 56.71604017589317 ], [ -111.429344626860541, 56.716041301859718 ], [ -111.429021981473966, 56.716401772869446 ], [ -111.428368503353184, 56.716404020550513 ], [ -111.42837054553523, 56.716583693507744 ], [ -111.428043804881753, 56.716584816071112 ], [ -111.427721142409368, 56.716945283707133 ], [ -111.426740910890643, 56.716948643734106 ], [ -111.426418232842167, 56.717309107998993 ], [ -111.425764738767427, 56.717311342051516 ], [ -111.425766768606607, 56.717491015043308 ], [ -111.425440019976278, 56.717492130792323 ], [ -111.42511732484067, 56.717852591682885 ], [ -111.424137069392089, 56.717855931266229 ], [ -111.424139091513325, 56.71803560428009 ], [ -111.422178570637442, 56.718042260364435 ], [ -111.422180583435718, 56.718221933418278 ], [ -111.421527073174758, 56.718224145275428 ], [ -111.421529082880866, 56.718403818339041 ], [ -111.419568542192835, 56.718410433397302 ], [ -111.419570542575613, 56.718590106500628 ], [ -111.418263508755089, 56.718594499437408 ], [ -111.418261514603401, 56.718414826304226 ], [ -111.416954486644059, 56.718419205505597 ], [ -111.416952498746497, 56.7182395323374 ], [ -111.415318721067692, 56.718244987028605 ], [ -111.415316740981865, 56.718065313818066 ], [ -111.414336478772185, 56.718068576331511 ], [ -111.414338454184787, 56.718248249564226 ], [ -111.413684942814953, 56.718250420305012 ], [ -111.413354245639866, 56.717892157875582 ], [ -111.411393729538204, 56.717898644311994 ], [ -111.411391768190796, 56.717718971002554 ], [ -111.408451006524032, 56.717728642772137 ], [ -111.408452953852048, 56.717908316147316 ], [ -111.407472694882969, 56.717911524673937 ], [ -111.407470752228093, 56.717731851276952 ], [ -111.404529988126029, 56.717741430536194 ], [ -111.404207090624922, 56.718101837548794 ], [ -111.403553580969131, 56.718103955166335 ], [ -111.403555504976055, 56.718283628639519 ], [ -111.402901992115545, 56.718285742845069 ], [ -111.40257907438594, 56.718646145636647 ], [ -111.401925555160744, 56.718648254731299 ], [ -111.401927471445532, 56.718827928224584 ], [ -111.40160071024178, 56.718828981494148 ], [ -111.401602624990986, 56.719008654989345 ], [ -111.4012758622072, 56.719009707409448 ], [ -111.400952922734788, 56.719370105976154 ], [ -111.399972624836877, 56.719373255569707 ], [ -111.399974531863265, 56.719552929084848 ], [ -111.399647764295153, 56.719553977243223 ], [ -111.399655386390037, 56.720272671279666 ], [ -111.399328612568127, 56.720273718609882 ], [ -111.399334324697278, 56.720812739103394 ], [ -111.399007546179305, 56.720813785598274 ], [ -111.399034183595248, 56.72332921404201 ], [ -111.39870738324116, 56.723330259779722 ], [ -111.398726397030742, 56.725126993822684 ], [ -111.398399581070976, 56.72512803877467 ], [ -111.398414781221931, 56.726565425687419 ], [ -111.398087952771917, 56.726566469839369 ], [ -111.398091749912751, 56.726925816529182 ], [ -111.397764918323475, 56.726926859838443 ], [ -111.397768712435067, 56.727286206521427 ], [ -111.398095547141651, 56.727285163197976 ], [ -111.398105040599205, 56.728183529777972 ], [ -111.397778198099033, 56.7281845731369 ], [ -111.397458938268869, 56.728904308865012 ], [ -111.396807133298481, 56.729086064662425 ], [ -111.396810918584862, 56.729445411261757 ], [ -111.396484065085019, 56.729446451242488 ], [ -111.396485956202227, 56.729626124541333 ], [ -111.395834134040271, 56.729807875253755 ], [ -111.395839798235571, 56.730346895145374 ], [ -111.396820382184913, 56.730343777668104 ], [ -111.396822274970773, 56.730523450933603 ], [ -111.398456588908701, 56.730518237962912 ], [ -111.39845848951154, 56.730697911187725 ], [ -111.399765946501262, 56.730693725356829 ], [ -111.399767853362249, 56.730873398547921 ], [ -111.400421584842533, 56.73087130047621 ] ] ] } },
{ "type": "Feature", "properties": { }, "geometry": { "type": "Polygon", "coordinates": [ [ [ -111.439439910061125, 56.713131234622928 ], [ -111.43943572073033, 56.712771889028843 ], [ -111.439109013596692, 56.712773040549941 ], [ -111.439113199813107, 56.713132386159671 ], [ -111.439439910061125, 56.713131234622928 ] ] ] } },
{ "type": "Feature", "properties": { }, "geometry": { "type": "Polygon", "coordinates": [ [ [ -111.433557055251413, 56.712972158317747 ], [ -111.433550855451884, 56.712433139482989 ], [ -111.433224150998626, 56.71243427557328 ], [ -111.433230346126606, 56.712973294431201 ], [ -111.433557055251413, 56.712972158317747 ] ] ] } },
{ "type": "Feature", "properties": { }, "geometry": { "type": "Polygon", "coordinates": [ [ [ -111.433877559881182, 56.712432002536289 ], [ -111.433875491772113, 56.71225232958858 ], [ -111.434202194620312, 56.712251191793214 ], [ -111.434195985765612, 56.711712172941667 ], [ -111.433869287588735, 56.711713310713819 ], [ -111.433873423687018, 56.712072656635591 ], [ -111.433546722371986, 56.71207379356683 ], [ -111.433550855451884, 56.712433139482989 ], [ -111.433877559881182, 56.712432002536289 ] ] ] } },
{ "type": "Feature", "properties": { }, "geometry": { "type": "Polygon", "coordinates": [ [ [ -111.456855770441024, 56.694381825862891 ], [ -111.457177962107338, 56.694021282258461 ], [ -111.455873957708945, 56.694205741170713 ], [ -111.455876129184688, 56.694385414106414 ], [ -111.456855770441024, 56.694381825862891 ] ] ] } },
{ "type": "Feature", "properties": { }, "geometry": { "type": "Polygon", "coordinates": [ [ [ -111.477119819725957, 56.695743323360844 ], [ -111.47711754694518, 56.695563651007312 ], [ -111.478097215838218, 56.695559895703703 ], [ -111.478094938417556, 56.695380223370414 ], [ -111.479401157017094, 56.695375204351308 ], [ -111.479398873401252, 56.695195532046824 ], [ -111.480705085355879, 56.695190499368607 ], [ -111.480702795545014, 56.695010827093057 ], [ -111.48168244956635, 56.695007043623932 ], [ -111.481680155115953, 56.69482737136881 ], [ -111.482333254553254, 56.694824844794127 ], [ -111.482330957018789, 56.694645172550899 ], [ -111.483637149352447, 56.69464010916618 ], [ -111.483634845623357, 56.694460436952077 ], [ -111.484287938519472, 56.694457900142105 ], [ -111.48428563170647, 56.694278227939975 ], [ -111.484938721385092, 56.694275687724065 ], [ -111.484936411488263, 56.694096015533894 ], [ -111.485916041139603, 56.694092198817515 ], [ -111.486237952147789, 56.693731580540145 ], [ -111.487217572145738, 56.693727753606311 ], [ -111.48753946760165, 56.693367131971407 ], [ -111.485580246187823, 56.693374783167783 ], [ -111.48557793331446, 56.693195110968496 ], [ -111.485251397873427, 56.693196383164064 ], [ -111.48524908658203, 56.693016710950857 ], [ -111.48459371057568, 56.692839580521714 ], [ -111.484596018730016, 56.693019252757459 ], [ -111.483942950771009, 56.693021791141057 ], [ -111.483945255841746, 56.69320146338876 ], [ -111.483618720267003, 56.69320273130554 ], [ -111.483621023809263, 56.693382403556605 ], [ -111.483294486652667, 56.693383670626226 ], [ -111.483296788666408, 56.693563342880594 ], [ -111.482970249927916, 56.693564609103056 ], [ -111.482972550413109, 56.693744281360757 ], [ -111.482646010092751, 56.693745546736061 ], [ -111.482648309049353, 56.693925218997087 ], [ -111.482321767147113, 56.693926483525196 ], [ -111.48199981699031, 56.69428709173809 ], [ -111.481346726831703, 56.694289616549682 ], [ -111.481349019647055, 56.694469288829204 ], [ -111.480369379544072, 56.694473069653803 ], [ -111.480371667720036, 56.694652741953739 ], [ -111.479718571074812, 56.694655258241568 ], [ -111.47939658981187, 56.695015859737083 ], [ -111.47874348678647, 56.695018370924181 ], [ -111.478741206334263, 56.694838698592108 ], [ -111.477761556264085, 56.694842458928534 ], [ -111.477763832050243, 56.695022131286159 ], [ -111.476784177076681, 56.69502588394576 ], [ -111.476786448223066, 56.695205556323614 ], [ -111.475153681630857, 56.695211793682226 ], [ -111.4751559450266, 56.695391466097192 ], [ -111.474829390074007, 56.695392711009887 ], [ -111.474833913833322, 56.695752055840906 ], [ -111.477119819725957, 56.695743323360844 ] ] ] } },
{ "type": "Feature", "properties": { }, "geometry": { "type": "Polygon", "coordinates": [ [ [ -111.458484137552588, 56.694016482594463 ], [ -111.458481953684995, 56.693836809713346 ], [ -111.460114664645729, 56.693830790918867 ], [ -111.460112473027166, 56.693651118073376 ], [ -111.462722592765914, 56.693461770781944 ], [ -111.463044720463813, 56.693101212056469 ], [ -111.465003934074687, 56.693093915247907 ], [ -111.465001719230031, 56.692914242504877 ], [ -111.462062912465086, 56.692925176090625 ], [ -111.462065113313145, 56.693104848907943 ], [ -111.45945282645738, 56.693114509524918 ], [ -111.459455014889372, 56.693294182402603 ], [ -111.45880193981111, 56.693296589015553 ], [ -111.458804125158025, 56.693476261904323 ], [ -111.458151046868053, 56.693478665110511 ], [ -111.458153229129806, 56.69365833801033 ], [ -111.457500147628224, 56.693660737809715 ], [ -111.457502326804757, 56.693840410720568 ], [ -111.45717578446083, 56.69384160934473 ], [ -111.457177962107338, 56.694021282258461 ], [ -111.458484137552588, 56.694016482594463 ] ] ] } },
{ "type": "Feature", "properties": { }, "geometry": { "type": "Polygon", "coordinates": [ [ [ -111.48917215137341, 56.693360732440915 ], [ -111.489169821393048, 56.693181060337096 ], [ -111.490149426666761, 56.693177210375794 ], [ -111.490147092047906, 56.692997538292857 ], [ -111.490473625529916, 56.692996253269641 ], [ -111.490795483607783, 56.692635623243902 ], [ -111.491448544215842, 56.692633048953695 ], [ -111.491441522022853, 56.692094032746411 ], [ -111.491768047620965, 56.692092744343952 ], [ -111.491765705389142, 56.691913072273046 ], [ -111.491439181346095, 56.691914360666743 ], [ -111.491107979113806, 56.691556304012074 ], [ -111.490781458126577, 56.691557590676851 ], [ -111.490786133178645, 56.69191693488699 ], [ -111.490459609054284, 56.691918220713546 ], [ -111.490461945065888, 56.692097892819419 ], [ -111.490135419359419, 56.692099177798987 ], [ -111.490137753843015, 56.69227884990832 ], [ -111.489811226554423, 56.692280134040885 ], [ -111.489813559509983, 56.692459806153678 ], [ -111.489487030639282, 56.692461089439227 ], [ -111.489165161513299, 56.692821716113627 ], [ -111.488512097416432, 56.692824278440888 ], [ -111.488190215876372, 56.69318490259657 ], [ -111.487537145397184, 56.693187459824095 ], [ -111.48753946760165, 56.693367131971407 ], [ -111.48917215137341, 56.693360732440915 ] ] ] } },
{ "type": "Feature", "properties": { }, "geometry": { "type": "Polygon", "coordinates": [ [ [ -111.491103301060093, 56.691196959798305 ], [ -111.491100962073887, 56.691017287683501 ], [ -111.491751652568169, 56.690835039736726 ], [ -111.49174462652401, 56.690296023397295 ], [ -111.492395301469244, 56.690113772094286 ], [ -111.492390611410357, 56.689754427866063 ], [ -111.492717116712782, 56.689753137010463 ], [ -111.492714770169286, 56.689573464897208 ], [ -111.493041273889702, 56.689572173194733 ], [ -111.493038925818595, 56.689392501084981 ], [ -111.493365427957016, 56.68939120853566 ], [ -111.493363078358328, 56.689211536429397 ], [ -111.494013726762958, 56.689029276687464 ], [ -111.494009021482768, 56.688669932483684 ], [ -111.494335517320465, 56.688668637402664 ], [ -111.494657301740958, 56.68830799727634 ], [ -111.494004316311589, 56.688310588258808 ], [ -111.494006668883543, 56.688490260373889 ], [ -111.493356029725589, 56.688672520078917 ], [ -111.493360728786854, 56.68903186431784 ], [ -111.493034229757981, 56.689033156849611 ], [ -111.492712423652961, 56.689393792778667 ], [ -111.492059419240178, 56.689396373599152 ], [ -111.491737600724051, 56.689757007010328 ], [ -111.491084589929187, 56.689759582732002 ], [ -111.490762759001555, 56.6901202136251 ], [ -111.49010974182481, 56.690122784247833 ], [ -111.490112076010931, 56.690302456415246 ], [ -111.489785565827106, 56.690303740451846 ], [ -111.489790231170645, 56.690663084788284 ], [ -111.49011674446426, 56.690661800734233 ], [ -111.490119078731496, 56.690841472885808 ], [ -111.490445593552991, 56.690840187967353 ], [ -111.490447929402222, 56.691019860104923 ], [ -111.491103301060093, 56.691196959798305 ] ] ] } },
{ "type": "Feature", "properties": { }, "geometry": { "type": "Polygon", "coordinates": [ [ [ -111.549345487612698, 56.676938553364067 ], [ -111.549666646112698, 56.676577771732951 ], [ -111.548687480894202, 56.67658208882758 ], [ -111.548690092710089, 56.676761759721963 ], [ -111.54836370268994, 56.676763197052871 ], [ -111.548366312982608, 56.676942867951723 ], [ -111.549345487612698, 56.676938553364067 ] ] ] } },
{ "type": "Feature", "properties": { }, "geometry": { "type": "Polygon", "coordinates": [ [ [ -111.550643189952211, 56.676393776100547 ], [ -111.55064056887629, 56.676214105254282 ], [ -111.55096695402402, 56.676212661966346 ], [ -111.550964331425064, 56.676032991124579 ], [ -111.550311564206083, 56.676035876825665 ], [ -111.550314183698234, 56.676215547687022 ], [ -111.549987798489823, 56.676216989264582 ], [ -111.549990416458883, 56.67639666013045 ], [ -111.550643189952211, 56.676393776100547 ] ] ] } },
{ "type": "Feature", "properties": { }, "geometry": { "type": "Polygon", "coordinates": [ [ [ -111.548324551927479, 56.674068132934551 ], [ -111.548321942118463, 56.673888461950959 ], [ -111.548648307285447, 56.673887024776249 ], [ -111.548643084651758, 56.67352768281269 ], [ -111.548316722591082, 56.673529119967874 ], [ -111.547995576921238, 56.673889898270552 ], [ -111.547342846436209, 56.673892768344388 ], [ -111.54734545158567, 56.674072439357246 ], [ -111.548324551927479, 56.674068132934551 ] ] ] } },
{ "type": "Feature", "properties": { }, "geometry": { "type": "Polygon", "coordinates": [ [ [ -111.533301497147519, 56.673414633296929 ], [ -111.533296420688302, 56.673055290396569 ], [ -111.532317344193359, 56.673059478641633 ], [ -111.532648773301077, 56.673417426353332 ], [ -111.533301497147519, 56.673414633296929 ] ] ] } },
{ "type": "Feature", "properties": { }, "geometry": { "type": "Polygon", "coordinates": [ [ [ -111.558094289930438, 56.672587279770475 ], [ -111.558091633772094, 56.672407609039858 ], [ -111.558417985599291, 56.67240614629133 ], [ -111.558415327918695, 56.672226475565353 ], [ -111.558741678162093, 56.672225011971719 ], [ -111.558739018959301, 56.67204534125036 ], [ -111.559389053969753, 56.671862740811051 ], [ -111.559383729506322, 56.67150339938167 ], [ -111.55971007344543, 56.671501933262689 ], [ -111.559707409707045, 56.671322262549999 ], [ -111.560033752062381, 56.671320795585956 ], [ -111.560031086801942, 56.671141124877927 ], [ -111.560681099978865, 56.670958517711327 ], [ -111.56067576340088, 56.670599176308663 ], [ -111.561002099452097, 56.670597706819464 ], [ -111.560999429656619, 56.670418036120168 ], [ -111.560020426068803, 56.670422441992848 ], [ -111.560023091205792, 56.670602112722072 ], [ -111.55969675506195, 56.670603579646269 ], [ -111.559699418676956, 56.670783250380147 ], [ -111.559373080949413, 56.670784716459302 ], [ -111.559375743042395, 56.670964387197856 ], [ -111.55904940373118, 56.670965852431941 ], [ -111.559052064302094, 56.671145523175134 ], [ -111.558725723407179, 56.671146987564157 ], [ -111.55872838245601, 56.671326658312005 ], [ -111.558402039977395, 56.67132812185595 ], [ -111.558404697504102, 56.671507792608431 ], [ -111.558078353441786, 56.671509255307285 ], [ -111.55808100944634, 56.671688926064391 ], [ -111.557430971052966, 56.67187151968853 ], [ -111.557436277003902, 56.672230861215972 ], [ -111.557762627339585, 56.67222940018749 ], [ -111.557767936519454, 56.672588741673877 ], [ -111.558094289930438, 56.672587279770475 ] ] ] } },
{ "type": "Feature", "properties": { }, "geometry": { "type": "Polygon", "coordinates": [ [ [ -111.571703155179733, 56.666056973262599 ], [ -111.571700434928815, 56.665877302763306 ], [ -111.573331907727265, 56.66586980274203 ], [ -111.573329179746139, 56.665690132288375 ], [ -111.577244692608289, 56.665672045166083 ], [ -111.57724194603091, 56.665492374829959 ], [ -111.577568237010837, 56.665490862023603 ], [ -111.577889028690421, 56.665130007715362 ], [ -111.578867892029891, 56.665125461664566 ], [ -111.578865137786607, 56.664945791363955 ], [ -111.58114914026261, 56.664935154065716 ], [ -111.581151905371698, 56.665114824294086 ], [ -111.582130767752602, 56.665110252598772 ], [ -111.582127997986746, 56.664930582401453 ], [ -111.582780569642509, 56.664927530351221 ], [ -111.582777796804251, 56.664747860169314 ], [ -111.584082933521458, 56.664741745852659 ], [ -111.584080154506438, 56.664562075706968 ], [ -111.585059002049917, 56.664557481025255 ], [ -111.585056218410472, 56.664377810905449 ], [ -111.585382499308338, 56.664376277645701 ], [ -111.585379714148942, 56.664196607531004 ], [ -111.586032272743552, 56.66419353846797 ], [ -111.58635297245749, 56.663832662471513 ], [ -111.587658076712685, 56.663826510752429 ], [ -111.587978757768724, 56.663465630586202 ], [ -111.58928104533625, 56.663279791839599 ], [ -111.589601706247649, 56.662918907503901 ], [ -111.589275438187258, 56.662920451792026 ], [ -111.58894356617931, 56.662562655135616 ], [ -111.587638505899889, 56.662568820237993 ], [ -111.587641301633184, 56.662748490327409 ], [ -111.58698876819517, 56.662751567771103 ], [ -111.586985975565909, 56.662571897660783 ], [ -111.586333445102596, 56.662574971664647 ], [ -111.586330655609643, 56.662395301528143 ], [ -111.5837177678372, 56.66222789304593 ], [ -111.58339705642112, 56.662588762372749 ], [ -111.582418259614911, 56.662593343890244 ], [ -111.582421030515931, 56.662773014146197 ], [ -111.580789694104112, 56.66278063296572 ], [ -111.5804689499994, 56.663141494785549 ], [ -111.57981640893847, 56.663144534661988 ], [ -111.579819167519119, 56.663324204984725 ], [ -111.579492895388668, 56.663325723651127 ], [ -111.579495652449154, 56.663505393978895 ], [ -111.578843104988309, 56.663508428768019 ], [ -111.578845858976493, 56.66368809911107 ], [ -111.57786703288977, 56.663692644914882 ], [ -111.57786978225343, 56.663872315283534 ], [ -111.577217228265496, 56.663875341566097 ], [ -111.57721997455667, 56.664055011949969 ], [ -111.575914859990746, 56.664061054298791 ], [ -111.57559405842585, 56.66442190360344 ], [ -111.574291663224813, 56.664607599398572 ], [ -111.574294395673121, 56.664787269853413 ], [ -111.573968110585128, 56.664788774070608 ], [ -111.573970841512832, 56.664968444530366 ], [ -111.573644554840939, 56.664969947902947 ], [ -111.57332372387863, 56.66533079136515 ], [ -111.572671144167828, 56.665333793877025 ], [ -111.572350300818698, 56.665694634835106 ], [ -111.571371421607495, 56.665699129688271 ], [ -111.571374140274571, 56.665878800203032 ], [ -111.571047845588836, 56.665880296787897 ], [ -111.571050562735024, 56.666059967307525 ], [ -111.571703155179733, 56.666056973262599 ] ] ] } },
{ "type": "Feature", "properties": { }, "geometry": { "type": "Polygon", "coordinates": [ [ [ -111.590903966878287, 56.662733051824709 ], [ -111.590898344404039, 56.66237371185025 ], [ -111.591224607645842, 56.662372163319958 ], [ -111.59154524230317, 56.662011273981335 ], [ -111.590892722059991, 56.662014371854553 ], [ -111.590895533215743, 56.662194041855052 ], [ -111.589916747951065, 56.662198682286053 ], [ -111.589919554483444, 56.662378352312771 ], [ -111.590245817822833, 56.66237680634665 ], [ -111.589925167645674, 56.662737692350248 ], [ -111.590903966878287, 56.662733051824709 ] ] ] } },
{ "type": "Feature", "properties": { }, "geometry": { "type": "Polygon", "coordinates": [ [ [ -111.571999513251995, 56.6640790992859 ], [ -111.571996791795343, 56.663899428738439 ], [ -111.573301901671968, 56.663893427460074 ], [ -111.57329917403824, 56.663713756948056 ], [ -111.57362544987636, 56.663712254501718 ], [ -111.573622720722085, 56.663532583994609 ], [ -111.573296446436117, 56.663534086430744 ], [ -111.573293718865557, 56.663354415908117 ], [ -111.57263844886829, 56.663177747647396 ], [ -111.572627551444526, 56.662459065401102 ], [ -111.57295381648126, 56.662457564735647 ], [ -111.572948364854639, 56.662098223601056 ], [ -111.573274626755861, 56.662096722101261 ], [ -111.573271899437913, 56.661917051536193 ], [ -111.571317054875607, 56.662105718279157 ], [ -111.571319772913228, 56.662285388899996 ], [ -111.570993509270963, 56.662286885281617 ], [ -111.571004375527991, 56.663005567752613 ], [ -111.570354549271642, 56.663188228657688 ], [ -111.570362690076351, 56.663727240500236 ], [ -111.570688966198034, 56.663725745746881 ], [ -111.571020675857142, 56.664083591299978 ], [ -111.571999513251995, 56.6640790992859 ] ] ] } },
{ "type": "Feature", "properties": { }, "geometry": { "type": "Polygon", "coordinates": [ [ [ -111.592858743898773, 56.662544077774363 ], [ -111.592855923366002, 56.662364407847662 ], [ -111.593182186412136, 56.662362854189034 ], [ -111.593179364360054, 56.662183184267569 ], [ -111.59383188725036, 56.662180074407267 ], [ -111.594152495328672, 56.661819178399547 ], [ -111.59513127000892, 56.661814504698029 ], [ -111.595128438743373, 56.661634834824078 ], [ -111.595454695352686, 56.661633275224744 ], [ -111.595451862568012, 56.661453605356066 ], [ -111.59577811759263, 56.661452044912643 ], [ -111.595775283288887, 56.661272375049229 ], [ -111.596101536728824, 56.661270813761718 ], [ -111.5964221154195, 56.660909911919198 ], [ -111.595769614779854, 56.660913035306493 ], [ -111.595772449017971, 56.661092705180529 ], [ -111.595119945143395, 56.661095825170307 ], [ -111.595122776310617, 56.661275495060202 ], [ -111.594144015597408, 56.661280168666501 ], [ -111.593823411978533, 56.661641064674377 ], [ -111.59219212778676, 56.661648832756498 ], [ -111.592194945085083, 56.661828502725534 ], [ -111.591868686596882, 56.661830053788385 ], [ -111.591874318187507, 56.66218939373158 ], [ -111.592200579779586, 56.662187842647661 ], [ -111.59220339717578, 56.66236751260076 ], [ -111.592858743898773, 56.662544077774363 ] ] ] } },
{ "type": "Feature", "properties": { }, "geometry": { "type": "Polygon", "coordinates": [ [ [ -111.611124364668299, 56.641971818213264 ], [ -111.61112145950905, 56.641792148291039 ], [ -111.611447543858901, 56.641790547153342 ], [ -111.611444637183368, 56.641610877236666 ], [ -111.61209389294072, 56.641428002520648 ], [ -111.612088073558454, 56.641068662704207 ], [ -111.611761995475348, 56.641070265506485 ], [ -111.61176490359982, 56.641249935428235 ], [ -111.611438823933213, 56.641251537387355 ], [ -111.611441730541472, 56.641431207314675 ], [ -111.611115649291378, 56.641432808430629 ], [ -111.611118554383395, 56.641612478363491 ], [ -111.610469290708494, 56.641795348004273 ], [ -111.610472192767929, 56.641975017948226 ], [ -111.611124364668299, 56.641971818213264 ] ] ] } },
{ "type": "Feature", "properties": { }, "geometry": { "type": "Polygon", "coordinates": [ [ [ -111.644130821158072, 56.626891574667432 ], [ -111.644124700579212, 56.62653223621016 ], [ -111.64379874984084, 56.626533922644199 ], [ -111.643804867322984, 56.626893261124366 ], [ -111.644130821158072, 56.626891574667432 ] ] ] } }
]
}
